post_key,original_post_id,post_type,media_url,caption_length,has_audio
1,6bd00ec9-7806-46d9,Reel,https://placekittens.com/440/522,1788,true
2,0c193ce0-c20e-42b9,Image,https://placekittens.com/839/73,777,false
3,cca085f0-6627-4aeb,Carousel,https://picsum.photos/292/481,1539,true
4,9b785579-7160-4ea5,Reel,https://placekittens.com/165/365,1503,true
5,6f414f1d-037e-441a,Carousel,https://picsum.photos/156/312,657,true
6,e6eb57c8-9a8f-4e25,Image,https://dummyimage.com/295x428,852,false
7,8fcd8d1e-833a-409c,Image,https://placekittens.com/87/272,165,false
8,d80856a6-bf36-45e9,Image,https://dummyimage.com/644x313,1930,true
9,fcc7bc51-9285-473e,Carousel,https://picsum.photos/170/95,1015,true
10,4e17b41f-9491-47fc,Image,https://placekittens.com/763/750,1145,false
11,0009bfa3-44f5-4c5a,Image,https://dummyimage.com/610x268,1127,false
12,21f57f6e-bb9a-4f8e,Carousel,https://picsum.photos/6/164,2136,true
13,6ae2ca89-f7a8-4adf,Image,https://dummyimage.com/448x699,1185,false
14,1df18324-0812-4c1c,Image,https://placekittens.com/766/641,338,false
15,e2a3789a-5f68-41ec,Image,https://picsum.photos/534/79,1903,true
16,7ded23ee-8960-4041,Image,https://placekittens.com/335/39,1435,false
17,5d0bb723-c31d-4b33,Reel,https://placekittens.com/447/833,177,true
18,640f696d-7563-4340,Image,https://picsum.photos/66/618,845,true
19,0f31fa7f-7408-4ec1,Video,https://picsum.photos/709/816,1388,true
20,0b59eaf3-f7fa-40ad,Reel,https://placekittens.com/797/198,41,true
21,bd0bba31-042e-406a,Reel,https://placekittens.com/201/151,1362,true
22,cdb8f09b-4733-4d0c,Image,https://placekittens.com/765/587,1500,false
23,670dcae3-56bc-4bc0,Image,https://picsum.photos/751/440,1066,false
24,5f1281e1-9231-43a8,Image,https://picsum.photos/984/752,1189,false
25,d2024b39-ac3f-43b7,Reel,https://placekittens.com/893/926,2148,true
26,d4da0162-d03d-4291,Carousel,https://placekittens.com/166/250,549,true
27,ad4376f9-0d9d-453c,Image,https://placekittens.com/444/344,468,false
28,fc27a397-593f-4579,Carousel,https://picsum.photos/457/169,2079,true
29,3b76000f-f3cc-4171,Image,https://picsum.photos/548/381,1681,true
30,135bde95-1a71-41dd,Reel,https://placekittens.com/553/781,2058,true
31,fca217d2-22a7-452e,Image,https://dummyimage.com/287x884,158,false
32,5375f4e8-c3cc-4aea,Image,https://dummyimage.com/61x29,685,true
33,53bd03fa-05cd-4b0f,Video,https://placekittens.com/958/919,25,true
34,cd87b673-fcb3-47ab,Reel,https://placekittens.com/701/811,465,true
35,886db670-0b80-4105,Reel,https://picsum.photos/986/886,1480,true
36,0df3411b-c52e-4a69,Carousel,https://picsum.photos/656/153,1245,false
37,ae98ed71-4381-495d,Image,https://picsum.photos/605/146,101,false
38,93492e97-9112-4b3b,Reel,https://placekittens.com/1008/271,1971,true
39,b5d86103-ff78-4de8,Image,https://placekittens.com/126/396,1025,true
40,d0a53cf7-70f1-44d9,Video,https://picsum.photos/134/379,211,true
41,af8e478c-33bf-4bff,Carousel,https://picsum.photos/807/340,1460,false
42,8cd8956a-e7dc-49e0,Reel,https://placekittens.com/869/937,1742,true
43,853a3109-bb4d-428f,Image,https://picsum.photos/224/276,465,true
44,0b07f4a8-0eb0-4807,Carousel,https://picsum.photos/147/149,1606,true
45,7e78ef99-8ac9-402c,Image,https://placekittens.com/60/732,98,false
46,d8bee3af-6dc7-4d93,Image,https://placekittens.com/897/601,1546,false
47,d9f87235-10b8-4744,Image,https://picsum.photos/492/41,889,false
48,2427ea8a-7cc8-4e7f,Reel,https://picsum.photos/916/288,1173,true
49,0a933c6f-0298-4268,Image,https://dummyimage.com/662x784,743,true
50,75042022-b0d8-41b1,Image,https://placekittens.com/561/235,1089,true
51,b518f9fe-430b-40e2,Reel,https://dummyimage.com/666x408,1184,true
52,e4a6d0d5-ce0c-42dd,Reel,https://dummyimage.com/537x352,799,true
53,ca071615-99eb-4f6c,Video,https://placekittens.com/255/717,1630,true
54,d22c9075-1630-41fe,Carousel,https://picsum.photos/987/865,258,false
55,f2120dd9-b491-4f8b,Reel,https://picsum.photos/499/1003,460,true
56,97ade10f-fec8-4421,Carousel,https://picsum.photos/333/602,877,true
57,dbb89a7d-fcec-445e,Image,https://picsum.photos/816/581,1292,false
58,a3080190-285c-45cc,Image,https://dummyimage.com/390x275,1169,true
59,a24ba6bf-69d6-41d2,Image,https://dummyimage.com/207x511,886,true
60,459f8151-8819-40ed,Video,https://placekittens.com/113/115,291,true
61,494402af-3282-4b6e,Video,https://placekittens.com/201/59,757,true
62,211edc13-91a3-41d5,Reel,https://dummyimage.com/800x765,695,true
63,ca7b3d12-6e77-4ce5,Video,https://placekittens.com/372/103,302,true
64,676f91b9-7e74-4751,Image,https://dummyimage.com/591x850,1858,false
65,bb7a0ac1-350a-4805,Carousel,https://dummyimage.com/616x7,1802,false
66,f8d6cb64-50ad-4480,Carousel,https://dummyimage.com/441x822,202,true
67,ab0681fc-49e1-45ef,Carousel,https://dummyimage.com/971x798,1912,false
68,f72fc17d-7776-4c4a,Image,https://placekittens.com/223/579,513,false
69,da76bcd7-0f3c-4ac8,Reel,https://dummyimage.com/592x276,1740,true
70,4c2b8419-69cc-46c2,Video,https://picsum.photos/446/929,594,true
71,03df4def-fea7-4df0,Reel,https://dummyimage.com/173x990,1379,true
72,06aeb7b8-2b13-43b3,Image,https://dummyimage.com/121x823,1424,false
73,11001559-b988-4f0b,Reel,https://placekittens.com/250/743,1027,true
74,662fbe77-2e8f-4719,Image,https://placekittens.com/792/1005,995,false
75,569732f9-c29e-42ae,Carousel,https://placekittens.com/494/414,455,false
76,8286ccc0-415e-4fd2,Reel,https://dummyimage.com/258x147,615,true
77,60e359ae-88f6-47dd,Reel,https://picsum.photos/664/42,1183,true
78,205ad605-dee3-475e,Reel,https://placekittens.com/39/461,1298,true
79,9625aa09-ced2-4d7c,Carousel,https://placekittens.com/77/1016,1445,true
80,440d566a-9811-4297,Carousel,https://placekittens.com/336/523,388,true
81,74d4212e-efbb-48ae,Image,https://placekittens.com/466/524,1367,true
82,29b4d203-8b2e-41bc,Image,https://dummyimage.com/880x494,1007,false
83,9537a7cb-8591-4d5e,Image,https://placekittens.com/452/99,1419,true
84,81f1030f-9b3b-4766,Image,https://dummyimage.com/170x269,348,false
85,2082d515-42dd-4547,Image,https://picsum.photos/409/867,425,true
86,2a67880e-7c90-4717,Image,https://picsum.photos/352/550,802,true
87,041e4872-a261-48ab,Image,https://dummyimage.com/694x889,2052,true
88,38c5c4b1-3983-4dbd,Reel,https://dummyimage.com/535x680,809,true
89,b256572f-b518-41c7,Reel,https://dummyimage.com/461x154,2020,true
90,8da382cd-5e62-40a7,Reel,https://placekittens.com/917/754,1178,true
91,5766597f-f980-4527,Image,https://placekittens.com/278/607,341,true
92,b61f02d1-878f-43fd,Image,https://picsum.photos/363/481,1375,true
93,7236b99e-df85-44ba,Carousel,https://dummyimage.com/734x70,569,true
94,9d26a3fa-d3f8-4308,Image,https://placekittens.com/554/630,1675,true
95,28c18d12-d239-4291,Carousel,https://placekittens.com/408/61,786,true
96,b6cac6c5-96ac-4a36,Image,https://placekittens.com/786/73,1464,true
97,d5f5d860-616c-4a7d,Reel,https://picsum.photos/607/918,1994,true
98,53fd5b03-fb8d-4291,Carousel,https://dummyimage.com/496x332,1363,true
99,4b2bd26a-cc0e-4f9f,Carousel,https://picsum.photos/416/216,1512,true
100,b9e14c5f-e195-4bf2,Carousel,https://placekittens.com/535/65,388,true
101,5a263599-8774-497a,Image,https://dummyimage.com/245x950,1468,false
102,392c4131-f7cb-42c0,Image,https://placekittens.com/957/940,40,false
103,217f9185-c6d5-4d6d,Image,https://picsum.photos/929/156,1018,true
104,89954380-f2c1-4e73,Reel,https://placekittens.com/485/389,1877,true
105,7c18ca33-ed6e-4d03,Video,https://dummyimage.com/515x789,1415,true
106,edff1ace-8548-4dec,Image,https://dummyimage.com/687x569,464,true
107,c5f3e72f-8359-4dad,Carousel,https://placekittens.com/918/852,52,true
108,e7e728ae-2b81-4bcc,Reel,https://placekittens.com/531/524,396,true
109,f42f03a0-bfda-46d2,Reel,https://placekittens.com/979/295,1217,true
110,04a9a6de-ef7e-407b,Reel,https://placekittens.com/843/173,334,true
111,b834ebe6-4cb6-4e45,Image,https://picsum.photos/779/452,1678,false
112,b96bf9ab-5a4f-4acb,Carousel,https://dummyimage.com/863x990,199,false
113,8bb85dff-7b3c-41d0,Reel,https://placekittens.com/611/523,1722,true
114,4f53182e-60e7-4fa4,Video,https://picsum.photos/115/285,1579,true
115,a03528fe-5241-4f86,Image,https://placekittens.com/72/567,1498,false
116,bd00a9fd-8a2a-4a4b,Image,https://placekittens.com/768/789,223,true
117,204d9a24-154c-4c1d,Image,https://placekittens.com/309/764,1861,true
118,b988643c-b8f8-4763,Carousel,https://picsum.photos/295/327,790,false
119,bb0a7fc3-de59-4b04,Image,https://dummyimage.com/911x745,1288,true
120,ed2a6a34-3985-4277,Image,https://placekittens.com/120/470,1413,false
121,fd3bef3a-a811-4312,Image,https://picsum.photos/172/925,760,true
122,9ea83b99-ea35-49dd,Reel,https://dummyimage.com/34x172,1100,true
123,a775328f-e013-4fc7,Reel,https://picsum.photos/348/991,211,true
124,9fc2e9e3-6096-42b7,Carousel,https://placekittens.com/264/224,1162,true
125,e57dcfba-3d77-4eb2,Image,https://placekittens.com/125/193,1441,false
126,3bef0a47-d8fa-47fd,Reel,https://dummyimage.com/14x217,1502,true
127,2419b32b-09ec-4aab,Carousel,https://placekittens.com/850/641,1925,true
128,c7317972-15c9-4e50,Reel,https://dummyimage.com/820x989,927,true
129,21190ea5-c009-4fb9,Carousel,https://dummyimage.com/2x520,2091,true
130,32ed9ca6-7936-4b27,Carousel,https://dummyimage.com/1008x527,485,false
131,64a83ea7-273b-43ed,Reel,https://dummyimage.com/72x74,2025,true
132,7745677f-93c9-45fe,Image,https://picsum.photos/696/752,953,false
133,af1fe5db-93dc-407f,Image,https://picsum.photos/931/659,516,false
134,389cb0a8-9c23-470a,Image,https://picsum.photos/61/949,749,true
135,eaa982ea-9031-4890,Reel,https://picsum.photos/441/490,900,true
136,403c4449-2d47-45e6,Video,https://dummyimage.com/548x974,1656,true
137,a52828d5-fdc2-4017,Image,https://dummyimage.com/1023x916,916,true
138,4823706a-df9e-4a0c,Image,https://dummyimage.com/166x574,2129,false
139,b1577837-9632-4b61,Reel,https://picsum.photos/129/727,34,true
140,33ee3cee-c15e-4ff1,Image,https://placekittens.com/540/734,1100,true
141,9bfa5b4d-bf15-4b24,Carousel,https://dummyimage.com/50x136,1454,true
142,3044e4dd-903c-4c7c,Image,https://picsum.photos/494/26,1527,true
143,f65c97d8-c86d-4c77,Reel,https://picsum.photos/666/109,20,true
144,245214f9-0d92-4f6a,Reel,https://placekittens.com/817/247,788,true
145,93b56a96-ed09-42ba,Carousel,https://dummyimage.com/805x991,668,true
146,889538c0-015b-4fde,Video,https://dummyimage.com/802x508,1158,true
147,c1c520ba-30af-4ebb,Image,https://dummyimage.com/904x700,261,false
148,fe221ac9-3596-444f,Carousel,https://placekittens.com/932/609,12,true
149,5ad95a13-5fbe-4b6f,Reel,https://dummyimage.com/123x63,619,true
150,6cde1a29-7750-4854,Image,https://picsum.photos/649/279,315,false
151,db71d56e-6aa1-4c63,Reel,https://picsum.photos/652/168,1807,true
152,3bae685f-5b3e-4b3b,Image,https://dummyimage.com/142x965,788,false
153,b5eae0d3-814b-4c4a,Carousel,https://placekittens.com/261/114,708,false
154,c8371e76-79c3-49d6,Carousel,https://picsum.photos/388/1004,2024,true
155,ad6b3290-8049-468f,Video,https://dummyimage.com/872x391,1655,true
156,6fba26eb-f51c-4fe6,Reel,https://dummyimage.com/369x701,1901,true
157,fd702278-4f26-4ab2,Image,https://placekittens.com/685/991,2164,false
158,a4541c4d-76f4-481d,Image,https://picsum.photos/336/969,2045,true
159,d0a30585-ba6e-40fd,Image,https://placekittens.com/700/374,545,true
160,7c47f840-ffc7-4073,Carousel,https://picsum.photos/67/964,560,false
161,36301067-6221-410b,Reel,https://placekittens.com/988/324,2008,true
162,bebcb6f4-8b7e-43fb,Reel,https://dummyimage.com/653x944,1302,true
163,91162b45-5a1b-4275,Image,https://dummyimage.com/171x827,221,true
164,8e0313e1-2170-4cfe,Image,https://picsum.photos/383/795,1655,true
165,b731ee0d-2b48-4e77,Carousel,https://placekittens.com/894/160,460,false
166,8bbe2182-734e-4c13,Carousel,https://picsum.photos/604/363,2073,false
167,837307dd-8998-4ea3,Image,https://placekittens.com/305/89,972,false
168,9c2a292d-44ac-48f8,Video,https://dummyimage.com/702x842,1097,true
169,90e319ee-f389-4419,Carousel,https://placekittens.com/64/765,201,false
170,ab7e3840-e0aa-4019,Carousel,https://dummyimage.com/990x361,1651,false
171,d451653f-7aaf-4d28,Image,https://dummyimage.com/364x494,748,false
172,2f39f2e1-a759-4c3f,Image,https://dummyimage.com/964x547,163,false
173,332ca29b-1c19-46b6,Reel,https://picsum.photos/328/797,1729,true
174,0c1cbbf7-0120-452d,Image,https://picsum.photos/560/858,1440,true
175,5e048063-4531-4f24,Image,https://dummyimage.com/787x648,1700,false
176,cdd9cbc0-079f-4fbf,Reel,https://picsum.photos/184/335,598,true
177,3fbe236b-d69d-481b,Carousel,https://placekittens.com/949/634,2041,true
178,b9697270-4fef-4d90,Image,https://dummyimage.com/895x970,1932,true
179,92fad646-8a95-43f2,Image,https://dummyimage.com/310x134,1694,false
180,45933693-3570-41f4,Reel,https://placekittens.com/484/30,1336,true
181,5652aa9f-abdf-4aab,Carousel,https://placekittens.com/327/718,477,false
182,b639373b-3eba-4653,Reel,https://dummyimage.com/323x458,1836,true
183,2694bc52-bf95-4d03,Carousel,https://placekittens.com/881/378,1943,false
184,ae11945f-4243-4fcd,Image,https://placekittens.com/231/168,1822,false
185,8b748338-e8da-4dbf,Video,https://dummyimage.com/488x843,564,true
186,bd169c75-9c63-4228,Reel,https://placekittens.com/400/1002,1775,true
187,63408e13-4000-4d11,Image,https://dummyimage.com/97x301,1358,false
188,28f1efa0-7448-43b4,Reel,https://placekittens.com/776/969,860,true
189,8f1c7b62-6f88-4301,Reel,https://picsum.photos/531/904,851,true
190,21835b00-2d85-49ee,Carousel,https://placekittens.com/655/952,2144,true
191,83e6bd9d-f68f-449e,Reel,https://dummyimage.com/934x33,1920,true
192,a5d6ac38-8e79-4a3e,Image,https://picsum.photos/542/223,766,false
193,9a6f84ab-3c08-4394,Video,https://dummyimage.com/763x1019,575,true
194,2babd518-f5ea-4412,Image,https://picsum.photos/412/440,492,true
195,21bdeae1-6a89-45f5,Image,https://picsum.photos/226/584,858,true
196,2197be31-ccff-4b13,Carousel,https://picsum.photos/814/274,1504,true
197,290795b0-93e5-467b,Carousel,https://placekittens.com/342/316,1326,false
198,7f08c826-d752-4335,Image,https://picsum.photos/527/32,1756,false
199,aa5e752a-ec25-44f8,Reel,https://picsum.photos/939/116,1345,true
200,ec8c5af7-e98e-4b47,Video,https://picsum.photos/259/388,1984,true
201,3d40e894-831e-475e,Image,https://dummyimage.com/896x726,510,true
202,b4f0a5a5-f9a4-4823,Reel,https://picsum.photos/682/997,1841,true
203,132ca35c-b793-4d27,Carousel,https://dummyimage.com/489x367,1687,false
204,43267f79-12ba-4b5d,Reel,https://dummyimage.com/697x336,449,true
205,a121bdae-ad60-490f,Image,https://placekittens.com/452/286,137,false
206,d144f458-794f-41cf,Reel,https://dummyimage.com/12x40,326,true
207,cf99fa9f-4d56-4a3d,Video,https://placekittens.com/136/674,198,true
208,20866da8-c7f3-48c0,Image,https://picsum.photos/996/696,1675,false
209,36a34246-8e10-4dc2,Image,https://placekittens.com/928/501,1326,true
210,8aab0c4d-6219-4c0c,Reel,https://placekittens.com/724/464,1691,true
211,9a9d3268-2678-475c,Reel,https://picsum.photos/730/365,827,true
212,61fb0f3d-6c0f-4076,Image,https://picsum.photos/260/650,2064,false
213,13ebc984-e2b2-4c0a,Image,https://picsum.photos/198/425,1054,false
214,3ab868a5-b2ae-4a9f,Video,https://dummyimage.com/461x793,1609,true
215,411e4a1f-cc10-488a,Video,https://placekittens.com/379/781,560,true
216,4215c211-e1c1-40fc,Video,https://placekittens.com/313/724,730,true
217,2cf27a38-4e43-4f07,Image,https://placekittens.com/612/95,1115,true
218,5292aff1-da76-4c41,Image,https://placekittens.com/303/347,195,false
219,710aa002-65b1-4cc9,Image,https://picsum.photos/558/37,1082,false
220,c5f03ede-85a9-445a,Carousel,https://picsum.photos/60/72,1061,false
221,22b3a97a-e787-4ed9,Carousel,https://picsum.photos/318/150,2185,false
222,5bd1bcdc-c0b2-408f,Image,https://picsum.photos/418/786,227,true
223,be3b9809-7c30-4d05,Video,https://placekittens.com/334/252,1006,true
224,0051e8ce-bded-4eb4,Image,https://placekittens.com/989/405,822,false
225,0b193587-4da9-4410,Reel,https://dummyimage.com/729x561,1957,true
226,32a84d01-6de8-402a,Carousel,https://placekittens.com/681/675,988,false
227,1e6fcd92-f0f0-4e3c,Image,https://dummyimage.com/999x148,1491,true
228,d129369a-c2be-4b11,Image,https://placekittens.com/47/213,460,true
229,b8f4fc6d-550c-456e,Carousel,https://picsum.photos/617/841,1476,true
230,f60d4ad7-5598-450e,Image,https://placekittens.com/418/231,464,false
231,f8d14ad6-3f0b-4cb3,Image,https://picsum.photos/879/390,58,true
232,c62b785e-d485-4aa4,Reel,https://dummyimage.com/8x871,1322,true
233,1e8ffab0-4855-43f7,Carousel,https://dummyimage.com/807x119,2030,true
234,138513fd-16a2-4fcd,Video,https://dummyimage.com/816x795,89,true
235,9687769e-87f1-4221,Carousel,https://picsum.photos/264/956,1251,true
236,6d113a79-d002-40a5,Reel,https://dummyimage.com/2x344,1546,true
237,a52b29e0-c331-40f6,Video,https://picsum.photos/938/666,1093,true
238,da7a165f-4805-45c3,Image,https://dummyimage.com/479x937,2123,false
239,25ad0a26-3716-442a,Reel,https://picsum.photos/816/599,1228,true
240,b49c8456-3cdd-4273,Image,https://dummyimage.com/183x555,318,false
241,f3355b41-6a5d-431a,Reel,https://placekittens.com/453/416,1520,true
242,54ea6d45-1dd8-4c8a,Video,https://dummyimage.com/285x392,1026,true
243,aaad8fa8-18ce-4923,Reel,https://dummyimage.com/676x606,857,true
244,b8841c1b-d3a7-468e,Reel,https://dummyimage.com/201x971,1342,true
245,e66e5f30-c312-43e8,Reel,https://picsum.photos/392/108,1868,true
246,39c4aefd-9417-481b,Reel,https://dummyimage.com/408x190,1806,true
247,bb7e6861-12dc-4c90,Video,https://placekittens.com/98/431,1437,true
248,6f70f3f2-a139-49a4,Image,https://picsum.photos/495/647,1534,true
249,54c43bba-f294-4e90,Carousel,https://picsum.photos/982/230,1444,true
250,4dcd45d5-96cf-4d57,Reel,https://dummyimage.com/808x856,367,true
251,d23afcea-808f-4606,Video,https://dummyimage.com/937x713,792,true
252,d52f15c6-c686-4895,Image,https://picsum.photos/63/108,1881,false
253,14479329-8d37-47e8,Reel,https://placekittens.com/384/42,1920,true
254,2e1e34c1-c055-4aa3,Video,https://picsum.photos/357/313,721,true
255,49520689-14f6-4c60,Carousel,https://dummyimage.com/908x565,626,true
256,73635c7c-bcc9-4031,Reel,https://placekittens.com/330/408,1690,true
257,31b89b56-850d-4eb9,Carousel,https://dummyimage.com/726x553,1678,true
258,bc25b9fd-6fa8-43a3,Reel,https://dummyimage.com/906x757,1029,true
259,07c790e4-89e6-4e57,Image,https://picsum.photos/237/1009,772,true
260,dc6d1cb5-1655-4c07,Reel,https://dummyimage.com/192x446,43,true
261,32255491-fe5d-4fa4,Reel,https://placekittens.com/48/13,1992,true
262,840f6c2a-9c93-4e62,Reel,https://picsum.photos/610/315,1429,true
263,8f390cad-728a-418a,Image,https://dummyimage.com/300x317,329,false
264,c43a923d-986a-478c,Video,https://picsum.photos/723/785,1692,true
265,229d2e15-70d4-4d8b,Carousel,https://placekittens.com/615/119,1374,false
266,d1149e2b-f663-4742,Image,https://picsum.photos/1016/295,1096,false
267,c4a3db3f-8fe1-4c48,Carousel,https://dummyimage.com/181x967,6,false
268,19d94c90-d9f6-497a,Reel,https://placekittens.com/250/980,416,true
269,9b497884-3202-469a,Reel,https://picsum.photos/136/60,1595,true
270,59b35214-6c07-48f5,Image,https://placekittens.com/127/327,1101,true
271,af01d3ea-7a98-4dfa,Reel,https://placekittens.com/717/345,550,true
272,be05c3d3-4596-42ba,Image,https://picsum.photos/253/553,998,true
273,93aa0f48-660a-4d80,Image,https://placekittens.com/541/796,103,true
274,1e261a91-4e24-4aab,Reel,https://picsum.photos/76/317,1131,true
275,605e444c-6e5a-4a4c,Image,https://picsum.photos/948/152,58,false
276,e7ca60a3-20ad-414a,Image,https://picsum.photos/671/954,628,false
277,c0766d13-79f3-4d30,Reel,https://placekittens.com/171/352,1087,true
278,8d1e7a70-ea5b-4f40,Image,https://dummyimage.com/55x163,734,false
279,23e50349-812a-4196,Reel,https://picsum.photos/963/230,1334,true
280,44078bf0-37a3-4779,Reel,https://placekittens.com/637/740,1357,true
281,ef6c0e8f-a117-44a1,Image,https://picsum.photos/1010/815,1059,false
282,24ff66a7-0aa6-41fe,Image,https://placekittens.com/372/593,33,false
283,4eb76020-6c6a-4185,Reel,https://picsum.photos/21/384,866,true
284,8e268fc2-f004-4cd4,Image,https://dummyimage.com/572x184,1224,false
285,d862039a-9d2e-4f5f,Reel,https://placekittens.com/967/954,2036,true
286,cb956b23-ce36-4e96,Image,https://placekittens.com/545/412,1388,true
287,b9b1678c-b410-40a6,Carousel,https://dummyimage.com/165x813,1239,false
288,bfa2fcd7-5227-4056,Image,https://placekittens.com/249/688,1969,true
289,506127fd-d8c0-43e3,Image,https://placekittens.com/790/331,1145,false
290,70356299-696d-416e,Image,https://picsum.photos/245/289,1084,false
291,b7325785-3e33-4a71,Reel,https://dummyimage.com/178x6,1852,true
292,f1565f4f-a413-47d2,Carousel,https://placekittens.com/891/885,2032,false
293,54c6a872-f2ce-4da6,Carousel,https://dummyimage.com/304x118,1412,true
294,1f2138a9-bbc1-4634,Image,https://placekittens.com/360/524,694,true
295,82d7f479-f84a-4ff0,Video,https://placekittens.com/967/807,1925,true
296,0770997d-fe2d-4abd,Carousel,https://dummyimage.com/183x376,1288,true
297,2cfae301-1b2a-4d68,Reel,https://placekittens.com/757/693,789,true
298,25615a77-0a55-4179,Reel,https://placekittens.com/376/219,458,true
299,4575e28f-566e-4961,Reel,https://dummyimage.com/1024x442,1929,true
300,e33884b3-3b93-4ddd,Video,https://dummyimage.com/336x381,2017,true
301,2117aa47-ad2c-423d,Image,https://dummyimage.com/164x811,1504,false
302,defd48b8-717f-4d5d,Image,https://picsum.photos/288/398,2094,false
303,7faa1206-7c33-41c5,Image,https://picsum.photos/257/783,1005,false
304,0e87c9b4-b698-4ab9,Carousel,https://dummyimage.com/649x822,337,false
305,696963e0-0181-4fd5,Image,https://dummyimage.com/959x537,2092,true
306,e3aff6e5-6e18-4667,Image,https://placekittens.com/752/331,369,false
307,67a09a06-e504-445f,Image,https://dummyimage.com/566x675,575,true
308,0ffc4c8b-5813-4e1a,Carousel,https://dummyimage.com/875x439,365,true
309,af5f220e-fbdb-4417,Image,https://dummyimage.com/530x850,33,false
310,27926e02-563b-4213,Image,https://picsum.photos/97/222,2143,false
311,e2479310-0f6b-49e1,Reel,https://dummyimage.com/696x1021,1872,true
312,204cbcca-f0a4-4604,Carousel,https://picsum.photos/333/248,1037,false
313,8daad856-768f-45a3,Reel,https://dummyimage.com/325x1003,1921,true
314,50ddf31f-bdc7-48ce,Image,https://placekittens.com/429/370,136,true
315,0f97d8cb-b199-4ad0,Carousel,https://placekittens.com/625/929,1429,true
316,d64c73be-1229-4369,Reel,https://dummyimage.com/897x338,1495,true
317,e4a638d2-4d7b-4a8f,Carousel,https://picsum.photos/498/659,669,true
318,ae1684fd-1809-4a63,Reel,https://dummyimage.com/563x723,501,true
319,ac51076c-b689-4c6b,Reel,https://placekittens.com/936/352,1112,true
320,18f46ab8-318d-46d2,Reel,https://placekittens.com/512/743,658,true
321,a3d90893-9ab2-4b3f,Reel,https://placekittens.com/469/40,1309,true
322,4b51c816-de33-4e20,Reel,https://dummyimage.com/45x956,869,true
323,7bffdcab-f71a-4a66,Image,https://placekittens.com/315/229,248,true
324,34a13fe9-43dc-4e91,Carousel,https://dummyimage.com/425x911,37,false
325,cbd35bb8-3e37-4572,Image,https://placekittens.com/205/142,1626,true
326,3c905264-ed89-4e98,Reel,https://picsum.photos/653/251,555,true
327,eca14cbb-b5ea-4666,Carousel,https://placekittens.com/928/335,1301,false
328,75c41241-7865-4fee,Carousel,https://dummyimage.com/793x265,728,false
329,cff4f620-001a-4d2e,Image,https://picsum.photos/175/392,1212,false
330,34fff697-a38d-492b,Image,https://dummyimage.com/838x458,1070,true
331,8857edad-c85c-4d2d,Image,https://picsum.photos/76/244,443,true
332,4efddbe8-c079-4118,Reel,https://placekittens.com/832/744,97,true
333,c0d4e3e9-e410-4ca2,Image,https://picsum.photos/294/212,1273,true
334,dacf33a8-517a-41b8,Carousel,https://placekittens.com/735/345,1806,false
335,38cc4f50-a07f-4a1a,Image,https://placekittens.com/220/147,562,true
336,5734c065-e663-480a,Carousel,https://dummyimage.com/853x430,340,false
337,b757319d-e4e7-407e,Reel,https://dummyimage.com/727x480,681,true
338,6e56f444-c54b-4d33,Reel,https://dummyimage.com/271x318,1411,true
339,c1bf57cb-b930-4106,Image,https://dummyimage.com/592x912,190,false
340,5a3c8263-f507-413b,Reel,https://picsum.photos/948/948,1788,true
341,c58b574c-5f59-4e44,Image,https://dummyimage.com/922x877,168,false
342,02c3eaca-cdc3-411c,Image,https://dummyimage.com/456x294,122,true
343,63ecd68d-6df3-4c43,Video,https://dummyimage.com/674x163,750,true
344,03d724e1-11ea-4cd9,Video,https://dummyimage.com/96x644,339,true
345,d2bc4fd6-2812-4588,Carousel,https://placekittens.com/209/41,495,true
346,bc3aa8fe-8a21-4967,Image,https://picsum.photos/502/891,1751,false
347,128d076d-2421-4e10,Reel,https://placekittens.com/38/758,797,true
348,51e625de-c6f8-4ee7,Carousel,https://dummyimage.com/957x369,1387,false
349,60ffbaab-7162-4025,Carousel,https://dummyimage.com/571x237,194,false
350,f31006c9-7a30-430e,Image,https://dummyimage.com/217x367,1590,false
351,de09a0a0-2e11-4fcb,Image,https://dummyimage.com/529x413,1009,true
352,26897d16-c027-43e8,Image,https://dummyimage.com/217x973,629,false
353,e6f0214f-212d-4f88,Reel,https://dummyimage.com/848x162,272,true
354,985ea993-bb6e-4809,Reel,https://placekittens.com/112/295,36,true
355,c0d64070-c929-4c76,Reel,https://picsum.photos/829/934,1399,true
356,708fe05c-c351-4dd7,Video,https://picsum.photos/550/32,1122,true
357,818f5955-1b0b-4267,Image,https://placekittens.com/333/231,35,true
358,a9a9acb9-1017-4e1e,Carousel,https://placekittens.com/410/97,1989,true
359,c116bd3f-a2ec-4914,Image,https://picsum.photos/416/188,1112,false
360,3bc2dc69-bcbe-4f53,Video,https://picsum.photos/381/917,92,true
361,92d3edab-d95e-4218,Carousel,https://picsum.photos/831/424,1521,true
362,a0c06fab-3ec5-44cb,Image,https://picsum.photos/180/195,1199,false
363,0838b5c8-54c2-4b3c,Image,https://dummyimage.com/683x62,1521,false
364,fca491f6-22ce-4c23,Reel,https://dummyimage.com/506x786,1381,true
365,22150190-abe6-4543,Reel,https://dummyimage.com/392x270,1209,true
366,d76c0468-2a1d-46ff,Image,https://placekittens.com/276/779,1520,false
367,0a9d8db4-e8f9-4a1b,Carousel,https://dummyimage.com/769x622,1224,false
368,2a8da67b-35f2-49fe,Video,https://placekittens.com/608/748,82,true
369,b52dfd67-22b7-45be,Reel,https://picsum.photos/458/80,1519,true
370,1a5b6206-84d4-4865,Carousel,https://picsum.photos/866/179,1457,true
371,34c2e1c5-b526-417d,Image,https://placekittens.com/24/856,1791,true
372,0ddec281-7f9c-46f6,Video,https://placekittens.com/303/44,170,true
373,bc25291b-bfff-4ae8,Carousel,https://dummyimage.com/803x1017,388,true
374,d6b147de-27a1-4e3c,Image,https://picsum.photos/262/905,1720,false
375,ae58c850-3022-4a30,Image,https://placekittens.com/121/230,1738,true
376,85174338-da25-46f3,Image,https://picsum.photos/860/695,248,true
377,4d366ed2-4540-4769,Image,https://dummyimage.com/258x874,1929,false
378,f45846b7-a9c8-41eb,Carousel,https://picsum.photos/910/426,1697,false
379,9a0fb41a-075f-4631,Reel,https://placekittens.com/943/232,1618,true
380,52bea3e5-42d8-498e,Carousel,https://dummyimage.com/248x474,734,true
381,8bbf8269-9346-4f7e,Image,https://placekittens.com/188/53,1360,true
382,39fa5c50-bd0e-4f9f,Image,https://dummyimage.com/680x107,494,true
383,fd57eab5-002b-420d,Image,https://placekittens.com/737/958,1602,true
384,516add6a-c48a-417d,Image,https://placekittens.com/88/368,586,true
385,01e941c2-d9b3-4480,Image,https://picsum.photos/487/467,1707,false
386,146b78da-5bf5-405b,Image,https://picsum.photos/751/246,1527,false
387,4699f279-5c88-47ee,Reel,https://picsum.photos/4/55,719,true
388,80d00c40-8ea8-4232,Image,https://placekittens.com/352/347,608,true
389,95ca8cbe-fa04-4fd8,Image,https://dummyimage.com/167x896,1681,false
390,a71982c4-71c9-4993,Carousel,https://picsum.photos/14/551,1284,true
391,90be07ba-8c13-449a,Image,https://placekittens.com/262/679,2023,true
392,b1166be4-1460-4866,Image,https://picsum.photos/899/861,23,false
393,ad587f58-b747-4f76,Image,https://dummyimage.com/660x748,1300,true
394,4f7fe85b-17a6-45ac,Carousel,https://dummyimage.com/22x818,1377,false
395,f5e50ccb-62a6-4fda,Reel,https://dummyimage.com/785x662,1918,true
396,9cc95f99-b4c4-442d,Reel,https://picsum.photos/246/884,1611,true
397,43dc2690-7605-491e,Reel,https://dummyimage.com/283x22,168,true
398,edb1d266-ead4-47dc,Carousel,https://placekittens.com/531/199,1183,true
399,eb57f213-f778-4f54,Carousel,https://placekittens.com/779/1013,2192,true
400,fa3ac5ea-b6e7-4736,Image,https://picsum.photos/918/391,538,false
401,6b48d76a-bb0f-4907,Image,https://placekittens.com/631/223,1712,true
402,a66dc860-1991-4263,Reel,https://dummyimage.com/684x670,1576,true
403,783a7e89-51d8-4d91,Reel,https://picsum.photos/224/529,1902,true
404,035ee4a1-5f4a-4613,Carousel,https://placekittens.com/24/891,1538,false
405,a95fcde0-8f09-46e0,Image,https://dummyimage.com/625x22,299,true
406,c995ab42-a3b1-4ccf,Reel,https://placekittens.com/870/491,562,true
407,8b5c702e-f4a3-49f5,Carousel,https://placekittens.com/598/857,2189,false
408,0ef58ec7-196d-46ef,Video,https://placekittens.com/208/983,1141,true
409,571f533b-4b5b-4355,Video,https://picsum.photos/656/780,865,true
410,40208a9b-d121-4c8c,Reel,https://placekittens.com/790/739,2132,true
411,e9c0c109-9871-4a41,Image,https://dummyimage.com/816x670,161,false
412,62b5ef6f-ecf4-4fb7,Carousel,https://dummyimage.com/902x732,387,true
413,1ba2cc7f-aedb-4d33,Image,https://dummyimage.com/525x439,1524,true
414,2bfd512a-f9ed-4cd3,Reel,https://picsum.photos/344/10,2096,true
415,fd6d41f9-bf27-4b6b,Reel,https://placekittens.com/287/242,2073,true
416,16a639c7-2bbb-4d22,Carousel,https://dummyimage.com/41x817,1989,false
417,8af99420-8887-414a,Carousel,https://placekittens.com/789/352,1830,false
418,c33187d1-6232-4a81,Carousel,https://dummyimage.com/821x648,1758,false
419,467d7905-cc8b-4c63,Reel,https://dummyimage.com/33x355,953,true
420,31720261-f065-4dcc,Reel,https://dummyimage.com/907x96,1134,true
421,e6b3260c-6410-45d5,Reel,https://placekittens.com/431/769,1329,true
422,418c2931-74aa-4fc8,Reel,https://dummyimage.com/631x330,1523,true
423,254f74c8-88ff-4396,Image,https://picsum.photos/798/1008,1614,true
424,3baca90a-b9af-430a,Image,https://placekittens.com/232/687,620,true
425,047a9ce1-4cd1-4a4e,Image,https://placekittens.com/593/261,398,false
426,1760202c-7ea6-4b3d,Video,https://picsum.photos/928/793,1812,true
427,b68c9864-1818-4575,Reel,https://dummyimage.com/938x739,1117,true
428,5399becc-61dd-459a,Reel,https://picsum.photos/1010/608,55,true
429,42339d49-983f-4904,Image,https://placekittens.com/928/525,1793,true
430,2fd47591-91a3-42f5,Image,https://placekittens.com/957/826,2148,false
431,65f93025-2a6d-4a22,Carousel,https://placekittens.com/143/792,890,true
432,68309b56-6fe5-49bc,Carousel,https://dummyimage.com/279x707,1198,true
433,105e9fc1-c6a4-416f,Image,https://placekittens.com/750/247,1728,false
434,e04c971b-efeb-4af4,Reel,https://dummyimage.com/342x473,1181,true
435,c8eea799-9dfd-46ef,Image,https://placekittens.com/109/994,1568,false
436,6179cc7b-4438-46ec,Reel,https://dummyimage.com/736x488,288,true
437,94c4a4d3-cd2b-4155,Reel,https://dummyimage.com/381x380,1280,true
438,750a4649-7345-4b9e,Carousel,https://dummyimage.com/613x593,11,true
439,e1c27af0-614c-42ec,Reel,https://placekittens.com/687/769,483,true
440,8858c81f-d5fd-44b9,Image,https://dummyimage.com/454x580,104,false
441,4e4661ab-c94d-46f9,Image,https://placekittens.com/356/49,1465,false
442,283d312b-c9dc-483a,Reel,https://dummyimage.com/550x188,1649,true
443,659ec869-ccd2-4feb,Image,https://picsum.photos/339/22,1812,true
444,7a806d85-5d38-4aae,Image,https://dummyimage.com/612x886,356,false
445,a69aa9ed-213a-43f0,Image,https://dummyimage.com/134x427,2051,true
446,cc5470ba-ba51-4d0f,Image,https://picsum.photos/412/128,2105,true
447,16beb1e8-9bd2-47bf,Image,https://dummyimage.com/906x372,22,false
448,00378b8f-6ed4-4f06,Image,https://placekittens.com/472/984,1859,true
449,e8c87bd1-afd4-48d7,Reel,https://placekittens.com/660/750,986,true
450,f9008561-8c3f-4751,Image,https://placekittens.com/671/324,1631,false
451,4cecc134-fc13-4566,Carousel,https://dummyimage.com/211x22,256,true
452,9a08b425-d5c1-4e4a,Carousel,https://dummyimage.com/992x281,786,true
453,ad58bf88-8932-4a2a,Image,https://dummyimage.com/283x504,988,false
454,bdb5afd1-09f1-4e9f,Image,https://placekittens.com/573/468,56,true
455,3b2c0050-90d5-403c,Image,https://picsum.photos/363/685,1980,false
456,45497a42-f405-4bd4,Carousel,https://placekittens.com/997/186,1630,false
457,48d64636-78b6-4fab,Reel,https://placekittens.com/981/617,997,true
458,f4544704-b7f1-4cb8,Reel,https://placekittens.com/1004/703,357,true
459,0ed0c437-3aaf-4fc0,Image,https://picsum.photos/917/962,585,false
460,adb80f66-0452-448d,Image,https://picsum.photos/280/262,2009,false
461,6d4d2417-8484-4dc2,Image,https://dummyimage.com/303x858,1172,true
462,baa33a76-b5df-43b7,Image,https://dummyimage.com/250x147,2060,false
463,fff57a2a-6473-4aa0,Reel,https://picsum.photos/564/424,2167,true
464,5f570409-4511-416f,Carousel,https://picsum.photos/1010/806,491,true
465,140c6633-88de-4ec3,Image,https://dummyimage.com/726x961,1512,true
466,7aff8bd7-755f-43d7,Reel,https://picsum.photos/477/608,1044,true
467,d46ca502-094b-400c,Image,https://picsum.photos/297/718,1760,true
468,32b183ff-f3b1-4da2,Reel,https://picsum.photos/420/699,1688,true
469,a23c26f6-b45d-4211,Reel,https://placekittens.com/971/184,830,true
470,b9642103-7f57-4800,Image,https://placekittens.com/259/526,1511,true
471,ab7e3854-19bd-4748,Image,https://picsum.photos/169/282,1595,true
472,d67a7a25-03fc-4b24,Video,https://placekittens.com/163/323,94,true
473,738c7482-7b22-4a59,Image,https://dummyimage.com/1004x189,162,true
474,fe8f304c-7fbb-424f,Video,https://picsum.photos/76/841,1480,true
475,0433dbea-d657-48c9,Carousel,https://dummyimage.com/502x732,2178,false
476,1f829bdf-039e-4bdf,Carousel,https://picsum.photos/579/815,2046,false
477,e6827550-8500-4628,Reel,https://dummyimage.com/968x946,2129,true
478,ef55ccbe-4144-4824,Reel,https://picsum.photos/933/858,509,true
479,a14e20bf-659e-468a,Reel,https://picsum.photos/509/352,1006,true
480,60cb3b76-ac4a-4879,Image,https://picsum.photos/53/749,1755,false
481,b2e98cb9-f4d7-460e,Image,https://picsum.photos/958/399,584,true
482,08374b19-ac0b-438e,Image,https://placekittens.com/778/275,773,false
483,f3f6ab34-a7b0-4294,Reel,https://dummyimage.com/689x561,857,true
484,4b9cebea-5818-4e81,Image,https://placekittens.com/450/99,298,true
485,4a380cdb-2cc5-4326,Image,https://picsum.photos/807/261,1043,false
486,771c9b01-43e5-452f,Image,https://dummyimage.com/528x47,808,true
487,2a253921-0a5f-4e5d,Carousel,https://picsum.photos/311/518,1336,false
488,f39a4432-a635-48b6,Reel,https://dummyimage.com/844x573,1972,true
489,bc074ba1-e76b-4cfd,Reel,https://picsum.photos/310/251,1238,true
490,40aef132-ff80-4fa0,Reel,https://picsum.photos/791/499,612,true
491,d5d2ee45-5e2c-4d49,Image,https://picsum.photos/245/969,1369,true
492,5129b6e2-22fc-40e7,Reel,https://dummyimage.com/383x624,1873,true
493,aab5e50a-7722-43e8,Image,https://picsum.photos/120/291,1419,true
494,ab80a496-9105-4d3c,Image,https://dummyimage.com/848x695,189,false
495,db2ee3a9-7e3e-47c7,Reel,https://placekittens.com/3/169,393,true
496,e807d950-2945-4178,Image,https://placekittens.com/808/3,417,false
497,9962ee79-3bf5-4bae,Image,https://dummyimage.com/827x460,1957,false
498,0e8ab3a7-e443-4f92,Image,https://picsum.photos/999/791,1130,true
499,5c9943ae-2da3-4495,Carousel,https://placekittens.com/255/40,1429,true
500,b72c79b5-0382-4d0d,Video,https://dummyimage.com/181x831,1604,true
501,740be2cd-aa02-4df8,Carousel,https://dummyimage.com/951x869,248,false
502,e47d6ade-b7a4-4b0e,Reel,https://picsum.photos/812/1000,2015,true
503,aba3aa1c-a9c6-4dd7,Image,https://placekittens.com/365/270,1837,true
504,1d5647fd-d895-4b22,Image,https://picsum.photos/940/812,439,true
505,a607fd40-afa6-43d8,Carousel,https://placekittens.com/102/942,865,true
506,3363fa85-c2f3-4f6d,Video,https://placekittens.com/657/544,417,true
507,a79b8967-2064-4b78,Video,https://picsum.photos/76/293,1878,true
508,7623f708-c4ff-4ee8,Reel,https://picsum.photos/421/924,1306,true
509,212dedeb-07b1-4da2,Image,https://placekittens.com/203/977,1382,false
510,f7f528c6-a120-413c,Image,https://picsum.photos/296/901,2085,true
511,2555da6d-0258-4cdc,Reel,https://placekittens.com/916/821,1365,true
512,fc5fcf63-dcca-4962,Carousel,https://placekittens.com/173/172,1967,true
513,96b607c1-cf90-45bf,Reel,https://placekittens.com/739/514,1153,true
514,cf64669a-583e-4d42,Carousel,https://dummyimage.com/758x76,1360,false
515,433e1ca0-ec23-45ae,Reel,https://picsum.photos/690/180,303,true
516,24fd7fb9-04ba-4701,Reel,https://placekittens.com/125/123,1166,true
517,d8baba0f-cb8c-41f8,Video,https://picsum.photos/472/537,1658,true
518,c99e9230-1750-4fbb,Video,https://placekittens.com/26/896,2008,true
519,81417acd-d43f-4833,Image,https://placekittens.com/271/961,133,true
520,b2e2f21b-d9f6-42f6,Image,https://dummyimage.com/122x103,1276,true
521,6665dac0-493d-41c2,Reel,https://placekittens.com/925/428,1063,true
522,8c5d3f2c-5bbc-4282,Image,https://placekittens.com/155/3,91,false
523,314e548d-6d24-43cf,Image,https://picsum.photos/985/562,2131,true
524,6a06f0a1-c93a-471d,Reel,https://placekittens.com/292/532,2167,true
525,b0d48456-ac7d-46cf,Image,https://placekittens.com/15/889,1503,false
526,ab7cd4b1-5dd4-442f,Image,https://dummyimage.com/992x811,33,true
527,d76ec0c2-708c-4e98,Carousel,https://dummyimage.com/659x476,77,true
528,98debb7c-f414-4a4a,Carousel,https://dummyimage.com/639x596,1092,true
529,6d6c184a-e3a6-4dac,Reel,https://placekittens.com/622/921,523,true
530,85cfc5fb-7600-41ea,Image,https://picsum.photos/782/29,1366,true
531,7bd8d382-821e-46e9,Image,https://dummyimage.com/834x671,937,false
532,435c5bb5-47a5-48ef,Image,https://picsum.photos/739/597,43,true
533,1d5f1628-32b0-4396,Reel,https://picsum.photos/13/999,1748,true
534,8ca98285-20eb-43ba,Reel,https://picsum.photos/304/773,1299,true
535,048c9f27-277f-46e9,Image,https://picsum.photos/61/877,1246,true
536,8bde1182-fe5a-48f8,Image,https://picsum.photos/711/894,1234,true
537,c173c0f5-d300-44ab,Reel,https://placekittens.com/122/717,1493,true
538,0a159a4e-d05b-4057,Image,https://picsum.photos/108/859,2052,true
539,0787f9be-25bf-4936,Image,https://placekittens.com/421/416,1789,true
540,9268014e-0170-4e7c,Image,https://dummyimage.com/999x24,371,true
541,19a98952-5bfb-4262,Image,https://dummyimage.com/930x928,1482,true
542,aa279ff0-44f2-4237,Carousel,https://placekittens.com/373/96,823,true
543,704a9d39-359a-4b31,Image,https://picsum.photos/562/273,857,true
544,32662d95-44ec-4a26,Image,https://placekittens.com/106/119,569,false
545,86b209ea-8c54-417e,Video,https://dummyimage.com/866x539,1299,true
546,0a2a0a05-67dc-4e62,Carousel,https://dummyimage.com/1003x820,24,true
547,f33fc071-a1dc-451c,Image,https://dummyimage.com/140x949,862,true
548,ade1b6a4-3efd-4315,Reel,https://dummyimage.com/330x960,2118,true
549,479ac477-8fb3-4fac,Reel,https://placekittens.com/168/513,379,true
550,379b5486-8dca-40f6,Image,https://picsum.photos/918/289,1342,true
551,da5bd4f7-f27e-4984,Carousel,https://picsum.photos/81/972,1759,false
552,4190719a-4217-48e0,Image,https://placekittens.com/310/300,1287,false
553,b05f038d-c3b3-4867,Image,https://placekittens.com/945/724,1916,true
554,5338927c-3ba2-4af7,Video,https://placekittens.com/735/675,1910,true
555,87d3571e-3b52-40c0,Image,https://placekittens.com/941/1011,1744,true
556,256c0489-18e0-47a7,Image,https://placekittens.com/370/53,1458,true
557,22030287-0720-4b5d,Image,https://picsum.photos/804/591,849,false
558,69f90141-a9d3-4527,Video,https://dummyimage.com/184x950,2123,true
559,b1e26a93-3625-4485,Video,https://dummyimage.com/404x9,1120,true
560,ff84ee2f-ac9a-4f4a,Image,https://dummyimage.com/375x1002,576,true
561,61b95889-362d-47a3,Carousel,https://picsum.photos/833/825,1738,false
562,8a8730e2-8fcc-4a33,Reel,https://picsum.photos/611/570,525,true
563,184eafee-e03e-4efe,Reel,https://dummyimage.com/658x668,1412,true
564,9d94c142-063a-459c,Reel,https://placekittens.com/948/46,320,true
565,fcd8eb4f-d714-48d6,Video,https://picsum.photos/10/185,1714,true
566,1392a0f2-7839-47f3,Reel,https://dummyimage.com/352x553,285,true
567,58d99e6c-1567-4013,Image,https://placekittens.com/489/912,610,true
568,d2bb1c28-9ff6-435e,Carousel,https://dummyimage.com/438x982,1025,true
569,4f1a1b33-4de1-4440,Reel,https://placekittens.com/796/553,1605,true
570,698f0680-6f3f-4ea3,Image,https://dummyimage.com/222x437,1247,false
571,43ea6ca7-4200-46a6,Reel,https://placekittens.com/427/561,2096,true
572,e9293e8b-1ee7-4f47,Reel,https://placekittens.com/873/785,371,true
573,4a41ea97-535d-4eef,Image,https://dummyimage.com/271x992,1063,true
574,db6d3dd1-f9e5-4a1b,Video,https://placekittens.com/925/620,996,true
575,3b1181f6-9447-4beb,Carousel,https://placekittens.com/144/448,1470,true
576,6dad16f5-df45-4ff3,Reel,https://dummyimage.com/34x321,289,true
577,df2b419b-fbd8-4fcc,Image,https://placekittens.com/216/10,1980,true
578,3a80cb24-3714-424b,Reel,https://placekittens.com/430/569,1631,true
579,ee7db8bd-89bc-438e,Carousel,https://dummyimage.com/573x607,1838,true
580,237a9207-d28d-4149,Image,https://placekittens.com/186/647,548,false
581,78b9fa3a-ad9e-4b3f,Reel,https://dummyimage.com/839x252,1929,true
582,0a4c6fe4-b62b-4d11,Image,https://picsum.photos/389/345,275,true
583,511bed4e-b70a-49fa,Carousel,https://dummyimage.com/667x159,1362,false
584,b877e360-0aec-4231,Reel,https://placekittens.com/759/683,1101,true
585,3b1dc61d-7756-4ee7,Image,https://placekittens.com/871/914,2193,false
586,d389a77b-063f-49cc,Image,https://picsum.photos/446/177,1303,false
587,daef5378-a56b-419c,Image,https://dummyimage.com/893x896,1956,true
588,b8e98135-cbdc-4eac,Reel,https://dummyimage.com/237x474,1041,true
589,e8877c89-0948-40a3,Carousel,https://dummyimage.com/131x286,742,false
590,0054afff-716b-421a,Reel,https://placekittens.com/509/657,1489,true
591,5749ae5c-fc29-46c6,Image,https://dummyimage.com/234x214,764,false
592,4c43ed86-4171-422b,Reel,https://placekittens.com/72/146,1555,true
593,30c1edf4-6498-4f38,Reel,https://picsum.photos/48/506,1630,true
594,76a392a3-52f1-43db,Image,https://placekittens.com/509/105,1178,true
595,2428cec9-4dc2-4141,Reel,https://placekittens.com/503/226,1687,true
596,744bfa3e-c901-4287,Reel,https://picsum.photos/738/907,1811,true
597,2e5e675b-bd98-4301,Carousel,https://picsum.photos/3/636,209,true
598,760b8967-81e6-4bba,Carousel,https://dummyimage.com/719x800,136,false
599,cba844ee-8915-47f4,Image,https://picsum.photos/828/189,450,false
600,f7bf9f8f-467e-4f87,Image,https://dummyimage.com/337x832,940,false
601,27b56cb2-e21a-4add,Carousel,https://placekittens.com/11/637,1855,true
602,8d51019b-08ac-40e1,Reel,https://picsum.photos/155/902,1562,true
603,b0efa4e3-fbc2-4bec,Reel,https://dummyimage.com/365x1020,1051,true
604,6afc392b-ea03-4b3d,Reel,https://placekittens.com/167/850,675,true
605,ca27601f-9435-4eed,Video,https://dummyimage.com/110x563,1674,true
606,f4c2c0ce-6dcf-4461,Carousel,https://dummyimage.com/509x561,952,true
607,58435284-08b0-4719,Reel,https://picsum.photos/835/838,666,true
608,85ef6317-f0d6-43a5,Reel,https://placekittens.com/408/508,2124,true
609,a00a135f-5969-4228,Image,https://dummyimage.com/596x654,1269,false
610,6937693c-bfa4-464f,Reel,https://picsum.photos/309/107,1427,true
611,1e3b96de-9746-46ac,Image,https://picsum.photos/303/777,1883,false
612,51043388-1d8e-485f,Reel,https://dummyimage.com/963x503,1123,true
613,c41042a5-46af-451b,Video,https://placekittens.com/474/385,1028,true
614,133cf23b-7022-4273,Video,https://picsum.photos/341/901,251,true
615,47fc443b-e6a5-4aa9,Carousel,https://placekittens.com/945/431,1915,false
616,0ad8eb4d-5ab5-450d,Carousel,https://dummyimage.com/638x264,1698,true
617,26d501dd-888d-474f,Image,https://placekittens.com/180/209,909,false
618,453d89d4-f899-4090,Image,https://placekittens.com/233/229,671,true
619,fc0d4dc5-a2fc-492f,Reel,https://picsum.photos/59/975,1922,true
620,9e0bca71-93f8-4fae,Carousel,https://picsum.photos/960/735,580,true
621,d1233089-ed90-45c4,Image,https://picsum.photos/671/328,868,true
622,30e903bb-f233-4c50,Image,https://dummyimage.com/130x521,1334,false
623,c07dfef8-a7b5-4769,Reel,https://dummyimage.com/84x288,2049,true
624,d4a41e3e-dbc7-4ebe,Image,https://picsum.photos/8/981,1882,false
625,69812947-e2d7-41f6,Carousel,https://dummyimage.com/304x486,2155,false
626,4cf4f536-419d-42ac,Video,https://dummyimage.com/230x903,493,true
627,54eff23e-e742-4829,Reel,https://dummyimage.com/354x871,1162,true
628,8f29a6d8-efc4-4c04,Reel,https://picsum.photos/647/851,1056,true
629,5e0f9ee5-582c-42d8,Reel,https://dummyimage.com/965x321,1068,true
630,856f1b33-9775-48e8,Image,https://placekittens.com/855/938,1378,true
631,b7794385-ddf0-45f1,Video,https://placekittens.com/858/14,1294,true
632,e799f065-bef1-479e,Reel,https://dummyimage.com/928x640,1704,true
633,87d9a5aa-1519-4b29,Reel,https://placekittens.com/973/945,1131,true
634,8faa73ab-9084-4bbe,Reel,https://picsum.photos/431/631,1280,true
635,c1b2e467-c295-47a4,Image,https://dummyimage.com/77x647,1620,true
636,bcdf2cb0-4781-4cb2,Reel,https://placekittens.com/833/430,1505,true
637,5cdbe93f-85a9-4c67,Carousel,https://dummyimage.com/417x885,1502,true
638,e4cb4884-46e8-46e7,Reel,https://picsum.photos/723/767,1989,true
639,0ba4d86f-be46-454d,Reel,https://picsum.photos/613/492,1959,true
640,8106dfa3-4616-448f,Image,https://picsum.photos/467/663,696,false
641,be73f5f7-bc3b-4991,Video,https://placekittens.com/35/746,1871,true
642,fb8ef01a-6489-451d,Image,https://picsum.photos/399/900,923,false
643,791009b5-6611-4cc9,Reel,https://dummyimage.com/722x776,820,true
644,cf4f13b6-4073-47d3,Reel,https://dummyimage.com/460x931,1513,true
645,af717f63-e074-4178,Image,https://picsum.photos/839/199,719,false
646,63fe480f-942b-4427,Carousel,https://placekittens.com/426/682,105,false
647,7d227a15-d674-4558,Image,https://dummyimage.com/919x229,319,false
648,114086b5-dd7e-407c,Reel,https://placekittens.com/90/873,1221,true
649,d8e4cdf5-a4f4-4668,Reel,https://dummyimage.com/835x826,1868,true
650,7e68df75-7ddd-4b95,Carousel,https://dummyimage.com/1000x68,1255,true
651,a4491b22-f083-4feb,Image,https://placekittens.com/745/819,1484,true
652,5fce3981-035e-4b79,Reel,https://placekittens.com/554/799,1713,true
653,6b5866e7-199a-4a06,Reel,https://picsum.photos/749/199,1600,true
654,5c6a3dfa-6baa-4c07,Reel,https://dummyimage.com/713x133,1896,true
655,a5a9752f-91ac-4fdb,Carousel,https://picsum.photos/851/475,193,true
656,d22c93a2-56b1-4339,Image,https://dummyimage.com/683x184,6,false
657,5057e533-4050-42e6,Image,https://dummyimage.com/914x920,1822,false
658,42596853-7b48-4542,Image,https://picsum.photos/756/728,129,false
659,03bfbf82-4a8e-4846,Carousel,https://picsum.photos/541/172,1933,true
660,969d3bf1-2d33-4431,Video,https://dummyimage.com/331x608,61,true
661,689db054-53d6-4d8e,Reel,https://picsum.photos/671/431,1766,true
662,7d04b9dc-49ce-4a40,Carousel,https://picsum.photos/634/543,633,true
663,4f0d209f-33ac-45d9,Carousel,https://dummyimage.com/946x967,1387,true
664,c1c76b16-45cf-4176,Image,https://picsum.photos/410/972,1902,true
665,990caa84-d798-4e9c,Carousel,https://placekittens.com/1016/743,47,true
666,7c442563-4f9d-4383,Video,https://dummyimage.com/348x934,1606,true
667,fa1cf94e-9c81-4dc5,Reel,https://dummyimage.com/938x103,522,true
668,734dcd49-4f4e-4c29,Reel,https://picsum.photos/1014/873,602,true
669,79f14897-5c94-4be4,Reel,https://picsum.photos/308/811,666,true
670,1072c89c-6e0d-443b,Image,https://placekittens.com/161/118,1374,true
671,908d06c0-1433-4a51,Reel,https://placekittens.com/39/686,970,true
672,541531b9-d4a8-4967,Image,https://dummyimage.com/216x211,1884,false
673,3547d549-4ce8-49f6,Image,https://picsum.photos/40/102,761,false
674,f8877a68-b4e3-4ca9,Reel,https://picsum.photos/587/710,1533,true
675,5a944801-d727-4518,Image,https://dummyimage.com/647x473,1905,false
676,b7713f1c-a2bc-4d19,Carousel,https://placekittens.com/706/378,947,true
677,63dc9173-df90-4bac,Carousel,https://dummyimage.com/338x251,151,false
678,cd8f26c2-b1aa-47e5,Carousel,https://placekittens.com/10/299,555,true
679,1df25ea1-f43e-4476,Reel,https://dummyimage.com/126x153,240,true
680,77d63d1d-24d5-4d7b,Image,https://placekittens.com/464/982,1657,true
681,b408c83a-d71f-4f75,Image,https://dummyimage.com/320x254,895,true
682,c4df3b87-596d-4c35,Reel,https://picsum.photos/470/388,538,true
683,ac037e65-1357-4fed,Image,https://placekittens.com/19/595,2095,false
684,0ea1f1a3-4e39-49ea,Image,https://dummyimage.com/1021x533,180,true
685,03ed62af-ca15-4997,Reel,https://picsum.photos/908/13,2185,true
686,fdfc216b-3dfd-4157,Image,https://picsum.photos/443/994,1085,false
687,9daefa7b-47e4-4391,Reel,https://picsum.photos/470/578,1447,true
688,29687d16-64ad-4d19,Reel,https://dummyimage.com/686x689,1152,true
689,b4cfcbeb-a45b-4039,Image,https://dummyimage.com/884x679,528,false
690,d9451660-e938-41e9,Carousel,https://picsum.photos/285/774,1940,true
691,b291b8e1-3e75-447e,Reel,https://placekittens.com/660/547,965,true
692,7a657414-4203-4d54,Reel,https://dummyimage.com/7x209,1057,true
693,3c6129ed-4176-469a,Carousel,https://placekittens.com/922/307,1570,false
694,2a929f14-3bb7-46ca,Carousel,https://picsum.photos/420/26,1981,true
695,186dff52-ef30-4cf7,Reel,https://dummyimage.com/753x799,2162,true
696,6ec17b94-1d97-4fac,Reel,https://placekittens.com/249/881,2184,true
697,7247530b-1b16-44fb,Reel,https://placekittens.com/429/287,1620,true
698,12d54d17-4ff3-4d7f,Carousel,https://picsum.photos/633/495,971,false
699,f0b672be-afaa-4eb2,Video,https://dummyimage.com/273x659,352,true
700,f7b129db-8d7b-4927,Reel,https://placekittens.com/534/352,332,true
701,aa2fad81-c4d5-47c8,Carousel,https://placekittens.com/1023/712,1390,true
702,daf3eef6-1e8f-481e,Carousel,https://dummyimage.com/830x272,1289,true
703,6f9ace06-ceb5-42c0,Reel,https://dummyimage.com/180x41,295,true
704,f731c6c7-8552-49db,Image,https://dummyimage.com/277x1005,2087,true
705,20522caf-95ec-4f67,Reel,https://placekittens.com/827/230,1853,true
706,ff3cba4c-64fc-4d5a,Image,https://picsum.photos/706/305,2063,true
707,b14a51f3-6e5a-45a4,Image,https://placekittens.com/1015/943,1142,true
708,06f622c2-b22e-4341,Video,https://picsum.photos/482/222,793,true
709,2f7043eb-71d4-4360,Video,https://dummyimage.com/496x624,1766,true
710,3df3e654-425c-4f5c,Reel,https://picsum.photos/139/806,1651,true
711,7216dda0-0fd0-433c,Video,https://dummyimage.com/1013x533,899,true
712,ff99d9c8-141a-4b2a,Reel,https://dummyimage.com/597x73,1808,true
713,dcf43b8d-4141-440a,Image,https://placekittens.com/334/959,175,true
714,019d6316-d2cc-4577,Carousel,https://dummyimage.com/714x908,1910,false
715,30051a4c-250a-4927,Carousel,https://dummyimage.com/722x766,1988,true
716,990ba496-d804-43ab,Reel,https://placekittens.com/793/816,876,true
717,5802e09f-86e8-4c40,Image,https://placekittens.com/170/10,22,true
718,c57f9fab-e7ca-4c25,Reel,https://placekittens.com/891/37,1322,true
719,298a3995-452e-4b8c,Image,https://placekittens.com/853/557,1927,false
720,f0c23887-7d09-4004,Reel,https://picsum.photos/607/936,156,true
721,84eb4a37-52eb-4dd3,Reel,https://picsum.photos/716/976,1186,true
722,55190da0-3ac5-4e9e,Reel,https://dummyimage.com/243x44,490,true
723,8d78516c-e5c8-40a3,Reel,https://placekittens.com/375/845,2056,true
724,8baf2a15-6270-4a86,Reel,https://picsum.photos/663/987,1705,true
725,7279d0ca-022a-4e2f,Carousel,https://picsum.photos/14/468,798,false
726,f9764813-9153-4e55,Image,https://dummyimage.com/176x422,984,false
727,71d2309a-68ab-4982,Reel,https://dummyimage.com/904x379,1565,true
728,639a38aa-47ca-4c0d,Image,https://picsum.photos/971/518,1136,true
729,e919bd4a-4212-4bc1,Image,https://dummyimage.com/337x224,1578,false
730,2c6c1997-0bc0-4b10,Carousel,https://placekittens.com/159/67,148,false
731,259ae709-8d1d-4667,Carousel,https://picsum.photos/41/284,1253,true
732,d8f18153-af03-4412,Image,https://placekittens.com/509/37,488,true
733,a313bb7c-c85a-4c09,Image,https://dummyimage.com/212x335,562,false
734,e7f51e79-82b0-42da,Reel,https://placekittens.com/826/1010,336,true
735,5a24ccf4-38f0-45fc,Reel,https://picsum.photos/474/772,596,true
736,d3d1aa65-d36b-410c,Video,https://placekittens.com/314/975,1470,true
737,ac47030c-c91d-48ca,Image,https://placekittens.com/836/117,276,true
738,9eaebc16-99d5-403e,Reel,https://picsum.photos/270/931,1927,true
739,539b794f-334d-48a9,Image,https://dummyimage.com/532x612,1043,false
740,bbe282be-21be-4993,Reel,https://picsum.photos/886/5,2167,true
741,19120fce-4169-4922,Image,https://picsum.photos/895/45,2129,false
742,aa4e836a-8e29-4298,Image,https://placekittens.com/329/80,1418,false
743,66df0781-6b8b-407c,Video,https://dummyimage.com/322x84,586,true
744,1cd1533e-f4d5-4686,Image,https://dummyimage.com/249x208,461,true
745,76a7c5f7-8df9-4c12,Reel,https://dummyimage.com/974x437,449,true
746,29dc8aad-48b6-4767,Carousel,https://dummyimage.com/199x988,1741,true
747,f657012f-4340-4a06,Image,https://dummyimage.com/703x194,1289,true
748,e3528cec-a65f-49f2,Image,https://placekittens.com/186/276,476,true
749,d58223ad-0f28-4e29,Image,https://picsum.photos/348/45,1222,true
750,03d97025-88ef-4a1e,Image,https://dummyimage.com/434x743,1753,true
751,992d35c7-bf68-4a3e,Reel,https://picsum.photos/902/127,2021,true
752,d6a493a9-9e17-477a,Carousel,https://placekittens.com/79/512,1670,false
753,651cf621-44bb-4a07,Carousel,https://placekittens.com/740/715,821,true
754,ad4e8c68-e3f8-439c,Carousel,https://dummyimage.com/760x584,326,true
755,92b24d03-9000-4ace,Video,https://placekittens.com/800/732,596,true
756,75fcb5c8-202d-4edf,Carousel,https://placekittens.com/707/134,1416,true
757,bc724d3a-8981-40b4,Image,https://placekittens.com/318/195,84,true
758,58b86223-d2fa-4524,Image,https://picsum.photos/612/59,1800,false
759,f6c8345d-3ddb-450e,Image,https://dummyimage.com/385x80,192,false
760,4fc31352-6d18-41f5,Reel,https://dummyimage.com/1007x711,194,true
761,559bf97b-953f-400a,Image,https://picsum.photos/583/230,935,false
762,5d15510a-67e4-4abc,Video,https://picsum.photos/606/398,1444,true
763,dda42dce-4494-4d79,Reel,https://picsum.photos/776/614,784,true
764,1426f648-f10c-4ed3,Video,https://dummyimage.com/780x727,394,true
765,ec76bace-f185-43c4,Video,https://picsum.photos/236/994,838,true
766,67acc6d6-b8c1-4438,Image,https://picsum.photos/936/991,37,true
767,1624d43e-95be-47ef,Image,https://picsum.photos/917/960,799,true
768,01d41d56-4053-4244,Video,https://placekittens.com/98/994,1443,true
769,e77a8c9c-cc0d-465c,Image,https://placekittens.com/666/878,1937,false
770,7af9c5d8-c0a1-4bf1,Image,https://dummyimage.com/123x658,431,true
771,5fa29e8b-d895-4c7e,Image,https://dummyimage.com/546x104,629,true
772,0ccf2070-4410-4177,Image,https://picsum.photos/410/309,1106,true
773,e5252577-c44f-4620,Reel,https://dummyimage.com/155x333,822,true
774,5191d4eb-5924-4070,Reel,https://picsum.photos/462/773,579,true
775,5d7b5ceb-dc94-490d,Video,https://picsum.photos/77/532,2070,true
776,27b57562-9b6b-4fde,Image,https://picsum.photos/136/692,1828,true
777,4470ef71-824e-453b,Image,https://placekittens.com/46/784,589,true
778,db152ed2-2f58-495b,Image,https://placekittens.com/691/672,1061,true
779,9ce536f1-a961-4ec1,Image,https://picsum.photos/933/85,1112,false
780,ee098471-e6c3-47a3,Reel,https://picsum.photos/334/540,1870,true
781,2c1759d2-a284-447f,Carousel,https://dummyimage.com/232x899,1482,false
782,d1cf6a77-1034-4e24,Image,https://picsum.photos/70/933,1159,false
783,235807e8-4ef1-4d1a,Carousel,https://picsum.photos/956/656,1011,false
784,75ef038a-5e08-47b0,Image,https://picsum.photos/549/671,883,true
785,98e003d0-0069-4d7a,Image,https://dummyimage.com/270x608,518,true
786,516b5ae1-f4f1-4d85,Image,https://placekittens.com/694/742,677,false
787,99ffa450-03c3-4966,Image,https://dummyimage.com/854x5,1667,false
788,0cb8556b-316f-49ee,Reel,https://picsum.photos/751/313,129,true
789,10a76599-0fab-4dd0,Reel,https://dummyimage.com/421x247,1520,true
790,2f2cad54-5fb0-4344,Image,https://placekittens.com/390/722,1893,true
791,26086fd5-c32a-471a,Video,https://picsum.photos/45/785,1494,true
792,d701f06c-a4e6-4eb4,Image,https://dummyimage.com/863x437,1820,false
793,d1a5cbb1-fbab-47b0,Reel,https://placekittens.com/625/509,2167,true
794,5394485f-ce05-4690,Image,https://placekittens.com/455/719,170,false
795,037fff40-f83b-4b15,Image,https://picsum.photos/232/48,1934,false
796,20df811e-3e79-4e5a,Image,https://dummyimage.com/893x251,889,true
797,66ae0ed4-ded6-4e86,Image,https://picsum.photos/247/1016,1900,false
798,29e223a3-610a-4ef9,Image,https://dummyimage.com/442x8,1491,false
799,97f017b6-cff6-4057,Image,https://placekittens.com/876/960,2077,true
800,61f17172-8ef5-4bce,Reel,https://placekittens.com/473/526,1636,true
801,a11ab2e1-cb21-4f94,Carousel,https://dummyimage.com/635x292,534,false
802,345ed318-c35e-483a,Reel,https://placekittens.com/831/222,1703,true
803,72af0ba1-0a3c-4488,Reel,https://picsum.photos/715/540,1344,true
804,79fbdf85-7441-4c43,Image,https://dummyimage.com/77x720,2023,true
805,eb0d3adc-9fda-4555,Image,https://dummyimage.com/900x448,67,true
806,44229107-8602-45a6,Image,https://dummyimage.com/613x995,1475,true
807,e4484628-cb4f-4c89,Image,https://dummyimage.com/3x628,852,true
808,e1737098-37e4-4c8f,Image,https://picsum.photos/483/549,1893,true
809,da9588bd-1a52-4bb7,Reel,https://dummyimage.com/285x352,1398,true
810,eb89897f-5e5f-4bac,Reel,https://picsum.photos/534/361,1536,true
811,e160114e-cb33-4ac8,Image,https://picsum.photos/872/39,292,true
812,f65407c9-892f-4243,Image,https://dummyimage.com/232x550,1599,false
813,956a9e23-9e58-4fe4,Carousel,https://picsum.photos/181/123,8,true
814,9d60578a-fcf2-4684,Image,https://dummyimage.com/374x468,1714,false
815,88c0eecc-55bd-4331,Carousel,https://dummyimage.com/715x724,1385,true
816,fc359bab-ddfa-4ea2,Video,https://placekittens.com/693/875,239,true
817,1b6d6826-d4fd-43f6,Video,https://picsum.photos/32/854,1669,true
818,8b6c24bc-87a1-4aa0,Image,https://dummyimage.com/619x155,402,false
819,cac03a34-cf31-437c,Reel,https://dummyimage.com/556x450,1491,true
820,872032e9-1111-4b22,Image,https://dummyimage.com/418x689,1978,false
821,a53130c6-8f21-47c1,Image,https://picsum.photos/224/61,990,false
822,df48cb8a-1b76-49c8,Video,https://placekittens.com/579/440,1869,true
823,a75456ee-ce71-4b77,Reel,https://placekittens.com/219/1019,1626,true
824,3473990f-32d7-4620,Reel,https://placekittens.com/755/430,745,true
825,88d3f05d-8687-4048,Reel,https://placekittens.com/837/278,1145,true
826,270f5273-7150-4b96,Image,https://dummyimage.com/78x300,2050,true
827,901e291e-8e7f-4e70,Reel,https://picsum.photos/71/248,607,true
828,f8b33246-ea96-43de,Image,https://picsum.photos/162/270,900,true
829,27c340c9-7390-4bc1,Carousel,https://picsum.photos/140/324,1796,true
830,8b129b26-33bc-4b2e,Image,https://picsum.photos/684/122,853,false
831,6f902247-8cae-47b8,Reel,https://placekittens.com/122/376,1055,true
832,5278069b-d9b4-4bbe,Carousel,https://placekittens.com/664/8,879,false
833,7091b8f7-dc0e-4f02,Video,https://picsum.photos/701/513,1328,true
834,6132fb0a-cd47-4abc,Video,https://dummyimage.com/311x514,411,true
835,a8f43450-0cfa-4cdb,Image,https://placekittens.com/400/512,1250,true
836,650d2301-dd1b-4f39,Reel,https://dummyimage.com/612x473,302,true
837,9b4ad617-db51-43e8,Carousel,https://dummyimage.com/188x62,62,false
838,6e94c88a-14f6-42b1,Reel,https://picsum.photos/864/143,1746,true
839,4849ece0-2322-4618,Image,https://picsum.photos/948/83,730,true
840,26468bd7-6c96-41e8,Image,https://picsum.photos/437/9,1333,false
841,aee701dc-9cb3-4260,Image,https://dummyimage.com/628x184,1221,true
842,0ba3625f-60bc-4653,Reel,https://picsum.photos/555/1011,1361,true
843,e653b47a-d1c5-4a8d,Image,https://dummyimage.com/80x286,1369,false
844,16bd9a66-dabe-4b83,Image,https://picsum.photos/37/140,191,false
845,1c6a2589-650e-4a04,Carousel,https://picsum.photos/901/83,1655,false
846,c6e2514b-92cf-4300,Carousel,https://picsum.photos/659/298,1606,true
847,de565e41-8c26-487c,Carousel,https://picsum.photos/649/133,1706,false
848,dffa4ace-3322-4c99,Video,https://placekittens.com/912/71,1438,true
849,1ed4331d-3d7c-4672,Reel,https://dummyimage.com/236x90,1388,true
850,0d1e699c-d5e2-4a31,Reel,https://placekittens.com/460/411,1768,true
851,cda2f737-ca72-41e8,Image,https://picsum.photos/6/730,175,true
852,a5f2e271-c305-490f,Reel,https://dummyimage.com/829x398,1683,true
853,a782e2f0-b810-4a83,Image,https://placekittens.com/861/966,1807,true
854,f8fa10d3-c28a-469f,Video,https://dummyimage.com/878x704,423,true
855,48acaaaf-2af2-4fc8,Image,https://picsum.photos/89/896,2050,false
856,2556d530-fc52-4be4,Reel,https://dummyimage.com/837x182,1122,true
857,dbf18d97-cccb-46cf,Reel,https://placekittens.com/257/542,1154,true
858,bad3c2f3-e98f-423c,Reel,https://picsum.photos/877/1023,921,true
859,ea1aa5f2-edb2-4024,Reel,https://picsum.photos/340/298,749,true
860,e508b733-26f7-44bb,Image,https://picsum.photos/916/857,1507,true
861,9e5cfd57-16de-4d6c,Reel,https://dummyimage.com/402x762,1760,true
862,74353053-9ddb-4827,Image,https://placekittens.com/942/1008,1528,false
863,a8729c22-98a4-4285,Image,https://dummyimage.com/644x331,2155,true
864,ad3864ba-b1bd-4159,Carousel,https://picsum.photos/287/144,401,false
865,c3fcac47-9fd6-4c32,Carousel,https://picsum.photos/246/942,82,false
866,0d9b5200-7662-4420,Image,https://picsum.photos/561/369,1185,true
867,49f8c638-82e2-4f44,Reel,https://placekittens.com/954/840,1476,true
868,26613341-7861-49d9,Image,https://picsum.photos/504/438,1918,false
869,83a309fb-da11-4064,Image,https://picsum.photos/841/29,2020,true
870,6c230d74-9604-4200,Image,https://placekittens.com/405/54,1206,false
871,bc13cf41-5a02-4647,Image,https://placekittens.com/761/216,118,false
872,e6365257-5fbf-4b7b,Image,https://picsum.photos/497/1008,1343,false
873,4e8c5d9f-1bcb-4dce,Image,https://placekittens.com/371/859,653,true
874,8b5f61b1-56c2-43a8,Carousel,https://picsum.photos/474/74,2144,false
875,fb04fd50-aafc-4872,Video,https://picsum.photos/70/918,1036,true
876,9445026e-2af0-4c28,Reel,https://picsum.photos/121/389,129,true
877,9b304cb1-318e-4786,Image,https://dummyimage.com/906x180,1648,true
878,96819260-b119-48d7,Image,https://picsum.photos/540/128,1434,false
879,0f97b489-cda3-47dd,Reel,https://picsum.photos/887/418,1987,true
880,289eed46-4491-476e,Video,https://placekittens.com/805/439,780,true
881,3d773ee9-3fe1-4235,Reel,https://dummyimage.com/287x262,1857,true
882,ef89a5f3-c63c-443e,Reel,https://dummyimage.com/170x524,1188,true
883,3f1e746a-e5b0-44c0,Reel,https://placekittens.com/926/804,913,true
884,006aa7d0-5627-4535,Reel,https://dummyimage.com/371x581,1931,true
885,6dc9bfe1-96c9-4f51,Carousel,https://dummyimage.com/852x1021,1632,false
886,1d098aeb-a5af-487a,Carousel,https://dummyimage.com/864x511,1122,true
887,6c607c6a-d545-4218,Carousel,https://placekittens.com/971/4,51,true
888,b003591d-3326-4097,Carousel,https://placekittens.com/207/0,1283,true
889,d3a020e6-8e7b-4813,Reel,https://picsum.photos/96/178,1868,true
890,cd282d6c-b1b6-428a,Image,https://picsum.photos/681/836,552,true
891,87bc310a-99c0-4dab,Carousel,https://dummyimage.com/710x224,1297,true
892,e06bae55-666e-4221,Video,https://placekittens.com/639/716,1454,true
893,004f3ae9-651d-47b8,Video,https://placekittens.com/53/24,52,true
894,614f65a3-b231-4892,Image,https://dummyimage.com/384x779,749,false
895,1ea962dd-e167-4c35,Image,https://placekittens.com/219/411,1873,false
896,cd91543f-46ad-45ff,Video,https://dummyimage.com/129x878,944,true
897,5b77291b-efee-417a,Image,https://picsum.photos/622/433,1001,false
898,e4bdbc58-7aaf-4528,Video,https://picsum.photos/35/668,330,true
899,5d494182-a41e-46f4,Reel,https://picsum.photos/406/702,1624,true
900,0cc6c4a0-12c4-4c55,Image,https://picsum.photos/98/865,1365,false
901,80a754cd-b302-4351,Carousel,https://placekittens.com/438/893,274,false
902,9c544d3e-0537-4eeb,Reel,https://placekittens.com/702/724,1084,true
903,b8405707-3272-401d,Image,https://picsum.photos/39/534,1884,true
904,78a94726-7856-4325,Reel,https://placekittens.com/182/529,1587,true
905,e851215b-27a4-464f,Reel,https://dummyimage.com/53x625,1169,true
906,ffbdcfed-c6e8-484a,Image,https://placekittens.com/175/584,703,false
907,cfe9daae-2c31-47c8,Reel,https://dummyimage.com/39x750,735,true
908,5aef07ec-b3c7-49a3,Reel,https://dummyimage.com/467x347,253,true
909,9baf49bc-3d58-42ef,Reel,https://dummyimage.com/12x459,420,true
910,b09ed793-cf88-4c77,Reel,https://placekittens.com/631/887,1662,true
911,05bfa4b6-7e3e-453e,Video,https://placekittens.com/446/671,419,true
912,90ef7419-98dc-4171,Reel,https://dummyimage.com/59x112,1482,true
913,6afa5e6a-202f-45ee,Video,https://placekittens.com/780/364,970,true
914,0cb687d6-28c5-478b,Image,https://picsum.photos/332/497,2126,true
915,e09123c4-06b4-4160,Carousel,https://dummyimage.com/472x199,441,false
916,f5635df5-4185-4068,Image,https://dummyimage.com/783x14,1647,false
917,abd778e2-99a2-496f,Carousel,https://dummyimage.com/94x391,1772,false
918,5378e66d-73ca-4a11,Reel,https://dummyimage.com/505x565,1038,true
919,db8b4038-765b-4045,Image,https://dummyimage.com/186x417,1006,false
920,7376959e-f8dc-4a3c,Reel,https://placekittens.com/587/851,1840,true
921,459d63ac-b1bc-4bb9,Reel,https://picsum.photos/357/926,1698,true
922,13f38247-e34e-4069,Reel,https://picsum.photos/921/322,305,true
923,a3d0ede8-ec36-4be3,Image,https://picsum.photos/530/295,1052,false
924,65943b76-8a78-4328,Video,https://dummyimage.com/52x40,671,true
925,9a9c0085-05d0-48c1,Image,https://placekittens.com/892/672,112,false
926,32c4df49-a76b-49d8,Image,https://picsum.photos/474/899,2099,false
927,47e9ac68-841b-4a96,Reel,https://picsum.photos/501/35,1477,true
928,a40f7516-9457-42cf,Carousel,https://dummyimage.com/635x881,1823,true
929,06e54817-0d51-4cbb,Image,https://dummyimage.com/925x242,1197,true
930,f30a5926-3208-40bb,Reel,https://placekittens.com/781/90,1957,true
931,66b7c793-8cd9-4105,Image,https://picsum.photos/276/116,1463,false
932,888f3807-a907-44bc,Image,https://dummyimage.com/264x570,192,false
933,643cc429-130a-4178,Image,https://picsum.photos/596/221,635,false
934,c55f9735-aade-4933,Image,https://dummyimage.com/723x586,1750,false
935,b2f5d295-212b-44dd,Image,https://picsum.photos/31/236,1655,true
936,9c43efb9-4b98-49f2,Reel,https://picsum.photos/233/236,298,true
937,6561a4e5-437c-4f7d,Video,https://placekittens.com/82/248,1534,true
938,da5fb761-c981-48a9,Reel,https://placekittens.com/227/926,1272,true
939,a1833cb9-b3de-4f39,Video,https://picsum.photos/889/650,642,true
940,0f5b1cf4-fd64-4cc7,Reel,https://picsum.photos/1022/533,1988,true
941,5cf6b519-da8d-4733,Reel,https://dummyimage.com/887x541,864,true
942,7a178b79-457c-4bc5,Image,https://dummyimage.com/552x274,1832,true
943,024e5a22-2770-45ae,Reel,https://dummyimage.com/1017x282,1200,true
944,9164b6fc-fd2f-4da6,Reel,https://placekittens.com/758/898,1017,true
945,ccaad2ac-c2a0-4adb,Video,https://placekittens.com/201/989,308,true
946,83b42e17-317e-4aa3,Image,https://picsum.photos/752/107,444,false
947,d6de4429-e947-4332,Carousel,https://dummyimage.com/346x580,480,true
948,d7cbe948-033b-42e5,Reel,https://placekittens.com/576/841,106,true
949,368a4ae3-8ed1-4d5f,Image,https://picsum.photos/491/838,437,false
950,6e97f194-3841-4ba3,Carousel,https://dummyimage.com/199x50,968,false
951,092f5beb-2d94-454c,Image,https://placekittens.com/566/732,213,true
952,efedaae6-3f36-4d03,Image,https://picsum.photos/47/817,1158,true
953,8654cc90-db39-4c69,Reel,https://placekittens.com/921/699,429,true
954,300168ce-3f6b-4b75,Video,https://placekittens.com/754/521,1914,true
955,ec6e1f6d-0cfe-427c,Image,https://picsum.photos/139/879,81,false
956,80635284-5184-4426,Carousel,https://dummyimage.com/700x491,34,true
957,04243d96-5411-448b,Reel,https://dummyimage.com/993x889,738,true
958,395b6d70-9f60-4187,Reel,https://placekittens.com/231/883,2034,true
959,6f8fe5ab-af67-43cc,Carousel,https://placekittens.com/781/791,483,false
960,a4cb51d8-9bd1-4bb3,Carousel,https://picsum.photos/292/562,300,false
961,cc12d809-113d-416a,Image,https://picsum.photos/555/978,766,false
962,cc307a37-aa22-4585,Video,https://picsum.photos/969/830,2164,true
963,54c4931f-8754-4dda,Reel,https://placekittens.com/563/518,1560,true
964,8f0c976b-fc7c-4304,Carousel,https://picsum.photos/837/957,1670,true
965,580ead5e-3d16-4e10,Reel,https://placekittens.com/608/715,593,true
966,c2dd450c-d53b-432e,Reel,https://placekittens.com/289/578,1547,true
967,be727041-9029-43da,Video,https://picsum.photos/221/466,890,true
968,16332a56-98dd-4f7c,Carousel,https://dummyimage.com/49x803,1265,true
969,809f22d5-6c66-405f,Reel,https://placekittens.com/944/780,44,true
970,d60fb10a-9e10-4e8d,Image,https://picsum.photos/1011/221,1992,false
971,f7dec1b1-b176-486e,Carousel,https://dummyimage.com/844x189,908,true
972,bed133ad-6cef-4468,Video,https://dummyimage.com/535x575,327,true
973,4949b172-4328-4e0d,Image,https://picsum.photos/408/292,1462,false
974,ed93a759-132e-4e95,Reel,https://placekittens.com/254/673,1007,true
975,c3da683c-231e-40e3,Video,https://placekittens.com/183/341,1181,true
976,654f1103-ec15-49ee,Image,https://dummyimage.com/766x488,229,true
977,76c0700d-7fd9-484e,Reel,https://placekittens.com/899/126,1564,true
978,99f4f15b-927d-44fb,Image,https://placekittens.com/595/1002,135,true
979,ddfb4afc-7fcd-4afe,Carousel,https://dummyimage.com/192x707,1319,true
980,cde8e019-b5f2-4b82,Image,https://dummyimage.com/211x273,198,true
981,5bd80464-e43b-4e0f,Reel,https://picsum.photos/117/60,1235,true
982,85721a1d-a1eb-461a,Image,https://picsum.photos/718/515,387,false
983,593bb9f3-ae6f-4fab,Image,https://dummyimage.com/321x928,564,true
984,ba6acae2-e111-4ce4,Reel,https://dummyimage.com/687x604,1955,true
985,aaecc9d0-cbaa-42ff,Image,https://dummyimage.com/984x710,1257,true
986,2edd8423-9adb-4947,Carousel,https://placekittens.com/489/731,2140,true
987,15abac60-8e88-4e16,Carousel,https://placekittens.com/815/98,1683,false
988,1230f81c-3229-4b91,Carousel,https://placekittens.com/1024/412,1296,false
989,03c79079-65c7-4595,Image,https://dummyimage.com/535x390,1415,false
990,0b5f12e1-3a2f-4747,Image,https://dummyimage.com/737x862,1406,true
991,7da0a2a8-25f8-480c,Image,https://dummyimage.com/104x884,532,true
992,94ae5dc3-0b47-4096,Reel,https://dummyimage.com/714x672,1776,true
993,eee0d7c4-b323-48f8,Image,https://dummyimage.com/104x1000,445,true
994,cf3c853a-1821-4c9b,Reel,https://dummyimage.com/326x738,1957,true
995,f17335e3-1df3-4f75,Video,https://placekittens.com/435/510,1050,true
996,91f78101-c606-44d2,Image,https://dummyimage.com/578x59,819,false
997,4a6b5e25-28bb-4c38,Reel,https://picsum.photos/195/292,2026,true
998,1d277cd6-663c-4f4b,Carousel,https://placekittens.com/987/817,13,true
999,08714b3f-4f17-41b2,Carousel,https://dummyimage.com/247x779,1049,true
1000,537a597e-9f6c-4029,Image,https://picsum.photos/213/871,416,false
1001,be70215a-1bc6-48a9,Image,https://placekittens.com/443/676,685,false
1002,9929dce6-475c-4ba3,Video,https://dummyimage.com/774x76,528,true
1003,790decfb-a0a1-46fb,Video,https://dummyimage.com/899x744,2126,true
1004,65d9aff0-82b2-455f,Image,https://dummyimage.com/112x931,1732,true
1005,88291a27-8d49-4ace,Carousel,https://placekittens.com/402/769,2191,false
1006,8b1b161a-8497-4edf,Reel,https://placekittens.com/490/625,175,true
1007,267a3ddd-e56f-446c,Image,https://dummyimage.com/47x409,52,false
1008,8c8c8912-395d-4cbd,Image,https://placekittens.com/814/376,786,false
1009,51cbf8dc-4ff3-4c48,Video,https://picsum.photos/581/448,1544,true
1010,88304513-67fb-4c57,Image,https://picsum.photos/46/222,2077,true
1011,74b321c4-7295-4e23,Image,https://dummyimage.com/854x910,1297,false
1012,2e899537-aa80-4e6e,Image,https://placekittens.com/978/779,1763,false
1013,4c14d3ed-a5b9-4dbe,Image,https://placekittens.com/66/43,1342,true
1014,4d9119b1-9432-4d42,Reel,https://picsum.photos/360/855,2153,true
1015,c2f58cf4-3aea-4018,Image,https://picsum.photos/524/266,1297,false
1016,f9ce6099-ae0b-4f5f,Carousel,https://placekittens.com/250/822,1572,false
1017,7ed4f0c7-87cd-4cec,Carousel,https://dummyimage.com/569x46,84,false
1018,ac813c7d-adba-49c5,Image,https://placekittens.com/514/17,708,false
1019,b8778781-a662-4d4f,Image,https://dummyimage.com/296x614,1737,false
1020,2a5516cf-cc7a-4ac3,Reel,https://placekittens.com/101/252,1806,true
1021,ca93a82e-f81f-48f0,Reel,https://picsum.photos/119/235,2038,true
1022,2e7f2d38-0a84-4f1f,Image,https://picsum.photos/625/690,472,true
1023,3deb2900-2cc8-4511,Reel,https://placekittens.com/484/427,1607,true
1024,a1f71e37-5ad6-4ce1,Carousel,https://placekittens.com/552/338,1295,false
1025,d563041a-26e9-4999,Image,https://placekittens.com/348/449,2183,false
1026,cf8a59b8-bb56-43ec,Reel,https://placekittens.com/714/43,1776,true
1027,41e1285b-8975-49c2,Reel,https://placekittens.com/279/149,1262,true
1028,9b08f5d3-e54e-4cff,Carousel,https://placekittens.com/964/761,2151,false
1029,aec16a77-e125-438c,Reel,https://picsum.photos/83/348,685,true
1030,0bdc1f9c-5d06-4ca0,Image,https://dummyimage.com/948x484,1422,true
1031,6b1e4df5-0aec-4df5,Image,https://dummyimage.com/341x634,1894,true
1032,3041ae5d-af31-4b3b,Image,https://dummyimage.com/388x650,990,true
1033,e29281a0-97ac-4995,Reel,https://picsum.photos/7/704,2160,true
1034,6ade3039-8878-47ef,Carousel,https://dummyimage.com/947x541,1658,true
1035,55ece00a-f6c4-4d1b,Reel,https://picsum.photos/376/965,1264,true
1036,cf7aa7fc-f360-4d5d,Reel,https://placekittens.com/183/620,575,true
1037,164be506-c37e-403c,Image,https://dummyimage.com/648x488,1415,true
1038,2f96bcb5-37d5-4289,Carousel,https://placekittens.com/205/399,977,true
1039,cebfe7aa-9ec6-4749,Image,https://picsum.photos/907/761,983,false
1040,66b103df-934f-4fdd,Video,https://placekittens.com/4/644,709,true
1041,58017e31-e1d8-4cc7,Carousel,https://placekittens.com/356/723,1330,true
1042,de29ba96-05dc-4f7e,Image,https://placekittens.com/267/414,1306,false
1043,837dfdb5-658a-495b,Reel,https://picsum.photos/449/840,1592,true
1044,0dc4077e-90f1-4fe5,Reel,https://placekittens.com/125/1019,1331,true
1045,1faa402d-e02e-43aa,Image,https://dummyimage.com/420x74,622,true
1046,028c1767-fa60-4977,Reel,https://placekittens.com/188/92,925,true
1047,86b45057-ae4f-4b1b,Video,https://dummyimage.com/257x645,2027,true
1048,11948e0f-3e84-44f6,Carousel,https://dummyimage.com/222x882,827,true
1049,5e74fbe4-78c2-48b9,Image,https://picsum.photos/135/809,1515,false
1050,2edfedd7-606e-49bd,Image,https://picsum.photos/501/867,1956,true
1051,cc20dac1-55fa-45e1,Video,https://placekittens.com/799/36,146,true
1052,adb34f13-d349-49f5,Reel,https://dummyimage.com/885x886,532,true
1053,a44b3fcf-22fa-4cdb,Reel,https://dummyimage.com/607x592,1105,true
1054,0f8b700a-a6e4-4996,Reel,https://picsum.photos/370/11,105,true
1055,6cd00690-765e-4603,Reel,https://picsum.photos/345/988,369,true
1056,75e50467-4242-441f,Reel,https://dummyimage.com/610x866,1799,true
1057,4bef176e-4540-44f9,Reel,https://placekittens.com/184/37,733,true
1058,fa1db10a-16b1-49b4,Reel,https://picsum.photos/819/914,319,true
1059,98e4492d-b71b-4461,Image,https://placekittens.com/175/362,1071,false
1060,027c6eb4-b16a-464c,Image,https://picsum.photos/830/583,786,true
1061,84b35643-9d5a-48f7,Image,https://placekittens.com/827/518,553,true
1062,1e3904e1-85d9-49df,Image,https://dummyimage.com/965x672,1613,true
1063,cfa9c4d3-91ea-4065,Image,https://placekittens.com/144/20,1385,false
1064,46182ab6-5dc7-4447,Reel,https://dummyimage.com/360x16,2191,true
1065,e5a06885-0ffe-4c86,Image,https://picsum.photos/637/799,1409,false
1066,0367aed6-4739-4b41,Image,https://picsum.photos/277/861,36,false
1067,dc35f029-0997-41b7,Image,https://placekittens.com/625/393,938,true
1068,3cff26d7-469a-4276,Carousel,https://placekittens.com/56/192,1219,false
1069,f8f4c5cd-8abb-47fc,Reel,https://picsum.photos/3/488,1904,true
1070,5790eb47-8638-45b1,Reel,https://dummyimage.com/887x757,1158,true
1071,3370da1f-b089-4fe3,Carousel,https://dummyimage.com/838x454,1348,true
1072,acca067e-6753-4554,Image,https://picsum.photos/536/196,1657,false
1073,1498f7c1-11ac-4209,Image,https://picsum.photos/771/571,878,false
1074,750328be-ff9c-4600,Carousel,https://placekittens.com/665/937,1249,false
1075,81c2c903-2568-4ed3,Reel,https://dummyimage.com/148x101,632,true
1076,952417d3-5cc2-4dba,Image,https://dummyimage.com/872x927,862,false
1077,611bb1f2-26a4-45f9,Reel,https://picsum.photos/5/228,1054,true
1078,59bb34c2-ab90-4404,Image,https://placekittens.com/721/908,889,true
1079,ce2f31b0-baa6-429c,Reel,https://picsum.photos/451/472,839,true
1080,38783388-10b0-4cf2,Reel,https://dummyimage.com/945x316,1715,true
1081,b4d4a886-6f91-42fc,Video,https://placekittens.com/619/643,561,true
1082,3a510bba-01a9-457e,Image,https://placekittens.com/80/457,197,false
1083,b73641f4-4b3d-4bf2,Image,https://picsum.photos/905/443,616,false
1084,b23b644e-d06f-456e,Reel,https://placekittens.com/868/799,635,true
1085,10a4ef08-81a1-47bd,Reel,https://dummyimage.com/173x538,820,true
1086,0bb103a6-ff3b-445c,Image,https://dummyimage.com/316x323,1646,true
1087,dfb3e7d7-7f74-40bc,Video,https://placekittens.com/433/326,1811,true
1088,53148eef-af5f-4e76,Video,https://dummyimage.com/767x603,1562,true
1089,db8eda74-4aab-4910,Reel,https://dummyimage.com/837x150,742,true
1090,5d21df84-0af6-435e,Image,https://placekittens.com/553/586,1598,true
1091,5fae4766-d9ef-4c70,Image,https://placekittens.com/91/443,1794,true
1092,bc72a6bf-08d6-4ca8,Image,https://placekittens.com/494/12,152,false
1093,5a87c404-52fc-4757,Carousel,https://placekittens.com/308/177,1251,true
1094,abe7e7ec-076b-4d05,Reel,https://picsum.photos/327/448,1882,true
1095,c0cbfb0e-0d11-4b02,Reel,https://dummyimage.com/3x3,2117,true
1096,c7417735-14b7-4565,Carousel,https://placekittens.com/561/526,889,false
1097,1d0bed46-b39e-4f9a,Reel,https://placekittens.com/259/804,2178,true
1098,90952338-472a-4d4c,Image,https://dummyimage.com/648x3,2054,false
1099,eb0e65b7-3f72-4de5,Reel,https://placekittens.com/434/553,1139,true
1100,388cc838-ccae-4dd7,Image,https://picsum.photos/653/713,739,false
1101,e5399e24-d44f-4317,Carousel,https://placekittens.com/595/926,446,false
1102,c67e7dc0-961e-4a51,Carousel,https://placekittens.com/985/482,1196,false
1103,c54b59b3-2f33-41df,Reel,https://dummyimage.com/162x375,735,true
1104,3af07f70-98bf-47ec,Reel,https://placekittens.com/322/819,680,true
1105,7df64c4f-43d4-460d,Image,https://picsum.photos/959/623,771,false
1106,6e818383-b016-4051,Reel,https://picsum.photos/323/905,849,true
1107,036e0459-02a0-4ec0,Reel,https://dummyimage.com/816x585,77,true
1108,521b753f-0b8a-4c05,Reel,https://picsum.photos/878/226,1921,true
1109,e1d086aa-708d-4cf8,Image,https://dummyimage.com/714x39,1259,true
1110,10b17989-a0e4-47a7,Image,https://dummyimage.com/727x212,1102,true
1111,083bac22-4f06-402a,Carousel,https://picsum.photos/856/83,1830,true
1112,6c5b1db8-cd54-4953,Reel,https://placekittens.com/218/263,673,true
1113,c66cc724-8018-459c,Video,https://dummyimage.com/615x618,2074,true
1114,64382ad8-5c02-4251,Image,https://dummyimage.com/205x959,1188,false
1115,371aef6d-6cc8-42a0,Image,https://picsum.photos/745/711,1953,true
1116,22c13979-9a45-4248,Reel,https://dummyimage.com/610x235,1127,true
1117,8da489aa-17e8-4c32,Carousel,https://dummyimage.com/773x24,1102,false
1118,533a4559-8b93-48e5,Image,https://dummyimage.com/926x279,400,true
1119,17e3260b-c955-4134,Image,https://picsum.photos/217/450,1278,false
1120,1fb0d0c0-143e-494f,Reel,https://picsum.photos/368/81,2029,true
1121,d6739551-576e-4f4f,Image,https://placekittens.com/566/222,2127,true
1122,ce11d4c7-b93c-44f0,Video,https://picsum.photos/805/662,893,true
1123,d128f5a0-0b6f-4ef9,Reel,https://placekittens.com/539/638,840,true
1124,6775006f-522a-441c,Image,https://picsum.photos/293/510,117,true
1125,4c69606b-ddd4-4b49,Image,https://placekittens.com/245/829,1823,true
1126,83b43cd2-ab1d-431d,Image,https://picsum.photos/992/312,787,false
1127,134960fe-57d0-4da1,Image,https://picsum.photos/1013/7,1966,true
1128,1b001997-74e6-48ec,Reel,https://dummyimage.com/478x857,1276,true
1129,9457b126-b277-4fac,Carousel,https://dummyimage.com/32x982,442,false
1130,e0ebe8a1-8de3-4ca6,Reel,https://dummyimage.com/729x347,867,true
1131,36fe5697-a5e3-4847,Video,https://dummyimage.com/874x131,2051,true
1132,317edad7-c055-4b28,Reel,https://placekittens.com/954/213,1202,true
1133,e62f3129-2e00-4050,Carousel,https://picsum.photos/704/699,110,true
1134,5043680a-1397-4ca8,Image,https://picsum.photos/359/560,715,false
1135,82a65c10-254f-48c5,Carousel,https://picsum.photos/718/925,504,false
1136,e30e63d7-fa68-4bdd,Image,https://picsum.photos/757/395,754,true
1137,0bbb731a-cfac-404c,Image,https://placekittens.com/233/827,1592,true
1138,d3219d9c-432e-4ffd,Carousel,https://picsum.photos/773/751,832,false
1139,ce6b9cf3-bab3-4e1c,Carousel,https://picsum.photos/367/1022,1852,true
1140,9475c64c-f2fa-435c,Carousel,https://dummyimage.com/936x788,2144,true
1141,beb7f5db-0c3b-42c4,Image,https://placekittens.com/422/850,109,false
1142,17ada2b6-eff4-474e,Reel,https://dummyimage.com/298x456,579,true
1143,040fc887-2bb7-4116,Image,https://placekittens.com/115/145,1914,true
1144,baa1f83f-fba5-49eb,Image,https://picsum.photos/298/792,813,true
1145,689d2cb0-200f-4e98,Reel,https://placekittens.com/333/631,926,true
1146,975efb56-3962-45e7,Reel,https://picsum.photos/148/928,1278,true
1147,df7f2adf-0062-4e86,Image,https://dummyimage.com/161x563,1584,false
1148,17efea39-95a6-4f70,Reel,https://picsum.photos/483/1016,338,true
1149,89cb3425-f949-4fcb,Reel,https://placekittens.com/528/845,2128,true
1150,b1a368e0-acde-4fd1,Video,https://picsum.photos/667/264,1048,true
1151,46a7a553-bba2-41dc,Reel,https://dummyimage.com/518x862,1167,true
1152,7c19c081-e94e-4c25,Reel,https://placekittens.com/854/279,1176,true
1153,720ee0a2-f9ba-44fe,Image,https://dummyimage.com/656x882,1236,false
1154,96f18a73-673b-45c0,Reel,https://placekittens.com/132/694,257,true
1155,c8fb45c5-5fda-45e5,Image,https://placekittens.com/712/257,79,false
1156,a7d8fd91-32cd-48ff,Image,https://picsum.photos/857/373,914,true
1157,66d50ce8-8e7c-4f9e,Image,https://picsum.photos/63/979,2070,true
1158,2fcb2cae-56bb-4e0f,Image,https://picsum.photos/814/917,1894,true
1159,64abeafc-09cd-413c,Reel,https://dummyimage.com/232x732,13,true
1160,fbedcf4f-3871-4150,Carousel,https://dummyimage.com/598x141,79,false
1161,4093b5b2-dee0-45db,Carousel,https://placekittens.com/709/838,785,false
1162,aefb0e64-19cd-4b07,Image,https://dummyimage.com/15x22,1059,false
1163,72ac75e0-9ba6-4251,Reel,https://placekittens.com/192/188,2064,true
1164,e9c1bb8e-4d43-44be,Reel,https://placekittens.com/957/637,400,true
1165,a78bea6d-234c-47ea,Reel,https://dummyimage.com/553x116,2005,true
1166,40fa7fbb-e591-48c3,Image,https://placekittens.com/322/42,366,false
1167,ea7ba4f4-db6a-42bc,Reel,https://placekittens.com/205/198,939,true
1168,a0466f83-2876-49dc,Image,https://dummyimage.com/74x537,1215,true
1169,18386bae-cae5-42a7,Reel,https://picsum.photos/789/535,711,true
1170,1c213ad7-6c51-4d76,Reel,https://picsum.photos/583/60,1978,true
1171,8120de41-b11b-450e,Reel,https://dummyimage.com/372x289,1635,true
1172,8693b35e-9b7e-4e64,Carousel,https://placekittens.com/628/836,456,false
1173,10a72185-047c-4419,Image,https://picsum.photos/53/535,381,false
1174,bb906778-785d-4bce,Reel,https://dummyimage.com/439x24,2082,true
1175,1f360487-1012-4356,Reel,https://placekittens.com/393/500,99,true
1176,ef784fcd-2b91-486d,Reel,https://picsum.photos/311/553,459,true
1177,e6d1655f-dd8c-4ca3,Carousel,https://dummyimage.com/434x969,10,false
1178,e09a157d-a087-4117,Reel,https://dummyimage.com/160x867,1100,true
1179,78cd38a5-e6ee-429c,Video,https://dummyimage.com/564x752,1385,true
1180,a2af5459-f08b-49ff,Video,https://picsum.photos/550/168,152,true
1181,58d7d2ed-6efd-4093,Carousel,https://picsum.photos/332/722,643,true
1182,6e87929d-c506-4c5b,Image,https://dummyimage.com/842x705,1953,true
1183,0d554067-ba29-4aa5,Image,https://picsum.photos/593/838,575,true
1184,3583eef1-014a-4a62,Image,https://dummyimage.com/859x266,568,true
1185,c8e8eb2d-e95a-4475,Video,https://placekittens.com/451/131,371,true
1186,a11b8cb4-2ddc-4e44,Image,https://picsum.photos/99/401,81,true
1187,0cd1bd4e-df67-4ac9,Carousel,https://dummyimage.com/170x210,203,true
1188,8b5ac3a4-2b96-4df8,Image,https://placekittens.com/26/11,741,false
1189,d3615df8-9210-48b1,Image,https://picsum.photos/69/884,801,false
1190,fa82e5ad-9e58-400d,Video,https://dummyimage.com/184x406,1689,true
1191,98816f0d-09ac-490b,Image,https://dummyimage.com/226x429,866,false
1192,584406a7-764a-427d,Carousel,https://dummyimage.com/224x865,1878,true
1193,d9033603-93bb-4655,Video,https://dummyimage.com/815x527,2026,true
1194,61c4a36c-402b-4d12,Image,https://dummyimage.com/422x847,1268,true
1195,adcf37ba-8c8c-4afc,Image,https://placekittens.com/225/695,1473,false
1196,18400f13-d526-4dff,Image,https://picsum.photos/959/244,1683,false
1197,b07ad019-813b-4d40,Reel,https://dummyimage.com/195x960,694,true
1198,bbbdae30-b079-402f,Carousel,https://placekittens.com/15/199,146,true
1199,09392cd1-fb37-438f,Carousel,https://placekittens.com/254/1016,69,false
1200,cd245dab-e82f-436a,Carousel,https://picsum.photos/606/971,1329,false
1201,a2da90b5-d718-4020,Image,https://picsum.photos/669/361,1763,true
1202,adc38729-f9e7-4f2d,Carousel,https://picsum.photos/68/1020,357,false
1203,247f03be-e296-4fb4,Image,https://picsum.photos/308/717,1301,false
1204,305db41a-46da-4ab9,Image,https://dummyimage.com/663x444,229,true
1205,d5554b84-946d-4649,Image,https://dummyimage.com/282x614,375,false
1206,730cb671-7273-4075,Reel,https://picsum.photos/268/366,730,true
1207,4dd9dc53-b4e0-471c,Carousel,https://picsum.photos/190/524,1591,true
1208,96e7893d-d885-4cde,Image,https://placekittens.com/741/882,1991,true
1209,a8f5f3cb-0cb7-4017,Reel,https://placekittens.com/498/183,1403,true
1210,813f29b1-016b-4a14,Video,https://picsum.photos/300/851,190,true
1211,b8649f7c-7e4f-4c77,Image,https://dummyimage.com/487x51,1156,true
1212,acda4b45-8464-4054,Image,https://placekittens.com/966/147,483,false
1213,c2e98efc-f6e9-4f40,Image,https://dummyimage.com/768x883,1558,false
1214,55cf6070-e9d9-47bd,Carousel,https://placekittens.com/742/466,1767,false
1215,6f89c917-0113-4fda,Carousel,https://picsum.photos/842/103,740,false
1216,c14304da-0550-4945,Reel,https://dummyimage.com/45x545,1561,true
1217,28dafd6f-8e0a-4284,Reel,https://picsum.photos/911/54,272,true
1218,6f022716-54a3-4cb1,Image,https://placekittens.com/619/332,642,true
1219,633bcc13-fc6f-4623,Reel,https://picsum.photos/341/575,126,true
1220,88ade887-bb79-4611,Reel,https://dummyimage.com/40x95,1396,true
1221,e838ee47-6cb7-4810,Image,https://dummyimage.com/102x279,1162,false
1222,56565071-9b3d-43f8,Image,https://placekittens.com/218/852,1595,true
1223,b9553a7c-9ce1-4a6b,Image,https://dummyimage.com/689x378,39,false
1224,cd07d9ca-8722-44d2,Carousel,https://dummyimage.com/409x224,989,true
1225,20356fbe-b3d7-4c1a,Carousel,https://dummyimage.com/219x881,798,true
1226,56aa37ce-f9bb-42a8,Carousel,https://placekittens.com/484/107,1874,false
1227,f155edd5-72e9-4cfe,Reel,https://dummyimage.com/177x966,919,true
1228,0e94558f-34d7-4e74,Image,https://picsum.photos/182/754,1263,true
1229,5044c7ed-70b5-4a0f,Image,https://dummyimage.com/872x576,600,false
1230,5c642bbe-50f6-40d4,Reel,https://dummyimage.com/616x570,638,true
1231,b86500f3-428a-49e8,Video,https://placekittens.com/749/566,2168,true
1232,0277d6b7-9957-4932,Video,https://picsum.photos/684/698,116,true
1233,64d2b10a-d8d9-4515,Image,https://dummyimage.com/717x711,1839,true
1234,04cacd8a-ec47-463c,Image,https://placekittens.com/44/413,1227,false
1235,b00296a5-95a9-49e2,Image,https://placekittens.com/678/657,1205,true
1236,95085461-b196-4470,Carousel,https://placekittens.com/480/519,848,false
1237,377e4a8b-2470-4c36,Video,https://dummyimage.com/267x67,1626,true
1238,809bdbfb-f717-4dfe,Image,https://placekittens.com/248/108,918,true
1239,7dea9405-26b7-4d7f,Video,https://dummyimage.com/943x238,1741,true
1240,d057d4ca-c84d-4620,Reel,https://placekittens.com/447/49,2010,true
1241,2d39ee63-b3ae-4361,Video,https://placekittens.com/992/554,1618,true
1242,1f5ed1e3-d16b-477c,Carousel,https://placekittens.com/878/491,1343,false
1243,b4385bb6-9edd-4da7,Image,https://dummyimage.com/214x707,1792,false
1244,6b7df241-05a0-4ec3,Reel,https://dummyimage.com/923x344,1825,true
1245,3739858e-4222-4f23,Image,https://dummyimage.com/535x248,944,false
1246,c153c359-c695-4587,Reel,https://dummyimage.com/689x1005,1193,true
1247,84a732a0-f146-44b0,Carousel,https://placekittens.com/221/814,795,false
1248,6ba8ea01-c029-4101,Carousel,https://dummyimage.com/292x167,1665,true
1249,c74387bb-7b25-4a53,Reel,https://dummyimage.com/829x1003,84,true
1250,f2274e32-1712-4d58,Image,https://placekittens.com/86/672,1835,true
1251,d82f88f7-d4fd-4d45,Reel,https://dummyimage.com/410x568,1538,true
1252,44e3cd4f-6d34-404b,Video,https://placekittens.com/558/316,228,true
1253,3d674c12-7ba1-4875,Carousel,https://picsum.photos/983/1019,270,false
1254,c41cc97b-eb1c-4c51,Image,https://placekittens.com/577/807,245,true
1255,2701ac56-ff63-49f4,Reel,https://picsum.photos/164/532,1510,true
1256,7b07e998-8d17-4bfd,Carousel,https://dummyimage.com/585x839,1030,true
1257,fc14a73b-025c-4a5c,Image,https://placekittens.com/551/529,1975,false
1258,0ad1649a-d904-4f54,Image,https://dummyimage.com/838x520,2176,false
1259,70682d46-80ac-4a61,Reel,https://dummyimage.com/978x42,394,true
1260,8d9f4b54-2c19-4051,Carousel,https://picsum.photos/580/846,1814,true
1261,c229180a-945b-4f00,Carousel,https://picsum.photos/949/550,1894,true
1262,377085b5-bbb6-4439,Reel,https://placekittens.com/100/725,1773,true
1263,492a6d26-f32a-47a6,Carousel,https://dummyimage.com/540x402,1916,true
1264,6848f685-be54-42e7,Reel,https://placekittens.com/511/692,270,true
1265,a0eb95d1-5b6d-4887,Video,https://picsum.photos/39/821,2057,true
1266,c59bc539-0867-4d0d,Image,https://dummyimage.com/596x241,531,true
1267,54dd399f-0cbd-413d,Carousel,https://placekittens.com/561/240,568,false
1268,fc7f3481-fc0e-4521,Video,https://placekittens.com/242/492,1212,true
1269,10ad3dae-bd08-457a,Carousel,https://dummyimage.com/479x39,1097,false
1270,805b02fc-4114-49a3,Carousel,https://placekittens.com/162/824,1925,false
1271,77fadc02-d9d8-42cb,Image,https://placekittens.com/354/320,1504,true
1272,60e056b4-47a0-414e,Image,https://placekittens.com/878/241,870,false
1273,bc104b4e-687c-4a0d,Reel,https://placekittens.com/790/339,2169,true
1274,d9072842-f58d-4251,Reel,https://dummyimage.com/895x168,219,true
1275,a045c848-239c-4f9e,Carousel,https://dummyimage.com/477x800,1024,true
1276,ee110c6e-a9bc-422d,Image,https://placekittens.com/210/455,675,false
1277,07f3b750-9885-4d5a,Reel,https://placekittens.com/722/493,881,true
1278,2889e78a-441c-4b71,Carousel,https://dummyimage.com/165x649,1655,true
1279,f8061ccb-a9a3-4e5a,Video,https://picsum.photos/484/22,2162,true
1280,d5407c56-4cf2-47df,Carousel,https://placekittens.com/224/642,635,true
1281,31a150fb-7dab-492a,Reel,https://picsum.photos/278/26,801,true
1282,9e488aa3-526e-4ac4,Reel,https://dummyimage.com/544x395,1307,true
1283,1c7738a8-62bb-4e57,Image,https://placekittens.com/894/873,1928,false
1284,1318994f-f8a7-4c45,Reel,https://dummyimage.com/600x803,280,true
1285,c1ea3dc3-c0da-402c,Image,https://picsum.photos/876/321,224,true
1286,aa27b5b8-1538-45dd,Image,https://picsum.photos/86/728,1270,true
1287,f1c176b2-bb14-46ac,Image,https://placekittens.com/183/883,160,true
1288,1d92a215-5985-43a5,Reel,https://placekittens.com/766/779,1653,true
1289,148bfe86-1210-4115,Carousel,https://placekittens.com/646/101,1035,true
1290,2a3add17-9bbe-4f13,Image,https://dummyimage.com/445x87,854,false
1291,8fea028f-7ec5-44e3,Image,https://placekittens.com/855/354,1383,false
1292,7658e1e3-9d8c-4854,Carousel,https://placekittens.com/463/843,239,true
1293,a675b824-3e05-4fd9,Image,https://placekittens.com/89/580,92,true
1294,038d7094-03e0-4787,Reel,https://dummyimage.com/786x375,1806,true
1295,7f2a44b0-2d7b-4290,Video,https://picsum.photos/636/1019,377,true
1296,c372d2a7-6477-4fd8,Image,https://dummyimage.com/447x939,581,false
1297,03597bfb-bf21-48fa,Reel,https://placekittens.com/78/903,2121,true
1298,b09cd4ee-2f5e-4204,Reel,https://placekittens.com/31/803,786,true
1299,1cd26545-61e0-4c11,Carousel,https://picsum.photos/688/432,795,false
1300,298915f7-0bab-45dd,Image,https://picsum.photos/801/624,19,true
1301,56bc3afc-0a18-4c6a,Reel,https://picsum.photos/212/198,1851,true
1302,561d86e5-0948-4549,Video,https://dummyimage.com/774x523,2031,true
1303,def0490f-48dd-4829,Reel,https://picsum.photos/103/293,320,true
1304,29ab40e9-0bba-4c82,Reel,https://dummyimage.com/877x818,1481,true
1305,0b0abbfa-4615-43d3,Image,https://placekittens.com/381/674,675,false
1306,641be7ec-a6e2-4cf6,Image,https://dummyimage.com/144x195,1117,false
1307,ea5461af-2612-44c8,Image,https://picsum.photos/195/631,1319,true
1308,37adcaea-f12e-4281,Reel,https://picsum.photos/510/847,1618,true
1309,d5a1baf0-d9d0-4e96,Reel,https://dummyimage.com/442x445,1276,true
1310,cb4b489a-745c-492c,Carousel,https://picsum.photos/979/462,88,false
1311,2e2e2e9b-c5ad-443f,Reel,https://dummyimage.com/233x74,723,true
1312,050e9f53-5078-4147,Reel,https://placekittens.com/667/444,2158,true
1313,05a37144-95c7-4e42,Reel,https://dummyimage.com/212x865,553,true
1314,900150f6-f4bc-49cb,Reel,https://picsum.photos/949/565,1071,true
1315,61f5490f-e750-4492,Video,https://placekittens.com/470/237,237,true
1316,ca1e04a7-f058-41d6,Image,https://dummyimage.com/188x556,1712,false
1317,4677398e-a6fa-4ade,Image,https://placekittens.com/516/470,917,false
1318,88544a58-fa5a-464b,Carousel,https://dummyimage.com/385x253,733,false
1319,8297fc98-2739-40d9,Carousel,https://picsum.photos/486/422,1229,false
1320,59a8323b-426f-4af9,Image,https://placekittens.com/178/924,1886,false
1321,9495d7e5-dbe9-4f69,Reel,https://dummyimage.com/784x243,1780,true
1322,1ad7ad79-18ba-4f57,Image,https://dummyimage.com/226x274,2027,false
1323,c3ca9385-f59b-4730,Carousel,https://placekittens.com/680/577,1937,false
1324,414a853b-ea6a-4bd9,Image,https://dummyimage.com/607x144,1310,false
1325,e14fffa9-6c09-4355,Reel,https://picsum.photos/268/954,2108,true
1326,ef829c63-0870-4e06,Image,https://dummyimage.com/896x415,424,false
1327,1579d3d7-8805-4f91,Reel,https://placekittens.com/305/882,1794,true
1328,2d681d03-69b8-4a3b,Reel,https://dummyimage.com/635x726,1914,true
1329,33c100d4-0710-49fa,Reel,https://placekittens.com/71/446,1971,true
1330,545feb10-8468-425e,Video,https://dummyimage.com/141x723,1515,true
1331,cd3c4791-a8ec-4392,Reel,https://picsum.photos/212/403,861,true
1332,f0266bd5-e2a4-47b8,Carousel,https://placekittens.com/238/433,1071,false
1333,e4fdcba5-41a2-4f57,Image,https://dummyimage.com/808x769,959,false
1334,84c83378-bb42-4992,Reel,https://placekittens.com/780/657,859,true
1335,dcbe7f53-e4ce-4ad8,Reel,https://picsum.photos/453/90,1580,true
1336,f02ec20a-2493-41d8,Carousel,https://placekittens.com/617/792,1345,true
1337,dcba2ca4-caf9-426e,Reel,https://dummyimage.com/41x608,1260,true
1338,8237d2ac-4912-4f62,Reel,https://placekittens.com/436/809,879,true
1339,07ad9373-7e9b-4b3a,Image,https://dummyimage.com/413x503,391,false
1340,c50caa7f-a0b8-46cd,Carousel,https://dummyimage.com/142x773,381,true
1341,e8654e8b-f99a-419e,Carousel,https://placekittens.com/389/249,695,true
1342,693489f8-cdae-48b8,Image,https://dummyimage.com/439x977,250,true
1343,2d6b7058-6e06-40bd,Video,https://dummyimage.com/956x581,1063,true
1344,cffc04e3-3f39-49d0,Image,https://placekittens.com/768/635,1127,false
1345,077c75ae-8b33-457a,Image,https://dummyimage.com/135x853,786,true
1346,1c2ae978-cbea-457b,Video,https://picsum.photos/92/733,2097,true
1347,e7ae1eed-b108-423e,Image,https://placekittens.com/616/1008,1064,true
1348,1c4c78ee-b7e1-4fd0,Carousel,https://picsum.photos/536/905,647,true
1349,c4da2220-5273-452c,Reel,https://placekittens.com/434/204,719,true
1350,6b7849a6-93a5-4b75,Carousel,https://dummyimage.com/763x421,1731,false
1351,fd037e94-7c26-4c7d,Image,https://picsum.photos/319/168,1360,false
1352,4699be8f-0e02-431f,Image,https://placekittens.com/328/295,120,false
1353,500ae083-3076-4e3d,Image,https://placekittens.com/195/546,1687,true
1354,4fa15685-32fe-4c69,Image,https://picsum.photos/528/427,816,true
1355,d80922ed-1070-481e,Reel,https://dummyimage.com/311x549,1505,true
1356,c7c74bc4-9bee-4413,Video,https://picsum.photos/278/915,2135,true
1357,dd5fca34-2bd0-4a08,Reel,https://picsum.photos/763/417,1979,true
1358,be07aaa6-f0a6-4284,Image,https://dummyimage.com/624x774,58,false
1359,5e34fd61-4d5f-4f80,Image,https://placekittens.com/496/284,727,false
1360,1155223f-8529-459d,Video,https://picsum.photos/807/2,1101,true
1361,2f1b9ebc-0770-41e8,Image,https://dummyimage.com/36x540,744,true
1362,1a64c4fd-695e-4477,Image,https://placekittens.com/729/336,1076,false
1363,87889e7c-6646-4fae,Reel,https://dummyimage.com/976x437,1032,true
1364,0f17cae1-d488-4691,Image,https://placekittens.com/121/839,1178,false
1365,357cbbd9-b01e-4ec2,Image,https://placekittens.com/396/737,636,false
1366,023d6def-bcf0-4485,Image,https://placekittens.com/51/33,1933,false
1367,df30dc67-4f93-449b,Reel,https://dummyimage.com/366x42,2029,true
1368,817d6ec8-2e5f-492a,Carousel,https://placekittens.com/153/762,396,false
1369,88a40fb0-b308-4c76,Image,https://placekittens.com/789/946,25,false
1370,29c9714c-d6ec-4986,Image,https://dummyimage.com/194x422,1883,false
1371,f763be20-0d07-4cdb,Reel,https://placekittens.com/431/943,258,true
1372,acf3234e-efd7-4f70,Carousel,https://dummyimage.com/166x362,1154,true
1373,6e13210a-4220-4c2f,Carousel,https://picsum.photos/106/243,336,true
1374,2941d9ba-a4ac-435a,Carousel,https://placekittens.com/971/671,1123,true
1375,1386f67c-9e88-4ca3,Video,https://placekittens.com/55/717,254,true
1376,f8cc3046-fb3c-4c11,Image,https://picsum.photos/48/16,1574,false
1377,8e439b25-3f71-425d,Image,https://picsum.photos/749/374,411,true
1378,04924834-7224-45cd,Carousel,https://dummyimage.com/414x974,1870,true
1379,2b74d507-6743-40cb,Image,https://picsum.photos/218/840,599,true
1380,3077ffce-a94a-4a84,Image,https://dummyimage.com/920x370,1142,false
1381,a2823038-09dd-4240,Video,https://picsum.photos/924/785,436,true
1382,5d575180-316b-4331,Carousel,https://dummyimage.com/847x583,1028,false
1383,a624c1ff-a467-49a5,Image,https://dummyimage.com/93x686,1932,true
1384,e5c985a1-1d35-4db2,Reel,https://placekittens.com/591/684,984,true
1385,e7220af5-d066-4fa2,Image,https://placekittens.com/399/626,695,false
1386,c45b048b-59b8-4466,Image,https://dummyimage.com/405x834,857,true
1387,b0f9535f-1abf-48c8,Image,https://dummyimage.com/835x994,1347,false
1388,6287abce-f0ed-4086,Carousel,https://placekittens.com/449/938,30,false
1389,d65ac75d-c846-45ba,Carousel,https://dummyimage.com/84x113,597,true
1390,1f2595a0-7bd8-46a4,Image,https://placekittens.com/906/315,1455,true
1391,b58cc656-1361-4050,Image,https://dummyimage.com/828x184,261,false
1392,e10623a4-31e1-422a,Image,https://dummyimage.com/380x932,1443,true
1393,33836f9f-06f4-4039,Carousel,https://placekittens.com/313/470,19,false
1394,102b7db2-0f44-40e4,Carousel,https://picsum.photos/170/569,1331,true
1395,2cd8b76d-dff3-411f,Carousel,https://dummyimage.com/974x930,661,false
1396,905468fd-34a9-46ac,Carousel,https://picsum.photos/854/961,1781,false
1397,64b0d75b-8216-4514,Reel,https://picsum.photos/834/887,2037,true
1398,8434ee7a-f136-48c1,Image,https://dummyimage.com/59x325,1198,true
1399,029c1a76-2c90-4a97,Video,https://picsum.photos/485/922,1028,true
1400,60587948-9f77-474b,Video,https://dummyimage.com/889x712,126,true
1401,7e7047db-71af-4c1c,Image,https://dummyimage.com/601x929,1016,false
1402,67529587-ca52-4a1b,Image,https://placekittens.com/47/33,315,false
1403,bb90d9ed-4954-40c9,Reel,https://picsum.photos/623/487,819,true
1404,6c298fdc-f1f2-4008,Carousel,https://dummyimage.com/329x847,290,false
1405,1d231138-5f2f-4621,Image,https://placekittens.com/833/562,1350,false
1406,638cff8c-bc59-4484,Image,https://dummyimage.com/471x53,1403,false
1407,aeecacdf-6067-4358,Image,https://dummyimage.com/21x739,205,false
1408,e1a0dbde-97f6-40e4,Reel,https://dummyimage.com/552x704,607,true
1409,fee45520-5d92-403a,Image,https://placekittens.com/518/935,12,true
1410,3da4cdd8-90ea-4f1c,Carousel,https://dummyimage.com/1007x930,423,false
1411,6ac483fa-cdaa-41e6,Carousel,https://dummyimage.com/844x459,793,true
1412,484cdb85-ab73-46a8,Image,https://placekittens.com/18/960,1409,true
1413,4047139a-a007-43c3,Image,https://picsum.photos/777/63,339,true
1414,9d864c80-3cb2-4fe1,Reel,https://placekittens.com/461/39,925,true
1415,b0863001-8f19-428e,Image,https://placekittens.com/115/66,316,true
1416,b9f1de32-3963-48aa,Reel,https://dummyimage.com/215x588,1478,true
1417,adaefd20-de9e-4cc2,Video,https://picsum.photos/861/314,1939,true
1418,149da4d9-8109-4c32,Reel,https://placekittens.com/678/24,1155,true
1419,3bfd741b-b28c-4c99,Image,https://dummyimage.com/1013x992,1499,false
1420,217e4449-ed9b-49e8,Reel,https://placekittens.com/297/811,448,true
1421,a0551436-5f07-452c,Image,https://dummyimage.com/909x545,200,true
1422,e9b9373e-ab2c-4ed5,Image,https://picsum.photos/476/421,1294,true
1423,d5100b48-7cb2-4731,Video,https://picsum.photos/512/67,868,true
1424,42a839c8-f625-4e4c,Carousel,https://dummyimage.com/159x884,470,false
1425,fbffd515-38ee-4301,Image,https://placekittens.com/330/7,314,false
1426,2d6f8bce-252b-49a4,Image,https://dummyimage.com/859x968,2145,true
1427,775d2198-3db3-4939,Carousel,https://dummyimage.com/863x417,1068,true
1428,e1e36f4b-6cc7-4dbf,Reel,https://placekittens.com/1017/762,1426,true
1429,b43436b3-b72b-42af,Carousel,https://placekittens.com/756/570,2014,false
1430,c55c6c16-e0dc-4e17,Carousel,https://placekittens.com/475/916,789,false
1431,d9d92d81-3541-4e59,Reel,https://placekittens.com/604/430,2136,true
1432,3a250bdd-2f72-4b74,Carousel,https://picsum.photos/631/908,241,false
1433,b257878a-f43e-4570,Image,https://placekittens.com/140/217,2143,false
1434,08603a2b-47dd-4877,Reel,https://placekittens.com/492/433,507,true
1435,18571826-0e87-43be,Reel,https://picsum.photos/894/792,1718,true
1436,8a94f6f4-a90d-453b,Reel,https://picsum.photos/1007/854,1483,true
1437,07f49706-e3f0-4d23,Reel,https://placekittens.com/646/51,434,true
1438,d65468b1-a722-432c,Reel,https://picsum.photos/744/633,1122,true
1439,2917a85e-5a6b-41db,Image,https://placekittens.com/876/593,819,true
1440,aa611c76-65c3-4cd5,Image,https://placekittens.com/363/463,1113,false
1441,cd67d377-8f6a-421c,Reel,https://dummyimage.com/515x838,1401,true
1442,d6ee171d-7a98-4558,Image,https://placekittens.com/439/306,2129,true
1443,411921f0-9652-4de2,Image,https://picsum.photos/207/164,1777,true
1444,478f7b0a-5c03-40da,Carousel,https://dummyimage.com/994x105,935,true
1445,8cb9cb7f-75bd-4e85,Video,https://picsum.photos/970/372,276,true
1446,5689426e-26cc-4b82,Carousel,https://picsum.photos/835/414,143,true
1447,61afa388-fd48-4140,Image,https://picsum.photos/589/193,1556,true
1448,b1ac6bfe-e9e1-4cee,Image,https://picsum.photos/616/437,2142,true
1449,c60d1d77-1cb4-40d9,Image,https://dummyimage.com/854x191,392,true
1450,ea9e9be2-b04e-4005,Image,https://picsum.photos/837/362,2144,true
1451,1deefabe-e646-4f05,Reel,https://placekittens.com/876/960,65,true
1452,47caf244-7e14-4c4a,Image,https://placekittens.com/584/17,549,true
1453,4a363422-d719-42d3,Video,https://placekittens.com/551/864,2115,true
1454,52b328d6-bb3b-4534,Reel,https://picsum.photos/133/34,1204,true
1455,8cb19f0e-686e-4910,Carousel,https://picsum.photos/967/645,577,true
1456,cb24668c-c749-4211,Reel,https://picsum.photos/387/659,1047,true
1457,5adc5815-7030-4982,Reel,https://placekittens.com/750/68,69,true
1458,b257640f-26d8-469a,Reel,https://picsum.photos/983/504,2,true
1459,82ded08e-dfde-41d0,Carousel,https://picsum.photos/555/708,2070,true
1460,f7779fe0-04d8-43bd,Video,https://picsum.photos/553/282,152,true
1461,61bfd512-e6bb-45e2,Video,https://picsum.photos/612/694,455,true
1462,03f14743-449c-492b,Video,https://picsum.photos/845/336,488,true
1463,74f634a5-fbd6-4b3b,Carousel,https://picsum.photos/770/588,657,true
1464,e71b3d3a-ae64-4611,Carousel,https://dummyimage.com/927x592,1874,false
1465,c48874d4-e16f-4e5c,Image,https://picsum.photos/49/673,787,true
1466,74956010-b5b5-4bbe,Reel,https://dummyimage.com/815x814,532,true
1467,19357841-d6fa-4d6f,Image,https://dummyimage.com/331x541,147,true
1468,d5075db8-a258-446a,Reel,https://placekittens.com/836/228,1759,true
1469,dd6ba469-3011-4235,Image,https://dummyimage.com/98x915,447,false
1470,27d6594e-b057-40fe,Carousel,https://picsum.photos/959/420,711,false
1471,574ecbe2-70df-4dfb,Carousel,https://placekittens.com/224/658,1841,true
1472,9c1b8224-d5fd-405f,Video,https://dummyimage.com/171x16,1525,true
1473,214824eb-76c3-4680,Image,https://dummyimage.com/271x217,615,true
1474,c0b99035-e3aa-4d0d,Carousel,https://picsum.photos/955/843,408,false
1475,0b34939c-1a81-40a9,Reel,https://dummyimage.com/386x126,243,true
1476,1a702e8f-dfa6-45d8,Reel,https://placekittens.com/121/538,79,true
1477,cfa326b6-2d22-49b3,Carousel,https://dummyimage.com/558x296,2111,true
1478,ca6f036b-e458-4e11,Reel,https://dummyimage.com/838x396,1250,true
1479,9ee68b5b-fe3a-4707,Image,https://placekittens.com/955/314,1276,false
1480,2f0d8384-759a-459a,Image,https://dummyimage.com/872x15,504,true
1481,101d1af4-f014-4c1a,Carousel,https://dummyimage.com/810x953,1404,true
1482,6d51a264-5e53-405f,Carousel,https://placekittens.com/442/145,2181,true
1483,9db6cd81-095d-47b8,Image,https://picsum.photos/199/230,1141,true
1484,b9ac5cac-5759-4803,Carousel,https://picsum.photos/266/565,1052,true
1485,eb13ad04-77c2-48f1,Image,https://placekittens.com/903/344,1897,true
1486,c229ad23-aae1-4679,Image,https://dummyimage.com/135x448,1358,true
1487,15d4ae68-03d1-4462,Image,https://dummyimage.com/108x329,1371,false
1488,6ed5deec-2371-4505,Carousel,https://picsum.photos/235/111,1861,true
1489,5f030475-73d1-45bc,Reel,https://placekittens.com/794/234,1954,true
1490,2b7f8954-5e81-411b,Carousel,https://dummyimage.com/835x280,238,false
1491,1cda2be1-8fd6-4d3e,Carousel,https://picsum.photos/399/276,1698,false
1492,864a8ab4-a0f3-419b,Carousel,https://placekittens.com/302/586,610,false
1493,9a23540d-dace-4566,Image,https://dummyimage.com/343x495,510,false
1494,2b5cbcb7-b9d4-4d61,Image,https://picsum.photos/349/863,1661,false
1495,be30c95e-593d-49a2,Video,https://picsum.photos/881/930,1134,true
1496,041a0e92-619f-4439,Video,https://picsum.photos/32/477,1037,true
1497,26f6f95e-c790-414d,Image,https://placekittens.com/725/320,1731,false
1498,42667eba-7fb5-4a64,Reel,https://dummyimage.com/816x677,1230,true
1499,2034485c-0aa1-442c,Reel,https://placekittens.com/378/221,483,true
1500,2c8396eb-b077-4649,Video,https://placekittens.com/751/839,510,true
1501,f7b83ace-5b5e-4d61,Image,https://placekittens.com/595/91,1509,true
1502,aed6bfa6-1b43-42ab,Image,https://dummyimage.com/542x749,2141,true
1503,f9facf84-0010-443f,Reel,https://placekittens.com/180/748,1255,true
1504,ceada9a3-4c5f-4f8b,Reel,https://picsum.photos/613/634,1425,true
1505,b84da02d-fe04-4196,Reel,https://placekittens.com/847/680,1989,true
1506,3d4fc9d1-3d69-4641,Image,https://placekittens.com/96/212,1742,false
1507,1dae81ec-75d5-466f,Reel,https://dummyimage.com/530x251,1740,true
1508,276832b3-51b8-4e87,Image,https://dummyimage.com/918x659,1834,true
1509,3b47108b-fdf1-44f0,Reel,https://picsum.photos/615/804,1355,true
1510,789a26c7-9274-45be,Image,https://picsum.photos/795/232,1549,false
1511,7c451958-13e5-4f19,Reel,https://placekittens.com/142/321,893,true
1512,1c8025dd-5cc6-4414,Carousel,https://dummyimage.com/509x137,376,false
1513,1a86e327-0cae-4306,Image,https://picsum.photos/227/554,951,true
1514,f9aa44f2-3191-4b2a,Image,https://dummyimage.com/471x749,2194,true
1515,49effca5-1894-4343,Image,https://picsum.photos/27/274,1949,false
1516,7195d803-4ec0-4438,Image,https://dummyimage.com/99x855,1957,false
1517,83810dc4-4d87-4fb1,Image,https://picsum.photos/397/261,702,false
1518,e2837232-b11f-462b,Reel,https://placekittens.com/803/728,480,true
1519,d129de71-85a6-4d6b,Carousel,https://picsum.photos/150/325,540,false
1520,7deb13fe-0386-4bed,Carousel,https://placekittens.com/229/847,1781,false
1521,2dabc995-da78-45cb,Image,https://picsum.photos/530/17,1665,true
1522,d6224ec6-d839-4c18,Image,https://dummyimage.com/110x484,966,true
1523,69d6cc5c-7b7b-45a3,Carousel,https://placekittens.com/845/453,932,false
1524,b6e68e7f-81d3-4015,Image,https://placekittens.com/543/296,787,false
1525,e0d1b510-7262-41dc,Reel,https://picsum.photos/1023/791,818,true
1526,d9143917-295d-4e34,Reel,https://dummyimage.com/517x431,1699,true
1527,a31af090-399d-404c,Reel,https://placekittens.com/450/762,2127,true
1528,a16c416e-c175-4704,Image,https://placekittens.com/722/538,851,false
1529,5285d55f-e71b-48a9,Reel,https://dummyimage.com/83x656,870,true
1530,8480e246-68e2-4a43,Image,https://placekittens.com/751/49,1216,true
1531,55ff481b-d606-4e97,Image,https://placekittens.com/468/378,1093,false
1532,7b3e09ec-0dc9-42be,Reel,https://picsum.photos/729/926,794,true
1533,f839234e-4107-404d,Carousel,https://picsum.photos/646/663,1204,true
1534,fc707f6e-5686-465c,Image,https://picsum.photos/388/594,752,false
1535,0b73d070-0ba4-4a20,Reel,https://picsum.photos/838/949,541,true
1536,4ee342a4-03e3-46d1,Reel,https://picsum.photos/333/701,1286,true
1537,68b9253e-eeac-466b,Video,https://dummyimage.com/29x236,601,true
1538,79810f8f-2710-46f9,Image,https://placekittens.com/976/829,595,false
1539,39406b63-e38c-4a76,Image,https://picsum.photos/998/787,1739,false
1540,3eb23762-1442-45ad,Reel,https://placekittens.com/334/121,1521,true
1541,12f77e6c-1bf6-4d22,Image,https://placekittens.com/931/602,1333,false
1542,8f983f1b-65fe-4cf8,Image,https://placekittens.com/278/428,97,false
1543,b3bfbceb-1f2e-4ce6,Image,https://picsum.photos/308/824,1474,true
1544,3d3b0f4c-3354-4f48,Reel,https://placekittens.com/404/592,1475,true
1545,390671b5-5678-445d,Image,https://dummyimage.com/92x253,1174,false
1546,97b97da6-1c24-4345,Reel,https://dummyimage.com/940x69,1520,true
1547,c886b3ea-c36c-4be6,Image,https://placekittens.com/386/387,1053,true
1548,b6e2cd0d-5fa1-4464,Video,https://dummyimage.com/336x951,1068,true
1549,a033285e-50f9-47e2,Image,https://dummyimage.com/790x610,1728,true
1550,ba34bcfe-62ad-4231,Image,https://placekittens.com/580/146,288,true
1551,09dc942b-dc5c-4253,Reel,https://picsum.photos/686/84,885,true
1552,b6c5fb8f-0cd4-4ee5,Image,https://dummyimage.com/402x123,1534,false
1553,aa1c267b-248b-4672,Carousel,https://dummyimage.com/971x4,327,true
1554,9e0f6a4b-9c75-4bf8,Image,https://placekittens.com/608/501,194,true
1555,3c276351-f0d9-4312,Reel,https://dummyimage.com/812x1018,808,true
1556,3dcbdb7a-097c-4c7d,Carousel,https://dummyimage.com/946x4,109,true
1557,a406d595-0d45-489d,Video,https://picsum.photos/481/884,1777,true
1558,da73e337-82c6-4629,Reel,https://picsum.photos/488/855,471,true
1559,2b3fd02b-7651-4294,Reel,https://dummyimage.com/117x481,186,true
1560,5438e891-7f31-4f67,Carousel,https://picsum.photos/163/886,496,false
1561,2bb4b1d9-ff6e-416f,Carousel,https://placekittens.com/467/947,910,true
1562,a9435b69-609b-44b2,Image,https://placekittens.com/308/663,1421,false
1563,e04774c2-432e-431f,Carousel,https://placekittens.com/134/83,1387,true
1564,02b30acc-710b-4a5e,Reel,https://placekittens.com/264/265,930,true
1565,b05df908-690d-45c0,Carousel,https://placekittens.com/86/543,1803,false
1566,2a3a9bfb-1f00-4b71,Reel,https://picsum.photos/307/189,864,true
1567,053c4de2-bf20-4e9e,Carousel,https://dummyimage.com/23x958,833,true
1568,2c11d57e-6bec-4fd0,Video,https://dummyimage.com/395x168,295,true
1569,66ec61d7-6279-46ae,Image,https://picsum.photos/912/627,2124,false
1570,74fe6ff7-cf8d-4cf7,Video,https://picsum.photos/916/360,1264,true
1571,972e4766-e553-4ed3,Reel,https://picsum.photos/476/514,1943,true
1572,3498b512-27d9-464b,Carousel,https://dummyimage.com/379x772,1026,true
1573,dcb165b0-e8a4-4bda,Reel,https://dummyimage.com/898x995,1867,true
1574,596fe338-1c39-45c1,Video,https://dummyimage.com/335x450,257,true
1575,b93634aa-a697-4620,Image,https://dummyimage.com/397x930,1633,false
1576,5dbe10e3-60ae-48f7,Reel,https://placekittens.com/580/506,2189,true
1577,e6ff76f1-04b4-4e0e,Carousel,https://picsum.photos/502/871,439,true
1578,c6a2c6f9-06d6-49e4,Image,https://picsum.photos/611/554,801,false
1579,41e9a019-898d-470e,Reel,https://dummyimage.com/346x673,755,true
1580,21df3ac6-2126-40eb,Image,https://placekittens.com/546/316,408,true
1581,1a7218c9-f669-4b34,Image,https://picsum.photos/84/851,375,true
1582,d107b222-e4aa-4e32,Image,https://placekittens.com/792/375,668,false
1583,3769f25f-10ee-4e1b,Image,https://placekittens.com/241/828,1070,true
1584,38b93661-347f-44c4,Image,https://placekittens.com/517/253,154,true
1585,cea74136-fc75-4c48,Image,https://dummyimage.com/1013x238,1629,true
1586,36a5f3a9-4a46-4dd2,Carousel,https://placekittens.com/812/273,1231,true
1587,00de91c5-f008-4231,Reel,https://picsum.photos/640/523,415,true
1588,f2772eb6-3f09-4191,Image,https://picsum.photos/257/1007,2112,false
1589,d92e93f2-033c-4037,Reel,https://picsum.photos/510/156,912,true
1590,d0b2602f-0f27-490a,Reel,https://picsum.photos/356/1,983,true
1591,019a8aa2-922c-4835,Image,https://dummyimage.com/733x720,1853,true
1592,0d372d8e-f698-4898,Image,https://placekittens.com/546/672,635,false
1593,0951c3a9-28ee-4430,Carousel,https://dummyimage.com/509x194,1820,false
1594,67c33f16-3337-4e38,Image,https://dummyimage.com/247x665,9,false
1595,eccc97c1-14c2-4158,Carousel,https://dummyimage.com/444x854,1894,false
1596,3410a58d-64e5-46e9,Image,https://dummyimage.com/228x703,1005,true
1597,ca6a0d0f-5596-4f51,Image,https://placekittens.com/283/121,935,true
1598,3d128abe-327d-4a1a,Carousel,https://picsum.photos/588/537,218,false
1599,ca810c43-9f10-441b,Reel,https://placekittens.com/585/383,1087,true
1600,177b0c0d-5ad2-4c93,Carousel,https://picsum.photos/825/931,1732,true
1601,a1857f08-18ef-4540,Image,https://picsum.photos/734/406,762,false
1602,d49f27e6-673d-4dd3,Reel,https://dummyimage.com/245x407,884,true
1603,bb80f142-c8b9-40db,Reel,https://placekittens.com/539/874,1435,true
1604,2198ca37-5dc3-4152,Reel,https://placekittens.com/942/55,2184,true
1605,34b2fb35-c91d-4365,Image,https://picsum.photos/300/696,1728,false
1606,dc0be6fe-55b4-4087,Image,https://placekittens.com/311/260,1903,true
1607,ace45927-04d5-417a,Carousel,https://picsum.photos/21/986,1482,true
1608,84b609af-0194-4d96,Image,https://placekittens.com/623/715,791,true
1609,3b68d7c9-8832-4d78,Reel,https://placekittens.com/294/1009,890,true
1610,4d57eda8-900f-4fe2,Carousel,https://picsum.photos/234/587,1535,true
1611,6ec91b80-4d6a-4c64,Image,https://picsum.photos/896/910,1174,true
1612,a86f7c43-47a1-43e3,Image,https://dummyimage.com/943x212,13,false
1613,b31af907-7336-48c9,Reel,https://placekittens.com/204/873,875,true
1614,09a75ed4-9f2b-455f,Image,https://placekittens.com/987/991,1781,true
1615,e366380a-80be-4dd5,Video,https://placekittens.com/668/768,671,true
1616,7e04d7b0-f735-4be7,Image,https://picsum.photos/546/523,1883,false
1617,da5c0c24-183b-49b4,Carousel,https://picsum.photos/843/714,1309,true
1618,94dbff81-46db-42b2,Reel,https://picsum.photos/292/970,1292,true
1619,cb006c70-c5f5-4cd7,Carousel,https://picsum.photos/404/143,1268,false
1620,a30d57f1-db89-4c59,Video,https://placekittens.com/1010/223,1028,true
1621,1e1b0c2b-fe5d-4437,Carousel,https://dummyimage.com/889x976,941,true
1622,d4469aea-ddda-4c3c,Image,https://placekittens.com/459/614,619,true
1623,bf223e0d-a567-44fd,Image,https://placekittens.com/969/530,1185,false
1624,5c92ef21-c9ac-4b6c,Image,https://placekittens.com/390/904,2173,false
1625,29f42fe2-71fc-49a3,Image,https://dummyimage.com/512x175,555,false
1626,fd8b5f2f-11e7-44e4,Video,https://dummyimage.com/1019x851,1658,true
1627,c72dd5b0-10f7-4981,Carousel,https://picsum.photos/534/669,698,false
1628,ed12f792-c2dc-4cc0,Video,https://dummyimage.com/589x974,1762,true
1629,33e5d1ee-e8cd-4065,Carousel,https://dummyimage.com/793x363,1674,true
1630,8f7f4b7b-9c77-4427,Video,https://picsum.photos/989/184,522,true
1631,d1376c82-ec84-4514,Image,https://dummyimage.com/726x365,7,false
1632,c1063c16-093c-41bb,Carousel,https://picsum.photos/908/340,245,true
1633,33619559-d0bd-43fb,Carousel,https://placekittens.com/438/633,2139,true
1634,edefb011-f014-403a,Video,https://picsum.photos/1021/318,1640,true
1635,84b15cda-9859-4579,Video,https://placekittens.com/926/151,1197,true
1636,7e8022aa-ff16-4fb7,Carousel,https://placekittens.com/570/803,1171,false
1637,32390598-e54a-4d29,Carousel,https://picsum.photos/991/75,707,true
1638,303bfe68-70af-426d,Image,https://picsum.photos/294/297,345,false
1639,2cde920f-a136-4977,Reel,https://dummyimage.com/608x82,2064,true
1640,cafdecd1-4089-4ede,Image,https://placekittens.com/360/77,2053,false
1641,bc3e9832-df39-448c,Carousel,https://picsum.photos/445/198,1363,true
1642,e70ac815-81de-4534,Image,https://picsum.photos/905/634,1489,false
1643,78c5cfb7-5ddf-490c,Image,https://placekittens.com/317/543,1327,false
1644,48549d8f-0321-40f1,Reel,https://dummyimage.com/98x393,1715,true
1645,bae27d85-08c9-468d,Image,https://picsum.photos/925/99,1101,false
1646,a213619b-4aff-40a0,Reel,https://dummyimage.com/218x570,1753,true
1647,d4153bbd-31af-43fa,Carousel,https://picsum.photos/271/65,1258,true
1648,e80f6a01-17f2-4fe8,Carousel,https://placekittens.com/173/601,1508,true
1649,94f83cec-8dde-4f96,Carousel,https://picsum.photos/615/65,1875,false
1650,628d6432-1b60-44e6,Reel,https://dummyimage.com/923x325,937,true
1651,50569a68-5c74-43fc,Image,https://dummyimage.com/292x472,903,false
1652,1b422634-534f-40c4,Carousel,https://placekittens.com/596/578,1465,false
1653,18ba09e9-6547-49af,Image,https://placekittens.com/981/888,71,false
1654,a775df6e-d6c6-4a99,Image,https://placekittens.com/548/583,569,false
1655,7dfbf2fb-2bb6-4bd3,Reel,https://picsum.photos/476/281,785,true
1656,de5dbb2c-ac21-45f8,Image,https://dummyimage.com/263x255,208,true
1657,e6764db7-1d18-41a2,Reel,https://dummyimage.com/433x64,209,true
1658,618f2f12-8562-4c4d,Image,https://picsum.photos/300/574,1727,true
1659,42c05099-dbe6-46c4,Video,https://placekittens.com/344/445,1832,true
1660,c6e0ed8a-585b-474e,Image,https://placekittens.com/195/815,177,true
1661,66070d30-ebc2-409c,Image,https://dummyimage.com/338x646,648,false
1662,1de5c9da-b66d-4633,Carousel,https://picsum.photos/710/463,54,true
1663,39a96c48-7bb2-4a4b,Reel,https://placekittens.com/33/1,1977,true
1664,9ae2c3a8-7553-4887,Image,https://picsum.photos/573/610,441,true
1665,81eefca2-e680-406b,Image,https://picsum.photos/978/542,1512,false
1666,33197338-096f-49e4,Reel,https://dummyimage.com/330x24,640,true
1667,c5215051-edad-43d8,Image,https://dummyimage.com/735x855,88,true
1668,94e6c47c-eb99-4a16,Image,https://dummyimage.com/706x361,984,true
1669,7ca7a865-2991-4618,Reel,https://picsum.photos/849/434,924,true
1670,3406d362-419e-49dc,Video,https://placekittens.com/216/97,242,true
1671,9eaae1fd-477d-4bda,Reel,https://picsum.photos/890/717,1388,true
1672,27129000-c248-4a47,Reel,https://dummyimage.com/716x488,1608,true
1673,38e4b6de-b070-459d,Image,https://picsum.photos/339/840,1357,true
1674,755b9daf-0da5-4465,Image,https://picsum.photos/372/914,1191,true
1675,f44a5b1b-5eb3-4ebf,Reel,https://placekittens.com/505/889,1246,true
1676,55b94c29-fc99-4ebf,Image,https://picsum.photos/886/130,218,true
1677,406d69b4-1a07-4051,Image,https://placekittens.com/232/66,1681,false
1678,2198c278-962e-4ee1,Reel,https://picsum.photos/564/708,92,true
1679,d7cd1b7f-b608-45b0,Image,https://picsum.photos/860/240,877,true
1680,4514c783-59b4-48c4,Image,https://dummyimage.com/176x122,1779,true
1681,cd6ea3ff-e88f-4a17,Carousel,https://picsum.photos/766/646,1080,false
1682,cfd88a13-92e5-4bff,Image,https://dummyimage.com/34x476,1732,true
1683,0135fbe1-b1f5-456e,Carousel,https://placekittens.com/1004/262,611,true
1684,7d128f5c-c458-4136,Video,https://picsum.photos/31/672,1215,true
1685,2969f719-641a-47fa,Image,https://dummyimage.com/844x782,832,false
1686,d8e3e832-bbe8-4cf6,Carousel,https://picsum.photos/895/191,1494,true
1687,8cd55678-3237-440e,Carousel,https://placekittens.com/213/816,466,false
1688,b0d92a11-0a5e-4fab,Reel,https://dummyimage.com/427x833,315,true
1689,059b4a5b-2b3c-4d29,Image,https://picsum.photos/93/985,1842,false
1690,ad899b98-3e2b-441c,Reel,https://placekittens.com/1010/528,1131,true
1691,313e85f0-6cd7-43ea,Reel,https://placekittens.com/374/779,1496,true
1692,40d07f44-1063-4ea4,Image,https://picsum.photos/138/998,1874,true
1693,4b9144bd-50fc-4cd2,Image,https://placekittens.com/47/351,988,false
1694,44ec3ede-2a5d-4749,Image,https://placekittens.com/867/976,506,false
1695,0ed85051-03b6-4aef,Reel,https://picsum.photos/513/852,2035,true
1696,06b429a2-3824-45dc,Image,https://dummyimage.com/9x488,1262,false
1697,cb189a93-ee3e-414f,Reel,https://picsum.photos/412/82,1506,true
1698,7c2fdf3a-41f6-453d,Reel,https://dummyimage.com/85x492,2154,true
1699,5c330efb-d817-4cb1,Video,https://dummyimage.com/884x825,348,true
1700,df944871-6ccd-4130,Reel,https://picsum.photos/265/559,1618,true
1701,9f7d283f-c75c-470a,Image,https://placekittens.com/702/491,1132,true
1702,b80f59bf-8de5-4087,Video,https://picsum.photos/264/777,798,true
1703,2c83c093-31ca-46a8,Reel,https://dummyimage.com/185x413,2123,true
1704,560e39fe-71d0-4c60,Carousel,https://dummyimage.com/375x971,961,false
1705,dd9da4e5-c17c-41cb,Image,https://picsum.photos/606/414,1240,true
1706,b9844f13-3a62-4a8e,Image,https://dummyimage.com/551x912,25,true
1707,26d66e75-7869-4b03,Reel,https://picsum.photos/223/576,574,true
1708,9da81b47-1af0-493a,Reel,https://dummyimage.com/848x227,1355,true
1709,8df94b03-673e-4546,Carousel,https://picsum.photos/656/596,1612,false
1710,95a17425-e63f-4d70,Carousel,https://dummyimage.com/304x232,1715,false
1711,e5c9a4b1-02f2-47d5,Reel,https://placekittens.com/723/946,37,true
1712,4d4736e7-42a7-4f4e,Reel,https://dummyimage.com/509x2,1818,true
1713,138645a1-63e3-4542,Image,https://placekittens.com/601/380,797,false
1714,8c50a4c8-6527-4228,Image,https://picsum.photos/773/576,1552,false
1715,13dc8e15-1589-42d3,Reel,https://dummyimage.com/24x488,657,true
1716,4e5cf86f-34d8-47cc,Carousel,https://dummyimage.com/253x161,306,true
1717,bc665554-3761-48c5,Reel,https://picsum.photos/971/906,314,true
1718,93f87577-dae1-426c,Image,https://placekittens.com/145/919,1693,false
1719,96bf70e3-fac4-4286,Image,https://picsum.photos/277/158,2014,true
1720,fb88fb90-3c50-4c97,Image,https://picsum.photos/667/186,930,false
1721,87c80c57-94ec-41af,Image,https://picsum.photos/541/219,2122,false
1722,6c3e988a-57f5-4b78,Reel,https://dummyimage.com/306x335,1636,true
1723,fc0d45e0-8c1d-464a,Reel,https://placekittens.com/228/384,1103,true
1724,ff8e997c-d5ca-42d4,Image,https://picsum.photos/360/981,1435,false
1725,661333a6-acfc-493f,Reel,https://placekittens.com/446/553,2038,true
1726,0cdd22f2-15f6-43e1,Image,https://dummyimage.com/437x502,579,true
1727,114de473-31e4-469c,Carousel,https://placekittens.com/52/109,1762,false
1728,6b4fe1e1-3bfb-47bb,Reel,https://dummyimage.com/84x854,444,true
1729,03581fb9-7d98-4408,Reel,https://dummyimage.com/193x801,1911,true
1730,451d30e4-155c-41af,Reel,https://picsum.photos/458/178,1478,true
1731,be9b0c0e-d132-4bdd,Image,https://placekittens.com/559/885,913,false
1732,2be1870e-fe72-4b6e,Image,https://dummyimage.com/464x836,511,true
1733,3193a6f1-e7d5-4468,Reel,https://picsum.photos/87/644,1694,true
1734,b4e1918d-17b1-45e5,Carousel,https://placekittens.com/794/608,298,false
1735,6676016e-818c-4d7c,Image,https://picsum.photos/419/499,1082,true
1736,949db515-ca9e-4a68,Video,https://dummyimage.com/921x264,1931,true
1737,dfddb963-0446-4a68,Image,https://placekittens.com/383/643,983,false
1738,f9657773-eb3c-42da,Carousel,https://picsum.photos/201/830,282,true
1739,8117c626-d01a-417d,Video,https://dummyimage.com/291x312,132,true
1740,099633a2-d678-4be3,Carousel,https://picsum.photos/890/719,1626,false
1741,fb1fde5a-3218-49dd,Image,https://dummyimage.com/394x437,939,false
1742,6e166df2-1ac7-4dcc,Carousel,https://placekittens.com/875/975,1692,true
1743,4c99e3b2-bb96-4b2c,Reel,https://dummyimage.com/83x863,1263,true
1744,a28b144f-fc1d-4396,Image,https://placekittens.com/949/391,2013,false
1745,3b12b197-828f-4c60,Image,https://placekittens.com/47/349,859,true
1746,50dbc42d-0db4-48c7,Image,https://placekittens.com/706/345,262,true
1747,c1112216-0e6d-4271,Carousel,https://placekittens.com/978/896,1880,true
1748,5a743d5d-79a7-48ec,Carousel,https://placekittens.com/422/345,1336,false
1749,df5fc12d-9319-4a52,Carousel,https://picsum.photos/924/392,25,false
1750,23312a4a-7094-4cee,Reel,https://placekittens.com/50/587,1410,true
1751,b93c3da4-4364-45ea,Image,https://picsum.photos/164/767,904,true
1752,55456fe1-02eb-43f1,Reel,https://dummyimage.com/370x5,1920,true
1753,e5010ab1-9be7-4f07,Carousel,https://dummyimage.com/318x48,1099,true
1754,33e17133-a807-4d7d,Image,https://dummyimage.com/535x613,1654,false
1755,786f269b-66d5-4c7e,Image,https://dummyimage.com/805x371,829,false
1756,3a116572-df6e-4e4e,Reel,https://picsum.photos/575/993,874,true
1757,fbfbe249-2ba7-4991,Image,https://picsum.photos/41/939,138,false
1758,5ee62d66-f1a5-4809,Reel,https://picsum.photos/496/487,636,true
1759,04203a76-a1ff-46ed,Image,https://dummyimage.com/687x342,392,true
1760,2437c7df-8da8-4242,Image,https://picsum.photos/736/126,930,true
1761,4b201479-d62a-4ee7,Reel,https://picsum.photos/747/40,1637,true
1762,5cf19e97-963a-4417,Carousel,https://dummyimage.com/208x206,953,false
1763,f60a2d45-7c9c-435b,Image,https://picsum.photos/181/258,437,true
1764,5d87697f-ecf6-4679,Reel,https://dummyimage.com/316x698,1407,true
1765,df249b73-52aa-4fec,Carousel,https://picsum.photos/16/338,197,true
1766,d0f087e0-2e20-4324,Image,https://picsum.photos/362/709,757,false
1767,c646c7ef-32cf-483e,Reel,https://placekittens.com/951/507,1476,true
1768,c544383f-3871-4d02,Carousel,https://picsum.photos/718/67,159,false
1769,e6c35f72-9367-4aac,Image,https://dummyimage.com/897x869,1204,true
1770,c509baa8-53a6-4de6,Reel,https://picsum.photos/338/182,1825,true
1771,ca3c0101-2670-4e5d,Reel,https://dummyimage.com/629x986,1817,true
1772,0035e668-fba0-418f,Reel,https://picsum.photos/479/555,390,true
1773,7dfae0ee-5fc8-4d92,Reel,https://placekittens.com/160/26,641,true
1774,42f32d21-cb8e-4064,Video,https://dummyimage.com/786x352,1493,true
1775,e2852234-2162-4432,Carousel,https://picsum.photos/139/754,1044,false
1776,d97a813d-35e1-4c25,Image,https://placekittens.com/478/630,75,true
1777,0e109040-0998-4f8b,Image,https://picsum.photos/200/965,833,true
1778,d0b98b85-1843-488c,Video,https://picsum.photos/293/134,2160,true
1779,b8ffb349-9228-408f,Reel,https://dummyimage.com/784x822,46,true
1780,80407b40-f22a-4ba1,Image,https://picsum.photos/537/610,1190,true
1781,c7fedbad-2494-42f4,Video,https://dummyimage.com/846x125,115,true
1782,6a681e06-1d8c-4d80,Carousel,https://dummyimage.com/149x62,1794,true
1783,45bf4532-99a7-4a63,Image,https://picsum.photos/157/555,1472,true
1784,81c14635-770b-47ae,Image,https://placekittens.com/714/719,2040,true
1785,cd92cf7d-7b9b-44a3,Image,https://picsum.photos/884/299,51,false
1786,778b2531-6c06-45dd,Carousel,https://placekittens.com/212/638,582,false
1787,2b2aa894-b8d6-41e4,Image,https://placekittens.com/166/679,510,true
1788,9de8b671-f230-4ea0,Image,https://dummyimage.com/569x511,944,false
1789,28c8a664-971d-4bd3,Video,https://dummyimage.com/574x282,1453,true
1790,28131eb8-98f6-46aa,Carousel,https://dummyimage.com/343x495,1424,true
1791,7bc1c282-f0fd-4537,Carousel,https://dummyimage.com/283x811,2096,false
1792,7bd708ec-4b82-4e69,Reel,https://dummyimage.com/538x887,950,true
1793,68cb98f4-7dfb-44ae,Image,https://placekittens.com/232/281,1457,false
1794,88953cac-f1db-42a4,Image,https://dummyimage.com/97x790,1743,false
1795,c28b2431-6814-48bb,Image,https://placekittens.com/475/617,1805,false
1796,1e559a94-6d03-48ee,Image,https://dummyimage.com/567x10,205,false
1797,10ac3bcf-c8b6-4cc4,Image,https://placekittens.com/250/557,1836,true
1798,7972247e-e781-4891,Video,https://picsum.photos/959/452,1337,true
1799,228ab299-b375-478b,Carousel,https://dummyimage.com/222x924,1098,true
1800,03743962-1153-4f9c,Carousel,https://picsum.photos/929/647,1784,false
1801,55298db8-9f4a-4ce5,Reel,https://placekittens.com/945/907,8,true
1802,17c6e7f0-257f-4471,Image,https://placekittens.com/619/723,1184,false
1803,fa90631a-251b-4000,Reel,https://placekittens.com/611/109,2135,true
1804,7a975930-6a1a-4f69,Image,https://picsum.photos/30/134,859,true
1805,b547e312-2ad0-4fee,Image,https://dummyimage.com/272x285,1646,true
1806,032f4bec-3a37-4f6a,Reel,https://dummyimage.com/334x190,746,true
1807,5c3dc9c8-e777-498c,Carousel,https://picsum.photos/361/75,727,true
1808,297deda3-6ab2-4a15,Video,https://placekittens.com/488/719,842,true
1809,c6b9ef85-3f65-4bc0,Reel,https://dummyimage.com/748x808,139,true
1810,f14228c3-5bf4-401a,Image,https://picsum.photos/266/356,659,true
1811,5f2acbf8-dc15-45c3,Carousel,https://picsum.photos/208/528,1687,false
1812,65f1f1c9-9caa-4f92,Carousel,https://dummyimage.com/625x561,687,true
1813,6d3de72a-d082-4e6a,Carousel,https://picsum.photos/119/224,256,true
1814,c657d50c-f768-479b,Carousel,https://dummyimage.com/448x79,1605,true
1815,1b6c8fb4-b1bf-4015,Reel,https://dummyimage.com/786x137,1123,true
1816,fe0f511c-6840-4a7a,Image,https://picsum.photos/555/1007,1605,false
1817,18c8b927-426f-4f2d,Carousel,https://placekittens.com/474/373,1119,true
1818,71ee2c8a-81a3-404e,Image,https://dummyimage.com/506x761,620,true
1819,9e53eb44-f1ee-4df6,Image,https://placekittens.com/260/989,623,true
1820,014a2517-6332-4ffd,Reel,https://dummyimage.com/136x765,1614,true
1821,1e5c710c-e894-40c9,Video,https://placekittens.com/748/326,216,true
1822,38bea65c-4b13-40c5,Reel,https://dummyimage.com/920x454,1856,true
1823,8c223985-193a-40c0,Reel,https://dummyimage.com/630x468,361,true
1824,e5625647-8af8-4a8a,Image,https://picsum.photos/265/248,336,true
1825,d67a1cf1-141d-47eb,Image,https://picsum.photos/128/940,2117,true
1826,5c474ab0-4a3e-49f0,Image,https://dummyimage.com/589x862,1244,true
1827,9a390c07-b65d-48e2,Carousel,https://placekittens.com/495/51,1491,true
1828,37991741-18d2-439c,Carousel,https://placekittens.com/962/295,1069,true
1829,a67a91e5-a313-4a7d,Image,https://placekittens.com/288/242,2132,false
1830,64605b5d-4b4e-4d21,Reel,https://placekittens.com/699/178,159,true
1831,9e408e58-84ce-4898,Reel,https://placekittens.com/618/73,1044,true
1832,6f816ac2-9329-4064,Image,https://picsum.photos/896/71,345,false
1833,bb001939-878f-4da0,Carousel,https://dummyimage.com/369x31,1158,true
1834,8beeea4c-3f60-4304,Reel,https://dummyimage.com/592x562,116,true
1835,67c70cd0-b10c-4f9d,Image,https://placekittens.com/115/237,1157,true
1836,717225ff-4f48-4a72,Reel,https://placekittens.com/33/162,1253,true
1837,f957eeb7-7bac-4477,Reel,https://dummyimage.com/653x821,709,true
1838,6535d037-2a07-4d5d,Image,https://dummyimage.com/445x798,1973,true
1839,2e9c73b2-3c4a-4cd2,Carousel,https://picsum.photos/429/114,405,true
1840,594afe82-b2b5-4d68,Carousel,https://picsum.photos/910/147,436,true
1841,b58d9ae0-89c5-4a16,Video,https://picsum.photos/640/370,1341,true
1842,79672d8d-5707-44ba,Image,https://picsum.photos/132/893,807,false
1843,14d28eaa-df2a-4b72,Reel,https://dummyimage.com/978x384,330,true
1844,b15fb76a-fd62-457d,Image,https://dummyimage.com/337x726,1004,true
1845,63d8a9fb-70e2-4ae2,Image,https://dummyimage.com/59x137,2165,true
1846,ff9525d3-a710-4241,Carousel,https://picsum.photos/281/0,937,true
1847,96d40504-6b28-4380,Image,https://dummyimage.com/697x374,205,false
1848,394eb220-665e-4c85,Image,https://picsum.photos/772/592,865,true
1849,dfccb3cb-f55f-43d4,Carousel,https://placekittens.com/373/649,1500,false
1850,4354cee5-152c-4887,Carousel,https://dummyimage.com/643x239,1307,true
1851,76a6f002-1f23-4c7a,Reel,https://dummyimage.com/233x803,1539,true
1852,5c38b13a-8114-4600,Carousel,https://placekittens.com/133/315,1313,false
1853,b92f4d5e-e18d-4209,Carousel,https://picsum.photos/676/257,964,true
1854,6c27559f-a0fc-464b,Carousel,https://picsum.photos/198/543,2170,true
1855,8c0536e2-2114-4304,Reel,https://dummyimage.com/37x1022,1360,true
1856,d50b92d2-353f-4b1a,Video,https://dummyimage.com/424x663,350,true
1857,f0cf14c1-3b2d-4180,Carousel,https://placekittens.com/852/606,2008,true
1858,f8746906-6c44-47af,Reel,https://placekittens.com/164/18,1297,true
1859,a11f12fc-07fb-4590,Reel,https://picsum.photos/516/193,1625,true
1860,8dc8f08d-e567-40c7,Carousel,https://dummyimage.com/889x1002,1117,false
1861,4f27e009-73f4-4d47,Carousel,https://dummyimage.com/407x829,780,true
1862,26cd758d-0cfb-4310,Carousel,https://dummyimage.com/220x185,787,false
1863,ff5ba03c-dabc-4d8e,Image,https://placekittens.com/52/643,1848,true
1864,72b2bc1f-c374-4804,Reel,https://dummyimage.com/382x45,1078,true
1865,2a31a386-6fc0-4495,Reel,https://picsum.photos/553/667,1811,true
1866,c7ef49c1-34f7-4825,Reel,https://picsum.photos/1019/710,864,true
1867,ab32c3c2-619e-4918,Reel,https://dummyimage.com/83x60,1218,true
1868,f6b11489-4ddc-49fd,Carousel,https://dummyimage.com/830x926,1906,false
1869,57c5d955-031f-4531,Reel,https://picsum.photos/836/696,1245,true
1870,f642e4ce-06a6-4d5a,Image,https://picsum.photos/840/87,1083,true
1871,f3061378-a03b-476d,Image,https://dummyimage.com/824x314,813,true
1872,ae5984f0-6708-4cf8,Carousel,https://dummyimage.com/891x623,1122,true
1873,ec37a0bb-1d74-474b,Image,https://picsum.photos/295/989,1325,true
1874,96288733-e79a-4eca,Carousel,https://picsum.photos/686/863,1590,true
1875,37461e5e-bcfe-487e,Carousel,https://picsum.photos/1001/797,594,false
1876,86f7510c-ab8c-40b3,Image,https://picsum.photos/402/861,1350,true
1877,cf5c6560-42bb-44f7,Reel,https://picsum.photos/519/289,218,true
1878,d555e862-eda6-4096,Image,https://placekittens.com/146/166,1726,false
1879,3960fbd2-f11f-4641,Video,https://picsum.photos/453/132,84,true
1880,229a462a-6489-4b9e,Carousel,https://picsum.photos/863/1015,1990,false
1881,8607a5fa-fd92-4957,Reel,https://picsum.photos/191/135,347,true
1882,969267fa-805c-4b7e,Video,https://dummyimage.com/922x150,1181,true
1883,952e93c7-d478-4ebd,Image,https://dummyimage.com/51x1,1481,false
1884,06bf5bfe-e52c-43f5,Image,https://picsum.photos/655/287,690,false
1885,cb5e5cd1-a789-4705,Image,https://placekittens.com/194/360,2134,false
1886,693337ec-b889-4781,Reel,https://placekittens.com/358/810,1637,true
1887,f68436fc-edf9-456f,Image,https://dummyimage.com/754x199,309,true
1888,3c5d3031-a06d-4c5f,Image,https://placekittens.com/883/1013,1753,false
1889,eae097fe-665e-40aa,Image,https://placekittens.com/296/447,1279,true
1890,359f3827-72fb-4f98,Reel,https://picsum.photos/381/637,1077,true
1891,5e4fb73c-6600-4720,Reel,https://picsum.photos/151/871,1462,true
1892,64fbb417-ba78-4958,Reel,https://dummyimage.com/436x204,303,true
1893,2e74eded-0dee-4317,Reel,https://dummyimage.com/984x644,1556,true
1894,2fbc61e3-e872-438f,Image,https://dummyimage.com/651x9,254,true
1895,1cc39577-9c58-4400,Reel,https://picsum.photos/677/89,895,true
1896,32049823-980b-4369,Image,https://picsum.photos/753/993,1980,false
1897,9e339f81-b51a-4d84,Image,https://dummyimage.com/340x741,506,false
1898,669bbfb8-7a17-4fce,Reel,https://dummyimage.com/86x680,641,true
1899,04e8ea75-bd57-4151,Reel,https://picsum.photos/81/1006,1680,true
1900,dbc7e147-b65f-4fb1,Reel,https://picsum.photos/203/376,447,true
1901,8b7801db-af76-4883,Reel,https://picsum.photos/665/799,570,true
1902,6e243bbb-672d-4702,Reel,https://placekittens.com/270/630,1246,true
1903,ab1fecd7-8638-475d,Carousel,https://dummyimage.com/970x940,1682,true
1904,4f8f8f6f-8d0e-46ba,Reel,https://picsum.photos/861/910,61,true
1905,84ddcc8b-c3f7-43fd,Video,https://placekittens.com/409/235,1480,true
1906,ce5359c5-10e1-47ec,Reel,https://dummyimage.com/158x480,1657,true
1907,2410d8c9-6815-4160,Video,https://placekittens.com/969/954,625,true
1908,1e4cd462-2201-493a,Image,https://placekittens.com/530/480,1352,true
1909,24dfd6e1-71dd-4282,Image,https://placekittens.com/428/902,591,false
1910,e9e2eb21-474e-4b15,Video,https://placekittens.com/810/362,550,true
1911,99fd341e-eedc-4f1e,Image,https://placekittens.com/726/119,262,false
1912,db4553b9-46ff-490a,Reel,https://dummyimage.com/772x544,1142,true
1913,feb53865-a70f-48b1,Video,https://placekittens.com/580/109,2064,true
1914,a36d9653-d913-400a,Reel,https://placekittens.com/483/438,44,true
1915,fb6f0b7d-e12a-4f57,Image,https://dummyimage.com/464x975,144,false
1916,834d20f9-b271-4c25,Image,https://dummyimage.com/705x840,476,true
1917,4eb9ffa5-fb52-41d8,Video,https://placekittens.com/834/661,1405,true
1918,79657241-8995-4a86,Image,https://placekittens.com/529/975,1149,true
1919,880b46ba-22ec-42f7,Video,https://dummyimage.com/758x2,1271,true
1920,737d4e45-de65-42e3,Carousel,https://dummyimage.com/835x757,1344,true
1921,28ca24a8-94d3-4f70,Image,https://picsum.photos/391/46,31,false
1922,468c8e02-44ef-4047,Carousel,https://picsum.photos/247/805,1707,true
1923,f28dcc2c-43e1-4596,Image,https://dummyimage.com/245x210,1912,true
1924,f1554676-2cb4-490a,Image,https://dummyimage.com/628x235,1763,false
1925,38bc1f27-54f0-46e5,Reel,https://placekittens.com/887/529,177,true
1926,c084d94a-3117-4520,Reel,https://dummyimage.com/780x252,1903,true
1927,cffd78d4-4439-45c8,Image,https://placekittens.com/861/423,227,true
1928,8659e5ae-fd76-4a6f,Carousel,https://placekittens.com/418/12,207,false
1929,ea4694c6-3b64-4897,Video,https://dummyimage.com/83x381,1659,true
1930,bdddc19d-82bc-4404,Image,https://picsum.photos/867/963,1960,true
1931,f39b2e10-6296-417a,Image,https://picsum.photos/173/340,1536,true
1932,85fcbafe-3164-4d4f,Video,https://placekittens.com/773/737,1383,true
1933,381420c8-364b-4ccd,Image,https://dummyimage.com/732x278,1506,true
1934,af109666-d9f5-433d,Carousel,https://picsum.photos/76/541,1385,false
1935,533ea83d-423a-40b8,Carousel,https://placekittens.com/318/809,475,false
1936,b549d274-02fc-4e03,Image,https://placekittens.com/141/963,1113,true
1937,bb3b6102-9abd-47dc,Carousel,https://dummyimage.com/426x631,1741,false
1938,4553220c-0831-448e,Image,https://placekittens.com/22/390,586,true
1939,1fe9f9bc-6c32-408e,Reel,https://picsum.photos/4/919,808,true
1940,ac69e13e-4dec-4f73,Image,https://dummyimage.com/382x304,389,true
1941,71a4a405-b658-4b41,Reel,https://placekittens.com/986/937,142,true
1942,5864097c-d69d-4fd0,Image,https://placekittens.com/50/662,1854,true
1943,22b6ac9b-c7f4-4cfe,Image,https://dummyimage.com/156x914,1896,true
1944,f26ee26d-c60f-4ef6,Reel,https://picsum.photos/688/789,730,true
1945,301ad4da-db64-4a3f,Image,https://dummyimage.com/653x1021,448,true
1946,ed0e7541-f854-4cdf,Image,https://dummyimage.com/106x478,1907,true
1947,5b68cf4c-3943-42a7,Image,https://picsum.photos/494/438,1342,true
1948,9834c4ae-94eb-4b00,Image,https://dummyimage.com/900x1,855,true
1949,2d04fd99-5c1f-4543,Image,https://dummyimage.com/434x634,1195,false
1950,201c9efa-b0e4-4d73,Image,https://picsum.photos/731/923,111,false
1951,e92313e0-da6e-49b8,Image,https://dummyimage.com/751x587,1274,false
1952,0230dc4f-110a-48b9,Image,https://picsum.photos/740/460,1202,true
1953,98a48320-fd74-4ee6,Reel,https://placekittens.com/393/601,127,true
1954,b440150b-072e-445a,Video,https://placekittens.com/192/1006,33,true
1955,1d4deb8a-abba-458f,Reel,https://picsum.photos/777/469,638,true
1956,3bcc4318-712d-47ff,Carousel,https://picsum.photos/694/709,57,true
1957,eea49be7-6120-4cba,Image,https://placekittens.com/493/417,342,false
1958,15342557-8590-4339,Reel,https://placekittens.com/864/771,705,true
1959,e9386df9-49be-48e0,Image,https://picsum.photos/92/584,1775,false
1960,910eb61e-28bf-4609,Image,https://placekittens.com/227/581,1960,true
1961,e53c5031-1e90-4425,Reel,https://picsum.photos/303/293,886,true
1962,88e2d2ce-aae4-45fa,Image,https://placekittens.com/215/196,1969,true
1963,de9e8b74-b990-4ea0,Carousel,https://dummyimage.com/679x684,1519,true
1964,cd94f576-c9d4-4e63,Carousel,https://dummyimage.com/930x297,347,false
1965,1c830e7a-bac3-46dc,Reel,https://placekittens.com/878/238,1484,true
1966,cb6f0773-e2db-4f5a,Reel,https://picsum.photos/853/251,682,true
1967,81ee2ae3-3ff8-481c,Carousel,https://dummyimage.com/228x557,1304,false
1968,b58264ca-b04f-4158,Video,https://placekittens.com/809/1001,135,true
1969,1aafbec7-bbce-4e33,Image,https://picsum.photos/123/469,145,false
1970,98e20ac8-5e97-46a5,Image,https://placekittens.com/237/578,1176,false
1971,61a3b26e-f77f-42ef,Video,https://placekittens.com/911/832,923,true
1972,767d5b1b-6c99-4db8,Image,https://dummyimage.com/593x1011,268,true
1973,2329405d-a3b9-4f26,Image,https://picsum.photos/811/16,286,false
1974,2b27c976-f5b5-42fc,Image,https://placekittens.com/202/594,1957,true
1975,8b31d10b-4a12-467a,Image,https://dummyimage.com/265x863,1547,false
1976,b42d9b71-4ccd-47be,Image,https://picsum.photos/821/961,53,true
1977,86183414-3471-4b6b,Image,https://dummyimage.com/447x170,2121,false
1978,23121f0a-3b99-47fc,Reel,https://picsum.photos/876/475,1704,true
1979,5cf9b36a-481f-41da,Image,https://placekittens.com/152/812,247,true
1980,d96a2aef-a77a-42f9,Image,https://placekittens.com/280/776,1499,false
1981,ba6643fd-61ee-43bb,Image,https://placekittens.com/622/441,1220,false
1982,ecea145d-5d7f-4a2a,Image,https://picsum.photos/540/496,1229,false
1983,55374830-bbf0-44d3,Reel,https://placekittens.com/760/525,228,true
1984,2a584008-b7ce-4036,Carousel,https://placekittens.com/293/426,671,false
1985,88b7f774-f1c4-4d15,Carousel,https://dummyimage.com/337x87,1101,true
1986,3508bedc-a628-4496,Reel,https://placekittens.com/577/135,20,true
1987,e89ed4e3-b286-4aa3,Reel,https://dummyimage.com/323x340,53,true
1988,26bb5668-37e2-48b6,Image,https://picsum.photos/180/535,284,true
1989,d5df96ef-8620-4758,Reel,https://placekittens.com/1003/169,1476,true
1990,1857b54a-33d9-4fc6,Image,https://picsum.photos/1024/823,520,false
1991,c11f14f5-e9a7-4c45,Video,https://dummyimage.com/29x772,305,true
1992,ef891f3b-f680-4bd0,Carousel,https://dummyimage.com/932x380,739,true
1993,36315dff-856b-4a15,Image,https://dummyimage.com/216x238,705,false
1994,62053e0b-6a95-4d20,Reel,https://dummyimage.com/167x16,1382,true
1995,652af7f6-6a67-4d9a,Carousel,https://dummyimage.com/731x329,1312,false
1996,17f38737-17a7-4bfe,Video,https://picsum.photos/631/712,2059,true
1997,d8b0f49c-7ccd-4662,Carousel,https://picsum.photos/83/591,564,false
1998,2aa0ef89-7cfe-42c0,Image,https://dummyimage.com/825x753,1123,true
1999,f5395dbf-a9f6-43c7,Reel,https://picsum.photos/831/1017,2020,true
2000,f7d6c869-1c47-4a82,Image,https://picsum.photos/576/72,1771,true
2001,90202b7b-212e-4165,Carousel,https://dummyimage.com/4x1012,859,false
2002,a5fe14bd-9fee-415a,Reel,https://placekittens.com/387/378,483,true
2003,05ac6c1b-7868-4cf2,Image,https://picsum.photos/1014/570,1899,false
2004,57904ace-4e7f-4774,Image,https://picsum.photos/409/952,629,false
2005,4dbd233f-a12d-4efc,Reel,https://placekittens.com/631/545,302,true
2006,971de6cb-8855-4e1d,Reel,https://dummyimage.com/779x915,378,true
2007,dade2cf9-3db2-4a21,Image,https://picsum.photos/974/886,1009,false
2008,edf9cd5e-f84f-4d30,Carousel,https://dummyimage.com/515x1008,205,false
2009,b827456a-8fc0-4182,Image,https://dummyimage.com/500x988,562,false
2010,53ca66d6-6cdf-4454,Image,https://picsum.photos/82/877,1014,false
2011,51a59390-08e1-4df9,Carousel,https://dummyimage.com/797x457,794,true
2012,25ab83ad-6e9f-4ec8,Carousel,https://placekittens.com/534/718,1821,true
2013,966611c0-7a1f-4f1a,Video,https://picsum.photos/424/577,19,true
2014,ccafce5e-cd6f-45f7,Image,https://picsum.photos/285/526,1898,false
2015,28fbebf9-4b50-48a6,Image,https://dummyimage.com/547x436,1040,false
2016,b061b2c4-9819-41ad,Image,https://placekittens.com/561/899,50,false
2017,b3bb20c3-2166-4089,Image,https://placekittens.com/77/132,1864,true
2018,8c91a349-66d2-4bf8,Carousel,https://dummyimage.com/831x821,869,false
2019,773a004b-6b14-4468,Image,https://dummyimage.com/243x229,1444,false
2020,1cf7fd61-6c8a-4012,Reel,https://picsum.photos/920/709,637,true
2021,19b1bcfe-2e1a-4a84,Image,https://dummyimage.com/999x963,1624,false
2022,3d2352a0-e9bd-4796,Reel,https://picsum.photos/1/408,1979,true
2023,fb0bda4c-36da-4bca,Reel,https://dummyimage.com/22x287,198,true
2024,29a1bdc7-8886-478a,Reel,https://dummyimage.com/548x551,721,true
2025,6282fd09-c21c-44b6,Reel,https://picsum.photos/228/722,1827,true
2026,4d761c59-98c7-40fe,Image,https://placekittens.com/153/962,126,false
2027,d51088d9-db47-4f3a,Image,https://picsum.photos/36/428,987,true
2028,db657590-2343-4301,Video,https://picsum.photos/916/498,1649,true
2029,651ac3c8-5f34-446f,Reel,https://picsum.photos/100/779,1255,true
2030,d68bcf5f-5474-4a66,Carousel,https://picsum.photos/538/981,2179,true
2031,e5c12c1e-abd4-4910,Carousel,https://placekittens.com/830/622,1919,true
2032,1d6eb193-5f21-48f2,Image,https://placekittens.com/780/269,1004,true
2033,81fdea60-05f8-4c01,Image,https://picsum.photos/5/962,2090,false
2034,8cdbead6-88bc-4bcb,Carousel,https://placekittens.com/479/704,614,true
2035,87df0b3b-b2ee-4d51,Image,https://placekittens.com/273/610,824,false
2036,2384e794-8719-4811,Carousel,https://placekittens.com/426/83,189,true
2037,530c1195-3494-49fb,Image,https://placekittens.com/414/393,389,false
2038,36561fc0-80ff-4462,Image,https://dummyimage.com/516x523,1188,false
2039,79f5a6c3-34af-44e6,Image,https://dummyimage.com/276x929,1830,false
2040,63714e52-e4b4-4101,Carousel,https://picsum.photos/337/256,1246,true
2041,1d5472ce-d33c-4176,Image,https://picsum.photos/499/51,644,false
2042,a83a11ae-871a-4ccd,Reel,https://dummyimage.com/412x3,1438,true
2043,d7fbfcf1-17b2-4a6f,Reel,https://picsum.photos/904/125,1559,true
2044,a14f8251-a3fc-4ed0,Image,https://dummyimage.com/298x151,1449,true
2045,fd043961-a91c-41e9,Image,https://dummyimage.com/124x399,1152,true
2046,a0581cee-f95a-44b1,Image,https://picsum.photos/38/954,1815,false
2047,7223a79f-35cb-4a46,Carousel,https://dummyimage.com/381x158,2021,false
2048,475e7f89-e27c-46e4,Reel,https://picsum.photos/989/373,871,true
2049,da8205d0-0cee-4d74,Image,https://picsum.photos/918/554,693,false
2050,0fbc5e7c-46c9-44c4,Carousel,https://dummyimage.com/500x444,894,true
2051,0a66db6f-9350-4b8a,Reel,https://placekittens.com/859/560,950,true
2052,79e38ebd-999c-4242,Image,https://dummyimage.com/637x272,2032,false
2053,5b7c7098-0423-4ae1,Image,https://dummyimage.com/157x309,848,true
2054,12d860dd-e617-4ef2,Video,https://dummyimage.com/867x512,894,true
2055,495489c5-3405-46f7,Image,https://picsum.photos/231/454,737,true
2056,6cfba950-cc91-480d,Image,https://placekittens.com/223/608,2023,false
2057,da469517-b6c6-4aae,Image,https://placekittens.com/834/109,1319,false
2058,7468b766-2752-4134,Image,https://picsum.photos/454/286,822,false
2059,0011d037-c672-460d,Reel,https://picsum.photos/704/723,670,true
2060,4645ae8d-cf2b-4e56,Image,https://dummyimage.com/421x366,2122,false
2061,8d03f005-e8ee-4f08,Carousel,https://dummyimage.com/945x496,868,false
2062,9ad8589b-90ff-4318,Image,https://dummyimage.com/405x554,669,false
2063,43a745cb-6f29-44de,Image,https://placekittens.com/590/597,1512,true
2064,1c0e5561-6d27-468d,Reel,https://dummyimage.com/949x102,1295,true
2065,27951512-0a06-45ed,Reel,https://placekittens.com/77/434,275,true
2066,c7ccafb7-0512-449a,Image,https://picsum.photos/840/410,722,true
2067,8e55bf35-339b-4476,Image,https://picsum.photos/707/163,1208,true
2068,f6379de4-bc97-4f12,Image,https://dummyimage.com/560x110,1545,true
2069,9b3e4068-f92c-418f,Image,https://picsum.photos/658/849,1873,false
2070,4c1a598f-db55-4fb4,Reel,https://dummyimage.com/571x3,1205,true
2071,58b53f02-5fbc-4145,Video,https://placekittens.com/537/289,951,true
2072,1d216775-f047-4f60,Video,https://placekittens.com/144/617,601,true
2073,04d41bd2-ff88-402b,Image,https://dummyimage.com/741x105,846,false
2074,dbf27b7a-954f-4d7e,Reel,https://placekittens.com/457/701,1058,true
2075,a7e97ae5-a605-47bf,Carousel,https://placekittens.com/500/850,1637,false
2076,10db9cdc-5b93-4c18,Carousel,https://placekittens.com/263/801,439,false
2077,b7958de6-fe0c-4ab3,Carousel,https://placekittens.com/906/3,478,false
2078,864e4b06-4404-41c0,Video,https://picsum.photos/286/369,1658,true
2079,6879b951-c56c-4b8c,Carousel,https://picsum.photos/397/172,102,true
2080,851197cb-e935-48d1,Image,https://dummyimage.com/406x757,644,false
2081,80a93e38-2dc7-42cd,Image,https://picsum.photos/763/125,1956,true
2082,19a390b4-461e-4407,Reel,https://placekittens.com/918/303,1327,true
2083,0a2462b4-15c1-4a55,Reel,https://dummyimage.com/627x440,334,true
2084,981f159e-4c54-4745,Image,https://picsum.photos/883/734,1194,false
2085,8cf91ac6-ac35-48a7,Image,https://dummyimage.com/828x413,427,true
2086,08ce529d-55f1-45a8,Reel,https://dummyimage.com/771x389,1706,true
2087,b0bbfc40-d429-4b6e,Image,https://dummyimage.com/346x541,1095,true
2088,f709adfb-33f4-4079,Video,https://dummyimage.com/12x802,61,true
2089,30da4033-0f67-463a,Reel,https://placekittens.com/655/259,1350,true
2090,a1a614eb-a965-4df5,Image,https://placekittens.com/325/973,1721,true
2091,c07801cb-d44f-4e43,Carousel,https://dummyimage.com/706x594,1347,false
2092,4a235a81-4ee1-46ce,Video,https://placekittens.com/552/432,2031,true
2093,e728a83d-9830-4d8f,Image,https://dummyimage.com/500x52,1703,false
2094,79ef479f-241f-431f,Reel,https://placekittens.com/960/746,1593,true
2095,4e57dae7-4c6b-4923,Carousel,https://picsum.photos/755/857,1402,false
2096,7f4c2e1b-5953-4e6f,Carousel,https://placekittens.com/871/487,1468,false
2097,694dbc1e-a4cb-46f9,Image,https://picsum.photos/268/991,1299,true
2098,e74917f0-4b87-428f,Carousel,https://picsum.photos/503/175,2052,true
2099,44c8a3d1-b8fe-4fce,Image,https://dummyimage.com/148x215,294,true
2100,df2ed036-a008-4964,Image,https://picsum.photos/132/354,423,true
2101,5b8e83f0-ba5e-42d7,Reel,https://picsum.photos/556/1002,1200,true
2102,d00f70f3-1616-4745,Image,https://picsum.photos/937/382,337,false
2103,76f0dc70-c137-4fe6,Image,https://dummyimage.com/695x238,137,true
2104,c37af6b1-07c9-4af4,Carousel,https://placekittens.com/970/26,1010,false
2105,5cd8488b-64c1-4db8,Reel,https://placekittens.com/717/69,1603,true
2106,d505abb1-c87a-4264,Video,https://placekittens.com/516/23,454,true
2107,4dc7af0b-7f91-4d27,Image,https://dummyimage.com/397x419,1797,false
2108,ab7772ac-ea19-48a7,Image,https://picsum.photos/299/609,1387,true
2109,c9ace02b-0e4a-4c9b,Image,https://picsum.photos/676/229,221,false
2110,aab63ae4-9039-4cd0,Image,https://dummyimage.com/14x524,502,true
2111,8128e07e-e595-4ef1,Reel,https://picsum.photos/915/362,300,true
2112,1a0902ae-76cf-43cf,Image,https://placekittens.com/1016/173,1969,true
2113,486a6f5a-a73f-48f6,Video,https://placekittens.com/220/549,943,true
2114,3d65d458-c6a9-4649,Image,https://placekittens.com/744/808,631,true
2115,ffa34eb9-4cfa-467c,Reel,https://placekittens.com/586/176,1957,true
2116,3be23c83-ed96-4416,Carousel,https://picsum.photos/779/651,2187,true
2117,501a897b-3358-4e07,Carousel,https://dummyimage.com/288x816,864,false
2118,38c0974f-b1c0-45bf,Reel,https://placekittens.com/837/564,624,true
2119,002d8e5f-4694-41a0,Carousel,https://dummyimage.com/979x47,1186,false
2120,f841e93a-da2f-49f3,Video,https://placekittens.com/491/562,1557,true
2121,1d0c443b-82e7-4f45,Image,https://dummyimage.com/110x902,1707,true
2122,1d400c67-8ccd-4bb6,Image,https://placekittens.com/12/759,274,true
2123,77ef2731-348a-4271,Image,https://dummyimage.com/155x624,894,false
2124,c34df50d-e882-4a35,Image,https://placekittens.com/491/625,850,true
2125,189a9a7d-3279-49cb,Reel,https://picsum.photos/862/118,1544,true
2126,60ff9c3f-1023-43cd,Image,https://dummyimage.com/1017x253,604,false
2127,6277f289-7df7-48af,Image,https://placekittens.com/936/32,1957,true
2128,89493b8d-604d-49fc,Video,https://placekittens.com/299/491,2030,true
2129,f25e3703-ae72-4544,Image,https://picsum.photos/66/696,1780,false
2130,94250930-93e5-401e,Carousel,https://picsum.photos/478/273,1645,true
2131,acb01bbe-99ce-4208,Reel,https://picsum.photos/847/578,2126,true
2132,4fc7a290-351d-4124,Image,https://placekittens.com/990/558,424,false
2133,88bd94e8-63a5-4042,Video,https://picsum.photos/288/178,2184,true
2134,407dbaa8-b87b-4e0a,Carousel,https://dummyimage.com/798x396,1769,false
2135,17f176ed-54f0-48a7,Carousel,https://picsum.photos/819/265,1115,false
2136,c5249b9e-bfc5-4966,Image,https://dummyimage.com/188x411,1258,false
2137,56a2e57d-37ef-4b43,Image,https://picsum.photos/126/911,1029,false
2138,7701e133-97fd-40a4,Carousel,https://dummyimage.com/296x77,1610,true
2139,a1252daf-9079-4dd2,Image,https://picsum.photos/457/370,1054,true
2140,d02cbcb0-2d5c-4fa2,Carousel,https://picsum.photos/298/11,1892,true
2141,91902cc7-c66a-412f,Reel,https://placekittens.com/588/706,743,true
2142,cd6cfb7a-1e21-43af,Reel,https://placekittens.com/139/809,1662,true
2143,87aa2ad5-15b6-4663,Carousel,https://dummyimage.com/271x965,647,true
2144,45e893fc-887a-4107,Image,https://dummyimage.com/844x731,834,true
2145,afccd2c8-1e26-4708,Image,https://placekittens.com/825/167,1570,false
2146,7109ead2-76bf-4f85,Reel,https://placekittens.com/1016/183,1412,true
2147,78a0609f-ed6f-483c,Carousel,https://placekittens.com/619/820,230,false
2148,11bc6973-884e-4ad5,Image,https://dummyimage.com/691x531,235,true
2149,b3c06284-7f99-4c39,Image,https://dummyimage.com/847x926,1673,false
2150,5a52d650-5b47-48a3,Carousel,https://dummyimage.com/572x179,1783,false
2151,62642607-a248-401a,Image,https://dummyimage.com/194x1022,2132,false
2152,321db5ab-d241-4bb7,Image,https://dummyimage.com/493x937,493,false
2153,8f145fa5-f17a-4515,Carousel,https://placekittens.com/568/233,503,true
2154,63edb9af-11c7-4752,Image,https://placekittens.com/173/878,1869,true
2155,3bb9c9e4-44ae-44ad,Carousel,https://dummyimage.com/358x828,1167,true
2156,e3278aaa-b6e3-48b1,Image,https://placekittens.com/834/867,1153,true
2157,e35989c8-1aab-4fae,Reel,https://picsum.photos/829/15,885,true
2158,08faac1b-6d4e-4aae,Video,https://picsum.photos/359/608,848,true
2159,558ab286-c30a-4819,Carousel,https://picsum.photos/297/217,154,false
2160,dbf6dea5-4fd5-44c3,Image,https://placekittens.com/709/703,1658,false
2161,4c79369a-9478-429d,Carousel,https://picsum.photos/779/499,1827,true
2162,3e1b4a68-c83d-4424,Image,https://dummyimage.com/340x620,941,false
2163,264de168-bc3e-4b65,Image,https://placekittens.com/108/133,1090,false
2164,e674cfa1-b7ea-425a,Carousel,https://dummyimage.com/849x472,1007,true
2165,9c2782cd-fa55-44e2,Reel,https://dummyimage.com/457x198,1131,true
2166,4f27709d-119f-49d2,Image,https://dummyimage.com/380x948,754,true
2167,3025a8c8-0eed-412f,Video,https://placekittens.com/686/44,1211,true
2168,af23efbe-19e7-488c,Video,https://placekittens.com/769/951,33,true
2169,cbd07f25-4210-429d,Carousel,https://picsum.photos/1003/252,1956,false
2170,1e03bf21-80e9-4740,Video,https://placekittens.com/494/287,1394,true
2171,262e47f0-c651-4910,Carousel,https://placekittens.com/754/849,1280,false
2172,92ddf976-7c50-49ce,Video,https://picsum.photos/681/45,807,true
2173,83243e99-5353-4579,Image,https://dummyimage.com/962x174,2130,false
2174,59c634a1-e452-4199,Carousel,https://picsum.photos/805/715,127,true
2175,7b2262fc-10dc-478b,Reel,https://picsum.photos/128/399,608,true
2176,a0f7905a-e83d-463c,Reel,https://dummyimage.com/592x674,1780,true
2177,c2e3037a-659f-467a,Reel,https://picsum.photos/73/553,1095,true
2178,a0c1e90b-dc2a-44fa,Image,https://dummyimage.com/704x386,612,true
2179,96ae575b-417a-4f25,Carousel,https://picsum.photos/388/762,538,true
2180,32c8d3cb-4470-48d4,Image,https://placekittens.com/781/25,64,false
2181,9e865c73-4271-447b,Video,https://dummyimage.com/388x993,150,true
2182,765f3061-17ed-4437,Carousel,https://placekittens.com/894/47,1305,false
2183,d64b9db8-75e9-433a,Carousel,https://picsum.photos/164/670,882,false
2184,431defa0-3f02-4d6e,Reel,https://dummyimage.com/557x580,900,true
2185,7acc21a9-6f57-45e9,Image,https://picsum.photos/967/748,985,true
2186,bf5193fd-8083-4a8e,Video,https://picsum.photos/785/577,1256,true
2187,434465e6-47f0-49a8,Image,https://picsum.photos/515/28,689,false
2188,0a3e56e0-b812-4186,Reel,https://dummyimage.com/556x313,1897,true
2189,4c9c8f10-031e-4d24,Image,https://placekittens.com/592/125,1108,true
2190,61f70ef2-17d9-4edd,Image,https://placekittens.com/24/822,271,false
2191,7b07ed2b-9a2d-4675,Video,https://placekittens.com/806/191,1670,true
2192,3cdad17d-6922-4b1c,Image,https://dummyimage.com/92x252,1708,true
2193,741e495f-11a8-4274,Carousel,https://dummyimage.com/360x708,783,true
2194,abeb16eb-b598-4d06,Reel,https://picsum.photos/900/441,1150,true
2195,9892290a-e418-4cee,Carousel,https://dummyimage.com/221x895,1868,false
2196,d74952af-e955-4358,Reel,https://picsum.photos/73/723,1804,true
2197,a76ae445-37ac-4200,Image,https://picsum.photos/713/59,932,false
2198,3176ba4f-76af-48e4,Reel,https://dummyimage.com/207x956,639,true
2199,100dff59-0ca7-4e13,Carousel,https://placekittens.com/305/746,593,true
2200,7ad3ff4e-5a8a-4de1,Image,https://placekittens.com/830/1021,304,false
2201,3d3a9885-ebdf-4a97,Video,https://dummyimage.com/552x508,477,true
2202,32a87880-d81c-4835,Carousel,https://picsum.photos/287/177,674,true
2203,22d50600-2e6f-44c2,Carousel,https://picsum.photos/209/156,1560,false
2204,fd36335f-8a43-4b0d,Reel,https://dummyimage.com/311x732,646,true
2205,c95e4143-3110-4cb4,Reel,https://placekittens.com/914/818,994,true
2206,a7e04a5f-de8e-4f12,Image,https://dummyimage.com/475x815,1031,true
2207,3009dc41-c961-4967,Image,https://picsum.photos/65/544,2146,false
2208,e2833382-9975-4ec5,Reel,https://dummyimage.com/817x285,326,true
2209,af4116ca-ac83-4fa8,Image,https://placekittens.com/246/499,515,false
2210,6699037c-f2b9-4b99,Video,https://picsum.photos/610/321,1874,true
2211,b6fe6c14-2a40-401b,Carousel,https://picsum.photos/314/942,1405,true
2212,daba5f93-7e5b-4a32,Reel,https://placekittens.com/483/402,1416,true
2213,1f35be56-90fe-43cf,Image,https://picsum.photos/12/803,506,false
2214,2d60fb3f-5628-4f27,Reel,https://dummyimage.com/753x761,976,true
2215,abf33240-eab6-4f65,Image,https://picsum.photos/48/500,2036,false
2216,43be9fc2-b7aa-48e8,Image,https://placekittens.com/11/432,1739,true
2217,1fd61d3d-6fb0-444e,Carousel,https://dummyimage.com/30x491,2195,true
2218,7013d641-8b11-4018,Image,https://picsum.photos/807/135,1876,false
2219,6a4d1bb0-b316-4c20,Reel,https://placekittens.com/144/157,2092,true
2220,d276630d-0501-4933,Reel,https://placekittens.com/683/438,286,true
2221,5ea6a853-8fc7-46de,Image,https://picsum.photos/818/279,1606,true
2222,6d4634fb-a77b-4448,Image,https://picsum.photos/266/131,679,false
2223,3f6b3d74-1af4-4a5c,Image,https://placekittens.com/283/41,987,true
2224,ea87d3a1-0ec7-4142,Image,https://dummyimage.com/464x273,219,false
2225,f24cd45a-b23a-450c,Carousel,https://dummyimage.com/759x503,1060,true
2226,9d279002-23a8-411d,Image,https://placekittens.com/1018/92,1506,false
2227,1b1b20a9-791b-4bab,Reel,https://placekittens.com/798/1024,2034,true
2228,b964fa69-98dd-405f,Reel,https://dummyimage.com/480x1015,392,true
2229,d44536b8-82c1-4d1b,Image,https://picsum.photos/925/239,1770,true
2230,34387c6f-622d-44ec,Carousel,https://picsum.photos/583/83,1745,false
2231,19ce6042-6090-4ae2,Video,https://placekittens.com/1014/515,418,true
2232,caeac058-b182-4656,Reel,https://dummyimage.com/429x534,1361,true
2233,38a04671-3425-4e30,Image,https://picsum.photos/19/321,1674,false
2234,01a016f8-5490-4276,Image,https://dummyimage.com/965x745,709,true
2235,747c489c-69f0-4f86,Image,https://picsum.photos/607/13,621,false
2236,9581d5fa-0fcb-4c34,Video,https://placekittens.com/740/315,2063,true
2237,d5417ffd-b5cb-4c86,Reel,https://picsum.photos/868/614,2087,true
2238,93d36e42-11ef-4e77,Image,https://dummyimage.com/281x756,178,true
2239,a9ef350c-e5ff-4863,Reel,https://picsum.photos/329/596,778,true
2240,889a2e1c-b13d-4e78,Carousel,https://picsum.photos/255/816,793,false
2241,230c6a9d-3162-48b9,Image,https://dummyimage.com/154x15,651,false
2242,683dcfac-8abe-45c0,Image,https://placekittens.com/761/681,1977,false
2243,86fe0833-3f1c-4d1e,Reel,https://dummyimage.com/431x84,1233,true
2244,7027d281-1287-4935,Carousel,https://picsum.photos/105/339,1357,true
2245,cfb8f701-845a-4e19,Reel,https://dummyimage.com/96x918,871,true
2246,29450e11-3c34-4d78,Carousel,https://dummyimage.com/683x654,1003,true
2247,7cbb3bb8-8aa1-4e5a,Image,https://picsum.photos/816/307,829,true
2248,2eb202f6-5fba-47db,Reel,https://placekittens.com/488/968,1765,true
2249,e36a2471-134d-4fdb,Reel,https://placekittens.com/180/400,1950,true
2250,a0ea9648-4abb-45ed,Reel,https://picsum.photos/660/535,1126,true
2251,4a7081a0-a02f-4282,Carousel,https://placekittens.com/227/60,1170,false
2252,0a6c3808-05a2-4f61,Carousel,https://dummyimage.com/452x179,1783,false
2253,661dd5ea-f5ce-4ace,Image,https://dummyimage.com/241x719,702,true
2254,d1aa7245-98f4-43f2,Image,https://placekittens.com/975/497,931,true
2255,68f59919-d0c5-45a2,Reel,https://picsum.photos/896/788,2003,true
2256,af2ba38f-67be-4675,Reel,https://picsum.photos/673/11,1052,true
2257,dfde239a-480c-474c,Image,https://placekittens.com/0/421,591,false
2258,fdd3dc43-415f-4910,Carousel,https://placekittens.com/332/729,356,true
2259,822d8df1-fe32-40c4,Reel,https://placekittens.com/464/699,334,true
2260,0d7843d7-3f9e-447c,Reel,https://placekittens.com/203/928,886,true
2261,889dac4a-bc79-4c95,Image,https://picsum.photos/955/629,1803,false
2262,7220c447-3ae3-4b7f,Carousel,https://picsum.photos/972/401,2028,false
2263,e5ea728b-7e78-4482,Carousel,https://dummyimage.com/624x626,360,true
2264,64a9a0a6-01fc-496a,Reel,https://dummyimage.com/707x247,113,true
2265,a9170aec-047a-4956,Reel,https://picsum.photos/510/907,1991,true
2266,18c45f03-bc52-4530,Video,https://picsum.photos/290/283,2020,true
2267,b2665312-2d96-4cea,Image,https://dummyimage.com/228x610,2186,true
2268,fe564b28-1bfa-4f0b,Image,https://placekittens.com/123/612,2166,false
2269,23e24ea4-21ce-4d1d,Video,https://dummyimage.com/231x243,675,true
2270,a0aa3af0-e495-406b,Reel,https://placekittens.com/152/678,170,true
2271,86e50187-9bad-4fd4,Image,https://dummyimage.com/266x739,620,true
2272,37b8a329-8895-4e30,Carousel,https://placekittens.com/525/491,370,true
2273,e672c100-510d-4ccd,Video,https://placekittens.com/370/1024,664,true
2274,b143e777-772b-4529,Image,https://picsum.photos/403/51,644,false
2275,ea048d0e-fdef-486e,Image,https://picsum.photos/976/932,9,true
2276,1c4a03b1-374b-4c46,Carousel,https://dummyimage.com/64x303,1199,true
2277,f5df3385-d840-45b9,Video,https://picsum.photos/832/954,701,true
2278,6dfc66d8-4491-453f,Carousel,https://dummyimage.com/739x966,1212,false
2279,fa52d3bc-9210-4d0d,Image,https://picsum.photos/887/734,280,true
2280,9da2e865-7f73-4492,Reel,https://picsum.photos/60/663,332,true
2281,7e07a850-014d-4bfc,Reel,https://picsum.photos/983/481,253,true
2282,0d854185-80c1-46e4,Reel,https://picsum.photos/896/108,1514,true
2283,89034336-b828-4a0f,Image,https://placekittens.com/424/267,2158,true
2284,4e05a8f8-4c6a-4621,Image,https://dummyimage.com/722x465,1008,false
2285,f91ee29c-a11f-402b,Carousel,https://placekittens.com/360/401,1101,false
2286,afa03af1-c95d-493b,Image,https://picsum.photos/991/806,222,true
2287,9b450dc5-424a-4143,Image,https://picsum.photos/33/445,1602,true
2288,37ec4f03-36e2-4d68,Image,https://picsum.photos/131/975,788,true
2289,68419777-1e8d-4177,Reel,https://placekittens.com/90/214,1089,true
2290,97fb1d08-7729-476d,Reel,https://dummyimage.com/278x621,2194,true
2291,6cb60e66-430c-4d26,Reel,https://placekittens.com/508/603,1116,true
2292,c0e5e586-964f-49cf,Carousel,https://dummyimage.com/312x202,1430,false
2293,69ae082c-a66f-4ee3,Image,https://placekittens.com/173/153,1801,false
2294,a41087d9-bebd-47e3,Reel,https://dummyimage.com/90x78,1719,true
2295,66468dc6-afb4-4ec6,Carousel,https://picsum.photos/144/96,539,true
2296,b56d94b4-e51d-49c2,Image,https://placekittens.com/438/872,909,false
2297,1c045eed-8808-4a17,Image,https://dummyimage.com/671x464,66,true
2298,f51bdd13-f7db-4235,Image,https://picsum.photos/985/602,1464,true
2299,fa74989f-39be-483e,Reel,https://picsum.photos/115/371,1531,true
2300,e436a0d9-774e-4be1,Reel,https://placekittens.com/547/415,1453,true
2301,e1456b22-6d63-4bed,Carousel,https://dummyimage.com/613x184,812,false
2302,3c0ff222-cc9d-4184,Image,https://placekittens.com/754/826,167,true
2303,c58edf1e-b293-4c08,Image,https://dummyimage.com/716x713,1477,true
2304,e5bd29b1-bfdd-4324,Reel,https://picsum.photos/218/394,1481,true
2305,b5eb8ffb-fcc8-4022,Carousel,https://dummyimage.com/405x376,40,false
2306,85a90a12-ed26-4fe9,Video,https://placekittens.com/678/496,625,true
2307,0ed0cadf-c855-4676,Carousel,https://picsum.photos/93/786,805,false
2308,dd5f0771-f827-4203,Reel,https://picsum.photos/625/522,941,true
2309,262ffd6e-da75-44bc,Image,https://picsum.photos/618/933,1878,false
2310,5da61036-5980-4a7d,Image,https://dummyimage.com/953x956,562,false
2311,ba02fe6d-7378-4636,Reel,https://placekittens.com/192/705,5,true
2312,77517dfa-8855-4a4c,Image,https://dummyimage.com/635x57,1003,false
2313,96370b2a-af9a-4ea3,Image,https://dummyimage.com/949x746,1531,false
2314,7d9b109b-8fcb-44b0,Carousel,https://picsum.photos/807/105,451,true
2315,abc6fc20-b2e6-4ec0,Image,https://picsum.photos/899/889,2104,false
2316,03ff94fb-f305-4357,Image,https://picsum.photos/2/601,1154,true
2317,bc90d388-1430-41ca,Image,https://dummyimage.com/955x821,235,true
2318,d4c0e608-ff3d-44af,Video,https://placekittens.com/941/195,2113,true
2319,1dd8188b-ea2d-43de,Image,https://picsum.photos/803/17,717,false
2320,6fe64bfe-df56-48c3,Reel,https://placekittens.com/1003/767,2170,true
2321,0155104e-7043-48e8,Carousel,https://picsum.photos/43/78,329,true
2322,4843ec1c-2692-4e86,Image,https://picsum.photos/160/304,1205,true
2323,17aa77e7-e6ba-4cdb,Carousel,https://placekittens.com/216/180,1123,false
2324,74d6d5a9-60fd-4bfb,Carousel,https://dummyimage.com/687x732,116,true
2325,8126b7de-c756-477f,Image,https://picsum.photos/74/64,598,true
2326,5d01495f-6ad4-404a,Reel,https://picsum.photos/540/675,781,true
2327,fc43a5f3-a092-48b9,Video,https://dummyimage.com/480x81,1223,true
2328,1170d2fd-bac5-4f85,Image,https://dummyimage.com/762x396,143,false
2329,01a9c180-a327-4037,Carousel,https://picsum.photos/160/604,1965,true
2330,a7fded12-692f-48cd,Image,https://placekittens.com/143/370,459,false
2331,fc0bff31-32ce-4b59,Image,https://picsum.photos/104/781,954,false
2332,394b22af-4f1a-4110,Carousel,https://dummyimage.com/641x164,975,false
2333,73b47674-d53f-485a,Reel,https://dummyimage.com/998x999,840,true
2334,50979cfd-2af6-4587,Image,https://dummyimage.com/135x329,1285,false
2335,3abbb084-d37e-40de,Image,https://placekittens.com/814/878,701,true
2336,164eba40-4fd0-4dc2,Image,https://picsum.photos/145/638,9,false
2337,8756dd48-604a-4a5a,Reel,https://picsum.photos/151/162,653,true
2338,38c32136-9a3a-46d4,Image,https://placekittens.com/599/512,236,true
2339,517e2e6d-8c1f-413b,Carousel,https://picsum.photos/945/554,72,true
2340,b311d9ab-8139-485f,Image,https://picsum.photos/139/180,1161,true
2341,1f7cba85-b059-4891,Reel,https://placekittens.com/49/600,1599,true
2342,37fcf69e-70ec-4175,Reel,https://dummyimage.com/445x745,1109,true
2343,2f513867-b9ef-42e7,Reel,https://placekittens.com/951/127,758,true
2344,76f7752a-0e44-40ec,Carousel,https://dummyimage.com/702x586,2099,true
2345,550803c3-0cf9-416d,Image,https://dummyimage.com/0x311,125,false
2346,7a13fb62-9d8c-4719,Image,https://placekittens.com/267/284,93,true
2347,0bfed846-328b-4eaf,Video,https://placekittens.com/485/410,1203,true
2348,a2630826-b21a-40a8,Carousel,https://placekittens.com/894/768,742,false
2349,f81a9cd9-7049-457c,Image,https://placekittens.com/528/392,640,false
2350,e6bcf739-cb2b-49be,Image,https://dummyimage.com/693x981,19,false
2351,cb1cfbba-26af-480d,Image,https://dummyimage.com/99x103,529,true
2352,4c4347f0-df1e-4af9,Video,https://picsum.photos/413/950,50,true
2353,e3c62658-5e60-49e8,Carousel,https://picsum.photos/553/819,438,true
2354,81dc7d79-4642-4bab,Video,https://dummyimage.com/900x29,2082,true
2355,d7252e6a-3171-491e,Carousel,https://dummyimage.com/992x875,1717,true
2356,18a5b037-8bd8-438f,Carousel,https://placekittens.com/433/130,1502,false
2357,2e41f532-e795-4f78,Reel,https://placekittens.com/694/429,1482,true
2358,96b137ff-b98a-4952,Reel,https://picsum.photos/751/326,2150,true
2359,f2dded62-7caf-496b,Reel,https://picsum.photos/964/663,2174,true
2360,92cafcfc-77ba-473f,Image,https://picsum.photos/53/415,347,true
2361,cd44dc2c-9cf0-4875,Reel,https://dummyimage.com/256x136,300,true
2362,ffcee5ad-b58c-4cc9,Carousel,https://dummyimage.com/94x1007,1309,true
2363,9a07e31f-b691-4746,Image,https://placekittens.com/156/839,397,true
2364,f8cba978-4001-497b,Image,https://dummyimage.com/999x645,97,false
2365,9c8af205-bc26-472a,Image,https://picsum.photos/970/818,96,false
2366,5d805e2e-1736-4d7d,Reel,https://dummyimage.com/102x998,857,true
2367,73cd466c-f0f0-4eb6,Image,https://placekittens.com/536/847,2098,true
2368,3c19189f-5a96-4965,Reel,https://placekittens.com/89/264,532,true
2369,d67a330a-db52-4024,Image,https://dummyimage.com/23x371,403,false
2370,3fc7bf53-b67e-4800,Image,https://dummyimage.com/205x67,1971,false
2371,630da632-e4df-4c8a,Image,https://picsum.photos/700/335,2062,true
2372,2872a449-80a3-4605,Reel,https://placekittens.com/65/904,884,true
2373,8df19f9f-4744-47bf,Reel,https://dummyimage.com/92x660,1044,true
2374,b410c22f-3a6a-4f79,Image,https://placekittens.com/698/4,1467,false
2375,fd1e12c9-df84-4499,Image,https://placekittens.com/89/202,955,false
2376,b3dd28db-81fc-4254,Image,https://placekittens.com/706/295,429,false
2377,51ca10be-0578-4724,Reel,https://placekittens.com/41/65,1942,true
2378,6d467078-639b-4530,Carousel,https://dummyimage.com/43x271,634,false
2379,0d3505c8-ac2b-498e,Image,https://placekittens.com/742/767,804,false
2380,c30465d8-3574-4bc7,Carousel,https://dummyimage.com/741x747,478,true
2381,fc1beacd-4b87-451b,Carousel,https://placekittens.com/445/170,428,true
2382,c80822a1-644c-4234,Image,https://placekittens.com/896/206,2081,false
2383,06f5c48a-18ec-458d,Carousel,https://picsum.photos/762/803,2001,false
2384,24bb3e57-462b-4298,Image,https://picsum.photos/698/756,1909,false
2385,37f945bf-c2fd-444f,Reel,https://dummyimage.com/125x677,740,true
2386,4c5f926c-3cae-4387,Video,https://picsum.photos/752/360,1344,true
2387,bf1704e7-9db7-4453,Image,https://placekittens.com/585/586,467,true
2388,f9d29d45-f96c-4d5f,Carousel,https://picsum.photos/785/822,1453,true
2389,2a372b51-a355-4a4a,Image,https://picsum.photos/1002/846,2050,true
2390,ba6191d1-cf9f-4ca0,Image,https://placekittens.com/608/840,1593,false
2391,72c2fb5a-0365-4e78,Image,https://dummyimage.com/538x21,1063,true
2392,2ca28f86-e153-4a9d,Carousel,https://placekittens.com/26/894,395,true
2393,9f8a16a0-cd30-4c43,Carousel,https://dummyimage.com/84x391,2065,false
2394,0498a69a-5fbd-4cfc,Video,https://placekittens.com/829/886,190,true
2395,5406f3cd-0562-49b7,Image,https://picsum.photos/12/395,1136,true
2396,dd7b2bc2-2c31-47e0,Reel,https://dummyimage.com/332x487,928,true
2397,81ee2da9-fde5-45cb,Image,https://dummyimage.com/442x360,1262,false
2398,12a1f266-f3e6-481f,Image,https://dummyimage.com/11x826,1824,false
2399,21f1e84e-c8f4-4058,Reel,https://picsum.photos/246/711,90,true
2400,b19cc5b2-2baf-4c05,Image,https://picsum.photos/830/518,1078,true
2401,d797b9e7-fdc2-4e75,Reel,https://placekittens.com/668/727,1104,true
2402,93cfaa44-ff36-47e7,Reel,https://placekittens.com/718/546,1445,true
2403,9bbadfb5-b952-45fe,Image,https://dummyimage.com/684x545,1723,true
2404,e957c9ec-c5b2-46e4,Reel,https://dummyimage.com/92x772,1603,true
2405,6389a808-db03-45b0,Reel,https://dummyimage.com/609x195,1792,true
2406,5e3656ba-f8ba-49bb,Image,https://picsum.photos/973/121,292,false
2407,b076a828-9317-4ec8,Video,https://picsum.photos/845/4,1111,true
2408,c0ac3c32-6c2f-488d,Carousel,https://picsum.photos/419/563,488,true
2409,1242512b-ed98-47b3,Image,https://dummyimage.com/256x646,567,true
2410,144809f1-292d-4d2b,Video,https://dummyimage.com/853x299,1187,true
2411,3f73fa69-275a-4a51,Reel,https://dummyimage.com/817x678,1633,true
2412,41891256-0c76-47a5,Reel,https://placekittens.com/446/120,1228,true
2413,b474eb63-51da-4715,Image,https://dummyimage.com/367x864,1957,true
2414,972a08a9-ac4c-43a1,Carousel,https://placekittens.com/106/879,89,false
2415,200b3c17-edfe-424d,Image,https://picsum.photos/284/689,186,true
2416,07ad426d-19d5-4c95,Reel,https://dummyimage.com/466x886,1975,true
2417,31c46636-c24a-49db,Reel,https://picsum.photos/167/117,1985,true
2418,ecc9a5b4-535b-41dc,Carousel,https://placekittens.com/991/800,667,false
2419,1e857e6d-95b5-4ef0,Image,https://dummyimage.com/292x144,930,true
2420,7660ceb9-427f-42ec,Image,https://placekittens.com/701/233,599,true
2421,c733bce1-926b-4973,Image,https://placekittens.com/328/546,1393,false
2422,6ace0e20-e8f5-4ec9,Video,https://picsum.photos/373/217,572,true
2423,b5d4341a-11ff-453c,Image,https://placekittens.com/795/312,677,true
2424,6c07bf1d-d87d-477d,Image,https://picsum.photos/66/843,885,true
2425,96532397-950b-4e4f,Carousel,https://placekittens.com/482/516,1553,true
2426,2122a175-8206-4105,Image,https://dummyimage.com/399x850,1352,true
2427,4a1ec178-07ad-46a5,Image,https://picsum.photos/551/1012,2074,true
2428,94b0592d-06f3-48fe,Image,https://picsum.photos/556/189,1199,false
2429,d7f810b2-b812-48c6,Image,https://dummyimage.com/496x427,1689,false
2430,cc2073af-45d4-453c,Carousel,https://dummyimage.com/73x12,1515,true
2431,af756f38-aec6-40c9,Image,https://placekittens.com/468/59,1960,false
2432,e4802cc5-a5d5-4392,Reel,https://placekittens.com/966/926,1563,true
2433,d69275a0-b52f-47fe,Reel,https://placekittens.com/339/462,738,true
2434,8c2c39ac-b9bb-4bbd,Image,https://placekittens.com/78/830,1760,true
2435,ecb290a3-ac31-4484,Carousel,https://picsum.photos/359/682,1872,true
2436,53ca1218-8e17-4a87,Image,https://dummyimage.com/298x641,2127,false
2437,41b037dc-d1a1-432c,Image,https://picsum.photos/115/149,1265,true
2438,f3df38e7-748b-4b26,Video,https://picsum.photos/393/650,267,true
2439,8591ad0a-1c29-4d5b,Image,https://dummyimage.com/100x245,1861,false
2440,9c6f150a-0e09-4a30,Reel,https://picsum.photos/749/184,453,true
2441,06906e28-3b30-41e2,Reel,https://dummyimage.com/791x666,1963,true
2442,4b09aae8-78cd-4c64,Image,https://dummyimage.com/327x291,887,false
2443,d39f9b70-740a-40b8,Reel,https://dummyimage.com/84x1014,904,true
2444,fb468f51-db6c-4cbf,Reel,https://placekittens.com/474/1008,895,true
2445,35716949-9e24-423f,Video,https://picsum.photos/731/1001,465,true
2446,f2ab68d9-3018-4330,Image,https://placekittens.com/182/68,925,false
2447,8d449460-8e5e-4a61,Image,https://picsum.photos/939/782,1420,true
2448,73938727-de31-4eb1,Reel,https://dummyimage.com/417x194,896,true
2449,b9a7c708-638c-4ad7,Image,https://picsum.photos/16/748,410,true
2450,0e4f1a7d-bc94-4867,Reel,https://placekittens.com/553/941,1432,true
2451,08b962aa-27a5-42dc,Reel,https://picsum.photos/946/530,284,true
2452,1619bce0-61c4-42a3,Reel,https://dummyimage.com/172x607,925,true
2453,5b8490b0-10be-4fef,Image,https://dummyimage.com/980x311,1072,true
2454,c554759a-15a9-4168,Video,https://placekittens.com/633/228,736,true
2455,12054865-f881-4525,Carousel,https://picsum.photos/697/666,1704,true
2456,f17abbe3-de1e-4814,Reel,https://dummyimage.com/969x722,2156,true
2457,808aa482-9fc7-4a26,Carousel,https://picsum.photos/943/19,1508,false
2458,c2069397-a6b9-4ff9,Image,https://placekittens.com/780/493,1510,false
2459,d663ddf5-889e-4e38,Reel,https://placekittens.com/50/907,1096,true
2460,f8587860-8efd-4e0a,Reel,https://picsum.photos/287/325,805,true
2461,7348bdf6-0aa5-48a6,Reel,https://picsum.photos/553/576,1231,true
2462,03a5956d-6c2e-4545,Reel,https://dummyimage.com/6x993,519,true
2463,d94977b1-0d6a-4c85,Video,https://picsum.photos/990/729,251,true
2464,cc9594d1-c486-48fa,Image,https://picsum.photos/108/942,346,false
2465,d9ccf7b7-6b55-48ef,Reel,https://dummyimage.com/339x607,509,true
2466,7bc06b1c-7a17-4581,Reel,https://dummyimage.com/558x208,588,true
2467,80221eae-dde4-4caf,Reel,https://picsum.photos/815/442,1331,true
2468,439c8dc8-d436-472a,Image,https://placekittens.com/371/651,2074,true
2469,66cc6cca-5cf8-439d,Carousel,https://placekittens.com/100/4,1899,true
2470,cc43511d-013a-4e01,Image,https://dummyimage.com/235x984,979,false
2471,a9cddc27-f7fb-44be,Image,https://placekittens.com/954/582,1222,false
2472,e17d57d9-0c10-45d8,Reel,https://dummyimage.com/346x725,525,true
2473,446bee08-8bb9-44cd,Image,https://dummyimage.com/228x788,319,false
2474,b86865a0-df6a-49ed,Image,https://picsum.photos/311/114,930,false
2475,a0f21bdd-1c54-405a,Image,https://picsum.photos/619/29,1735,false
2476,b9d32007-1e36-49f3,Image,https://placekittens.com/126/557,10,true
2477,2a4894b3-d942-4616,Image,https://dummyimage.com/762x868,737,true
2478,79b8e662-6f0e-4c04,Reel,https://dummyimage.com/750x486,28,true
2479,f57f3bee-d96c-4480,Image,https://picsum.photos/803/761,1199,true
2480,49d55a02-9358-4900,Image,https://placekittens.com/872/602,432,true
2481,34390b65-d8bd-480d,Image,https://placekittens.com/355/143,1573,false
2482,d188fe80-84c8-441c,Video,https://dummyimage.com/365x891,2121,true
2483,5536a190-1c67-4782,Carousel,https://dummyimage.com/659x145,1520,true
2484,d5d90d14-46cd-41cb,Image,https://dummyimage.com/692x547,1893,true
2485,39fe773f-173e-4de3,Reel,https://dummyimage.com/900x1003,1993,true
2486,be5f9f09-3717-4ee3,Image,https://placekittens.com/898/694,1456,false
2487,71ca9b36-6642-463a,Reel,https://dummyimage.com/63x962,1085,true
2488,a33f9faf-b21c-4b59,Reel,https://picsum.photos/195/440,811,true
2489,72118fe9-d526-4f68,Reel,https://dummyimage.com/526x92,2024,true
2490,8b519d1e-f44d-4473,Image,https://placekittens.com/405/91,2097,false
2491,4547a2d2-ac9c-4f98,Reel,https://placekittens.com/962/895,125,true
2492,88b384b3-cfb7-4fb6,Reel,https://picsum.photos/82/687,1188,true
2493,aa8f82d6-720d-4560,Image,https://dummyimage.com/533x183,2072,true
2494,8d423d52-724b-451c,Image,https://dummyimage.com/630x820,978,false
2495,8032e186-61a0-41bc,Video,https://dummyimage.com/942x190,16,true
2496,f9991010-54cf-45aa,Reel,https://dummyimage.com/222x947,1823,true
2497,c757d426-c1df-4238,Reel,https://dummyimage.com/408x464,89,true
2498,e4280c99-dae2-4415,Reel,https://placekittens.com/544/925,1113,true
2499,4357ccbc-84d7-4518,Reel,https://dummyimage.com/909x1001,1114,true
2500,6742a512-b98a-4d53,Image,https://dummyimage.com/422x197,847,true
2501,102d2a10-f903-4a2d,Carousel,https://picsum.photos/377/28,707,true
2502,05d6ee36-5a0b-4803,Image,https://picsum.photos/677/242,350,true
2503,3151c282-e9a0-45d4,Reel,https://picsum.photos/213/553,1053,true
2504,56eadafb-5f74-4bb2,Reel,https://dummyimage.com/15x280,1038,true
2505,bc8b2092-9566-4849,Video,https://picsum.photos/357/1017,1071,true
2506,28201439-6cad-4f37,Image,https://placekittens.com/1006/231,1769,true
2507,5d50b82d-d63b-48e3,Reel,https://dummyimage.com/349x90,2049,true
2508,f0ac6c7f-cc59-464b,Image,https://dummyimage.com/949x280,1578,true
2509,bcde24c8-9634-4370,Reel,https://placekittens.com/445/684,132,true
2510,58ea512d-869e-49c4,Image,https://dummyimage.com/678x380,1242,true
2511,1af33f30-019d-4225,Carousel,https://picsum.photos/920/511,1985,true
2512,97f98cd3-486b-463c,Carousel,https://picsum.photos/438/136,1186,false
2513,3f4ade50-cbc2-4e0d,Reel,https://placekittens.com/326/411,2092,true
2514,712a7d5f-3c40-4e54,Image,https://dummyimage.com/166x106,1103,true
2515,9414b053-ae80-4345,Carousel,https://dummyimage.com/109x676,103,false
2516,957437c2-211f-433b,Reel,https://dummyimage.com/905x588,1204,true
2517,68477103-5e87-470b,Image,https://dummyimage.com/176x674,168,false
2518,131ef3c0-fee6-425b,Image,https://picsum.photos/25/156,942,true
2519,3b37a193-8d12-4974,Video,https://placekittens.com/29/479,1426,true
2520,41a7d6ea-e32c-4bda,Image,https://dummyimage.com/0x769,2021,false
2521,a6128e65-1302-4ff6,Reel,https://dummyimage.com/286x712,62,true
2522,4c5bd26c-6db3-4ced,Reel,https://placekittens.com/494/904,234,true
2523,ddd76e5b-108f-49c8,Image,https://dummyimage.com/883x192,565,false
2524,c24912f8-af02-46d3,Reel,https://picsum.photos/982/694,1714,true
2525,5cc25ce1-8d56-4c1c,Image,https://placekittens.com/57/282,2170,true
2526,9da904e7-8966-45fe,Reel,https://placekittens.com/954/47,398,true
2527,37a4a6d8-41ce-4193,Image,https://picsum.photos/1003/807,130,true
2528,fedde2e3-1ef5-4883,Image,https://picsum.photos/716/444,1829,true
2529,c873aecb-d675-4b71,Image,https://placekittens.com/645/564,1754,true
2530,7fa69e23-5891-4dcf,Image,https://dummyimage.com/304x308,1836,false
2531,4083ece9-584b-49ec,Carousel,https://placekittens.com/310/65,1385,false
2532,ea7aeea3-6891-4906,Reel,https://dummyimage.com/571x863,691,true
2533,755eda4e-ab4c-4be3,Image,https://picsum.photos/186/307,1954,false
2534,a30cc3ce-0f3c-4467,Reel,https://dummyimage.com/860x215,683,true
2535,823ce21a-9c76-4356,Image,https://dummyimage.com/445x163,2091,false
2536,33b48efd-14aa-4a93,Image,https://picsum.photos/89/325,2124,true
2537,f1530ee1-aaca-4147,Image,https://placekittens.com/479/997,631,false
2538,2fff8b69-54e3-417f,Image,https://picsum.photos/522/735,530,false
2539,b38a3d91-2439-4cf5,Reel,https://dummyimage.com/40x916,1324,true
2540,c79798a6-9d16-48f4,Carousel,https://placekittens.com/403/101,71,false
2541,01d3cc97-3d29-4311,Reel,https://placekittens.com/936/842,612,true
2542,7d5417e4-cc31-47e1,Image,https://picsum.photos/39/561,393,true
2543,8ae9cb12-4d63-43c2,Carousel,https://placekittens.com/467/307,2086,false
2544,5f47f34f-f815-4247,Reel,https://placekittens.com/154/255,1028,true
2545,261e08e0-8578-477f,Image,https://picsum.photos/964/791,281,true
2546,4404d02a-4e7f-404b,Image,https://placekittens.com/275/663,804,true
2547,1c188a97-10db-40ab,Reel,https://placekittens.com/845/931,2143,true
2548,07b87f6c-c5dd-4858,Image,https://placekittens.com/641/967,2184,true
2549,2641d879-2cb9-4acf,Image,https://dummyimage.com/673x427,1490,true
2550,e5026dce-43ca-4fdd,Image,https://placekittens.com/843/707,1722,true
2551,57551dca-4c3b-4dad,Video,https://placekittens.com/322/714,527,true
2552,5cee2d91-ca7e-44d9,Reel,https://picsum.photos/545/468,1978,true
2553,0b40fb58-3792-4cbf,Image,https://placekittens.com/869/446,828,false
2554,1ffd8b7b-596f-44f0,Carousel,https://placekittens.com/863/399,581,true
2555,c505e301-fb76-44b9,Reel,https://picsum.photos/200/996,164,true
2556,b1045769-6653-48b3,Reel,https://picsum.photos/785/31,1679,true
2557,16523ad3-9047-4bc3,Image,https://placekittens.com/718/30,659,false
2558,4f116a4e-1616-4278,Image,https://placekittens.com/402/719,871,false
2559,c5bc13ae-e4d8-4e67,Reel,https://picsum.photos/708/786,864,true
2560,1827faf0-befa-4393,Reel,https://placekittens.com/364/589,1382,true
2561,cc4740bc-acc0-4545,Video,https://placekittens.com/369/378,682,true
2562,f93c8308-a826-41bf,Video,https://dummyimage.com/508x57,1901,true
2563,239b5f43-4627-4e59,Image,https://placekittens.com/988/210,676,false
2564,0707f6cc-a39c-4223,Image,https://dummyimage.com/567x947,937,true
2565,adf7561e-5fe7-4563,Carousel,https://picsum.photos/608/125,1585,true
2566,22480f72-8af0-4f8a,Carousel,https://picsum.photos/585/258,1691,false
2567,6d365741-3291-4ca9,Reel,https://dummyimage.com/102x764,2168,true
2568,c13ad5ac-eeb5-4f2c,Carousel,https://picsum.photos/146/154,1883,true
2569,dba8b76e-e515-4fc8,Reel,https://dummyimage.com/769x61,389,true
2570,1ecf566f-f7aa-4d5d,Video,https://placekittens.com/271/702,672,true
2571,95c3d7ff-8c25-44fa,Reel,https://picsum.photos/301/922,1916,true
2572,cbe27431-b8ae-4add,Image,https://picsum.photos/207/592,1159,false
2573,5609a20c-c83e-40e2,Reel,https://dummyimage.com/962x454,1927,true
2574,9abe4270-ccad-4aca,Carousel,https://placekittens.com/362/111,10,true
2575,edec7bd7-5d33-4b63,Reel,https://picsum.photos/982/937,1901,true
2576,8d0c056c-92f9-42f8,Reel,https://placekittens.com/61/59,1083,true
2577,5b7715ae-a11b-4348,Reel,https://picsum.photos/325/117,2194,true
2578,11d68f42-b228-45d2,Image,https://placekittens.com/511/236,668,true
2579,765c9ea6-bf7f-4400,Reel,https://placekittens.com/367/451,882,true
2580,bf892693-0a76-47d9,Image,https://picsum.photos/707/385,1658,true
2581,973cc267-3710-4c12,Video,https://dummyimage.com/205x374,166,true
2582,3c72f5f6-857b-46d2,Image,https://placekittens.com/268/210,400,false
2583,11a3a637-3077-4115,Reel,https://placekittens.com/758/4,428,true
2584,bda34866-315d-46d0,Reel,https://picsum.photos/415/955,1913,true
2585,fef6b7d3-96ee-43a6,Carousel,https://picsum.photos/972/139,1717,false
2586,eaa4db81-9e00-450d,Carousel,https://dummyimage.com/473x237,1804,false
2587,646cc2cf-2d94-4893,Reel,https://dummyimage.com/226x626,77,true
2588,231ddf4a-23c7-4441,Carousel,https://placekittens.com/222/746,820,true
2589,40c202c5-8574-495d,Video,https://picsum.photos/600/477,1345,true
2590,5178a5c7-855f-41ff,Reel,https://dummyimage.com/594x901,1438,true
2591,fc8fd3e1-b44d-4e64,Image,https://picsum.photos/813/822,1177,true
2592,e8cd42a9-87a5-4a8c,Video,https://picsum.photos/463/600,380,true
2593,605fbac0-8fc2-4cb5,Image,https://dummyimage.com/257x929,314,true
2594,5295d853-9fed-42ec,Reel,https://placekittens.com/295/7,436,true
2595,e355aea8-cebe-4a49,Image,https://picsum.photos/53/269,1592,false
2596,7ef03242-06a6-40e7,Reel,https://dummyimage.com/162x404,1781,true
2597,ee49664e-1bac-4f92,Image,https://picsum.photos/142/386,24,true
2598,d41a0d94-921a-4c19,Image,https://picsum.photos/640/667,1505,true
2599,8d68ef8b-cb92-47de,Carousel,https://dummyimage.com/876x299,390,false
2600,5b941d28-0982-4517,Carousel,https://picsum.photos/160/19,1212,true
2601,2253d80c-103b-4399,Image,https://dummyimage.com/873x208,1052,true
2602,8f387094-287e-44a8,Image,https://placekittens.com/228/351,1976,true
2603,1e9c2752-9fc6-4880,Carousel,https://picsum.photos/600/801,1998,true
2604,4e5da0a9-ba2a-4268,Image,https://picsum.photos/931/701,1265,true
2605,f4ac61bf-409d-41a2,Image,https://dummyimage.com/883x975,995,false
2606,98387174-bc27-4d71,Carousel,https://picsum.photos/105/640,1611,true
2607,adebd74b-e6af-459b,Video,https://dummyimage.com/31x320,1145,true
2608,b59c1c95-38fa-4a5e,Image,https://picsum.photos/166/194,381,false
2609,f94c095a-404f-4a7e,Carousel,https://placekittens.com/703/868,1866,false
2610,8251375d-9b55-4f6a,Image,https://placekittens.com/179/362,1207,true
2611,f48b5524-5e56-468e,Image,https://dummyimage.com/590x668,1308,true
2612,28dd8c2b-a01c-497e,Carousel,https://dummyimage.com/452x70,805,false
2613,198bd7fc-d75b-4934,Image,https://dummyimage.com/47x858,1919,false
2614,a7638ca4-7af6-4d9c,Reel,https://picsum.photos/948/296,1529,true
2615,4ebd5b79-76ba-442d,Reel,https://picsum.photos/437/414,1603,true
2616,521b8cf9-d931-466f,Reel,https://dummyimage.com/413x260,1608,true
2617,745c1ee9-9742-472f,Image,https://dummyimage.com/6x171,735,true
2618,ccffb43a-a33b-49cd,Reel,https://picsum.photos/666/994,2148,true
2619,8f059cc0-9fef-4fe8,Reel,https://dummyimage.com/263x371,1147,true
2620,8b40bb0f-d2dc-43e2,Reel,https://picsum.photos/844/817,1229,true
2621,7e25c8bf-8293-4489,Carousel,https://picsum.photos/728/701,1857,false
2622,2df7c553-9b98-4601,Image,https://dummyimage.com/290x113,1309,false
2623,7ede20bc-12b2-428c,Image,https://placekittens.com/679/917,103,true
2624,062607e8-ff10-45e5,Image,https://placekittens.com/567/916,1225,false
2625,077a25ed-4df2-484b,Image,https://picsum.photos/864/172,833,false
2626,534921c8-1dce-45de,Image,https://dummyimage.com/6x998,331,false
2627,86b2280d-08e2-4f06,Reel,https://picsum.photos/847/864,1904,true
2628,53979f8c-3032-4d52,Reel,https://placekittens.com/606/880,585,true
2629,521ba4df-c21b-412d,Reel,https://placekittens.com/480/132,282,true
2630,483fe40e-488a-4e6c,Image,https://placekittens.com/567/589,922,false
2631,3266823f-c6ac-4020,Video,https://placekittens.com/884/803,767,true
2632,a14178fc-2566-43ec,Video,https://placekittens.com/762/513,1217,true
2633,fde67d8f-1f29-499a,Image,https://picsum.photos/63/643,1383,true
2634,6a3f28e6-d313-4370,Image,https://placekittens.com/731/227,252,false
2635,3b4e4b13-a666-4b1f,Carousel,https://placekittens.com/877/483,179,false
2636,7cea96e9-7aa0-4ee1,Image,https://picsum.photos/46/427,1282,false
2637,a4edbb47-bd15-4242,Video,https://picsum.photos/383/548,1631,true
2638,91b0a83e-aae9-4752,Image,https://placekittens.com/854/778,2129,false
2639,275e2d29-aa28-49ab,Reel,https://placekittens.com/235/925,1623,true
2640,44e65786-c48d-4f83,Carousel,https://picsum.photos/533/513,1849,false
2641,2f12c3b4-c201-4b2d,Image,https://placekittens.com/521/754,1753,false
2642,96646937-589d-4115,Reel,https://picsum.photos/39/769,1142,true
2643,a10d8e78-564b-4dad,Image,https://placekittens.com/36/312,642,false
2644,1696b705-a344-4666,Carousel,https://dummyimage.com/105x1014,2160,true
2645,fe111ce7-c60a-42d1,Image,https://picsum.photos/764/558,1172,true
2646,f2205a08-5de0-4e89,Reel,https://dummyimage.com/70x551,1777,true
2647,f202f4cf-b3f8-458e,Video,https://placekittens.com/1019/840,439,true
2648,a00f201e-ff13-4297,Image,https://picsum.photos/85/627,215,false
2649,abad478b-65bc-4c8c,Image,https://picsum.photos/782/17,47,true
2650,ef663081-4525-44c9,Image,https://picsum.photos/472/30,621,false
2651,1f7f944b-ac59-4805,Reel,https://picsum.photos/969/333,1836,true
2652,765ed7c3-422e-4b23,Image,https://picsum.photos/567/993,487,true
2653,04998d8c-df0d-4fce,Image,https://placekittens.com/741/704,1346,false
2654,2e48be7a-ea1f-4a4f,Carousel,https://placekittens.com/832/264,1369,false
2655,b2dbeac1-3985-4833,Reel,https://picsum.photos/944/642,1558,true
2656,21c7edb9-9be3-4c3b,Image,https://dummyimage.com/1001x141,1141,false
2657,1b0de79d-a234-45b6,Carousel,https://picsum.photos/175/1018,929,false
2658,9e293747-4049-4c7b,Image,https://dummyimage.com/291x55,2172,false
2659,aaaa61c7-afe8-40d9,Carousel,https://picsum.photos/565/252,508,false
2660,740cc3c9-fca8-41d3,Image,https://picsum.photos/69/280,1334,true
2661,fab986c9-723c-4d8b,Image,https://placekittens.com/160/517,862,true
2662,a246a9b4-d085-4879,Reel,https://picsum.photos/584/170,83,true
2663,0f68e999-0f18-4cd1,Carousel,https://picsum.photos/1011/281,1797,false
2664,805bc4fa-f24b-4c57,Image,https://placekittens.com/401/682,1853,false
2665,746e2e65-aae7-4f0f,Reel,https://placekittens.com/53/1003,609,true
2666,6e4331a0-e535-45c7,Image,https://placekittens.com/24/415,1141,true
2667,72915219-adcb-45d9,Image,https://placekittens.com/403/972,879,true
2668,46f50c49-cc14-4cbb,Image,https://picsum.photos/731/834,1593,false
2669,af5dde7d-2b28-45df,Image,https://placekittens.com/132/12,509,true
2670,07ab2821-b39a-4ccf,Image,https://picsum.photos/454/379,1333,false
2671,c103827a-f9c8-4e4f,Carousel,https://picsum.photos/887/641,1111,true
2672,b5786df8-2845-4f62,Image,https://dummyimage.com/716x611,1135,true
2673,bfb7d766-ccd3-46f0,Image,https://picsum.photos/36/791,578,false
2674,7214bf05-540e-43a8,Image,https://placekittens.com/41/998,2020,false
2675,4cf318c3-3a68-4afd,Reel,https://dummyimage.com/439x574,1537,true
2676,cf836bcf-39ff-4673,Carousel,https://placekittens.com/446/699,1120,true
2677,271f7a7a-79a8-4b8f,Reel,https://picsum.photos/332/962,1265,true
2678,c9dee238-7415-4266,Reel,https://picsum.photos/34/284,1583,true
2679,a850ecf3-a54f-472b,Image,https://placekittens.com/424/785,1949,true
2680,e010c65d-bf88-4004,Image,https://picsum.photos/234/358,225,true
2681,77117696-1213-494d,Reel,https://dummyimage.com/536x622,1756,true
2682,b4f69583-df62-49a2,Image,https://picsum.photos/950/543,1460,false
2683,830f6f94-76eb-4a13,Video,https://picsum.photos/936/559,318,true
2684,59f92d40-028b-4e42,Image,https://placekittens.com/500/89,2105,true
2685,75b30f47-28f8-424b,Image,https://picsum.photos/243/180,831,true
2686,496b8821-0404-4b68,Image,https://dummyimage.com/92x696,356,false
2687,4651f847-8bdc-45d6,Carousel,https://dummyimage.com/707x448,64,false
2688,48d98fe1-7ae4-4863,Image,https://dummyimage.com/178x369,236,false
2689,8c0ec716-d96a-4d8d,Image,https://dummyimage.com/593x971,200,false
2690,33c70388-b3c4-4387,Carousel,https://picsum.photos/665/510,728,false
2691,c3534aee-8765-4213,Carousel,https://picsum.photos/959/257,908,true
2692,8022345b-3965-4995,Image,https://placekittens.com/506/760,1541,false
2693,76634447-f9f3-4f72,Carousel,https://picsum.photos/1013/633,1126,true
2694,c3c2645d-849f-4c78,Reel,https://placekittens.com/284/898,1964,true
2695,84cd9d2f-4b7d-4bd6,Image,https://dummyimage.com/520x788,1405,true
2696,965fedab-e594-4960,Carousel,https://dummyimage.com/640x940,1967,true
2697,faf12862-9ce1-4fb2,Image,https://picsum.photos/71/1005,2137,true
2698,5f02dba5-fd09-455c,Reel,https://placekittens.com/557/976,458,true
2699,5812fcf7-14bf-49d1,Image,https://dummyimage.com/82x714,642,true
2700,0f9cd852-806b-4634,Image,https://dummyimage.com/719x478,420,false
2701,828e6452-c415-4107,Image,https://dummyimage.com/926x519,429,false
2702,d00625dc-defe-44bc,Image,https://dummyimage.com/653x951,626,true
2703,b647af38-a87e-4428,Image,https://dummyimage.com/997x319,1464,true
2704,e31b75fa-577a-4177,Image,https://picsum.photos/9/56,1379,true
2705,409ef3ce-6e1a-499c,Image,https://placekittens.com/993/150,663,true
2706,f3265f9c-5ff4-4eb6,Reel,https://placekittens.com/634/785,555,true
2707,b740d24f-4a1d-40c7,Image,https://picsum.photos/1/11,932,false
2708,55521ccf-6509-4ff2,Carousel,https://picsum.photos/877/605,568,false
2709,c796d744-c74c-4727,Reel,https://dummyimage.com/82x743,1928,true
2710,a472c7f0-df2a-4e4b,Reel,https://dummyimage.com/818x324,1751,true
2711,8a8d6dbe-054d-45ed,Image,https://placekittens.com/248/350,2159,true
2712,a6603cce-ec10-43dd,Image,https://placekittens.com/850/659,1890,true
2713,56f5324a-3018-414b,Image,https://picsum.photos/314/347,445,false
2714,9b894aab-1ff1-495e,Carousel,https://dummyimage.com/240x630,704,false
2715,e5710d5d-6ac2-4efc,Image,https://placekittens.com/157/458,1186,true
2716,f2a717f2-485f-4b0a,Image,https://placekittens.com/157/597,1475,true
2717,0ae796f4-6ac0-4ddf,Carousel,https://dummyimage.com/304x637,2038,true
2718,0c22e760-4a78-4071,Reel,https://placekittens.com/173/112,472,true
2719,082160a8-0fd0-4dc8,Image,https://placekittens.com/450/795,18,false
2720,6e6ad022-97c8-4616,Video,https://placekittens.com/961/741,2092,true
2721,44d1c716-c5f2-4867,Reel,https://picsum.photos/890/279,612,true
2722,d313773a-89f1-4f23,Image,https://picsum.photos/530/399,1821,false
2723,43247582-10f2-45a8,Carousel,https://dummyimage.com/671x490,1150,true
2724,52dd987d-d1c7-4e0a,Image,https://placekittens.com/969/580,250,false
2725,ace1cadc-13cb-46bc,Image,https://placekittens.com/382/79,1753,true
2726,57df5d88-96d3-462b,Reel,https://picsum.photos/561/555,560,true
2727,991958c1-986e-4779,Video,https://picsum.photos/369/670,657,true
2728,84a2db6b-e008-4c22,Reel,https://dummyimage.com/85x706,196,true
2729,a863eada-055e-467e,Carousel,https://placekittens.com/472/5,2069,false
2730,43d860c0-da7c-45b2,Image,https://placekittens.com/524/829,1434,true
2731,deb0867b-541c-45f4,Reel,https://dummyimage.com/9x716,1348,true
2732,790862f1-7503-4519,Reel,https://placekittens.com/171/492,2058,true
2733,0758ff5c-0868-4059,Reel,https://dummyimage.com/44x372,326,true
2734,c1c5392c-8157-4748,Image,https://dummyimage.com/806x394,1102,true
2735,e5f92079-db48-4727,Carousel,https://picsum.photos/136/299,1346,true
2736,7f32acb6-b0ee-47f6,Reel,https://picsum.photos/997/697,145,true
2737,2f9d76f6-ecf6-41b4,Reel,https://placekittens.com/1014/310,743,true
2738,5a7526dc-aba2-4d1a,Image,https://placekittens.com/956/878,1169,false
2739,d3a7be02-851b-4549,Carousel,https://dummyimage.com/297x351,136,false
2740,bad0be0f-303a-45d7,Carousel,https://dummyimage.com/724x236,818,true
2741,d0fb9d03-dd94-4026,Image,https://picsum.photos/263/994,1329,true
2742,46f261f4-9e74-4ee6,Video,https://picsum.photos/324/351,1126,true
2743,23233347-e0e2-4bde,Image,https://placekittens.com/959/117,1499,true
2744,98dd6158-9c02-41e5,Carousel,https://placekittens.com/534/1019,150,true
2745,1f871723-2771-4a7d,Reel,https://picsum.photos/771/980,613,true
2746,78016731-9e03-4e9d,Image,https://placekittens.com/519/453,1526,true
2747,37602780-219b-4983,Image,https://dummyimage.com/195x889,2187,true
2748,25ec126d-b7cc-4745,Carousel,https://picsum.photos/559/685,657,true
2749,1bff5349-7d46-48dc,Image,https://dummyimage.com/25x563,1512,false
2750,ea5c26bf-2e92-4a54,Reel,https://placekittens.com/736/478,1489,true
2751,f6e70102-af98-486b,Carousel,https://picsum.photos/12/7,846,false
2752,39ff3d24-2e8d-49f9,Video,https://dummyimage.com/181x80,1532,true
2753,c547b0cc-323a-463e,Image,https://placekittens.com/37/905,1038,true
2754,b9f0edb1-1b79-46f4,Image,https://placekittens.com/907/997,29,true
2755,b268be1a-3abe-4141,Carousel,https://dummyimage.com/564x401,1705,false
2756,49ac11a2-0fda-4d2a,Carousel,https://picsum.photos/454/625,900,true
2757,c2a257d9-9571-4712,Reel,https://picsum.photos/30/736,1180,true
2758,1a777045-a7b3-408a,Image,https://dummyimage.com/760x914,176,false
2759,63e11675-6d88-485b,Image,https://dummyimage.com/197x1019,1507,true
2760,d27e4dba-cef9-4eb0,Reel,https://picsum.photos/694/556,1964,true
2761,437d6aaa-5b1b-4e37,Reel,https://picsum.photos/820/424,105,true
2762,067f3851-9835-4dbe,Carousel,https://dummyimage.com/847x57,589,false
2763,1c38c45f-f7db-4596,Carousel,https://placekittens.com/345/780,1585,false
2764,80cf64d9-5bb4-4396,Reel,https://placekittens.com/108/623,317,true
2765,c21e3264-4263-44f0,Image,https://picsum.photos/204/945,344,true
2766,4c8d41bb-b1f2-47be,Video,https://dummyimage.com/711x408,459,true
2767,dfb17e7c-a6a2-474f,Image,https://dummyimage.com/208x712,1710,true
2768,26c9518c-a540-47d9,Image,https://placekittens.com/274/60,319,false
2769,22b377b1-3e8b-40e1,Carousel,https://dummyimage.com/549x691,1160,false
2770,e146c971-6929-4abe,Image,https://dummyimage.com/134x673,962,false
2771,8a5fa560-f97a-4c7b,Reel,https://dummyimage.com/854x986,328,true
2772,19cd4057-c7be-4540,Image,https://picsum.photos/181/184,200,false
2773,32e34f84-dd95-455a,Reel,https://picsum.photos/294/246,524,true
2774,6b5a1add-5e0f-4d97,Carousel,https://placekittens.com/648/987,1773,false
2775,de00775a-69eb-4679,Image,https://picsum.photos/985/251,948,false
2776,6b424ed1-4ccb-4bd7,Reel,https://dummyimage.com/945x636,61,true
2777,31e99cad-9f7d-4ade,Image,https://picsum.photos/908/515,837,false
2778,7daaafc8-e039-4bbe,Image,https://dummyimage.com/573x640,2085,true
2779,0ef4eefd-a4f7-46ab,Reel,https://dummyimage.com/888x976,330,true
2780,6b6db60d-1d15-4f77,Image,https://placekittens.com/554/290,140,false
2781,8eef40c8-1f54-4949,Image,https://dummyimage.com/245x999,364,false
2782,3c454920-95eb-4b6b,Reel,https://dummyimage.com/987x237,2127,true
2783,bbf0887f-1747-4702,Image,https://picsum.photos/781/192,1166,true
2784,5b234bf0-08b6-4e82,Reel,https://dummyimage.com/396x814,401,true
2785,9d1664c3-8da1-4d77,Carousel,https://dummyimage.com/367x557,1318,false
2786,ddbce15b-e25d-431b,Reel,https://dummyimage.com/682x218,134,true
2787,44a0ec90-ea4e-4667,Reel,https://picsum.photos/156/691,494,true
2788,ba099b40-6cc2-4526,Reel,https://picsum.photos/187/320,1313,true
2789,b11192d6-9946-4565,Reel,https://dummyimage.com/331x576,143,true
2790,b48810ed-d5de-4dc8,Reel,https://dummyimage.com/746x74,299,true
2791,cd788b49-4b19-4a3f,Video,https://placekittens.com/578/414,1548,true
2792,7392e4ae-ee6a-45e0,Image,https://dummyimage.com/619x311,1829,false
2793,dd6459a9-30ab-411e,Carousel,https://placekittens.com/673/732,1609,false
2794,a7255be8-f886-4282,Reel,https://placekittens.com/580/27,270,true
2795,1934383e-f4e0-402f,Carousel,https://placekittens.com/482/989,629,false
2796,93e44543-a3e7-40c4,Carousel,https://picsum.photos/861/484,953,false
2797,27d7555a-5b6a-4451,Reel,https://picsum.photos/996/197,1692,true
2798,d347e0fb-c030-4c7b,Image,https://picsum.photos/582/318,165,true
2799,9d410982-fa9a-4a67,Carousel,https://picsum.photos/40/552,1448,true
2800,8bed7eb0-4406-4070,Carousel,https://placekittens.com/877/938,911,true
2801,49b196a6-dee2-4e1e,Reel,https://picsum.photos/326/34,18,true
2802,9bf92236-b9c0-4e34,Reel,https://picsum.photos/843/997,1887,true
2803,da3b0a70-7f8b-45f5,Video,https://placekittens.com/983/358,449,true
2804,817d8e71-8f48-4c6f,Image,https://placekittens.com/229/958,281,true
2805,fb3162db-4db1-409b,Video,https://picsum.photos/986/279,1989,true
2806,ceb5cd34-234d-48bd,Image,https://picsum.photos/434/756,1976,true
2807,7e8a00dd-7308-4ecf,Reel,https://dummyimage.com/633x363,1056,true
2808,bb859993-038f-4515,Carousel,https://dummyimage.com/609x672,1404,false
2809,cfc080e9-4545-4d2a,Image,https://dummyimage.com/733x185,1397,true
2810,11de79a9-cfbc-44fd,Reel,https://picsum.photos/740/703,682,true
2811,f384861c-ed16-42e6,Reel,https://picsum.photos/346/711,741,true
2812,7260b310-cccd-4526,Carousel,https://picsum.photos/186/633,158,false
2813,883fa21c-097e-4737,Carousel,https://picsum.photos/880/49,1357,true
2814,3319f9b2-40f1-47ea,Reel,https://picsum.photos/711/235,902,true
2815,9c77ca36-541c-40f5,Image,https://picsum.photos/425/223,2190,true
2816,4fe9e4b7-a99e-46cc,Image,https://picsum.photos/45/42,1272,false
2817,2e3be3f4-a761-4dc9,Image,https://placekittens.com/429/369,491,false
2818,dfa7c3d7-ea5c-48bd,Carousel,https://picsum.photos/570/37,629,true
2819,3bfec284-5900-4b1d,Image,https://picsum.photos/687/946,1986,false
2820,f00fe297-81d3-4ae5,Reel,https://placekittens.com/94/251,707,true
2821,284209a1-fb79-4119,Image,https://dummyimage.com/661x127,1309,true
2822,145027ff-ddbf-4af6,Reel,https://picsum.photos/570/505,1746,true
2823,d494ed44-5762-4287,Image,https://dummyimage.com/298x109,1215,true
2824,cefce240-23d6-44cb,Reel,https://picsum.photos/69/191,1420,true
2825,9b348459-bd4d-4ac2,Reel,https://picsum.photos/683/517,1544,true
2826,41d813df-5e40-4aa3,Image,https://dummyimage.com/191x416,1863,false
2827,137c5d9f-6369-459e,Image,https://picsum.photos/163/653,609,true
2828,be6d97bd-01bd-469c,Reel,https://dummyimage.com/175x13,1458,true
2829,73a85ce7-1280-419a,Reel,https://placekittens.com/665/254,1637,true
2830,4aa2abf3-ed4d-4f0d,Image,https://dummyimage.com/48x933,614,true
2831,c27b7027-1cfe-4854,Image,https://placekittens.com/247/104,1832,true
2832,8b003055-cd36-4973,Reel,https://dummyimage.com/620x780,1318,true
2833,cc5b4e79-63d0-40f7,Image,https://dummyimage.com/574x278,1192,false
2834,fb840867-89d2-45b8,Image,https://placekittens.com/12/922,958,true
2835,0a4cf6f3-ad6f-44f9,Image,https://placekittens.com/760/617,1520,true
2836,8471236c-3a7a-44dc,Image,https://picsum.photos/783/40,1829,false
2837,bc784d82-29cd-4feb,Image,https://picsum.photos/194/547,2086,true
2838,cfa9df19-b4e6-450d,Reel,https://dummyimage.com/884x942,436,true
2839,a5b47279-8efc-4619,Image,https://dummyimage.com/16x874,1396,true
2840,c47e9872-6952-4f3b,Reel,https://placekittens.com/392/84,26,true
2841,23c84516-202a-4364,Image,https://placekittens.com/939/705,385,false
2842,09660dcc-daac-4e7b,Video,https://picsum.photos/164/159,591,true
2843,ef71ca9d-8fc0-4836,Reel,https://picsum.photos/282/2,1223,true
2844,bda74c45-4269-4523,Carousel,https://placekittens.com/481/135,271,true
2845,91f25e28-c59d-4af2,Reel,https://placekittens.com/406/91,172,true
2846,029b5694-6a6d-4d6c,Reel,https://picsum.photos/23/999,1846,true
2847,22983ba5-959d-429a,Image,https://placekittens.com/634/331,1719,true
2848,0c57d027-1c9e-470b,Carousel,https://placekittens.com/710/17,189,true
2849,c06abb00-dbf2-4377,Reel,https://dummyimage.com/833x249,388,true
2850,f3aaf753-acb5-4d1d,Carousel,https://dummyimage.com/907x726,1009,true
2851,1e11148c-b1f5-4304,Video,https://picsum.photos/399/803,415,true
2852,f0f6be79-71cc-4457,Video,https://picsum.photos/510/730,193,true
2853,7e59ca4b-6ce6-4e7e,Reel,https://placekittens.com/547/452,292,true
2854,d3c633d2-2a0f-4ccc,Reel,https://placekittens.com/663/256,1326,true
2855,0fff44b7-31ac-405e,Image,https://dummyimage.com/443x176,1723,false
2856,4a032105-fe7d-4c4b,Carousel,https://picsum.photos/938/717,86,false
2857,6294ba10-6867-47c4,Reel,https://picsum.photos/539/917,155,true
2858,1abcf409-53e9-4112,Image,https://placekittens.com/551/346,1751,true
2859,421d9bab-01e1-4a43,Reel,https://picsum.photos/729/821,827,true
2860,27c79878-a4d7-47a3,Carousel,https://placekittens.com/62/930,1019,false
2861,e155d538-acc5-466b,Image,https://dummyimage.com/576x19,1096,false
2862,cf8e4e09-e7c9-466e,Image,https://picsum.photos/867/325,110,false
2863,ba21e894-6992-42b3,Image,https://picsum.photos/503/984,1750,false
2864,89b804ba-0e2a-4cd0,Carousel,https://dummyimage.com/350x431,1848,true
2865,c1babc89-1823-4f74,Carousel,https://dummyimage.com/363x151,1274,true
2866,2c60021a-0383-4517,Reel,https://picsum.photos/834/220,1155,true
2867,e398483f-9203-40d2,Reel,https://dummyimage.com/242x686,199,true
2868,84593d7b-a2d3-4a3e,Reel,https://dummyimage.com/32x881,1925,true
2869,7ac36a33-9bc1-4082,Image,https://picsum.photos/291/639,651,true
2870,29fa5b10-0593-4123,Carousel,https://placekittens.com/393/198,1194,false
2871,94a1bf0d-4760-473a,Image,https://dummyimage.com/140x678,1308,false
2872,225a7d11-951b-4bca,Reel,https://picsum.photos/713/321,1601,true
2873,7ce6a83f-057c-4560,Image,https://picsum.photos/34/842,319,false
2874,d5a7d39c-b189-4378,Image,https://picsum.photos/315/923,526,true
2875,9b8671df-0660-4481,Image,https://picsum.photos/496/196,468,false
2876,feee0550-6aca-4bd5,Carousel,https://picsum.photos/925/422,1615,false
2877,d88ff4d7-1963-498c,Image,https://picsum.photos/897/703,2103,true
2878,b896baf9-85f7-483c,Image,https://picsum.photos/321/955,1239,true
2879,18ba82aa-e058-4ff9,Carousel,https://picsum.photos/507/491,1739,false
2880,f7488640-9f5c-46db,Image,https://picsum.photos/141/727,196,false
2881,acb182f5-8e30-4282,Image,https://dummyimage.com/968x306,1117,false
2882,0ea232f1-76cc-4a3e,Carousel,https://placekittens.com/774/148,470,true
2883,97ce0b19-2b43-460c,Image,https://dummyimage.com/172x688,2096,false
2884,c03f01f6-3df7-4863,Image,https://dummyimage.com/78x685,1275,true
2885,27aaa95f-4af9-4068,Carousel,https://dummyimage.com/135x811,1662,false
2886,a7c04b3c-b8d7-4663,Carousel,https://picsum.photos/54/27,189,false
2887,6b691be6-3a94-4f4e,Reel,https://placekittens.com/923/392,1026,true
2888,7bd03634-ddb1-4b19,Image,https://picsum.photos/485/628,192,true
2889,fca59495-e3e0-4f12,Image,https://dummyimage.com/48x942,264,true
2890,33bc4fb3-17bf-487d,Image,https://dummyimage.com/950x417,1567,false
2891,9a4aa853-78bc-451f,Image,https://dummyimage.com/973x107,189,true
2892,f0ae9245-4182-46e1,Image,https://placekittens.com/556/945,355,false
2893,f184df51-218f-4c13,Reel,https://picsum.photos/631/668,2037,true
2894,5a7dd74d-4c06-44a7,Video,https://picsum.photos/482/972,69,true
2895,88ec2381-f3be-4911,Reel,https://dummyimage.com/970x755,478,true
2896,9c6fc4ac-02d7-4e82,Reel,https://picsum.photos/323/937,545,true
2897,fc54bfc9-827f-453c,Carousel,https://placekittens.com/440/895,1255,true
2898,9a408449-e614-4e7f,Carousel,https://picsum.photos/1012/852,1578,true
2899,7e57287f-c9e7-430d,Image,https://picsum.photos/193/340,848,false
2900,b822314f-4703-4e19,Carousel,https://picsum.photos/304/1020,780,true
2901,58542e65-13c6-4a7a,Video,https://placekittens.com/336/251,559,true
2902,57d8eae6-bc30-4dc1,Reel,https://dummyimage.com/292x764,640,true
2903,6d3f7261-35bd-43e9,Image,https://picsum.photos/679/835,2008,true
2904,18e2e333-fb24-40a0,Image,https://placekittens.com/369/998,1776,false
2905,3198cd47-b3a7-46fe,Carousel,https://picsum.photos/235/190,622,false
2906,09269519-4431-45a9,Carousel,https://placekittens.com/703/645,1793,true
2907,5ea71e26-b34d-4f84,Video,https://placekittens.com/160/628,1881,true
2908,70cded91-46d7-4676,Image,https://dummyimage.com/762x614,1908,false
2909,2005f975-2c3a-4938,Reel,https://placekittens.com/487/524,319,true
2910,85a7c490-bc7d-45ad,Reel,https://picsum.photos/237/579,1672,true
2911,8745ea13-bd6d-43d3,Image,https://picsum.photos/430/206,2193,true
2912,ed20cacc-8a68-4032,Video,https://picsum.photos/11/111,1057,true
2913,ccd8aa3c-0991-4f68,Video,https://placekittens.com/982/440,1466,true
2914,1ed9ed2a-166d-4f38,Image,https://placekittens.com/656/506,1055,false
2915,51579b85-2873-4010,Reel,https://picsum.photos/220/291,939,true
2916,584e2abb-c2fa-45bc,Carousel,https://placekittens.com/36/812,1080,false
2917,01c23920-0f0b-4f54,Reel,https://picsum.photos/625/23,1446,true
2918,d4a747a7-f536-41cc,Carousel,https://placekittens.com/714/877,654,false
2919,33805860-b10b-420d,Image,https://picsum.photos/970/384,1522,true
2920,f225a83f-f54c-413c,Image,https://placekittens.com/234/632,784,true
2921,1d949962-93f4-4ec5,Image,https://picsum.photos/837/398,1929,true
2922,cf8be498-ab09-4e86,Video,https://dummyimage.com/281x835,1,true
2923,976cd351-25f3-4cd7,Image,https://dummyimage.com/178x391,1556,true
2924,b2af85e2-7b31-49c5,Reel,https://placekittens.com/838/389,514,true
2925,af9a0ad6-2c9f-49f3,Image,https://picsum.photos/931/845,1165,true
2926,38841eec-8ece-4b08,Image,https://placekittens.com/271/847,1736,true
2927,9f998aa4-7e39-4c68,Image,https://dummyimage.com/703x226,176,false
2928,c4e47b7d-e4c9-413b,Video,https://dummyimage.com/597x1023,1719,true
2929,76d67487-4502-45b3,Reel,https://placekittens.com/499/632,2135,true
2930,9108a940-a5c6-4659,Reel,https://picsum.photos/522/241,59,true
2931,a33c21f8-dc24-455b,Image,https://dummyimage.com/929x780,1217,true
2932,5bfceb5a-d9c1-4a73,Carousel,https://placekittens.com/126/119,2010,true
2933,00b6d567-f828-4ad7,Reel,https://dummyimage.com/583x1008,1288,true
2934,59b8b840-7b36-49ee,Carousel,https://picsum.photos/884/372,1963,false
2935,3a6265da-b84d-4dd5,Reel,https://placekittens.com/111/296,1878,true
2936,456eb77d-299e-4846,Image,https://picsum.photos/394/446,2180,true
2937,e1fecb1f-32e9-434b,Reel,https://picsum.photos/894/535,1405,true
2938,7e22b4c0-5351-41ee,Video,https://picsum.photos/901/105,415,true
2939,49b1ccc1-f3e5-4a67,Reel,https://dummyimage.com/641x904,1532,true
2940,f43647ab-278d-4af0,Image,https://picsum.photos/592/313,280,true
2941,8d01a0dc-dd32-45a1,Image,https://dummyimage.com/308x296,45,true
2942,320adba1-6d2b-4bf4,Carousel,https://placekittens.com/86/711,1942,false
2943,c0478dd9-ad4c-408e,Video,https://picsum.photos/435/585,1718,true
2944,8d83310b-7650-4024,Reel,https://picsum.photos/581/697,819,true
2945,accfad8a-74c8-4f4b,Image,https://picsum.photos/804/966,2026,false
2946,af1cd5e5-33d4-4e24,Reel,https://dummyimage.com/171x958,139,true
2947,88737acd-e41b-4679,Reel,https://picsum.photos/971/697,1449,true
2948,8a65d46b-eeed-42bb,Reel,https://picsum.photos/372/845,1982,true
2949,8de66b3b-75f0-4db0,Reel,https://dummyimage.com/263x819,1569,true
2950,b770bd3a-805d-4447,Image,https://dummyimage.com/137x1001,667,true
2951,47d079b4-05c0-42ed,Image,https://dummyimage.com/205x973,1385,true
2952,33bda1d0-08fa-488b,Reel,https://picsum.photos/936/208,311,true
2953,ad6f7169-f780-4be7,Reel,https://dummyimage.com/410x416,809,true
2954,fc353e4c-76a5-477e,Reel,https://picsum.photos/583/974,1755,true
2955,c06484fe-b5d2-4897,Video,https://picsum.photos/511/314,938,true
2956,5b961734-88d4-45c2,Image,https://dummyimage.com/187x479,55,true
2957,e6449149-eab3-44e5,Image,https://picsum.photos/195/505,147,false
2958,96ec2d0b-fc38-4ee3,Reel,https://placekittens.com/642/385,738,true
2959,25aba7b8-9c14-4a23,Carousel,https://picsum.photos/344/210,1091,false
2960,5c72ebce-c7d0-4c48,Image,https://picsum.photos/519/67,1410,false
2961,3761b4da-30ad-4afe,Carousel,https://dummyimage.com/959x502,93,false
2962,b9c19d6b-1594-471b,Video,https://dummyimage.com/74x484,1651,true
2963,de4bf30b-1c47-4a28,Carousel,https://placekittens.com/657/495,1154,false
2964,474bc7ec-0efc-4816,Reel,https://picsum.photos/897/531,1772,true
2965,60495d4d-7178-4dd5,Reel,https://picsum.photos/86/702,1265,true
2966,606b15f9-b39e-436e,Video,https://dummyimage.com/859x360,771,true
2967,e5c97089-8508-4e8c,Reel,https://picsum.photos/854/709,1459,true
2968,b454d827-48a8-494d,Reel,https://placekittens.com/706/527,1057,true
2969,9cd96dbb-f39d-4098,Carousel,https://placekittens.com/606/875,2121,false
2970,da2148f1-e04e-40c5,Carousel,https://placekittens.com/361/999,87,true
2971,f36b9341-80ad-426b,Image,https://placekittens.com/951/273,338,false
2972,a0617e4d-6494-4f15,Image,https://picsum.photos/58/61,1053,false
2973,d46a007a-95ad-47c4,Carousel,https://picsum.photos/385/835,1495,false
2974,60df8845-cb17-4d93,Carousel,https://dummyimage.com/471x549,1376,false
2975,6a6824a9-34fa-414d,Carousel,https://dummyimage.com/941x298,392,true
2976,8d39bc26-5d32-42a4,Image,https://dummyimage.com/80x533,427,true
2977,f63a8c05-cd75-4145,Carousel,https://dummyimage.com/258x477,2104,true
2978,263da7df-8778-46cc,Image,https://placekittens.com/189/71,688,false
2979,96f5e4ac-34f8-408e,Reel,https://picsum.photos/918/42,227,true
2980,f0bf0274-6d10-4d40,Image,https://placekittens.com/1024/305,151,false
2981,82545c29-baca-4dd1,Carousel,https://picsum.photos/385/506,1156,true
2982,126441a1-b8ff-4318,Carousel,https://picsum.photos/347/706,869,true
2983,2c816359-56a2-460b,Image,https://picsum.photos/394/308,757,true
2984,10ccd326-1211-460b,Image,https://picsum.photos/667/11,685,true
2985,49cc3152-abe0-449b,Video,https://placekittens.com/130/968,1459,true
2986,83045b21-99b6-4470,Image,https://picsum.photos/118/14,1814,false
2987,d805d1dd-5fee-4e51,Carousel,https://picsum.photos/685/46,891,true
2988,28f5a8b3-e78b-41e8,Carousel,https://picsum.photos/592/821,1882,false
2989,6a7bdc7f-2c5e-4a59,Image,https://picsum.photos/904/391,1124,false
2990,1ed28cf8-89c7-4e22,Image,https://dummyimage.com/616x641,744,true
2991,8497d20a-ed43-4b68,Image,https://picsum.photos/939/694,2197,false
2992,6360d979-f824-4d10,Image,https://picsum.photos/206/224,1114,false
2993,fa2c1927-299d-4a5b,Image,https://placekittens.com/650/546,2027,false
2994,2b25b170-7fa9-439a,Image,https://placekittens.com/349/147,750,true
2995,5bf04b6e-1b97-4e17,Image,https://picsum.photos/923/656,1120,true
2996,3db3ba20-8098-41aa,Reel,https://placekittens.com/556/825,1880,true
2997,34eecb80-4a5c-43c8,Image,https://picsum.photos/452/838,1725,false
2998,49946450-d8c6-4d4c,Video,https://picsum.photos/645/19,1613,true
2999,6430fcdf-db78-46dc,Carousel,https://placekittens.com/840/786,1822,true
3000,7bab58ee-b70e-4030,Reel,https://dummyimage.com/901x47,1131,true
3001,1bf1c7f1-354b-4a65,Reel,https://placekittens.com/632/574,322,true
3002,0c574601-fc94-4f1a,Image,https://placekittens.com/30/83,1781,true
3003,9fade026-ed77-41a7,Video,https://placekittens.com/586/388,579,true
3004,82045761-7410-4cd5,Carousel,https://dummyimage.com/196x242,1766,true
3005,4e4786c1-da65-4cae,Carousel,https://placekittens.com/489/907,2041,false
3006,744612b9-e061-429f,Image,https://placekittens.com/283/257,903,false
3007,c60cfcfb-6bc4-4bae,Carousel,https://picsum.photos/344/669,746,false
3008,d10dfd56-9844-4c17,Reel,https://dummyimage.com/548x466,288,true
3009,0b63a9ce-c4cd-44ca,Video,https://dummyimage.com/273x977,758,true
3010,f139e75c-173a-4fe2,Reel,https://placekittens.com/1015/685,1666,true
3011,30c0c9c8-0b8e-42eb,Video,https://placekittens.com/2/437,1782,true
3012,5894e7ba-07b5-46f2,Reel,https://picsum.photos/508/944,916,true
3013,3e2e0648-b6dd-4e69,Image,https://placekittens.com/168/632,754,true
3014,4095173d-20b5-4a83,Video,https://picsum.photos/74/406,1445,true
3015,693003f9-9a9d-4dba,Reel,https://dummyimage.com/536x103,610,true
3016,fda74b5d-07ea-4ddc,Video,https://dummyimage.com/745x449,1698,true
3017,b2476431-f2ed-4039,Image,https://dummyimage.com/109x746,2000,true
3018,498569c4-b09c-462c,Image,https://picsum.photos/493/901,990,false
3019,58143421-4d73-49e6,Carousel,https://placekittens.com/500/20,1217,false
3020,757f745f-7f47-4162,Image,https://placekittens.com/24/840,2019,true
3021,2745891c-5542-44a1,Video,https://dummyimage.com/511x321,452,true
3022,64963d13-4005-4a27,Video,https://dummyimage.com/398x688,1424,true
3023,22742940-9be7-4ec4,Image,https://dummyimage.com/513x122,421,true
3024,473b2b36-301a-49fa,Video,https://dummyimage.com/551x134,2030,true
3025,73f3db9d-2475-4fa9,Image,https://dummyimage.com/571x282,1877,true
3026,682c5177-bf90-4344,Carousel,https://picsum.photos/167/235,78,true
3027,d90d9588-e7bf-4b51,Reel,https://dummyimage.com/868x346,368,true
3028,ec8f46f9-db31-4e9a,Image,https://placekittens.com/1021/963,1770,false
3029,b48ac5b6-63d3-4885,Video,https://picsum.photos/112/989,1202,true
3030,f4ae5d30-7e4b-4bf6,Image,https://dummyimage.com/395x348,1148,true
3031,b185f983-da07-4ee0,Reel,https://picsum.photos/540/411,2008,true
3032,00b25f1d-965b-4df7,Reel,https://placekittens.com/681/293,1546,true
3033,deeac75c-e6b4-4fb7,Image,https://placekittens.com/359/483,1167,false
3034,50060061-185b-450a,Carousel,https://dummyimage.com/248x977,422,false
3035,b0bfa84c-835e-4d60,Reel,https://dummyimage.com/588x913,876,true
3036,5277f2b7-b87b-436e,Reel,https://dummyimage.com/32x888,24,true
3037,bc7710c5-c2c4-4755,Carousel,https://dummyimage.com/888x617,984,true
3038,e890bf25-7b6c-4ae7,Image,https://placekittens.com/865/457,809,false
3039,1a7ab257-10e4-4f48,Reel,https://dummyimage.com/955x611,1914,true
3040,2a28908c-e022-4ee3,Video,https://dummyimage.com/217x361,183,true
3041,6591dd0e-2301-4c1f,Video,https://placekittens.com/974/962,875,true
3042,9899b4fc-99f9-432a,Image,https://placekittens.com/177/790,1167,false
3043,f0960e60-24da-41a9,Carousel,https://placekittens.com/402/126,2176,false
3044,9b41e4c5-05a4-4adb,Image,https://placekittens.com/359/454,139,true
3045,11f46625-58d3-43a6,Reel,https://dummyimage.com/724x770,711,true
3046,6a8e6d1d-bc83-4a81,Reel,https://placekittens.com/310/816,1265,true
3047,e80c6764-cbd1-4a2d,Reel,https://picsum.photos/503/644,485,true
3048,d8aa7105-5d6d-4ee7,Reel,https://placekittens.com/198/439,1207,true
3049,ee0fd7d9-4324-4d64,Reel,https://placekittens.com/503/987,1665,true
3050,1ad08acc-40a6-44e6,Image,https://placekittens.com/803/601,953,true
3051,9fb69e0b-0b6b-49d1,Carousel,https://placekittens.com/625/664,1263,false
3052,a51a4d49-8252-4478,Image,https://picsum.photos/201/627,128,true
3053,03efe73d-60f5-4c94,Carousel,https://picsum.photos/1018/325,799,false
3054,8feff182-db71-4602,Image,https://picsum.photos/464/54,1962,false
3055,9a84f230-184b-4ec1,Carousel,https://placekittens.com/730/673,352,false
3056,2d5c4359-a935-4eb2,Video,https://picsum.photos/46/213,1653,true
3057,0639152b-b422-4cf5,Image,https://picsum.photos/857/581,1656,false
3058,6960e2ff-59e2-4e80,Carousel,https://placekittens.com/479/927,564,true
3059,90745a81-3e89-4844,Image,https://placekittens.com/842/362,211,true
3060,f2260c91-6bb7-4db6,Image,https://placekittens.com/850/342,671,false
3061,c5af112f-dfa3-48cd,Image,https://dummyimage.com/705x1007,1690,true
3062,8346bf51-f313-4ee6,Reel,https://placekittens.com/178/851,152,true
3063,68cd0385-5bae-4d44,Image,https://dummyimage.com/101x4,860,false
3064,323660ef-a1bf-4b22,Reel,https://picsum.photos/195/226,345,true
3065,16203201-cad5-46c3,Reel,https://picsum.photos/56/71,1391,true
3066,0a0a1411-0240-4387,Reel,https://dummyimage.com/905x9,544,true
3067,99d7cf6a-da68-4f0d,Image,https://dummyimage.com/895x690,1454,false
3068,815ab295-2374-4e92,Image,https://dummyimage.com/534x860,892,false
3069,10789087-369a-4d59,Image,https://picsum.photos/276/987,1302,true
3070,3f9728be-61a1-4cb5,Reel,https://dummyimage.com/181x960,1730,true
3071,2987dc5c-aa16-49fe,Reel,https://placekittens.com/456/330,1836,true
3072,ab5172d7-9e54-43fa,Carousel,https://placekittens.com/27/753,818,true
3073,bc2fb5db-87da-4832,Reel,https://picsum.photos/58/590,1506,true
3074,b5386bbe-2dfe-4ee1,Image,https://dummyimage.com/703x494,2151,true
3075,32976ff9-f6cc-4b5c,Carousel,https://dummyimage.com/980x430,1955,true
3076,7d790a4e-301b-44c7,Image,https://placekittens.com/686/499,317,true
3077,f485f411-2451-4889,Carousel,https://picsum.photos/727/892,1611,true
3078,317d4a97-8573-4ee4,Image,https://placekittens.com/878/824,1506,true
3079,28bb101f-df91-4694,Image,https://dummyimage.com/724x913,2064,true
3080,e514f85a-bf0f-46bd,Reel,https://picsum.photos/101/348,1686,true
3081,9c1202a0-64b8-4eb1,Image,https://placekittens.com/1018/347,2055,false
3082,f1d1ceeb-022c-455e,Video,https://placekittens.com/156/509,2099,true
3083,89659efc-4139-4744,Reel,https://picsum.photos/226/763,1689,true
3084,4a3b146c-2eb0-468e,Image,https://dummyimage.com/106x627,1058,false
3085,135d6d3a-293e-405e,Image,https://placekittens.com/445/489,1248,false
3086,f7a55f1c-5128-4a3f,Carousel,https://picsum.photos/450/123,1045,false
3087,83bc59cd-c52e-46c0,Image,https://placekittens.com/437/371,846,true
3088,a9746118-c87a-4d1e,Video,https://picsum.photos/243/777,740,true
3089,e5f9ca53-fba7-4046,Carousel,https://picsum.photos/655/916,949,true
3090,9d03812f-7cc0-4fc2,Image,https://dummyimage.com/815x582,585,true
3091,870a22c1-bac5-4dae,Carousel,https://dummyimage.com/749x618,2197,false
3092,51d7793b-4645-40f2,Image,https://picsum.photos/104/739,182,true
3093,ce17cdf5-2d89-4ee8,Carousel,https://dummyimage.com/62x591,2182,true
3094,ff4dafdd-d88f-43af,Reel,https://placekittens.com/394/276,1911,true
3095,a3c1b659-b1de-4d11,Image,https://placekittens.com/311/481,1543,true
3096,8a2c0edf-7c3b-4c0f,Image,https://dummyimage.com/207x883,808,true
3097,841a4ebd-062a-415d,Image,https://dummyimage.com/50x435,15,false
3098,fc9fe39f-160c-46c2,Reel,https://picsum.photos/468/336,1670,true
3099,7b75c62f-3c14-4fcd,Image,https://dummyimage.com/457x831,1756,true
3100,b1355d8d-767c-4faa,Carousel,https://dummyimage.com/401x800,1874,false
3101,a6df36f1-ef06-4543,Image,https://dummyimage.com/652x691,1179,false
3102,7145419b-930f-4bcc,Video,https://placekittens.com/910/582,749,true
3103,69082c26-b488-49c3,Image,https://picsum.photos/808/714,1105,false
3104,e10dbdb9-b7a0-4595,Carousel,https://placekittens.com/584/671,1149,true
3105,6428937c-509e-4717,Image,https://placekittens.com/456/819,1714,false
3106,ef477727-225e-461f,Reel,https://placekittens.com/407/522,1977,true
3107,68876c4c-fe89-4bc0,Image,https://placekittens.com/203/374,870,true
3108,2e879d9e-5617-427f,Image,https://picsum.photos/25/886,1246,false
3109,4ce6fd1b-918d-478d,Image,https://placekittens.com/973/446,940,false
3110,699cac2f-2948-4e90,Reel,https://placekittens.com/389/830,565,true
3111,b692bf92-24f3-4e5c,Image,https://dummyimage.com/939x290,747,true
3112,beb7c445-aa16-44e0,Video,https://placekittens.com/391/570,1529,true
3113,145abbdb-892e-413e,Image,https://picsum.photos/944/577,1807,true
3114,e3b51617-b036-4b0b,Reel,https://dummyimage.com/975x98,386,true
3115,60ef3732-03dd-4298,Carousel,https://picsum.photos/864/1012,191,false
3116,c32a7929-76f1-40f5,Image,https://placekittens.com/809/814,601,true
3117,884fc324-b407-473e,Carousel,https://picsum.photos/879/4,1742,false
3118,58ec4896-d071-4e07,Image,https://placekittens.com/726/819,1543,false
3119,93108dde-e84d-4a96,Image,https://placekittens.com/221/46,496,true
3120,8eee42ef-8e00-4d4a,Reel,https://picsum.photos/776/165,265,true
3121,c7504ad0-28af-4d3f,Carousel,https://picsum.photos/832/660,1923,false
3122,e838ad7a-2cfe-4295,Reel,https://picsum.photos/61/998,1642,true
3123,6e3dbb03-7803-4c84,Image,https://dummyimage.com/927x959,1609,true
3124,ce180d70-f2bb-4084,Image,https://placekittens.com/755/895,1919,true
3125,d7a302fe-0a70-45d1,Image,https://picsum.photos/262/417,3,true
3126,661ecb34-a894-4a3c,Reel,https://placekittens.com/478/980,1929,true
3127,2b79d9e5-f848-4663,Image,https://dummyimage.com/86x1014,719,false
3128,aee38aaf-cb3f-4734,Carousel,https://picsum.photos/101/992,169,false
3129,2e64d19a-c8db-463b,Carousel,https://placekittens.com/328/124,1435,false
3130,eb55a589-ff71-4af7,Image,https://placekittens.com/437/202,1921,true
3131,4eedb9bb-118e-45a0,Image,https://picsum.photos/368/412,556,false
3132,119aaafb-2de4-4b58,Image,https://placekittens.com/386/494,544,false
3133,dd2ce7ce-92da-4982,Image,https://picsum.photos/672/583,1068,false
3134,f4b6daf9-1237-444b,Image,https://dummyimage.com/35x787,2146,true
3135,6372c891-23c1-434a,Carousel,https://dummyimage.com/925x145,146,false
3136,fb2c3582-b1ff-4bef,Image,https://placekittens.com/410/114,2178,true
3137,28701fab-67c4-4742,Video,https://picsum.photos/163/357,1947,true
3138,21b44179-237e-45c7,Image,https://picsum.photos/958/851,1210,true
3139,5d742ba7-5825-4140,Image,https://dummyimage.com/61x445,2166,false
3140,349d5e49-f447-47d4,Reel,https://placekittens.com/529/769,191,true
3141,6c6affcf-e063-495e,Image,https://picsum.photos/957/736,274,false
3142,84c128e0-33c5-4f99,Image,https://dummyimage.com/487x341,664,false
3143,9571554a-b1ac-4126,Carousel,https://placekittens.com/607/236,2150,false
3144,056f4f78-c0fa-49fc,Image,https://dummyimage.com/193x38,191,false
3145,17b9a8ce-fe6e-49b5,Image,https://placekittens.com/953/786,1135,true
3146,0a6aa754-cd62-4988,Reel,https://placekittens.com/583/372,239,true
3147,022ee6ae-29d2-4dc4,Video,https://placekittens.com/261/101,1699,true
3148,6652b455-72a3-4523,Image,https://placekittens.com/711/785,474,false
3149,9406fd2a-d463-4162,Video,https://picsum.photos/48/628,6,true
3150,9af27148-72f4-495e,Reel,https://placekittens.com/199/6,1574,true
3151,7fec2fad-b6fc-4a16,Image,https://placekittens.com/859/292,670,false
3152,bcf79cc6-a74d-4c32,Image,https://picsum.photos/957/335,798,false
3153,ffbc1437-8534-43b8,Reel,https://dummyimage.com/670x692,337,true
3154,6274b04e-7163-4e2d,Video,https://placekittens.com/172/753,624,true
3155,3f1fbed1-4ea0-46c1,Reel,https://dummyimage.com/424x850,65,true
3156,af8d8d67-7330-4bf0,Image,https://dummyimage.com/226x458,2127,true
3157,38be1c33-8dc2-4a74,Image,https://picsum.photos/25/420,2162,true
3158,410bc4d6-5100-4226,Carousel,https://dummyimage.com/587x880,268,true
3159,e229a810-40d0-4525,Image,https://picsum.photos/51/286,1088,true
3160,11646703-10b6-4e2a,Video,https://placekittens.com/929/33,1828,true
3161,0f8c78de-8b22-437d,Image,https://dummyimage.com/312x114,11,false
3162,95901059-b5a0-440e,Reel,https://dummyimage.com/581x399,986,true
3163,8ae123cf-d533-4635,Image,https://dummyimage.com/149x1009,746,true
3164,4255fa6c-6d6b-4ee5,Image,https://picsum.photos/872/728,1472,true
3165,bf5622fc-570b-4c99,Image,https://dummyimage.com/905x350,121,false
3166,c5c983c0-1e17-4810,Reel,https://placekittens.com/762/11,1911,true
3167,c55ad9e2-848f-424f,Reel,https://dummyimage.com/670x339,200,true
3168,b53df91a-9e1a-4375,Image,https://picsum.photos/131/502,1824,false
3169,8cefce55-ac19-4779,Reel,https://picsum.photos/310/326,1824,true
3170,df3b9e73-cf6e-43c3,Image,https://dummyimage.com/287x275,1540,false
3171,c8ee2551-809a-44e7,Video,https://dummyimage.com/973x668,1694,true
3172,2bf0904d-8906-4c0c,Image,https://dummyimage.com/787x969,597,true
3173,f6014213-907f-42f5,Reel,https://placekittens.com/49/103,1056,true
3174,80b7556b-131a-4c15,Reel,https://dummyimage.com/250x444,811,true
3175,13f6bc9f-ce4b-45d7,Image,https://dummyimage.com/1001x769,4,false
3176,e5a46d60-a305-4d98,Image,https://placekittens.com/460/918,1866,true
3177,99a38e08-e7c4-4d2b,Image,https://placekittens.com/82/484,518,false
3178,6b19d4ee-74af-493c,Image,https://dummyimage.com/803x946,1236,true
3179,0893387c-5c3e-4ee5,Carousel,https://placekittens.com/974/706,1299,true
3180,dc9c4f9c-8188-4760,Reel,https://dummyimage.com/556x961,234,true
3181,0419ff60-239c-4b2f,Reel,https://picsum.photos/752/767,1188,true
3182,3d69eb50-4bb6-430d,Carousel,https://picsum.photos/857/552,525,false
3183,2b4ba7eb-7f8a-436d,Video,https://picsum.photos/208/462,306,true
3184,11d3c882-39f8-438d,Video,https://picsum.photos/783/453,1307,true
3185,b66806d5-75f7-481f,Image,https://picsum.photos/50/795,200,true
3186,39e5143f-f5ad-46b4,Carousel,https://picsum.photos/951/732,1757,true
3187,ef5b87be-5318-495d,Reel,https://picsum.photos/876/678,2167,true
3188,2e49414f-1534-454e,Carousel,https://dummyimage.com/756x470,821,false
3189,6ef4afae-a327-4d9f,Reel,https://placekittens.com/522/944,1044,true
3190,2f3cfe4e-b2f4-4664,Image,https://picsum.photos/985/231,962,true
3191,616b0bbd-4619-42fc,Carousel,https://dummyimage.com/123x843,1549,true
3192,7a707198-1b2d-4a55,Image,https://placekittens.com/464/860,947,true
3193,71824e72-00d8-4221,Image,https://picsum.photos/211/980,2085,false
3194,cfbda785-2d34-4492,Reel,https://dummyimage.com/743x857,1059,true
3195,b8fc9c22-7a74-407c,Carousel,https://dummyimage.com/233x672,1471,true
3196,017761c4-3308-4c1a,Carousel,https://dummyimage.com/548x295,1686,false
3197,b64969c7-3009-449a,Reel,https://dummyimage.com/456x426,113,true
3198,191af7a6-ee31-4d92,Carousel,https://placekittens.com/648/830,110,false
3199,22588324-a770-415c,Reel,https://placekittens.com/426/511,478,true
3200,6827a082-8eb1-43f5,Reel,https://picsum.photos/536/412,1310,true
3201,39d4a0ae-bf92-4f2a,Image,https://placekittens.com/127/418,1113,false
3202,b2f1fa6c-f574-493d,Reel,https://picsum.photos/868/349,2023,true
3203,84c09bb0-28cf-4b63,Image,https://picsum.photos/261/749,438,false
3204,bcb8a78f-eee9-421a,Carousel,https://picsum.photos/910/175,1511,false
3205,fd8e043d-27a4-4419,Image,https://picsum.photos/64/948,1856,false
3206,def40a2d-04f2-4cb4,Image,https://picsum.photos/853/674,843,true
3207,e7461092-4049-441a,Reel,https://placekittens.com/38/602,13,true
3208,6b8f4372-a222-4367,Reel,https://dummyimage.com/588x658,406,true
3209,2a66279e-c3cc-4d32,Reel,https://picsum.photos/891/382,1194,true
3210,a2adc83c-5c97-445f,Video,https://placekittens.com/314/54,1160,true
3211,6dba7766-4ece-438a,Reel,https://placekittens.com/799/349,455,true
3212,b80509cd-8247-4237,Reel,https://dummyimage.com/575x501,1431,true
3213,d181bac4-2e88-4d42,Video,https://picsum.photos/701/988,1492,true
3214,6bdf08ac-7dd8-44f9,Carousel,https://placekittens.com/789/121,873,true
3215,43b2beed-1019-4fb0,Image,https://dummyimage.com/59x287,890,false
3216,5db27ae8-cf18-46b6,Reel,https://dummyimage.com/402x766,1904,true
3217,18f2cae7-2aad-4cff,Video,https://dummyimage.com/558x319,1584,true
3218,d706b3d9-15be-4e70,Carousel,https://picsum.photos/265/141,5,true
3219,80c5d14e-d1a7-49b0,Image,https://dummyimage.com/559x82,1638,true
3220,a211b84b-094b-4755,Carousel,https://placekittens.com/261/712,1630,false
3221,17fccd21-ac08-4856,Image,https://picsum.photos/892/750,2138,false
3222,d3dd5ae9-1b32-40e4,Reel,https://picsum.photos/868/478,1572,true
3223,4cf61ad0-1052-4e17,Image,https://placekittens.com/293/671,1009,true
3224,8222c615-8af8-4ed0,Reel,https://dummyimage.com/896x233,986,true
3225,6d07a160-90fd-42f4,Reel,https://placekittens.com/488/302,550,true
3226,e0f4ce25-b6d9-49b2,Reel,https://placekittens.com/782/779,1630,true
3227,69a224a8-a61a-497d,Image,https://dummyimage.com/70x549,1575,true
3228,42952eff-60ab-44ae,Reel,https://placekittens.com/720/491,1317,true
3229,dc4545b9-e5ae-4bd0,Reel,https://placekittens.com/898/21,728,true
3230,85186d59-de8e-4819,Reel,https://dummyimage.com/20x897,415,true
3231,7164e616-f773-403f,Carousel,https://placekittens.com/299/67,1649,false
3232,5e90b065-f812-4438,Image,https://dummyimage.com/781x776,727,false
3233,aceba845-41cd-4341,Image,https://placekittens.com/191/288,1165,true
3234,4639b4bf-e645-4bb6,Image,https://picsum.photos/3/404,1419,true
3235,76a89768-4907-4edc,Image,https://picsum.photos/266/241,36,true
3236,2498be69-5409-45dc,Image,https://dummyimage.com/495x541,1531,false
3237,dfd8dbee-046c-41fa,Carousel,https://dummyimage.com/607x853,2168,false
3238,6355fe14-f03a-46df,Image,https://placekittens.com/326/479,909,false
3239,ec58a2b5-7f81-423c,Image,https://dummyimage.com/776x888,2132,true
3240,c7ed5359-e78a-4a5d,Image,https://placekittens.com/152/264,910,true
3241,0184a215-5a0a-4583,Image,https://dummyimage.com/877x598,447,true
3242,43f78f6c-cb7f-48fb,Video,https://dummyimage.com/770x688,1842,true
3243,9ef1416f-984a-48f7,Image,https://placekittens.com/599/587,2031,true
3244,4a42c4d4-b191-4dc0,Image,https://picsum.photos/2/466,159,true
3245,54f4ec3e-a3f6-47b4,Reel,https://picsum.photos/429/802,879,true
3246,0306b35c-9b32-444b,Reel,https://dummyimage.com/455x794,1442,true
3247,0f893969-a24d-4237,Reel,https://dummyimage.com/349x129,662,true
3248,7d05a81e-bf48-4180,Reel,https://placekittens.com/479/450,1588,true
3249,f37bd030-3286-4356,Image,https://dummyimage.com/598x725,2157,true
3250,52452f8f-6c66-44d4,Image,https://placekittens.com/751/383,2172,false
3251,cb1c47c8-5f79-4c4b,Reel,https://dummyimage.com/686x655,926,true
3252,13d7dda9-3876-4a1b,Video,https://dummyimage.com/9x819,1910,true
3253,9f377fec-055b-45f6,Image,https://placekittens.com/732/270,1764,true
3254,814dd782-bed3-43f8,Reel,https://placekittens.com/1001/324,1686,true
3255,32b0aaf3-f4b6-4a9e,Image,https://dummyimage.com/533x716,1555,false
3256,48d820b4-0ac2-47af,Image,https://picsum.photos/246/516,1526,false
3257,64f172b4-24c0-47bc,Reel,https://placekittens.com/1016/460,1417,true
3258,7a219369-91d8-4b63,Reel,https://picsum.photos/291/1010,546,true
3259,45d74c2e-5e6d-4070,Image,https://picsum.photos/896/696,45,true
3260,5e196cdd-af09-451f,Image,https://dummyimage.com/756x508,1046,false
3261,0c70b599-447b-4d5b,Image,https://picsum.photos/6/764,428,false
3262,1c7a7d78-5676-4f0d,Reel,https://dummyimage.com/223x1012,1593,true
3263,0535b4ba-4ff1-4163,Reel,https://dummyimage.com/518x930,1475,true
3264,7e769911-ffe9-4da3,Image,https://picsum.photos/287/1024,685,true
3265,71373451-35b7-45c7,Image,https://picsum.photos/660/676,1218,false
3266,5b1ef5e2-a4fb-47bb,Image,https://placekittens.com/194/88,2046,true
3267,ce337b10-e4f3-4b58,Reel,https://placekittens.com/578/609,476,true
3268,f87805db-9f08-413b,Video,https://dummyimage.com/81x116,1596,true
3269,9769e761-7999-4a56,Image,https://placekittens.com/145/820,2046,true
3270,a035d6b4-bda5-47e4,Video,https://placekittens.com/246/51,1747,true
3271,af194c13-bd91-47c3,Reel,https://placekittens.com/936/688,1840,true
3272,166e5786-0441-4d50,Reel,https://dummyimage.com/683x246,72,true
3273,43c9f075-224d-4c9e,Image,https://dummyimage.com/727x351,1774,true
3274,402b6849-7e5f-4e63,Video,https://dummyimage.com/53x806,137,true
3275,1f90932d-8359-48d3,Image,https://dummyimage.com/136x295,1617,true
3276,d3ac4906-0f3c-4be4,Image,https://placekittens.com/25/502,2001,false
3277,6cb3c11c-d1cd-4f53,Carousel,https://picsum.photos/324/927,1569,false
3278,38aff61d-9ead-4436,Image,https://placekittens.com/518/335,1265,true
3279,7ab5f3ce-5fd6-4f7e,Image,https://dummyimage.com/1007x381,166,false
3280,001397c0-7469-4e95,Image,https://picsum.photos/441/422,2180,true
3281,f99efc9b-18f6-4f58,Reel,https://dummyimage.com/330x389,281,true
3282,e3595d37-f169-4354,Reel,https://placekittens.com/974/723,815,true
3283,74867612-ce75-4df3,Image,https://placekittens.com/450/684,1211,false
3284,12c78514-5be2-4687,Carousel,https://picsum.photos/311/1003,1422,false
3285,262958cf-66e3-439b,Image,https://picsum.photos/19/348,159,false
3286,f0e628e6-81ef-47cb,Image,https://placekittens.com/38/354,763,false
3287,89c16a53-7747-47c6,Image,https://placekittens.com/1001/185,1266,true
3288,795b515c-7497-497e,Image,https://placekittens.com/170/359,1772,true
3289,149d8c4a-a0de-464c,Image,https://picsum.photos/92/361,538,false
3290,a4883e38-e487-4f7c,Image,https://dummyimage.com/742x720,1933,false
3291,46a89b00-e735-4047,Carousel,https://placekittens.com/357/683,2136,false
3292,00f4ed95-8280-4690,Reel,https://dummyimage.com/526x699,1969,true
3293,b42c0049-af8f-442f,Video,https://dummyimage.com/244x815,2066,true
3294,ce8da4d5-0d5f-478b,Reel,https://placekittens.com/1014/87,753,true
3295,be5af993-9a48-44dd,Reel,https://picsum.photos/439/315,1670,true
3296,78c92c8b-5974-4a45,Video,https://dummyimage.com/313x964,665,true
3297,dc5b1bbf-2226-4493,Image,https://picsum.photos/135/68,1898,false
3298,e212c6cf-abb8-4e41,Image,https://placekittens.com/846/639,1567,false
3299,13baf194-8f59-486d,Image,https://dummyimage.com/177x596,1908,true
3300,94c34711-d665-4f07,Reel,https://dummyimage.com/154x960,1122,true
3301,355964b6-8f27-4968,Image,https://dummyimage.com/844x410,81,false
3302,887f5e66-e2fb-437e,Carousel,https://placekittens.com/214/445,1152,true
3303,1ae2338c-9442-4352,Reel,https://dummyimage.com/472x748,1641,true
3304,5d7319cf-8c1a-4bf3,Reel,https://placekittens.com/834/431,1915,true
3305,036d7759-3424-4650,Image,https://picsum.photos/360/13,710,false
3306,7189edf9-513c-4a99,Reel,https://picsum.photos/419/951,719,true
3307,99492eb1-3d8a-4a73,Image,https://dummyimage.com/810x612,1924,true
3308,a577df60-ccf9-4c45,Carousel,https://placekittens.com/903/272,339,true
3309,81f0ccda-39bb-4277,Reel,https://dummyimage.com/345x740,2144,true
3310,b543e29b-4530-4b62,Image,https://dummyimage.com/462x632,255,true
3311,d70056f1-81c5-438a,Reel,https://picsum.photos/508/712,732,true
3312,7b95d1b0-04be-4f66,Reel,https://dummyimage.com/657x589,2012,true
3313,1aa7d149-4bfc-4bc7,Video,https://picsum.photos/665/399,1663,true
3314,3a6192d1-48a2-4484,Reel,https://placekittens.com/631/152,1494,true
3315,e3a6e912-4fd9-46b5,Carousel,https://picsum.photos/710/164,237,true
3316,32a3eee2-d9b3-461b,Video,https://placekittens.com/42/582,1672,true
3317,b4a4ab13-0b68-4466,Video,https://picsum.photos/73/127,1418,true
3318,8d0ed55c-27b4-45bd,Reel,https://picsum.photos/215/623,483,true
3319,11054a1e-cba9-4eb6,Reel,https://picsum.photos/532/745,1092,true
3320,3d6ab496-9b28-4a02,Image,https://picsum.photos/196/561,1642,false
3321,5eae1ef4-5124-42d6,Carousel,https://placekittens.com/461/420,68,false
3322,670de523-81c9-410d,Image,https://placekittens.com/386/938,2114,false
3323,af268be4-7c45-4cf5,Carousel,https://placekittens.com/279/572,1208,false
3324,faf763cf-c74d-4a15,Image,https://picsum.photos/706/220,1879,false
3325,dec9ba07-bb8a-4a98,Reel,https://placekittens.com/720/811,1988,true
3326,ff27334b-9409-4e83,Image,https://dummyimage.com/834x814,509,true
3327,aab1f444-1e46-4e5e,Image,https://placekittens.com/615/64,920,true
3328,8e36d311-2551-49f2,Image,https://picsum.photos/491/548,2120,false
3329,0de7a9dc-6b84-4899,Image,https://dummyimage.com/870x854,306,true
3330,fbd90a7d-ebe6-42f8,Carousel,https://dummyimage.com/392x332,294,true
3331,9167847e-5886-4255,Reel,https://placekittens.com/66/227,384,true
3332,23d84893-596c-4e71,Image,https://placekittens.com/642/370,1844,true
3333,0ecd94af-1592-4f24,Video,https://dummyimage.com/570x710,198,true
3334,ec65c1ca-e455-4f03,Image,https://picsum.photos/130/830,467,true
3335,7acfadee-3788-4c49,Reel,https://dummyimage.com/614x547,1532,true
3336,794fe0a5-b670-4074,Reel,https://placekittens.com/260/824,1880,true
3337,ec297d82-6dda-444c,Reel,https://dummyimage.com/67x772,1473,true
3338,fc1058c2-6f83-40af,Reel,https://placekittens.com/100/460,9,true
3339,e498f205-4c10-4b28,Reel,https://picsum.photos/795/718,1557,true
3340,74159d4c-14c5-4bc4,Reel,https://placekittens.com/675/378,78,true
3341,d3a7e477-72ba-46c7,Carousel,https://placekittens.com/451/200,2143,true
3342,0d6d855e-08c3-4acb,Image,https://picsum.photos/754/769,581,false
3343,8e41de6e-7744-40a7,Reel,https://placekittens.com/909/820,889,true
3344,6dfa5205-fa46-477d,Reel,https://dummyimage.com/796x452,1398,true
3345,f8ddb8ec-6dd1-4a39,Image,https://placekittens.com/287/696,956,true
3346,aa54b0bc-110f-42d8,Carousel,https://placekittens.com/958/12,1903,true
3347,4876734d-1c36-416e,Reel,https://dummyimage.com/1014x117,1610,true
3348,c2e1615f-a38c-4ddc,Image,https://picsum.photos/896/37,884,false
3349,c9b7db83-f1b1-41b3,Carousel,https://picsum.photos/124/247,1227,true
3350,c85161bb-6d4e-43fd,Image,https://dummyimage.com/472x620,1317,false
3351,59cb0e3c-e577-4694,Reel,https://dummyimage.com/887x550,604,true
3352,f6baed7c-869f-48f8,Carousel,https://picsum.photos/621/231,1356,true
3353,0fd227a8-1143-482c,Video,https://dummyimage.com/913x32,1412,true
3354,b0c1e66a-4fa4-45b2,Image,https://picsum.photos/538/780,2174,false
3355,1fb2942f-7e5b-46d8,Image,https://dummyimage.com/91x683,540,false
3356,ca03019e-2000-4eb9,Image,https://dummyimage.com/468x565,730,false
3357,4bd1ed81-d9ea-49de,Image,https://picsum.photos/51/211,41,false
3358,14a48171-abf9-4db7,Video,https://dummyimage.com/3x416,231,true
3359,4730eb84-d5b1-48af,Reel,https://picsum.photos/388/465,1760,true
3360,ab6846dc-5b2d-4040,Image,https://placekittens.com/913/807,190,false
3361,1e410728-8f41-48db,Image,https://dummyimage.com/722x983,1560,false
3362,00e93e5a-5156-481e,Reel,https://placekittens.com/15/546,1016,true
3363,884c499d-c0f2-49e2,Carousel,https://dummyimage.com/164x649,981,false
3364,da3e3069-0718-4bcd,Image,https://placekittens.com/816/644,847,false
3365,6d74fa1e-165a-4134,Image,https://placekittens.com/338/268,646,true
3366,06fc20f9-bf42-47bb,Reel,https://picsum.photos/161/664,1505,true
3367,5879f110-b5f5-4425,Carousel,https://picsum.photos/235/649,249,false
3368,7edae99e-f483-4ab7,Carousel,https://placekittens.com/585/483,1207,true
3369,23bd58c7-02c2-44c3,Reel,https://dummyimage.com/634x410,885,true
3370,1fef3028-82bd-47b0,Reel,https://picsum.photos/88/303,1779,true
3371,8e171889-fa14-4e3c,Reel,https://dummyimage.com/172x128,1085,true
3372,44302975-ce5a-40ea,Carousel,https://dummyimage.com/1015x974,1686,true
3373,1470a744-958e-4f83,Image,https://picsum.photos/184/802,69,true
3374,860df6d3-5aa8-489a,Image,https://picsum.photos/24/521,1801,true
3375,19ddef26-0cf0-4479,Reel,https://picsum.photos/326/130,20,true
3376,0d5bce80-e412-4898,Reel,https://dummyimage.com/444x86,2034,true
3377,42c73746-0b5e-4db7,Image,https://picsum.photos/281/26,806,false
3378,f261c28c-235f-4d1e,Carousel,https://placekittens.com/626/634,352,true
3379,8b26ece8-de68-4922,Carousel,https://placekittens.com/827/387,850,true
3380,2dfffb1a-efa1-4b3f,Image,https://placekittens.com/771/360,1769,false
3381,fe631552-cf48-4c71,Image,https://picsum.photos/359/532,1192,false
3382,80ee7c18-4f19-4b55,Image,https://dummyimage.com/362x406,640,false
3383,517b47e0-86b6-456a,Image,https://picsum.photos/260/559,1052,false
3384,a83221f6-6f36-491a,Image,https://picsum.photos/467/215,355,true
3385,2bb05b21-18df-496c,Reel,https://dummyimage.com/873x367,362,true
3386,887f573c-485f-4148,Image,https://placekittens.com/294/869,650,false
3387,9d30130c-f545-4b60,Reel,https://picsum.photos/444/3,310,true
3388,7a509eff-9460-466c,Image,https://picsum.photos/569/252,777,false
3389,1313d9ff-8640-429a,Image,https://picsum.photos/426/635,74,true
3390,9e8fdcf3-a831-4d6f,Image,https://placekittens.com/451/372,1401,true
3391,86030c4a-532b-4e05,Carousel,https://dummyimage.com/123x70,299,true
3392,a3924ba3-2dbb-4076,Carousel,https://picsum.photos/307/325,56,false
3393,23a5a0f7-5b7f-4758,Reel,https://dummyimage.com/949x212,259,true
3394,79ff9b63-0c5d-4d23,Image,https://dummyimage.com/154x415,509,true
3395,e104d641-cbf7-4993,Carousel,https://placekittens.com/46/471,415,false
3396,f79c988f-c41e-48d1,Video,https://picsum.photos/67/494,607,true
3397,21a7f9f6-2a54-46e5,Image,https://dummyimage.com/940x1015,1827,false
3398,3a41eec4-8549-4ad8,Video,https://dummyimage.com/795x425,383,true
3399,dda8d569-bdaf-42e3,Image,https://picsum.photos/840/756,658,true
3400,c09d503a-a05d-4659,Carousel,https://picsum.photos/231/59,806,true
3401,d36a4b27-ce9e-422a,Carousel,https://placekittens.com/193/369,1218,false
3402,c019fdf3-a4c2-4d82,Video,https://placekittens.com/119/911,1427,true
3403,e915adcb-d60e-4d7b,Image,https://picsum.photos/304/923,1728,false
3404,c895084a-ff17-4d2b,Reel,https://picsum.photos/777/906,1974,true
3405,d816ce45-3130-4e24,Reel,https://placekittens.com/636/346,1635,true
3406,c04d99f4-bebc-4059,Carousel,https://dummyimage.com/243x364,2062,true
3407,2f54bde5-434e-45bb,Reel,https://dummyimage.com/223x674,1666,true
3408,10f7ae10-4f38-443b,Reel,https://placekittens.com/684/132,263,true
3409,1486044c-e971-455a,Image,https://dummyimage.com/23x619,1900,false
3410,ca050ad0-a61d-4f32,Reel,https://picsum.photos/183/141,257,true
3411,9b20de9b-7ace-4d50,Carousel,https://placekittens.com/110/739,1295,true
3412,c0f2c672-0865-413c,Reel,https://placekittens.com/869/883,874,true
3413,6753cf7b-482d-4d81,Image,https://dummyimage.com/626x159,42,false
3414,1c362c46-795f-4f41,Carousel,https://picsum.photos/156/702,1322,true
3415,f77d1833-b7b9-41f8,Reel,https://dummyimage.com/805x211,1945,true
3416,1da488a0-97d6-4dbf,Image,https://dummyimage.com/960x668,1397,true
3417,4405dd4e-9c8a-41a9,Reel,https://dummyimage.com/588x480,1170,true
3418,eb536ab0-9e07-41cf,Image,https://picsum.photos/615/967,424,false
3419,22f44da8-154e-4123,Carousel,https://dummyimage.com/781x754,62,false
3420,44276644-a54c-4bc9,Image,https://dummyimage.com/1010x909,1877,true
3421,5b2fba8b-1cde-448c,Carousel,https://dummyimage.com/197x484,242,true
3422,f3e5bc56-65ad-46f3,Reel,https://picsum.photos/47/776,1582,true
3423,bba9628c-7cd2-4634,Reel,https://picsum.photos/86/326,1873,true
3424,a3c7a1db-6445-4471,Image,https://placekittens.com/827/981,2064,true
3425,20931e51-4484-4c70,Image,https://dummyimage.com/639x857,788,false
3426,0652c202-ef75-48c7,Image,https://placekittens.com/379/147,1376,true
3427,53fdc138-1644-456c,Carousel,https://dummyimage.com/119x254,1651,false
3428,e65dee8d-ad5a-4693,Reel,https://picsum.photos/795/908,378,true
3429,d18003cf-7c74-480c,Image,https://dummyimage.com/230x887,758,false
3430,dcefb56c-3b9c-4e7d,Carousel,https://placekittens.com/415/103,2081,true
3431,3f7cc312-8eab-4cb1,Image,https://dummyimage.com/716x526,1400,true
3432,a93cfe29-dfd1-42f6,Reel,https://dummyimage.com/441x974,1130,true
3433,ffb767af-093a-406f,Image,https://placekittens.com/678/972,1333,true
3434,9b91fcf9-d8b5-445c,Image,https://placekittens.com/809/585,1630,false
3435,fb295cf9-d944-4aab,Image,https://dummyimage.com/992x914,1678,true
3436,b4ffe92d-6837-4460,Carousel,https://placekittens.com/805/206,298,false
3437,a428b9d8-8923-4290,Image,https://dummyimage.com/1008x140,862,true
3438,164fc89b-9a55-461f,Reel,https://placekittens.com/599/704,1221,true
3439,6b2cdabf-cfe4-4101,Image,https://placekittens.com/72/376,1185,true
3440,4186b1f3-d891-4894,Reel,https://placekittens.com/264/220,2062,true
3441,f4457b5c-6fbe-4905,Carousel,https://picsum.photos/601/919,1115,true
3442,f05f9e51-f8f5-46bf,Reel,https://picsum.photos/851/193,239,true
3443,32627f3e-6d59-4c2e,Image,https://dummyimage.com/778x275,1097,true
3444,b71dc189-0838-4d8a,Video,https://dummyimage.com/264x941,110,true
3445,3a0ab4fb-098c-4c73,Reel,https://placekittens.com/107/644,450,true
3446,6a8d1125-23f1-481b,Image,https://placekittens.com/362/227,1599,true
3447,af566159-094c-44be,Reel,https://placekittens.com/35/441,987,true
3448,a7558c9c-01bd-4287,Reel,https://picsum.photos/625/417,74,true
3449,d72d249b-3aa8-4d0b,Carousel,https://picsum.photos/617/735,385,false
3450,51dec635-80fe-43c2,Reel,https://dummyimage.com/781x642,306,true
3451,f7c1b6de-2bfb-4923,Image,https://dummyimage.com/2x358,2193,true
3452,38c1f3be-ffc8-4f77,Reel,https://dummyimage.com/694x92,641,true
3453,419bb735-5bab-4fa3,Image,https://picsum.photos/430/894,2053,false
3454,c99a126f-d128-495a,Reel,https://dummyimage.com/474x380,939,true
3455,d706359f-bc49-401d,Reel,https://placekittens.com/927/304,1441,true
3456,22dd8731-6556-456d,Video,https://dummyimage.com/288x328,434,true
3457,e498bf00-748e-4388,Image,https://picsum.photos/685/501,470,false
3458,4ebb1b8b-0f80-481f,Reel,https://picsum.photos/816/942,2197,true
3459,f2e434b2-97a5-4707,Carousel,https://placekittens.com/454/231,1836,false
3460,25b863d4-9659-44fa,Reel,https://picsum.photos/778/714,1774,true
3461,49df1473-5fc8-4588,Carousel,https://placekittens.com/848/700,1730,false
3462,5e61efa1-dc3a-4f60,Image,https://picsum.photos/475/674,1550,false
3463,5fb18691-808d-458e,Carousel,https://dummyimage.com/836x15,1957,false
3464,49d636be-1bbf-4c67,Image,https://dummyimage.com/56x736,343,false
3465,926f3331-a50f-4ade,Image,https://picsum.photos/417/898,610,true
3466,e50567a3-cf45-4427,Video,https://placekittens.com/813/214,419,true
3467,30fe36e8-0850-4c94,Image,https://dummyimage.com/70x210,1014,false
3468,10503716-fdfd-4620,Image,https://picsum.photos/229/954,1049,true
3469,49725443-2372-42da,Image,https://picsum.photos/1000/631,431,false
3470,a545c711-2a0d-46ad,Carousel,https://picsum.photos/272/24,133,false
3471,c70797b4-db12-4482,Image,https://dummyimage.com/444x427,2165,false
3472,4792789b-8a86-4a78,Reel,https://dummyimage.com/855x819,1389,true
3473,2c07268a-0321-4f03,Image,https://placekittens.com/147/973,663,true
3474,f146e692-8df5-4a3e,Image,https://dummyimage.com/501x646,268,true
3475,7746288d-8dda-4213,Carousel,https://picsum.photos/495/431,1272,true
3476,6747b6d4-0771-4c9a,Image,https://picsum.photos/369/677,1496,true
3477,1ef958c1-ae7e-4ffe,Carousel,https://dummyimage.com/442x868,1236,true
3478,527a38f3-8dcc-4f13,Reel,https://dummyimage.com/588x1024,650,true
3479,2bebde65-9fec-4399,Carousel,https://picsum.photos/925/838,2127,true
3480,24919a02-eee8-43d5,Reel,https://picsum.photos/53/223,266,true
3481,27c12d7d-0ece-47bd,Carousel,https://picsum.photos/410/752,581,true
3482,99963fc0-e850-41fe,Carousel,https://picsum.photos/418/308,566,false
3483,a4a46b38-163b-466d,Image,https://picsum.photos/249/133,1882,false
3484,1ab65fbf-16f8-47ae,Reel,https://placekittens.com/1022/796,1126,true
3485,992d7d41-f0d4-4d8b,Reel,https://dummyimage.com/612x65,2180,true
3486,9e5dd1e9-3a47-41c9,Reel,https://picsum.photos/392/591,1581,true
3487,abd5d4b1-9f44-489b,Video,https://placekittens.com/430/958,2023,true
3488,6c6b576a-351e-4c8c,Image,https://dummyimage.com/314x652,1947,false
3489,5dd33db1-aaba-440d,Image,https://placekittens.com/358/547,1163,false
3490,9f49cc5c-7233-4760,Carousel,https://dummyimage.com/489x596,1919,true
3491,28400a08-f97f-448c,Image,https://dummyimage.com/104x314,93,false
3492,8cf25d6d-8877-4ae9,Image,https://placekittens.com/797/284,17,false
3493,04db8642-6fb5-4825,Reel,https://picsum.photos/8/870,456,true
3494,3664e82d-c516-4269,Image,https://dummyimage.com/371x380,1092,true
3495,ac49e80a-5ac4-460a,Reel,https://dummyimage.com/51x732,1564,true
3496,c157920a-309b-4de1,Reel,https://picsum.photos/692/516,1224,true
3497,2f74fac4-3889-48c7,Image,https://picsum.photos/169/204,1997,false
3498,855a9e40-541c-47c0,Carousel,https://placekittens.com/793/116,2008,true
3499,766fc3ff-b31e-4235,Image,https://placekittens.com/948/216,1793,false
3500,2fb70ab7-9538-438f,Image,https://dummyimage.com/997x330,933,false
3501,24e28c00-9998-4363,Reel,https://dummyimage.com/967x540,2175,true
3502,456f4289-c363-47cb,Image,https://picsum.photos/682/410,1968,true
3503,9e6cdac9-8b0e-43a2,Image,https://dummyimage.com/150x452,250,false
3504,5b0e6f80-02a2-417b,Carousel,https://placekittens.com/320/269,1712,true
3505,34c8c493-b356-407b,Reel,https://placekittens.com/231/205,1361,true
3506,c06a57b4-d896-4942,Image,https://placekittens.com/188/592,1885,false
3507,1a3bf916-d71f-4854,Image,https://picsum.photos/245/780,454,false
3508,062324d7-4527-44e7,Image,https://placekittens.com/966/937,931,false
3509,4bb066df-b9ce-4293,Carousel,https://dummyimage.com/661x992,1143,true
3510,0c03e5d8-28db-4205,Video,https://picsum.photos/710/254,499,true
3511,1e5bab70-458c-4a8a,Reel,https://placekittens.com/450/88,1999,true
3512,efc3921b-6e59-4a99,Image,https://dummyimage.com/123x11,2067,true
3513,4133ace6-0857-44e0,Image,https://placekittens.com/877/426,386,true
3514,b6b0203e-2e51-406f,Image,https://picsum.photos/382/326,1833,false
3515,67a57ac9-17be-4880,Image,https://placekittens.com/356/511,1152,true
3516,c7b0e64a-f093-4b1b,Carousel,https://picsum.photos/2/174,2094,false
3517,f9434716-90f8-4e46,Carousel,https://placekittens.com/815/917,997,false
3518,1495e32d-de62-4b80,Reel,https://dummyimage.com/833x60,760,true
3519,94e4e790-4c31-405a,Reel,https://dummyimage.com/148x569,1060,true
3520,a40bf78b-6f1f-4381,Reel,https://placekittens.com/28/744,1138,true
3521,d8f29eba-eb36-4151,Image,https://dummyimage.com/680x51,525,false
3522,72e2ba53-d8fd-4674,Carousel,https://placekittens.com/204/925,164,true
3523,ec064b66-c85e-4e67,Image,https://dummyimage.com/947x426,1988,false
3524,5657eb14-b8f9-403d,Carousel,https://placekittens.com/977/551,950,true
3525,5d98c054-255d-41ef,Video,https://dummyimage.com/598x368,1850,true
3526,f036d1c9-0e31-4456,Reel,https://dummyimage.com/326x388,195,true
3527,72a0014e-11e1-4f22,Reel,https://dummyimage.com/1006x406,875,true
3528,05074626-2dcc-4260,Carousel,https://placekittens.com/166/870,859,true
3529,43beec54-cea3-4179,Image,https://placekittens.com/178/305,1782,true
3530,42dbfa4a-12aa-4d4e,Reel,https://placekittens.com/340/140,617,true
3531,9a617199-7eb4-4d45,Image,https://picsum.photos/988/764,1172,true
3532,1bcb3830-9e05-431e,Reel,https://dummyimage.com/448x755,1568,true
3533,f67d30d2-3a0e-4e8c,Image,https://dummyimage.com/394x508,1707,true
3534,b753a592-8d35-4a01,Image,https://dummyimage.com/250x730,1980,true
3535,1b37a166-25b6-4a80,Image,https://dummyimage.com/425x531,1743,false
3536,12d06c0c-c488-4209,Video,https://dummyimage.com/669x757,1844,true
3537,64fd8250-ec09-4cf3,Video,https://picsum.photos/128/900,1278,true
3538,8201e507-700c-4f56,Reel,https://picsum.photos/413/328,1199,true
3539,9e689b19-e73c-4b39,Image,https://dummyimage.com/519x401,971,false
3540,1d64c8ac-f1f6-4b2d,Image,https://dummyimage.com/718x38,46,true
3541,bdc0ec6b-a2b6-460c,Reel,https://dummyimage.com/905x934,2155,true
3542,c881b715-fe2c-457b,Video,https://placekittens.com/664/153,1809,true
3543,de4fe019-37fc-4a5f,Video,https://picsum.photos/285/472,1189,true
3544,992c469a-d3b7-4e39,Reel,https://dummyimage.com/207x519,1626,true
3545,06541740-2591-4363,Image,https://picsum.photos/239/207,292,false
3546,881ccfb1-56e7-451d,Reel,https://dummyimage.com/17x180,2170,true
3547,db5ffe7e-4c23-488d,Image,https://dummyimage.com/521x508,1069,true
3548,f63df33e-d334-4560,Reel,https://dummyimage.com/494x213,849,true
3549,a4a0df24-45a4-420c,Reel,https://placekittens.com/98/803,679,true
3550,f6caa00f-cee4-43b9,Reel,https://picsum.photos/116/463,422,true
3551,216dab77-72ca-4e9d,Image,https://picsum.photos/303/837,1758,true
3552,38d77b99-8519-4f5b,Image,https://picsum.photos/561/69,86,false
3553,6408cced-fedc-4274,Image,https://placekittens.com/801/713,432,false
3554,971c3820-6f78-460f,Carousel,https://dummyimage.com/592x292,1046,false
3555,38f67807-5659-41eb,Image,https://dummyimage.com/444x712,2022,false
3556,16daf323-2e0f-4fc4,Image,https://picsum.photos/990/278,1223,true
3557,e00286df-a878-4218,Reel,https://placekittens.com/103/647,687,true
3558,a0ce8e1e-a654-4d03,Image,https://dummyimage.com/1013x81,1693,true
3559,61deec14-cc6f-447c,Image,https://picsum.photos/353/27,1171,false
3560,d9233eb0-efaf-430d,Carousel,https://dummyimage.com/831x898,1709,true
3561,0cb4089a-9d38-4ecd,Reel,https://dummyimage.com/740x388,1997,true
3562,69a4ddeb-59bc-4349,Carousel,https://dummyimage.com/708x112,1604,true
3563,51576ca0-a91e-4924,Reel,https://dummyimage.com/992x222,100,true
3564,3205ae4a-01c4-40cb,Image,https://dummyimage.com/881x521,545,false
3565,f7c0b1c3-7455-43be,Reel,https://placekittens.com/974/83,76,true
3566,afb6f22f-3596-4cce,Carousel,https://picsum.photos/484/162,74,false
3567,0912657b-078d-45d3,Reel,https://picsum.photos/623/941,1522,true
3568,39edd35c-6dc6-40d0,Carousel,https://picsum.photos/344/403,163,false
3569,1fe82b37-e327-4d51,Video,https://dummyimage.com/974x568,1470,true
3570,51bb9d8a-34b0-486c,Image,https://placekittens.com/264/84,1789,true
3571,87ff371a-ac63-41e2,Carousel,https://picsum.photos/38/25,1317,false
3572,4d2817e9-a14d-4d9e,Image,https://placekittens.com/949/423,388,true
3573,61220abb-f875-4a9d,Image,https://dummyimage.com/359x144,1420,true
3574,bd1e0872-c49c-41e9,Image,https://picsum.photos/102/110,1460,false
3575,ffa54af1-205b-45ed,Reel,https://picsum.photos/192/788,238,true
3576,90853207-13b5-4ab9,Image,https://dummyimage.com/1020x871,1812,true
3577,566f645a-df4d-4266,Reel,https://dummyimage.com/338x522,403,true
3578,b771199f-c85e-460d,Image,https://placekittens.com/756/430,519,true
3579,a73519e9-30b3-45bc,Reel,https://placekittens.com/814/95,455,true
3580,d25a6ec5-3f12-4a98,Image,https://dummyimage.com/576x939,311,true
3581,c1f45b65-a565-412c,Image,https://placekittens.com/668/830,875,false
3582,bbcf4942-e5f0-4031,Carousel,https://placekittens.com/55/243,130,false
3583,f52a6d33-fe92-4c5d,Reel,https://placekittens.com/703/805,1625,true
3584,c8781dbd-beaf-4f7c,Reel,https://picsum.photos/525/206,706,true
3585,721ad30e-a6ed-453d,Image,https://picsum.photos/720/260,1116,false
3586,4dd3382e-e330-4e47,Reel,https://dummyimage.com/920x404,1947,true
3587,a240e777-78bb-4f5a,Image,https://placekittens.com/776/880,458,false
3588,3da6769b-6c7c-4921,Reel,https://placekittens.com/90/244,330,true
3589,187334fc-8df4-4e7f,Carousel,https://picsum.photos/846/684,133,true
3590,68e17942-be9d-4746,Image,https://placekittens.com/820/728,1808,true
3591,25e4ee5e-0aeb-44b3,Reel,https://placekittens.com/34/932,23,true
3592,fd866244-3a6c-47b2,Reel,https://placekittens.com/998/992,1770,true
3593,afce5691-d050-4286,Carousel,https://placekittens.com/282/929,45,false
3594,26e95655-4185-47e4,Image,https://picsum.photos/133/219,378,true
3595,0d100806-51b5-490b,Carousel,https://picsum.photos/800/244,1324,true
3596,28fbca73-6d2d-4b2a,Video,https://picsum.photos/877/557,253,true
3597,8ccb286f-f19a-4782,Carousel,https://picsum.photos/104/1017,531,true
3598,71a27cad-21d1-4038,Image,https://dummyimage.com/67x643,155,false
3599,7170e350-9a45-495b,Image,https://dummyimage.com/854x201,1646,false
3600,5976e395-6cab-489a,Carousel,https://dummyimage.com/95x329,1559,true
3601,157828f0-2a95-4726,Image,https://dummyimage.com/264x483,64,false
3602,8b591d6b-721a-45b8,Reel,https://picsum.photos/748/135,1257,true
3603,6eaee6ce-49b0-42cc,Image,https://dummyimage.com/691x463,62,false
3604,1d797aeb-8276-4954,Image,https://picsum.photos/878/918,861,true
3605,674b4c95-7fc1-4292,Video,https://placekittens.com/489/565,454,true
3606,7487a69d-ffbf-4d0f,Reel,https://dummyimage.com/573x234,711,true
3607,b39f76a4-5c93-429a,Image,https://picsum.photos/114/896,1079,false
3608,9bf6868f-e2c1-4c63,Reel,https://dummyimage.com/889x5,1192,true
3609,8b3a73ae-3935-4362,Image,https://picsum.photos/875/812,625,false
3610,f306cee2-b2e4-4509,Image,https://dummyimage.com/668x139,242,false
3611,0a8dac9e-a826-4a34,Image,https://placekittens.com/504/895,634,false
3612,9166f501-1118-45a9,Carousel,https://picsum.photos/2/72,2193,true
3613,94293454-390f-4988,Reel,https://dummyimage.com/827x642,87,true
3614,19ce9352-f892-4120,Image,https://dummyimage.com/597x833,879,false
3615,0fc47e21-c502-43f7,Reel,https://dummyimage.com/765x70,154,true
3616,31027bea-c1d5-4d20,Image,https://placekittens.com/495/632,948,false
3617,fab67f2f-ea90-4291,Carousel,https://placekittens.com/605/515,1285,false
3618,596acd0e-12b5-4569,Image,https://placekittens.com/827/573,808,true
3619,fd5ecda9-63af-42d5,Carousel,https://dummyimage.com/679x476,823,false
3620,4bd5b309-9fcb-4a12,Image,https://dummyimage.com/805x697,1765,true
3621,82608fc0-173e-427d,Reel,https://picsum.photos/321/43,1673,true
3622,5201c0ec-0e1d-45e0,Reel,https://picsum.photos/249/437,2110,true
3623,913ca61a-50da-4ec3,Image,https://dummyimage.com/547x6,1750,true
3624,0348e976-6fdc-431c,Image,https://placekittens.com/429/417,1218,true
3625,423536bd-030b-43d2,Image,https://dummyimage.com/886x283,2071,true
3626,5857cd4b-6185-4056,Carousel,https://dummyimage.com/86x642,1663,true
3627,c947a457-89e4-4cb2,Image,https://placekittens.com/281/84,1501,false
3628,84c5950d-7dae-46ad,Reel,https://dummyimage.com/517x558,2176,true
3629,184c4f09-61b6-4a68,Reel,https://picsum.photos/785/144,9,true
3630,5d18ebb6-1a72-4f7d,Reel,https://dummyimage.com/868x54,338,true
3631,6fe0cdb2-d13c-40d2,Video,https://placekittens.com/1014/896,268,true
3632,4017a09f-7816-4bba,Reel,https://picsum.photos/781/992,574,true
3633,9cd732ad-912f-41e8,Video,https://placekittens.com/272/182,883,true
3634,467d50a0-1ac4-4d41,Carousel,https://dummyimage.com/440x131,66,true
3635,3f6ab426-86d6-47f6,Carousel,https://dummyimage.com/243x237,1073,true
3636,cdb33cc5-8d15-4d77,Carousel,https://placekittens.com/620/185,955,true
3637,b10671c4-8d1d-4eee,Video,https://placekittens.com/226/151,447,true
3638,ffac2952-2e03-450f,Reel,https://placekittens.com/418/636,907,true
3639,3d8d4678-eeb7-433e,Reel,https://placekittens.com/213/263,1993,true
3640,d5836389-9186-4e4b,Image,https://dummyimage.com/298x607,171,false
3641,654347f4-3fc9-4771,Image,https://placekittens.com/894/928,1110,true
3642,40d6db62-22f6-4250,Image,https://picsum.photos/489/99,1518,false
3643,76693c4e-0a5b-42c6,Reel,https://picsum.photos/516/425,1967,true
3644,ad6488a4-df71-4cc8,Image,https://placekittens.com/439/409,2135,false
3645,452ec63f-5b6e-481a,Image,https://dummyimage.com/973x66,2062,false
3646,9ac6b9b9-a43a-4a71,Carousel,https://placekittens.com/922/137,155,true
3647,353a432a-8079-4616,Reel,https://placekittens.com/30/168,258,true
3648,c88323a8-35d7-45f5,Reel,https://picsum.photos/681/1020,1761,true
3649,4bfe1720-3f35-4867,Image,https://picsum.photos/893/55,887,false
3650,0dfe8b52-8c19-42ef,Video,https://dummyimage.com/330x502,1795,true
3651,4ddf625c-d74c-434d,Image,https://dummyimage.com/695x932,1071,false
3652,a2a4e1af-0a65-4283,Reel,https://placekittens.com/251/426,1313,true
3653,f6272f35-e47e-4804,Reel,https://placekittens.com/215/947,1411,true
3654,f094df97-1d86-4d5f,Image,https://picsum.photos/859/4,1260,true
3655,5b71881a-04c2-489e,Reel,https://placekittens.com/716/323,1740,true
3656,a7d34963-29cd-4638,Image,https://dummyimage.com/362x12,752,true
3657,712e2ce7-6078-4d7b,Video,https://dummyimage.com/826x909,210,true
3658,0e90e86e-cd35-42b1,Carousel,https://picsum.photos/745/755,749,false
3659,109e5f50-8a31-4859,Image,https://placekittens.com/694/501,1193,true
3660,a34cce3f-467e-4980,Carousel,https://dummyimage.com/476x559,1124,true
3661,fedacd97-b9d1-4a36,Image,https://picsum.photos/182/371,1806,false
3662,900909be-e41f-4659,Reel,https://dummyimage.com/307x789,14,true
3663,a94731be-78f0-40a9,Carousel,https://picsum.photos/991/282,67,true
3664,f61fbb62-a03b-47cc,Reel,https://picsum.photos/983/118,1930,true
3665,fed16932-b4d8-4227,Reel,https://dummyimage.com/794x887,1826,true
3666,486544ad-f4d5-446a,Image,https://dummyimage.com/345x111,1739,false
3667,8783c975-1433-4671,Reel,https://placekittens.com/232/202,1243,true
3668,785bdeb1-d971-4e12,Reel,https://picsum.photos/415/741,1375,true
3669,db3e5ab3-db56-4ca6,Image,https://picsum.photos/92/588,1622,false
3670,b857f89e-10d1-4bf3,Reel,https://dummyimage.com/539x962,2108,true
3671,8251d368-cc9a-4e37,Image,https://picsum.photos/350/337,571,false
3672,76166a70-c0b6-4633,Image,https://dummyimage.com/586x473,1982,false
3673,210f9867-7c8c-4620,Reel,https://dummyimage.com/419x655,1332,true
3674,09f23985-494d-4469,Carousel,https://placekittens.com/532/651,1238,false
3675,e3fc4573-b4a5-4ff2,Image,https://dummyimage.com/311x149,663,false
3676,74300846-8cc6-4f7f,Video,https://picsum.photos/231/106,1701,true
3677,30f15927-37b0-4ee6,Reel,https://dummyimage.com/716x981,1220,true
3678,2fe789a8-3465-4aee,Image,https://picsum.photos/507/530,1065,false
3679,10d94ab0-7a58-489c,Reel,https://dummyimage.com/399x836,468,true
3680,2dc6f9a3-e495-4cee,Reel,https://dummyimage.com/829x453,1241,true
3681,e6f92761-9efb-461f,Image,https://placekittens.com/679/532,118,true
3682,ca76f9bd-f424-4d81,Carousel,https://placekittens.com/689/899,780,true
3683,7b0611d1-23b0-4be8,Carousel,https://dummyimage.com/857x690,231,true
3684,d6933b3a-2077-4043,Reel,https://dummyimage.com/40x190,1695,true
3685,e5794870-3cb1-4587,Image,https://picsum.photos/794/479,244,true
3686,4c15361f-e856-40cd,Image,https://dummyimage.com/219x610,775,true
3687,ea71c69e-3944-4409,Reel,https://placekittens.com/309/858,2075,true
3688,cc6310c9-f581-4418,Reel,https://dummyimage.com/952x664,1610,true
3689,eacdab78-6501-4965,Carousel,https://picsum.photos/747/526,1515,false
3690,b73efcc6-804f-4761,Image,https://picsum.photos/586/701,395,false
3691,d7963da1-bd76-4c8d,Image,https://placekittens.com/733/238,1218,false
3692,c1e2d0cc-ac0f-46ab,Image,https://dummyimage.com/818x97,1379,true
3693,786a8d9c-5514-4e58,Carousel,https://dummyimage.com/673x438,13,false
3694,5f6a1e09-1b33-45e4,Reel,https://placekittens.com/208/400,1910,true
3695,f81f3355-fbbe-495e,Image,https://placekittens.com/115/534,2039,true
3696,2abdfe88-da1e-4394,Reel,https://placekittens.com/782/532,565,true
3697,8840c9c4-e145-4d09,Image,https://dummyimage.com/108x799,521,true
3698,d23fd5aa-47a3-4685,Image,https://dummyimage.com/916x427,372,false
3699,d74ad6f6-23fd-4d8a,Image,https://placekittens.com/157/964,596,false
3700,0d1fa800-1b9e-4681,Reel,https://dummyimage.com/20x896,807,true
3701,e0bf1ea2-7017-44b8,Image,https://placekittens.com/552/251,1924,false
3702,cb9f0a8f-75ce-4d9e,Carousel,https://dummyimage.com/269x81,1834,false
3703,e7838411-0ec6-45d8,Image,https://picsum.photos/52/114,1981,false
3704,080ece65-fca2-4a18,Image,https://picsum.photos/1007/953,1508,false
3705,1a5991f0-4af1-4c74,Video,https://picsum.photos/958/629,1189,true
3706,73018cbe-7399-42ac,Reel,https://picsum.photos/796/827,80,true
3707,7996d798-229a-4971,Carousel,https://dummyimage.com/894x638,1032,true
3708,fc2e8d1f-ba60-4b42,Reel,https://picsum.photos/328/484,383,true
3709,152b3d32-818f-4cdb,Reel,https://placekittens.com/896/454,1870,true
3710,5e406bab-ae1c-4a12,Image,https://picsum.photos/264/719,665,true
3711,168be311-9f88-4d3c,Reel,https://picsum.photos/467/217,600,true
3712,95ea807b-e0f4-4a0f,Carousel,https://placekittens.com/449/13,32,true
3713,ad592cad-1d6c-4249,Video,https://dummyimage.com/388x589,1420,true
3714,9aca77d0-310e-4e73,Carousel,https://placekittens.com/981/347,1795,false
3715,680c492c-c167-4136,Carousel,https://placekittens.com/880/1004,2042,false
3716,99646fb5-f8c2-42fa,Reel,https://picsum.photos/312/192,1002,true
3717,3f565b2d-4aae-4456,Reel,https://placekittens.com/498/533,406,true
3718,6d5a46bf-9aa2-40a7,Video,https://placekittens.com/854/339,349,true
3719,95bccf60-ade2-468b,Reel,https://picsum.photos/585/857,462,true
3720,34309639-933a-480a,Image,https://placekittens.com/124/760,1777,false
3721,4d48b286-4696-41a5,Image,https://placekittens.com/593/107,507,false
3722,73d4d297-2132-49c0,Carousel,https://placekittens.com/784/516,861,false
3723,5579e713-1c39-4756,Video,https://picsum.photos/839/990,950,true
3724,79121284-f599-4912,Video,https://picsum.photos/956/775,1027,true
3725,63bf3d2e-e721-484e,Carousel,https://placekittens.com/837/608,1320,true
3726,a7519cf6-d721-4b5b,Video,https://placekittens.com/563/12,1942,true
3727,239a74b1-239c-466d,Reel,https://picsum.photos/117/933,2175,true
3728,ecd3a4e2-2119-4d40,Reel,https://dummyimage.com/908x380,1813,true
3729,17bb0023-0f0b-481c,Image,https://picsum.photos/679/727,1769,true
3730,7c3cfe9b-be93-431e,Image,https://placekittens.com/45/225,2017,false
3731,c1303cba-044d-4dc2,Reel,https://picsum.photos/747/433,146,true
3732,8a1417be-a3a5-4333,Image,https://placekittens.com/341/885,1365,true
3733,9e719b10-f534-405c,Video,https://placekittens.com/174/531,1851,true
3734,af2420ae-0f66-4aca,Image,https://dummyimage.com/758x982,1434,true
3735,987ef35e-8773-4ee0,Image,https://picsum.photos/126/469,445,false
3736,c9f01f78-0080-418f,Image,https://picsum.photos/273/914,652,true
3737,1fc8ee4b-88f2-4db8,Reel,https://placekittens.com/386/65,1418,true
3738,44401695-94c4-439c,Reel,https://placekittens.com/992/263,1329,true
3739,738dd225-59db-4e84,Reel,https://dummyimage.com/840x577,2155,true
3740,fa8ad412-5ad8-46f1,Image,https://dummyimage.com/222x566,628,false
3741,738752c6-ed11-4f3c,Reel,https://dummyimage.com/301x988,28,true
3742,6d90777e-c321-4290,Video,https://placekittens.com/359/821,620,true
3743,7e8c7e7b-3bda-41ae,Image,https://dummyimage.com/584x118,433,false
3744,c2a9a0f5-6135-4b4e,Image,https://dummyimage.com/896x804,1749,false
3745,93c61af8-1c64-4cf2,Image,https://picsum.photos/598/566,810,false
3746,1037575e-9d42-4788,Carousel,https://placekittens.com/479/346,434,true
3747,052c025d-ce80-4fb7,Image,https://dummyimage.com/602x692,189,true
3748,31749b16-d0c7-4e9b,Video,https://placekittens.com/797/917,1470,true
3749,56e9c63c-8709-4a08,Image,https://dummyimage.com/672x15,1738,false
3750,7e158c14-cfdd-4aeb,Image,https://dummyimage.com/460x153,228,true
3751,1e12b72a-13f2-4d85,Reel,https://placekittens.com/746/50,1529,true
3752,ffc8d8e5-26fe-46f5,Image,https://dummyimage.com/956x9,552,false
3753,ac29d66f-9237-44d5,Reel,https://placekittens.com/837/391,155,true
3754,c42a469e-9003-41ab,Reel,https://placekittens.com/467/175,2092,true
3755,c1571599-fb41-4b53,Video,https://placekittens.com/343/127,608,true
3756,1424a078-40ff-49a8,Image,https://picsum.photos/765/646,240,false
3757,b8036769-b545-469a,Carousel,https://placekittens.com/746/578,1609,false
3758,63140e6e-5112-49d7,Image,https://dummyimage.com/341x615,640,false
3759,01a741c2-2f28-4267,Carousel,https://picsum.photos/222/20,1784,false
3760,f3127435-96e3-4151,Carousel,https://picsum.photos/640/433,647,true
3761,b06a2946-cac5-47b9,Reel,https://picsum.photos/65/411,1548,true
3762,aeabc66d-0d9c-4e1c,Carousel,https://placekittens.com/292/546,949,true
3763,f3c69322-09e4-40b8,Carousel,https://dummyimage.com/559x687,1061,true
3764,cd3e9b1b-d78b-49e3,Video,https://placekittens.com/315/774,408,true
3765,2c8bd82b-15d2-4b76,Reel,https://picsum.photos/231/287,251,true
3766,d9ad3468-1484-46b6,Video,https://dummyimage.com/215x609,586,true
3767,c0a2b62b-8128-429c,Reel,https://placekittens.com/411/481,2059,true
3768,03d586d0-589f-45c3,Image,https://dummyimage.com/1010x521,26,false
3769,3266dd7b-f6ba-4b79,Reel,https://picsum.photos/743/806,656,true
3770,73e52e59-b6c3-46f5,Carousel,https://picsum.photos/71/1013,1757,false
3771,70066217-8d87-4294,Image,https://dummyimage.com/542x464,257,false
3772,5e5e7325-bfbb-42fe,Image,https://dummyimage.com/210x146,1587,false
3773,c5cc10a0-fe3c-413c,Image,https://placekittens.com/746/647,2142,true
3774,8c4509dc-2692-4169,Image,https://picsum.photos/570/318,364,true
3775,be69cb94-0ef9-4058,Reel,https://placekittens.com/103/810,205,true
3776,7064b75f-2f11-4e63,Image,https://placekittens.com/136/813,260,false
3777,a7bb49c3-54bd-4e16,Carousel,https://placekittens.com/321/727,14,false
3778,28c175dc-8fec-4338,Image,https://dummyimage.com/894x672,1601,true
3779,2fc1ad02-3b24-4d8d,Reel,https://picsum.photos/239/1007,546,true
3780,a866c275-c73b-439d,Image,https://dummyimage.com/478x630,1767,false
3781,f94f6a0a-c762-44cf,Video,https://placekittens.com/247/916,693,true
3782,923e79bb-e5cc-4503,Image,https://placekittens.com/917/855,83,false
3783,90ae0204-fa7e-4589,Carousel,https://picsum.photos/985/989,675,true
3784,9e8f9cb7-56bf-470f,Image,https://dummyimage.com/267x1013,159,true
3785,33141808-1e5c-4780,Carousel,https://picsum.photos/265/328,902,true
3786,37588f5f-283c-4cc4,Image,https://dummyimage.com/804x114,115,true
3787,eccf44ee-83ae-4350,Reel,https://dummyimage.com/51x1023,586,true
3788,cd3fa661-7fed-4147,Image,https://placekittens.com/344/577,2055,true
3789,1f52762e-9864-4ff0,Video,https://picsum.photos/562/317,823,true
3790,cf99545e-f633-4939,Reel,https://dummyimage.com/763x851,13,true
3791,d6ccfec9-4b14-4b28,Video,https://placekittens.com/915/694,1187,true
3792,ccdb98e9-42d9-4b1c,Carousel,https://placekittens.com/877/357,704,true
3793,58761e6a-6c06-41e1,Image,https://dummyimage.com/553x570,1974,true
3794,6da151f2-e6c0-4644,Reel,https://placekittens.com/342/478,2163,true
3795,8d6e54f9-ba37-4706,Image,https://placekittens.com/262/797,1661,false
3796,00e2baf9-5615-48f6,Reel,https://placekittens.com/94/377,1430,true
3797,a218785a-1e41-4b70,Reel,https://dummyimage.com/228x233,2088,true
3798,30f8a7f9-a5ff-4ac2,Carousel,https://placekittens.com/368/877,550,false
3799,b8c2e68b-87c1-42d8,Video,https://dummyimage.com/546x994,1221,true
3800,f7848d15-180f-4051,Carousel,https://dummyimage.com/6x968,391,false
3801,26f3c3b2-b677-4b86,Image,https://picsum.photos/158/774,1726,true
3802,ee92e61b-ed22-4d19,Reel,https://picsum.photos/326/122,625,true
3803,8aafbffe-c363-40bd,Image,https://dummyimage.com/362x257,1441,false
3804,d11f539c-9605-40c3,Carousel,https://picsum.photos/67/159,646,true
3805,547f4006-ea0e-4f90,Carousel,https://picsum.photos/127/297,408,true
3806,0cf1629f-1c4c-4aa8,Video,https://dummyimage.com/995x768,47,true
3807,aebe6752-9081-42c6,Image,https://picsum.photos/7/922,222,true
3808,10053db3-5198-4887,Reel,https://placekittens.com/58/60,153,true
3809,5db4d05d-21de-466c,Image,https://dummyimage.com/331x466,1958,true
3810,ebd94363-ab23-4744,Carousel,https://placekittens.com/220/387,765,false
3811,7b646e91-32e0-4702,Carousel,https://picsum.photos/333/886,324,false
3812,407fec4f-288d-4bbe,Image,https://dummyimage.com/923x517,1940,true
3813,f06f35ae-c898-4d37,Reel,https://picsum.photos/455/590,1143,true
3814,1c2dea9f-5741-475f,Carousel,https://placekittens.com/37/542,409,false
3815,bf704693-a254-4401,Reel,https://dummyimage.com/491x833,2108,true
3816,462cece8-2053-4fbb,Image,https://placekittens.com/846/835,2046,true
3817,20dea05c-5e1b-47cd,Image,https://dummyimage.com/599x152,283,true
3818,19aed3f5-da3e-49d4,Reel,https://dummyimage.com/153x496,58,true
3819,2a032330-a8e4-450b,Image,https://picsum.photos/2/267,1992,false
3820,1ce9c1a6-f521-4aea,Reel,https://placekittens.com/225/188,341,true
3821,15309216-68cf-47ff,Image,https://dummyimage.com/5x479,321,true
3822,dd7a7166-3113-48c4,Image,https://picsum.photos/751/337,1766,true
3823,b4e09132-6aa5-4859,Image,https://dummyimage.com/601x592,2143,false
3824,56e45c8f-c886-41ec,Image,https://picsum.photos/744/587,645,false
3825,c18d0196-838e-4271,Carousel,https://picsum.photos/1007/628,889,true
3826,2f474dd8-8bc3-4cf2,Image,https://dummyimage.com/413x490,339,false
3827,fa0dcb69-e59c-4b5f,Video,https://placekittens.com/796/277,1487,true
3828,c21e15ab-fd66-4840,Image,https://placekittens.com/285/955,1090,false
3829,3789a5fe-bc98-49dc,Carousel,https://picsum.photos/916/101,357,false
3830,e33d842e-6647-4d43,Carousel,https://placekittens.com/309/427,851,false
3831,24745c88-7024-43c2,Reel,https://placekittens.com/39/541,1971,true
3832,a2519d45-9975-49fe,Image,https://dummyimage.com/966x430,649,true
3833,09fd27d4-7018-4eb8,Image,https://picsum.photos/460/3,959,false
3834,857d47c6-aa69-4cfa,Image,https://dummyimage.com/715x728,1398,false
3835,e3abb99f-9c40-46ba,Image,https://placekittens.com/125/766,1167,false
3836,0e4e06ce-fc61-4731,Reel,https://dummyimage.com/826x536,905,true
3837,53aef1fa-b0bc-4933,Image,https://dummyimage.com/589x786,730,false
3838,04599bbc-88f1-4785,Reel,https://dummyimage.com/197x272,248,true
3839,b867341c-9d86-437e,Image,https://picsum.photos/574/205,603,true
3840,874cb382-057e-4097,Carousel,https://placekittens.com/73/497,1251,false
3841,130e7332-7ff7-4d78,Image,https://placekittens.com/23/861,765,false
3842,85e55727-aa71-4d8a,Carousel,https://picsum.photos/840/185,2055,false
3843,d7e4394c-7c84-484e,Reel,https://dummyimage.com/217x976,459,true
3844,f210cb29-3d24-4877,Reel,https://picsum.photos/538/883,1359,true
3845,79871f27-2223-4136,Image,https://dummyimage.com/121x729,233,true
3846,7e7fde8f-4c22-49f8,Image,https://dummyimage.com/404x723,1758,false
3847,67eab0bb-088b-4007,Reel,https://dummyimage.com/187x526,1186,true
3848,02130746-8176-4c07,Video,https://picsum.photos/263/221,375,true
3849,e25cf7c4-7e26-4ead,Reel,https://placekittens.com/22/643,744,true
3850,a6e96f33-936a-414f,Video,https://placekittens.com/468/275,1985,true
3851,d90fba4b-3f57-4381,Image,https://picsum.photos/980/158,1596,true
3852,279f8041-d7bc-48c3,Image,https://picsum.photos/430/900,1341,true
3853,2bafb690-a303-4805,Image,https://dummyimage.com/234x898,79,false
3854,b31ae133-6721-4e99,Carousel,https://placekittens.com/322/28,387,false
3855,358b593e-da80-4f08,Image,https://placekittens.com/416/193,1166,true
3856,4ae45617-d66d-4c89,Carousel,https://dummyimage.com/810x1006,1668,false
3857,cce4c7f7-55ac-45ca,Image,https://placekittens.com/43/608,914,false
3858,b369597b-0eeb-4fd4,Image,https://dummyimage.com/552x237,1757,false
3859,8c86e991-970c-4247,Reel,https://placekittens.com/948/517,557,true
3860,47f38e84-5813-4f64,Video,https://picsum.photos/257/275,894,true
3861,8bb70b2a-fdbc-42d1,Video,https://placekittens.com/16/163,718,true
3862,045f3988-90ba-4021,Image,https://dummyimage.com/858x891,990,true
3863,6c9f3eb8-06de-4992,Reel,https://dummyimage.com/321x700,1882,true
3864,cde313d4-bcb0-4f2c,Reel,https://picsum.photos/637/580,1732,true
3865,fd6f2164-d0d8-4b71,Image,https://picsum.photos/402/621,1622,false
3866,dd034b4a-21be-4d73,Video,https://dummyimage.com/136x214,1495,true
3867,0e73da17-c3d3-4788,Reel,https://placekittens.com/886/465,1510,true
3868,b9c17be5-babd-4484,Reel,https://dummyimage.com/461x960,757,true
3869,e1091c3d-2664-4579,Image,https://picsum.photos/39/270,2120,true
3870,69e76b22-40c4-470e,Carousel,https://placekittens.com/229/273,47,false
3871,e24f8484-fc0f-4a8c,Carousel,https://picsum.photos/559/781,2080,true
3872,407d1dcf-e996-4e55,Video,https://picsum.photos/359/298,1446,true
3873,2933c9bb-3e53-4c81,Reel,https://placekittens.com/113/122,539,true
3874,e881c101-e1a2-458d,Video,https://dummyimage.com/302x80,778,true
3875,5bc7f7c3-8e2e-447a,Image,https://placekittens.com/617/3,1386,true
3876,758199b5-043b-4f23,Carousel,https://placekittens.com/250/770,531,false
3877,3752976a-b507-45b6,Carousel,https://dummyimage.com/834x36,331,false
3878,d8cae669-b32f-4119,Video,https://picsum.photos/119/536,1337,true
3879,6a3c7650-59f7-4dfe,Carousel,https://placekittens.com/71/984,1817,false
3880,d5e5e007-3286-4c76,Image,https://placekittens.com/798/620,1762,false
3881,186de0e7-7db9-41a6,Reel,https://picsum.photos/414/904,1261,true
3882,e284497c-8ee5-4d3c,Reel,https://dummyimage.com/775x98,1287,true
3883,9bf663fd-51d6-4669,Reel,https://placekittens.com/394/514,939,true
3884,5288e46a-a51a-41f1,Reel,https://placekittens.com/790/654,2124,true
3885,ada21559-0d75-4f05,Reel,https://picsum.photos/598/847,2023,true
3886,433839a6-9f21-4332,Video,https://picsum.photos/830/21,658,true
3887,1229826d-87bc-42dd,Image,https://placekittens.com/11/519,164,true
3888,386d423d-85cd-4acc,Carousel,https://dummyimage.com/179x82,1397,false
3889,4f2bdd8f-0e99-4304,Reel,https://picsum.photos/744/263,2062,true
3890,787fb5df-6b33-4efd,Image,https://picsum.photos/1003/780,1630,true
3891,27d165a9-4857-4c8c,Carousel,https://picsum.photos/561/369,1141,true
3892,dd4afdbb-e4ec-4d85,Image,https://dummyimage.com/263x949,1277,false
3893,0a2dda9e-85fe-46b3,Image,https://placekittens.com/495/654,1314,true
3894,5a1be004-e742-433e,Carousel,https://dummyimage.com/355x496,1550,false
3895,d879cac2-428f-4c79,Carousel,https://dummyimage.com/270x656,698,false
3896,7523494e-e16d-47f5,Reel,https://dummyimage.com/349x747,1907,true
3897,ff460f70-87ab-49ab,Reel,https://dummyimage.com/645x750,1947,true
3898,e79bbcfe-8c32-40c2,Reel,https://placekittens.com/232/1013,424,true
3899,308fa34b-7d82-4d96,Video,https://placekittens.com/540/968,1165,true
3900,7977679a-b052-458f,Image,https://placekittens.com/324/688,142,false
3901,c81a0c02-990b-4cff,Image,https://dummyimage.com/288x646,995,true
3902,94031222-6b2c-4a47,Reel,https://picsum.photos/909/263,43,true
3903,9e1ec440-6b6c-43c9,Image,https://picsum.photos/210/850,71,true
3904,37f1bc8d-451f-490f,Image,https://placekittens.com/429/513,368,false
3905,7ec0d27f-3a5e-4a38,Image,https://dummyimage.com/957x318,867,true
3906,d7cb60b6-7a63-451a,Carousel,https://picsum.photos/463/604,996,true
3907,42fc521e-e994-4da6,Video,https://dummyimage.com/610x60,838,true
3908,49ef1331-4526-4efc,Video,https://placekittens.com/475/284,2189,true
3909,32b23edf-e026-42b3,Carousel,https://dummyimage.com/342x116,553,false
3910,3a252a34-102c-4819,Reel,https://dummyimage.com/764x339,615,true
3911,9d63f7e1-350f-469a,Image,https://picsum.photos/880/163,1672,true
3912,1b99e71b-b9ec-4179,Image,https://placekittens.com/652/638,1059,true
3913,a709f898-14cf-470b,Video,https://dummyimage.com/179x988,1647,true
3914,b5956b7b-4cee-4597,Image,https://picsum.photos/632/139,878,false
3915,3b5d3d8c-bdbb-4642,Reel,https://picsum.photos/440/127,156,true
3916,b887e746-563d-48fe,Video,https://dummyimage.com/755x672,1945,true
3917,f7c1870e-94b1-4684,Carousel,https://placekittens.com/685/286,1994,false
3918,a3364f04-d8d7-40a5,Video,https://dummyimage.com/354x797,1176,true
3919,099be0d0-d27a-4d13,Video,https://picsum.photos/446/39,1138,true
3920,9f117b0d-209e-4f00,Image,https://placekittens.com/148/425,603,false
3921,2d710790-ceaa-4e05,Image,https://placekittens.com/333/450,274,true
3922,70c5fdce-65bd-445a,Carousel,https://dummyimage.com/125x406,498,true
3923,d06a5f5f-6f78-43a1,Image,https://placekittens.com/43/308,765,true
3924,925ff231-7216-4bb3,Image,https://dummyimage.com/435x700,650,false
3925,f05e12d8-aaeb-412b,Image,https://placekittens.com/116/558,1855,true
3926,f1ba7598-7479-4483,Video,https://picsum.photos/212/615,1270,true
3927,7b6f4e67-5ab9-4461,Image,https://dummyimage.com/561x1004,2046,true
3928,7a88ddce-4685-466a,Image,https://dummyimage.com/956x996,382,true
3929,92ff8aac-4457-4556,Video,https://picsum.photos/245/190,1244,true
3930,64fb8730-8456-4134,Video,https://dummyimage.com/157x62,1106,true
3931,f619f422-c6d7-41bd,Carousel,https://picsum.photos/424/413,315,false
3932,29add501-d777-4841,Carousel,https://placekittens.com/262/2,1610,false
3933,f80d9b68-9f33-4cc5,Image,https://dummyimage.com/116x610,1853,true
3934,c68ef497-5ffe-4ab4,Reel,https://dummyimage.com/367x975,1701,true
3935,d9e03950-2f6a-4035,Image,https://placekittens.com/887/780,948,false
3936,d91395b1-62c0-485f,Image,https://dummyimage.com/547x728,1108,false
3937,bf655a97-268f-421a,Carousel,https://placekittens.com/1003/278,1080,false
3938,2a10f8f5-6fa4-4296,Reel,https://placekittens.com/270/899,1449,true
3939,c796943c-4989-4118,Reel,https://placekittens.com/497/135,1987,true
3940,27e81859-4d57-4282,Reel,https://picsum.photos/985/707,1944,true
3941,5f5f653d-f7eb-4519,Image,https://placekittens.com/806/745,1252,true
3942,fdef215a-5e87-4185,Image,https://dummyimage.com/837x129,1216,false
3943,b8718f64-5eb2-41a4,Image,https://picsum.photos/42/588,464,false
3944,dbbf5a2e-aeb1-4f3b,Reel,https://picsum.photos/8/653,1216,true
3945,8a3fd032-cbbf-43f9,Image,https://placekittens.com/186/769,1337,true
3946,8f7fb058-5cb9-4b24,Image,https://picsum.photos/658/177,1349,true
3947,3db241a9-e510-4de3,Image,https://picsum.photos/747/765,240,true
3948,cfa55dcb-c5a8-45fa,Image,https://placekittens.com/260/922,1083,true
3949,604338d1-e6f5-491b,Image,https://picsum.photos/389/561,470,false
3950,e9e020c2-03fe-4ead,Image,https://placekittens.com/433/264,114,true
3951,c26836bf-9a54-4355,Image,https://dummyimage.com/776x758,1997,false
3952,420f2a56-bb85-4d51,Image,https://placekittens.com/824/298,1817,true
3953,c4de821a-f7f4-4fdb,Reel,https://placekittens.com/231/671,1193,true
3954,4f702ef0-8e5e-4848,Carousel,https://picsum.photos/795/27,1659,true
3955,c6f5aaea-6c1e-4536,Reel,https://dummyimage.com/910x171,821,true
3956,1da9ed62-bf4e-4a30,Reel,https://placekittens.com/154/804,228,true
3957,2c5c1d99-badf-4b2d,Image,https://picsum.photos/888/278,863,false
3958,2e0068b8-bc76-4bbd,Image,https://picsum.photos/48/23,1565,false
3959,eedca8f9-c75d-4e28,Reel,https://placekittens.com/41/380,1214,true
3960,af6b6225-fbc5-4d53,Image,https://placekittens.com/911/212,1920,true
3961,6944a844-b160-4a28,Image,https://dummyimage.com/478x86,1352,false
3962,e7acf841-460e-48d2,Carousel,https://picsum.photos/127/500,897,false
3963,d6d1a000-038a-4459,Image,https://placekittens.com/385/606,1426,true
3964,1d7ae5d0-0e2b-4481,Image,https://dummyimage.com/36x600,1626,true
3965,c3427a1e-8d80-4cd5,Image,https://dummyimage.com/919x325,118,false
3966,24fccc1e-cef5-4b0d,Reel,https://placekittens.com/124/801,125,true
3967,39ea7f71-3a8a-4e01,Image,https://picsum.photos/500/77,1737,true
3968,0c2703c2-1add-49f8,Carousel,https://dummyimage.com/734x445,94,true
3969,b2d204ca-fcd0-4e41,Image,https://dummyimage.com/748x903,1077,false
3970,2f045906-39bf-4fbe,Video,https://picsum.photos/548/814,1331,true
3971,d7f100f8-1568-4701,Video,https://dummyimage.com/931x82,1964,true
3972,7fa9664d-5ccf-4a63,Reel,https://dummyimage.com/885x170,1940,true
3973,cc5f0005-813e-49b4,Image,https://placekittens.com/899/1009,235,false
3974,c13abffc-d150-4f2b,Carousel,https://placekittens.com/991/129,1129,true
3975,d9062220-bf2f-45c5,Image,https://dummyimage.com/690x453,460,false
3976,0fad99ee-2c66-4e40,Video,https://dummyimage.com/452x615,1488,true
3977,b6ebb7d6-8ac3-458d,Reel,https://placekittens.com/729/616,2163,true
3978,1b4119b3-6214-4d21,Reel,https://picsum.photos/821/692,635,true
3979,862d4dcb-18d4-4785,Reel,https://dummyimage.com/449x199,923,true
3980,0b84c937-6e6b-45bb,Reel,https://picsum.photos/541/57,1801,true
3981,1992fa74-2464-42e8,Reel,https://dummyimage.com/212x1024,371,true
3982,ec5b90c5-36ec-418e,Image,https://picsum.photos/666/379,489,true
3983,99f3caa6-e684-49ce,Image,https://placekittens.com/219/321,724,true
3984,794163f6-e0d6-4627,Reel,https://dummyimage.com/90x213,224,true
3985,d4449b3d-6029-4270,Carousel,https://placekittens.com/891/284,874,false
3986,bab84e6e-9218-49dc,Carousel,https://placekittens.com/709/150,1855,false
3987,8783c07a-a4a2-4618,Image,https://picsum.photos/1005/408,922,false
3988,ba59926f-5589-4c40,Reel,https://picsum.photos/394/676,773,true
3989,16e6c015-14cb-4310,Image,https://placekittens.com/106/305,0,false
3990,e8303926-ec99-454d,Image,https://dummyimage.com/274x62,1385,true
3991,4b72fd00-a6f4-4021,Reel,https://placekittens.com/115/569,1790,true
3992,fdc10aab-271b-48b5,Image,https://placekittens.com/122/585,606,true
3993,33a361a5-0741-468e,Video,https://picsum.photos/412/344,1182,true
3994,da3c6328-72cf-4bb1,Carousel,https://placekittens.com/470/171,2113,true
3995,a0d727c7-5f39-465a,Image,https://dummyimage.com/771x126,1544,false
3996,8409b419-9e23-46a0,Image,https://dummyimage.com/265x313,1238,true
3997,cd85bc73-205f-481b,Image,https://dummyimage.com/198x12,1343,true
3998,2ba66b2d-47c0-4ee9,Carousel,https://picsum.photos/455/865,288,false
3999,51d8bd93-a191-4939,Carousel,https://dummyimage.com/299x575,922,true
4000,780bd5ed-f732-4e86,Image,https://placekittens.com/325/389,400,false
4001,bb77f9c6-5580-495b,Video,https://placekittens.com/645/533,959,true
4002,f1ec5562-f367-4e71,Reel,https://dummyimage.com/508x411,1044,true
4003,de953611-5735-44e6,Image,https://picsum.photos/175/750,1023,false
4004,061dfb84-e904-48a3,Carousel,https://placekittens.com/659/573,1443,false
4005,bbe7d91e-0377-4f06,Carousel,https://placekittens.com/861/560,1096,false
4006,ca5462b3-e25d-47fc,Reel,https://placekittens.com/737/663,1310,true
4007,80037772-bf62-44da,Image,https://dummyimage.com/614x937,285,false
4008,12997bad-6167-492a,Reel,https://dummyimage.com/681x545,1048,true
4009,0d7ba304-1c8b-40a9,Image,https://placekittens.com/619/944,1762,true
4010,980dd28f-b235-499d,Carousel,https://placekittens.com/270/791,778,false
4011,67afa34c-a04a-4174,Carousel,https://dummyimage.com/781x820,1564,true
4012,fef14ddb-0fd0-49d3,Image,https://dummyimage.com/903x284,1672,true
4013,2edebc13-f1c9-4d85,Carousel,https://placekittens.com/840/663,365,false
4014,854d39ce-e1bf-438b,Video,https://placekittens.com/388/494,2101,true
4015,3ea223dc-63ec-4d95,Image,https://picsum.photos/674/81,645,true
4016,bfa4813c-2667-4706,Video,https://placekittens.com/197/347,1440,true
4017,f97833c9-22e7-430b,Reel,https://placekittens.com/300/304,335,true
4018,9b3efe2d-c69c-4d33,Reel,https://placekittens.com/557/292,903,true
4019,d2f09be7-04c1-495e,Image,https://dummyimage.com/634x199,692,true
4020,b2273ed7-b495-49e5,Image,https://placekittens.com/349/1022,461,false
4021,86c82650-3601-4402,Image,https://picsum.photos/732/543,1823,false
4022,9226c8a0-c63f-402c,Carousel,https://dummyimage.com/922x108,1232,false
4023,96c9b888-8311-46af,Video,https://picsum.photos/734/875,558,true
4024,98182624-2ec7-4470,Image,https://dummyimage.com/927x62,1894,false
4025,97b55bb6-f341-4569,Image,https://dummyimage.com/822x38,991,false
4026,b0f8e46b-4427-46b2,Image,https://picsum.photos/497/283,1878,true
4027,5454307c-ca94-435e,Carousel,https://picsum.photos/221/116,1091,true
4028,e635fa6e-52d0-4d8a,Image,https://dummyimage.com/817x395,145,true
4029,62d9b481-4900-47e0,Carousel,https://picsum.photos/766/724,550,false
4030,f5f55fe3-6fdf-4942,Image,https://placekittens.com/856/203,1381,true
4031,37a65930-2820-4b7e,Reel,https://picsum.photos/995/442,226,true
4032,4da73011-1d97-4977,Reel,https://placekittens.com/240/781,1036,true
4033,5f7fa771-485b-40f8,Image,https://picsum.photos/810/423,1390,true
4034,391f9ace-ab55-4f92,Reel,https://dummyimage.com/162x1002,1681,true
4035,22ada674-52e9-4bdc,Video,https://placekittens.com/936/252,1025,true
4036,85228703-3688-458d,Reel,https://placekittens.com/494/190,22,true
4037,ddea12ff-20cb-4380,Reel,https://picsum.photos/251/117,1308,true
4038,913ad6b0-3a2f-4061,Carousel,https://picsum.photos/202/236,64,false
4039,fc160380-41bf-45b7,Carousel,https://picsum.photos/37/832,1841,true
4040,dae7686f-3e73-4f21,Carousel,https://dummyimage.com/312x536,109,true
4041,b4a47b85-3e2c-4784,Image,https://placekittens.com/383/372,1716,false
4042,d7ecae46-027b-487b,Image,https://dummyimage.com/763x910,1699,false
4043,1c6ab846-7ea6-4f7b,Reel,https://placekittens.com/763/323,526,true
4044,968aec83-1e55-452c,Carousel,https://placekittens.com/104/213,1020,false
4045,b9ffe8ac-7827-430f,Image,https://placekittens.com/53/700,1669,true
4046,1eb191c6-f45e-403c,Carousel,https://placekittens.com/1017/622,1259,true
4047,275fb13f-a803-4866,Reel,https://placekittens.com/533/67,2076,true
4048,945c5472-d001-4c24,Image,https://picsum.photos/979/14,586,false
4049,a1a6c765-115d-415c,Reel,https://dummyimage.com/297x1018,542,true
4050,94ba5067-d026-40a5,Reel,https://picsum.photos/310/13,1556,true
4051,8ba7ba08-060b-4c72,Carousel,https://dummyimage.com/721x826,2088,true
4052,ba5186d7-2bb5-4f01,Image,https://placekittens.com/141/435,2154,true
4053,00b72360-39df-4259,Reel,https://dummyimage.com/779x587,1632,true
4054,15028d59-105c-4711,Image,https://placekittens.com/155/260,1588,true
4055,b823b6ae-018d-4b49,Reel,https://dummyimage.com/852x938,1369,true
4056,c846eef7-2505-47c1,Image,https://dummyimage.com/214x206,477,true
4057,ae8fcf1c-c055-40fb,Image,https://dummyimage.com/329x176,1597,true
4058,aeeccf4f-7734-40dc,Image,https://placekittens.com/663/1001,983,true
4059,15af7e4d-1cbb-4e80,Video,https://placekittens.com/562/507,144,true
4060,acb9b428-f688-45a3,Reel,https://placekittens.com/230/582,1695,true
4061,00283d46-700f-4140,Carousel,https://picsum.photos/691/780,1118,false
4062,d7676f6f-6bfc-49e1,Image,https://placekittens.com/177/941,1791,true
4063,53641380-486f-4e19,Carousel,https://picsum.photos/341/599,144,true
4064,ee487106-5971-42e8,Image,https://placekittens.com/738/234,500,false
4065,4f090c8b-8264-40b9,Image,https://dummyimage.com/268x89,1783,true
4066,1efe26ba-0668-4c5b,Reel,https://picsum.photos/261/48,1525,true
4067,529b2a67-ddbc-49c8,Image,https://placekittens.com/327/921,1372,false
4068,704aae16-b398-4ec6,Carousel,https://placekittens.com/956/859,646,true
4069,41e70f3a-1f47-4d64,Image,https://dummyimage.com/421x460,1478,true
4070,ac8ee1f9-5bdd-4f53,Reel,https://picsum.photos/366/297,382,true
4071,a7989227-28eb-42a3,Image,https://picsum.photos/844/764,714,false
4072,b3ec5711-9910-468e,Reel,https://dummyimage.com/772x76,971,true
4073,13798c97-074a-4d91,Reel,https://picsum.photos/633/156,908,true
4074,c9abbbb6-ba32-4178,Reel,https://placekittens.com/960/930,1939,true
4075,79a56e59-4a41-4f1b,Image,https://picsum.photos/462/537,923,true
4076,0da44643-15ca-4ed9,Reel,https://placekittens.com/265/727,1743,true
4077,a56b38cf-0393-4b4f,Image,https://dummyimage.com/773x887,1467,true
4078,a524df5c-06dc-4523,Reel,https://placekittens.com/946/985,1717,true
4079,20c6a6fb-9b7f-4cd7,Video,https://dummyimage.com/768x126,2193,true
4080,ec5c9367-df0b-4b5e,Carousel,https://placekittens.com/144/313,2129,true
4081,10dd6950-9f46-4627,Reel,https://picsum.photos/708/779,284,true
4082,ba7da20e-8556-490b,Image,https://placekittens.com/261/21,1628,true
4083,58a46057-3b1f-4356,Carousel,https://placekittens.com/477/548,632,true
4084,91bede41-64e3-4d54,Carousel,https://placekittens.com/278/127,151,true
4085,61b14457-ec71-4838,Carousel,https://placekittens.com/1022/464,674,true
4086,101be0e2-f0cb-4ad7,Image,https://picsum.photos/131/883,22,false
4087,e675e02c-72aa-42fc,Video,https://placekittens.com/136/655,3,true
4088,b5e7f6ad-3594-40e5,Carousel,https://placekittens.com/211/744,77,false
4089,582e124b-575c-445e,Reel,https://picsum.photos/398/302,1398,true
4090,dad1bfd7-1c3f-46da,Carousel,https://dummyimage.com/1009x788,523,false
4091,42da3609-e569-4db9,Image,https://placekittens.com/138/654,295,false
4092,9d9806d4-a831-4c39,Carousel,https://picsum.photos/624/81,1621,true
4093,a868f1f3-1966-43d3,Video,https://placekittens.com/152/59,1613,true
4094,c12cac19-96a9-4384,Reel,https://picsum.photos/399/952,1610,true
4095,b534ba8c-c7ae-4153,Reel,https://dummyimage.com/694x713,992,true
4096,b48b7c64-4e4d-49e9,Reel,https://picsum.photos/20/135,1242,true
4097,e5ceb608-9a27-437e,Image,https://placekittens.com/44/440,2157,false
4098,08b19b66-7585-4a78,Reel,https://picsum.photos/3/480,1633,true
4099,1df6f007-6bdd-4875,Reel,https://picsum.photos/452/630,1516,true
4100,6590540e-1076-4806,Reel,https://picsum.photos/126/165,690,true
4101,14593a63-b3cc-4db0,Carousel,https://picsum.photos/810/970,1223,false
4102,bb64f655-e959-4b80,Image,https://dummyimage.com/798x229,967,false
4103,af80e9f9-9d5e-4ef5,Reel,https://placekittens.com/706/893,1067,true
4104,f67ba38d-d51e-483c,Image,https://dummyimage.com/819x49,147,true
4105,8dea8e88-b62f-4dd8,Reel,https://picsum.photos/487/223,1706,true
4106,f01defd4-dede-47a6,Reel,https://placekittens.com/944/749,2006,true
4107,8a9630a7-d26f-480e,Carousel,https://placekittens.com/30/884,638,false
4108,5b3d1979-8daf-419d,Reel,https://placekittens.com/99/737,1403,true
4109,914e8e96-a24d-4581,Video,https://dummyimage.com/262x491,529,true
4110,6fa0c8f4-1824-4a6f,Image,https://dummyimage.com/341x587,1778,false
4111,3f21d311-8333-4569,Reel,https://placekittens.com/463/942,1992,true
4112,750124e2-e228-428f,Image,https://placekittens.com/1018/243,1685,true
4113,9383437e-19fa-49b7,Image,https://placekittens.com/201/145,606,true
4114,14b418e9-943b-4ee1,Reel,https://dummyimage.com/962x445,2169,true
4115,808b3ec7-215a-46be,Carousel,https://picsum.photos/687/82,289,true
4116,129171c3-3b07-4003,Image,https://placekittens.com/529/716,337,false
4117,3fb8af2f-86b0-426d,Carousel,https://placekittens.com/713/52,1052,true
4118,5fc0adc0-cee0-4824,Reel,https://dummyimage.com/983x643,1423,true
4119,be9e718d-93c9-4111,Image,https://picsum.photos/425/186,390,false
4120,8f10d00d-1128-4b84,Video,https://placekittens.com/43/682,795,true
4121,e340cc0e-16f7-4435,Video,https://dummyimage.com/406x8,1765,true
4122,b7189cf9-8949-40a4,Reel,https://placekittens.com/1016/265,1764,true
4123,7931250f-f849-45e0,Reel,https://picsum.photos/272/734,941,true
4124,cf5832ce-f8e8-46ca,Image,https://placekittens.com/615/912,962,true
4125,f2fafd91-fa02-4590,Reel,https://dummyimage.com/1019x840,1703,true
4126,f9f46cac-c221-4786,Image,https://placekittens.com/152/400,544,false
4127,b9b7e9f0-28b0-4c27,Image,https://dummyimage.com/306x25,2066,true
4128,a685f86a-6473-4c40,Image,https://picsum.photos/564/35,636,false
4129,f090fb98-572a-4f13,Video,https://picsum.photos/626/399,1038,true
4130,cc79e9ac-9fef-43d4,Image,https://dummyimage.com/924x699,1742,true
4131,5eff6fbe-3008-411f,Image,https://dummyimage.com/859x75,1971,true
4132,806235b9-b4ac-4572,Reel,https://dummyimage.com/648x1018,1978,true
4133,88111ba4-9733-406b,Reel,https://dummyimage.com/300x136,1980,true
4134,f54b3a32-b8b6-41e4,Image,https://picsum.photos/397/936,329,false
4135,3084ae5a-3d05-45d6,Video,https://placekittens.com/116/279,163,true
4136,b036b753-b25c-404d,Reel,https://placekittens.com/918/769,1606,true
4137,5ea51263-ce54-49de,Carousel,https://placekittens.com/249/913,2066,true
4138,954a95bb-8745-4446,Video,https://dummyimage.com/591x455,2050,true
4139,feca546b-b07a-48a2,Reel,https://picsum.photos/720/799,432,true
4140,972f0165-81c6-4259,Reel,https://dummyimage.com/775x433,651,true
4141,a8342f0c-1826-4535,Image,https://dummyimage.com/382x934,1482,true
4142,48391050-13f0-4bc2,Carousel,https://placekittens.com/600/237,405,false
4143,a9d0efc8-09ea-422f,Carousel,https://dummyimage.com/453x251,1477,false
4144,35057995-3de9-4c47,Image,https://dummyimage.com/1016x272,796,false
4145,8c3a9d65-e352-43f2,Carousel,https://picsum.photos/90/658,156,false
4146,b083bff5-0209-4bca,Reel,https://dummyimage.com/558x914,894,true
4147,d757ca56-8050-4088,Video,https://picsum.photos/43/913,1490,true
4148,84b33c4e-6265-4167,Image,https://placekittens.com/593/939,1035,true
4149,9f5dd0ec-e008-4bc8,Carousel,https://dummyimage.com/256x942,236,false
4150,c7962c03-9feb-4151,Image,https://dummyimage.com/917x1,41,false
4151,bbc67506-68b6-4ca5,Video,https://picsum.photos/538/836,1750,true
4152,1e4cbda0-541c-4041,Image,https://dummyimage.com/94x528,1112,false
4153,f7561b1d-7402-43fc,Reel,https://placekittens.com/584/721,919,true
4154,b5c61c79-7693-47cc,Reel,https://placekittens.com/523/836,2035,true
4155,afb40e6c-8ed0-48bd,Carousel,https://placekittens.com/1003/857,855,false
4156,0ff62c7d-85ea-4891,Reel,https://picsum.photos/943/726,186,true
4157,48f36dbe-c070-4919,Carousel,https://picsum.photos/1000/642,88,true
4158,2ec3c875-5cd3-4777,Reel,https://dummyimage.com/177x1019,1065,true
4159,07be793f-1a02-45e8,Reel,https://picsum.photos/1009/4,882,true
4160,915c0d97-3bdc-4668,Image,https://dummyimage.com/526x110,635,true
4161,b2a59db3-a8c4-4366,Image,https://placekittens.com/898/586,892,false
4162,ff116aa1-8b8b-46b3,Image,https://placekittens.com/370/861,559,true
4163,e950ef24-a755-40ef,Image,https://dummyimage.com/568x624,1778,false
4164,d0b390ca-33cb-4a1c,Carousel,https://picsum.photos/992/438,1526,true
4165,01996a9b-9f42-4946,Carousel,https://picsum.photos/551/787,2021,false
4166,33178299-1d6c-4411,Image,https://placekittens.com/145/823,351,true
4167,0a87501b-ac5e-483b,Image,https://placekittens.com/785/748,176,false
4168,d0e578af-2077-4653,Image,https://dummyimage.com/679x798,1744,false
4169,babdeeae-791a-4987,Image,https://picsum.photos/537/863,1794,false
4170,892bb4f4-408e-439c,Reel,https://picsum.photos/706/80,616,true
4171,3ce7945d-511b-453b,Carousel,https://picsum.photos/803/900,2157,true
4172,664475ff-4c8f-40a9,Carousel,https://dummyimage.com/988x609,1211,false
4173,862d381a-065b-4a54,Video,https://dummyimage.com/129x65,314,true
4174,74cf3e04-e935-4c84,Image,https://dummyimage.com/560x225,1103,false
4175,d7496a1d-43de-4274,Carousel,https://dummyimage.com/900x3,1901,true
4176,8b71820a-ceea-49a3,Image,https://placekittens.com/334/224,2086,true
4177,66ad3fa7-5d94-4423,Carousel,https://placekittens.com/223/541,104,true
4178,37648715-53a5-41e2,Carousel,https://placekittens.com/547/316,239,true
4179,a04e9328-8f73-48af,Carousel,https://placekittens.com/864/910,2120,false
4180,8f44a37e-61a4-4faf,Image,https://dummyimage.com/1007x245,1805,true
4181,9a8b8b9a-e087-4bb2,Reel,https://picsum.photos/605/244,962,true
4182,070ddeee-a2a9-448e,Reel,https://picsum.photos/998/838,1567,true
4183,287057a5-055e-43a4,Reel,https://picsum.photos/527/315,576,true
4184,5d0efc32-31ec-45ca,Carousel,https://picsum.photos/661/996,640,false
4185,b5dd7ddd-56ec-4ede,Image,https://placekittens.com/416/960,697,false
4186,80619fce-126b-482c,Reel,https://placekittens.com/423/57,1085,true
4187,ad6cf86a-4a98-48ec,Carousel,https://dummyimage.com/607x530,1879,true
4188,c1353fd0-39f6-4bfa,Reel,https://dummyimage.com/912x132,1783,true
4189,edbb30a8-be94-4e91,Carousel,https://picsum.photos/817/444,787,false
4190,273f42d6-9188-400d,Image,https://placekittens.com/143/393,1942,false
4191,c4a4d62b-3030-4607,Image,https://placekittens.com/141/89,1395,true
4192,7a0e2540-41d1-4671,Image,https://dummyimage.com/847x717,1158,true
4193,51bcb179-31b4-4ef4,Carousel,https://picsum.photos/593/302,195,false
4194,2bf356fe-e6a0-489d,Image,https://placekittens.com/102/491,798,false
4195,8921abb1-7940-43f4,Image,https://picsum.photos/793/141,296,true
4196,b9c8072e-a583-4288,Image,https://picsum.photos/412/423,1225,false
4197,195cbcad-9983-4463,Image,https://picsum.photos/582/913,17,false
4198,d17a9c0a-cda3-472e,Carousel,https://picsum.photos/938/950,1916,false
4199,7578c9cd-8af6-4c2e,Image,https://dummyimage.com/441x972,1974,false
4200,72a41f9c-82fc-4dac,Image,https://dummyimage.com/277x712,2002,true
4201,2f0d7ddc-72b3-4e51,Image,https://placekittens.com/181/284,1612,true
4202,03f1164f-263c-4e36,Image,https://dummyimage.com/993x41,932,false
4203,0e6c3cc4-a640-4d83,Image,https://picsum.photos/316/406,149,true
4204,49f22feb-8103-4160,Reel,https://dummyimage.com/375x265,1955,true
4205,ed964428-458e-44eb,Reel,https://placekittens.com/533/229,528,true
4206,9bc10801-9d60-4452,Image,https://picsum.photos/329/614,2068,true
4207,5ead7a43-8777-4c06,Reel,https://placekittens.com/885/155,775,true
4208,4dec0f75-10cc-42c9,Image,https://picsum.photos/346/42,981,false
4209,d2d6a4e4-1a64-4978,Image,https://dummyimage.com/37x503,1683,true
4210,08400b9b-e4a9-4b8c,Reel,https://picsum.photos/727/528,1514,true
4211,42c6dcb2-b9b8-47ad,Reel,https://picsum.photos/206/708,969,true
4212,a866bb90-c835-47ba,Image,https://dummyimage.com/895x965,1251,true
4213,b2df470b-c9e7-4eda,Image,https://placekittens.com/377/913,96,false
4214,ffc1ad27-7a49-4ae9,Image,https://dummyimage.com/376x639,1068,false
4215,4cd90a71-1f68-42f9,Reel,https://placekittens.com/832/479,1971,true
4216,c087d797-cca3-4325,Carousel,https://dummyimage.com/322x947,1076,true
4217,c522095b-4893-4a7b,Reel,https://dummyimage.com/968x434,1827,true
4218,83231b39-d2b5-40e1,Carousel,https://picsum.photos/961/1006,628,false
4219,fc561397-bacc-48ed,Image,https://placekittens.com/202/334,456,false
4220,1e983498-1a54-4c26,Image,https://placekittens.com/234/979,293,true
4221,3b2d2a10-6885-4d18,Reel,https://placekittens.com/832/921,24,true
4222,b422e29b-7866-4f53,Image,https://dummyimage.com/212x655,864,false
4223,548ede71-9630-410c,Image,https://placekittens.com/904/493,2161,true
4224,a1e1e95b-12ca-446a,Carousel,https://placekittens.com/560/466,1556,true
4225,4b9acab2-2e04-41a0,Reel,https://placekittens.com/327/270,313,true
4226,5ed54a0d-8f96-4d3c,Video,https://dummyimage.com/835x602,1317,true
4227,b0e485f7-fff3-4d4a,Image,https://placekittens.com/877/34,1676,false
4228,bb214ecc-989d-4f88,Reel,https://dummyimage.com/881x528,1815,true
4229,aa632dee-33df-4ca9,Carousel,https://dummyimage.com/670x525,2099,true
4230,afda779a-1917-49bd,Video,https://dummyimage.com/760x39,1456,true
4231,78f9a4e9-13fa-4bcb,Reel,https://placekittens.com/464/170,769,true
4232,9e8780de-05a6-42a5,Image,https://dummyimage.com/124x4,206,true
4233,d89a8e34-66bb-49fd,Reel,https://dummyimage.com/885x760,2187,true
4234,d55821c5-eb9a-4037,Reel,https://placekittens.com/335/245,977,true
4235,b204893a-0c50-4aa9,Video,https://dummyimage.com/263x35,492,true
4236,188c89a5-8125-4604,Carousel,https://placekittens.com/61/818,526,true
4237,f8d6ebca-1f97-4681,Image,https://placekittens.com/491/686,1151,false
4238,3a08bd9f-1151-430d,Image,https://picsum.photos/647/484,205,true
4239,fec31513-7206-42ac,Carousel,https://picsum.photos/512/335,1877,true
4240,bd18041d-2df0-4850,Image,https://dummyimage.com/31x107,1765,true
4241,d8526fc0-cb41-4400,Carousel,https://dummyimage.com/344x193,1752,true
4242,170d9811-97fd-4906,Image,https://picsum.photos/917/509,1708,false
4243,7abb6770-8a1e-41ef,Image,https://placekittens.com/710/576,378,false
4244,88c5288a-df45-4702,Reel,https://picsum.photos/401/951,1060,true
4245,8dc906f0-d853-4487,Carousel,https://placekittens.com/468/125,31,true
4246,41ef1d96-6565-43a2,Reel,https://placekittens.com/959/342,768,true
4247,6447257a-9473-4bbb,Carousel,https://placekittens.com/105/487,520,true
4248,01b502ac-4286-405a,Reel,https://picsum.photos/552/184,1421,true
4249,f4283bdd-6325-4cc7,Reel,https://dummyimage.com/272x208,714,true
4250,ce485ac8-e3f2-48b8,Image,https://picsum.photos/214/1012,156,false
4251,4e22b16e-5872-4e8f,Image,https://picsum.photos/872/17,1899,true
4252,d4136c74-9317-4309,Image,https://placekittens.com/707/741,1088,false
4253,cf438837-134f-475f,Reel,https://dummyimage.com/1023x82,1660,true
4254,10e59ace-07a3-44b4,Reel,https://dummyimage.com/813x1012,1376,true
4255,70dfdd44-2211-4b4c,Video,https://picsum.photos/218/723,1006,true
4256,465e0e3b-b625-46ba,Image,https://dummyimage.com/373x538,78,false
4257,ef412e84-1877-4a75,Video,https://placekittens.com/605/183,1410,true
4258,b059fead-fb1c-4c33,Reel,https://picsum.photos/1006/390,1744,true
4259,4f39d012-0e76-4d92,Carousel,https://picsum.photos/552/87,2040,true
4260,4bc9896c-1dd8-49f1,Image,https://dummyimage.com/189x20,398,false
4261,4ba5cc77-2a78-474a,Carousel,https://picsum.photos/163/429,743,false
4262,d9bd68ca-c4b1-4df3,Image,https://placekittens.com/849/861,722,false
4263,434a550c-24d5-4af7,Carousel,https://picsum.photos/472/736,1185,false
4264,78948d4f-5c7a-4172,Image,https://dummyimage.com/997x910,463,true
4265,89481119-c686-4aeb,Image,https://picsum.photos/179/787,631,false
4266,f794c23f-7c9a-44cc,Carousel,https://dummyimage.com/943x644,94,true
4267,a0f42dd9-26e0-4989,Image,https://picsum.photos/527/712,475,false
4268,86743e78-6816-4223,Image,https://dummyimage.com/316x571,1478,false
4269,b344f585-9f39-4d80,Reel,https://dummyimage.com/17x537,1724,true
4270,3e403b72-bddb-4501,Carousel,https://dummyimage.com/229x56,1514,false
4271,2a0730e7-0a3c-4fa4,Reel,https://picsum.photos/436/816,2150,true
4272,9383bf51-2a08-42a2,Reel,https://picsum.photos/621/41,1164,true
4273,ac0b6ea5-f182-4839,Image,https://dummyimage.com/592x444,1446,false
4274,1b4b246f-78f6-408f,Image,https://placekittens.com/652/900,43,false
4275,57931b98-b0a4-47ed,Carousel,https://placekittens.com/92/162,242,true
4276,1c4cb983-9dd2-4406,Image,https://dummyimage.com/702x819,1938,false
4277,3d9e23e3-3f77-4ca7,Carousel,https://dummyimage.com/573x780,2044,false
4278,856a71d2-71b0-412f,Video,https://picsum.photos/803/841,502,true
4279,276b7fd0-960e-40e5,Carousel,https://dummyimage.com/164x7,1264,false
4280,ca83a2d0-883a-4bac,Image,https://dummyimage.com/360x247,445,true
4281,c549fb75-8b00-4a30,Reel,https://picsum.photos/352/350,2162,true
4282,cbc547aa-0ce8-4be6,Image,https://picsum.photos/415/135,2040,false
4283,e628e069-aa13-413e,Image,https://dummyimage.com/924x339,1868,true
4284,f9f16e47-fee9-499e,Carousel,https://placekittens.com/865/592,279,true
4285,59034854-6f8b-449a,Image,https://dummyimage.com/428x268,854,true
4286,79686a8f-e943-4680,Reel,https://placekittens.com/538/754,2094,true
4287,805e513b-a6d2-42d3,Image,https://picsum.photos/336/92,277,false
4288,f76b1f4a-fe72-4922,Reel,https://picsum.photos/662/24,2123,true
4289,4bd6316a-f482-42be,Video,https://picsum.photos/681/642,127,true
4290,df2211e6-e2c7-4aa3,Carousel,https://placekittens.com/643/810,1802,false
4291,67b7265b-ccec-45e1,Reel,https://picsum.photos/496/239,2103,true
4292,929dfbf7-7d7b-4ecf,Image,https://dummyimage.com/809x663,1975,true
4293,45d82b94-2668-492e,Video,https://dummyimage.com/305x924,1641,true
4294,311eefbd-7c93-43b5,Carousel,https://picsum.photos/949/441,1207,true
4295,2183aa6f-b80f-41e5,Reel,https://picsum.photos/703/324,344,true
4296,992067e7-f293-4360,Reel,https://placekittens.com/486/831,2137,true
4297,9dc3f61c-5c80-4183,Image,https://placekittens.com/386/918,2054,false
4298,e7e364e6-27e0-4fbc,Image,https://dummyimage.com/197x431,529,false
4299,8d186a25-3b45-4a86,Video,https://picsum.photos/644/20,1997,true
4300,ece905a1-aa68-477b,Reel,https://dummyimage.com/465x114,1515,true
4301,2ba2e768-561c-4acb,Carousel,https://picsum.photos/216/199,423,true
4302,004c8ee8-f126-4146,Image,https://placekittens.com/764/950,156,true
4303,4be4d00b-fcc5-48b7,Reel,https://dummyimage.com/265x832,587,true
4304,f6573475-73de-4c28,Carousel,https://picsum.photos/552/523,1231,false
4305,32eae325-97fd-47ab,Image,https://picsum.photos/73/802,876,false
4306,cb6368f4-55ae-421e,Image,https://dummyimage.com/592x587,1465,false
4307,90021a96-2dcd-490c,Image,https://placekittens.com/413/809,135,true
4308,c8bd140c-e8ee-4eac,Reel,https://dummyimage.com/532x235,1473,true
4309,7b17d722-b843-4077,Reel,https://placekittens.com/650/108,756,true
4310,938fdbb0-dfeb-4696,Carousel,https://dummyimage.com/960x539,733,false
4311,96fe315a-f5f9-41dd,Video,https://placekittens.com/598/1007,1480,true
4312,4cd44463-6870-4a53,Reel,https://placekittens.com/893/731,2187,true
4313,37b337ef-5bd5-4a0b,Reel,https://picsum.photos/933/400,313,true
4314,5f5416b6-848b-4b2a,Image,https://placekittens.com/297/520,1169,false
4315,ccc86445-0d43-4f3e,Image,https://placekittens.com/118/434,679,true
4316,fe714231-3620-4cf7,Image,https://dummyimage.com/238x649,1272,true
4317,951c1bda-5d52-4c84,Image,https://dummyimage.com/846x122,1381,false
4318,58f7fdef-0eb0-4aa3,Image,https://placekittens.com/279/309,586,false
4319,e0eb0241-b8a6-435c,Image,https://picsum.photos/982/622,13,true
4320,f78eb43c-e84c-4810,Image,https://dummyimage.com/286x311,296,true
4321,6f4d933a-b93a-4aab,Image,https://dummyimage.com/568x548,30,false
4322,4bf2db09-9afb-41a3,Image,https://placekittens.com/662/678,709,true
4323,fc1a4049-53b4-41b0,Carousel,https://picsum.photos/278/763,1959,false
4324,148556bf-cca0-4bbb,Image,https://picsum.photos/552/470,1394,false
4325,7acf04d9-5da6-4636,Reel,https://picsum.photos/245/105,986,true
4326,494d4e46-7f43-4d62,Reel,https://dummyimage.com/810x955,1290,true
4327,4bb66fe4-c9d4-49f7,Video,https://picsum.photos/1022/35,1362,true
4328,7d1a6985-e4de-4c0d,Reel,https://picsum.photos/790/928,1900,true
4329,bea2ba8d-4f8e-45d8,Reel,https://placekittens.com/411/746,74,true
4330,0ee33f84-e371-4d8b,Image,https://picsum.photos/943/747,514,true
4331,82f086d1-ed15-43ab,Video,https://picsum.photos/564/259,152,true
4332,112274a1-74f4-40b7,Image,https://picsum.photos/441/873,811,true
4333,78fc72a1-331d-453c,Reel,https://picsum.photos/456/593,347,true
4334,89fc6efa-d04e-4ddf,Carousel,https://dummyimage.com/190x759,359,false
4335,10f87d88-7248-4a5b,Image,https://placekittens.com/360/913,1810,false
4336,e54b190d-46df-43e5,Carousel,https://dummyimage.com/194x425,1462,false
4337,77c07d0e-ee6d-4dc6,Reel,https://dummyimage.com/588x474,2009,true
4338,389c9b13-1c93-4780,Image,https://dummyimage.com/161x963,1539,true
4339,0bb790a4-1004-4ff5,Carousel,https://picsum.photos/389/90,228,false
4340,6c8b2ece-fbbd-4a5f,Image,https://placekittens.com/957/26,206,false
4341,a848a7e4-a9a4-4318,Image,https://dummyimage.com/643x386,1729,false
4342,a51477ec-cdeb-4701,Image,https://dummyimage.com/746x251,978,true
4343,6fa26aea-cd49-4837,Reel,https://dummyimage.com/582x702,373,true
4344,742634dc-c113-4aa7,Video,https://picsum.photos/262/338,1181,true
4345,91357222-fcac-47a7,Image,https://dummyimage.com/915x743,1450,true
4346,358501d6-c891-404c,Carousel,https://dummyimage.com/631x829,220,false
4347,f3b8fa28-63c6-42d8,Video,https://dummyimage.com/765x168,2140,true
4348,e56f43ef-8176-4335,Reel,https://placekittens.com/418/16,2076,true
4349,2039971e-67ec-46fc,Image,https://picsum.photos/401/1015,1173,true
4350,28fe04c1-d35e-452e,Reel,https://dummyimage.com/539x951,1790,true
4351,bb171e59-b3b6-4242,Reel,https://placekittens.com/347/978,1646,true
4352,49c2085f-10d5-4b66,Carousel,https://placekittens.com/97/132,1998,false
4353,c8fa2383-3aa1-42ec,Reel,https://placekittens.com/158/124,609,true
4354,52c1f67e-b800-4331,Carousel,https://placekittens.com/197/261,829,true
4355,28f58d7a-a98c-4f88,Reel,https://placekittens.com/711/688,197,true
4356,a9edac5a-d922-46ab,Carousel,https://placekittens.com/699/128,801,false
4357,24c84430-87f8-4917,Reel,https://picsum.photos/30/343,888,true
4358,8fe63836-0015-4000,Image,https://picsum.photos/136/397,1795,true
4359,e2845100-ffaa-459f,Image,https://placekittens.com/671/895,2101,true
4360,2e008308-6421-4580,Reel,https://picsum.photos/382/385,826,true
4361,3a2d41f5-9c81-491d,Reel,https://dummyimage.com/27x30,798,true
4362,3c9d5faf-02cf-4654,Carousel,https://placekittens.com/407/306,1485,false
4363,f128864a-b9c2-4162,Reel,https://picsum.photos/632/539,872,true
4364,1d15c925-bc2c-465e,Image,https://dummyimage.com/852x264,2110,true
4365,8836ae8c-c60a-4d5c,Image,https://picsum.photos/409/811,888,true
4366,d3dcddd1-9226-49d5,Image,https://picsum.photos/921/4,262,false
4367,7b7ddfdc-26a4-424c,Image,https://placekittens.com/7/932,1018,false
4368,f8dd9ef5-4b6c-4d3b,Image,https://placekittens.com/220/518,1467,false
4369,b5fd08d6-a3de-4420,Video,https://picsum.photos/946/632,578,true
4370,fb5e7090-260f-4f32,Reel,https://dummyimage.com/955x886,170,true
4371,8da29332-280b-465d,Video,https://placekittens.com/574/157,1711,true
4372,82727454-68fa-4e80,Image,https://dummyimage.com/944x635,187,false
4373,1101f330-71ba-464c,Reel,https://placekittens.com/631/913,668,true
4374,952d1fab-2454-421b,Reel,https://placekittens.com/171/164,1908,true
4375,6ba47b80-710f-4895,Reel,https://picsum.photos/213/937,348,true
4376,16f93793-2a7f-42ce,Video,https://placekittens.com/459/185,1426,true
4377,ccf47364-620f-4fe3,Video,https://dummyimage.com/517x254,1840,true
4378,8ccd6087-fd81-49d0,Image,https://placekittens.com/61/725,1492,false
4379,7bdc206a-b60e-43ed,Image,https://placekittens.com/284/477,1843,true
4380,cbfadb79-7c43-451c,Image,https://dummyimage.com/781x752,138,true
4381,cb110b28-2165-441b,Image,https://picsum.photos/619/571,426,false
4382,37a735e2-7511-4dec,Reel,https://placekittens.com/566/496,1675,true
4383,58d6a0d6-09f9-4d5b,Reel,https://dummyimage.com/673x40,1815,true
4384,7103380c-cb82-4aec,Carousel,https://picsum.photos/487/566,1554,false
4385,c676a800-c9e3-42a5,Video,https://placekittens.com/1019/480,1905,true
4386,cddd3971-e81e-4ec1,Image,https://placekittens.com/209/949,2056,false
4387,f8ced51f-085c-4e36,Carousel,https://picsum.photos/921/835,1732,true
4388,02403429-09e6-41c4,Reel,https://picsum.photos/711/516,1177,true
4389,ed8cd1b7-e43b-4275,Carousel,https://placekittens.com/559/217,1692,true
4390,d240bfd7-cce1-4bf8,Reel,https://picsum.photos/493/161,788,true
4391,6b1fe127-d2e1-46e1,Carousel,https://picsum.photos/130/890,983,true
4392,bee62e4a-d691-46ca,Carousel,https://placekittens.com/813/613,2146,false
4393,e7040ce2-bafa-477f,Reel,https://placekittens.com/657/490,1784,true
4394,74aa7d05-0ef6-474a,Carousel,https://picsum.photos/655/632,816,true
4395,2edb341a-d0b1-4dfd,Image,https://dummyimage.com/691x597,1099,true
4396,bcfc118d-e6fb-4f67,Carousel,https://dummyimage.com/231x313,1376,true
4397,ca2cf838-d3ac-4e7b,Image,https://placekittens.com/383/722,21,true
4398,72e08265-9ef0-4f2f,Reel,https://picsum.photos/531/308,2143,true
4399,abbf1e7c-e2b7-4ea5,Reel,https://placekittens.com/772/408,126,true
4400,2eea9499-3edf-410b,Reel,https://picsum.photos/445/242,580,true
4401,8671355c-8191-40ed,Carousel,https://picsum.photos/75/7,990,false
4402,522ecd79-6a78-438c,Image,https://dummyimage.com/327x554,131,false
4403,1a1eee81-c3ae-40b8,Image,https://picsum.photos/232/813,1188,true
4404,a56c3586-de65-4eb2,Carousel,https://placekittens.com/536/778,2198,true
4405,5891c2bd-e03c-48b4,Image,https://picsum.photos/168/672,1698,false
4406,ae6c8f2f-0afe-47f7,Reel,https://dummyimage.com/438x220,1224,true
4407,41572357-b755-4834,Carousel,https://picsum.photos/735/506,729,false
4408,29cc2577-9ad1-4be0,Video,https://picsum.photos/41/737,909,true
4409,4c90cb8e-1a8a-4305,Reel,https://dummyimage.com/252x913,988,true
4410,662fc07d-45d9-4110,Image,https://picsum.photos/440/1012,717,false
4411,b683f708-c0ed-4268,Carousel,https://dummyimage.com/690x71,610,true
4412,6cd4ea63-2930-4756,Image,https://placekittens.com/331/235,1427,false
4413,251d25bd-cdf4-419f,Carousel,https://placekittens.com/901/67,1802,true
4414,c37586dc-6956-43b2,Image,https://placekittens.com/992/461,505,false
4415,e83e2be1-5803-4c33,Carousel,https://placekittens.com/116/298,779,false
4416,28e6ff5d-5b3d-4bcd,Image,https://dummyimage.com/523x818,863,false
4417,5c412109-6c85-4088,Carousel,https://picsum.photos/468/1012,1283,true
4418,d2676497-7372-420d,Carousel,https://dummyimage.com/739x55,1124,true
4419,ce8a6837-3c72-4b75,Carousel,https://placekittens.com/937/150,1094,false
4420,c2141c1f-7f2e-41e3,Image,https://placekittens.com/825/547,779,true
4421,590ba4ed-1a60-44fb,Reel,https://dummyimage.com/273x312,1733,true
4422,cb36666b-0035-4e3a,Video,https://picsum.photos/149/762,1720,true
4423,12ea0cf2-e198-4232,Carousel,https://dummyimage.com/834x600,513,false
4424,72abd721-e367-4214,Image,https://placekittens.com/589/20,1898,true
4425,38f19de5-90fb-4ecc,Carousel,https://dummyimage.com/1002x318,1649,true
4426,e491761e-42cf-49e0,Image,https://dummyimage.com/411x191,1376,true
4427,2be46d5a-f00f-4e5d,Carousel,https://placekittens.com/262/370,1230,true
4428,f3aeba25-936f-4828,Reel,https://picsum.photos/311/545,1626,true
4429,1929b8c5-0732-450a,Reel,https://dummyimage.com/369x4,1637,true
4430,e294ac9f-1cd6-466a,Image,https://dummyimage.com/140x394,1191,true
4431,db55c152-7393-46cf,Image,https://dummyimage.com/550x275,848,true
4432,393656a0-4afe-4628,Image,https://dummyimage.com/1006x497,177,false
4433,c4533b71-a124-4c6d,Image,https://picsum.photos/704/141,1631,true
4434,be925b58-e7e9-4eb2,Carousel,https://placekittens.com/960/526,51,true
4435,7f76c15f-5315-4c3d,Reel,https://placekittens.com/879/485,1462,true
4436,8db45c01-b753-42fe,Reel,https://placekittens.com/682/298,1771,true
4437,9a53de23-9092-492a,Reel,https://picsum.photos/243/256,1455,true
4438,e27be1f6-06f3-4ffa,Carousel,https://placekittens.com/530/291,1670,true
4439,960f2a18-0e84-4157,Image,https://picsum.photos/634/30,298,false
4440,525a7342-5327-4b9d,Image,https://dummyimage.com/746x107,84,true
4441,d40eb90e-fca6-4582,Image,https://dummyimage.com/278x63,1589,false
4442,5f498ae4-c67d-4ede,Carousel,https://dummyimage.com/126x472,1761,true
4443,be300d2c-e7e9-442e,Image,https://picsum.photos/151/782,2105,false
4444,26fe8e1b-ed72-445d,Reel,https://placekittens.com/600/939,572,true
4445,ebc2b8ea-26bd-49fc,Image,https://placekittens.com/581/141,1993,true
4446,766461f4-47f2-406c,Image,https://picsum.photos/211/708,867,false
4447,dbc7eb34-dfad-4425,Reel,https://placekittens.com/274/492,1632,true
4448,f2c97f93-525c-4fca,Reel,https://picsum.photos/105/671,962,true
4449,cb1d3c8b-c665-4a8d,Reel,https://placekittens.com/932/85,1055,true
4450,31ce070f-de98-4a0f,Carousel,https://placekittens.com/453/30,1638,false
4451,b4dc6cb3-8ec3-446c,Image,https://placekittens.com/270/101,138,false
4452,1b2caf0c-494e-46a8,Reel,https://dummyimage.com/979x180,1157,true
4453,2dc0e8e4-33c4-458b,Image,https://placekittens.com/861/132,542,false
4454,965477fc-b3af-480d,Reel,https://placekittens.com/817/742,850,true
4455,d85cc8ab-3358-445f,Video,https://dummyimage.com/113x319,2170,true
4456,7ce10da3-7993-469f,Carousel,https://picsum.photos/795/719,186,true
4457,82b814c4-c2b7-489c,Reel,https://dummyimage.com/784x985,1522,true
4458,dad549cb-b548-4393,Carousel,https://dummyimage.com/1020x205,2162,true
4459,971ae03d-586e-4c16,Image,https://placekittens.com/723/630,1845,true
4460,41e608a2-4967-4561,Image,https://picsum.photos/93/358,452,false
4461,5dfcf894-4082-4263,Image,https://placekittens.com/634/892,1302,false
4462,29c42a45-ccce-40ba,Carousel,https://picsum.photos/570/234,1279,false
4463,59538bd4-5aeb-4dfd,Reel,https://placekittens.com/159/889,1795,true
4464,3794b025-3828-4eb1,Image,https://placekittens.com/24/441,1940,false
4465,5b85d0cb-5598-4009,Carousel,https://placekittens.com/1011/353,992,true
4466,7c4b1bdc-792d-405b,Image,https://picsum.photos/921/652,2125,false
4467,df0fbb73-c0e9-4afd,Carousel,https://dummyimage.com/235x1013,936,true
4468,51c74fb2-79f7-4942,Reel,https://picsum.photos/889/483,650,true
4469,7c3d3537-84fb-49ca,Reel,https://dummyimage.com/369x926,744,true
4470,dd97094c-93ea-4492,Image,https://placekittens.com/777/567,1726,false
4471,d7904716-beef-4c45,Reel,https://dummyimage.com/441x971,932,true
4472,60c0a900-1143-402e,Reel,https://placekittens.com/484/410,43,true
4473,d102e4d3-0467-4450,Reel,https://placekittens.com/1012/756,879,true
4474,d83c978f-9c25-4dce,Carousel,https://picsum.photos/692/232,1250,true
4475,4b88ebd6-310e-4d8d,Reel,https://picsum.photos/192/409,879,true
4476,40dea100-c61d-4df8,Image,https://dummyimage.com/980x693,2054,false
4477,49b1afce-079b-4eb0,Carousel,https://placekittens.com/724/741,1581,true
4478,76b26386-b42c-414d,Image,https://placekittens.com/31/657,1226,true
4479,1e682dba-c531-4449,Reel,https://dummyimage.com/359x849,288,true
4480,5c767b0c-ee18-4ed9,Image,https://picsum.photos/338/216,1923,true
4481,b7c90af9-59ce-4383,Reel,https://dummyimage.com/364x558,1989,true
4482,991d57cc-88a6-4b7b,Reel,https://picsum.photos/769/153,290,true
4483,d5916135-8aba-41d9,Image,https://placekittens.com/794/622,1055,false
4484,5edee522-ff4a-4767,Carousel,https://placekittens.com/127/649,229,true
4485,b3c4d726-e376-4933,Reel,https://picsum.photos/224/335,1963,true
4486,1dee9877-12ad-41d1,Image,https://picsum.photos/973/78,2103,false
4487,6ff861a7-42cd-4ea0,Carousel,https://picsum.photos/341/398,221,false
4488,202200fe-53eb-47e0,Image,https://placekittens.com/188/497,285,true
4489,1331cbe1-96b6-4013,Image,https://picsum.photos/848/1017,980,true
4490,d21844c0-a50d-4b17,Reel,https://dummyimage.com/560x759,266,true
4491,85e1750b-b57e-461e,Image,https://dummyimage.com/872x354,648,false
4492,ae0047a9-1187-4010,Reel,https://dummyimage.com/335x365,1493,true
4493,25098ec0-d105-4826,Carousel,https://dummyimage.com/342x553,725,false
4494,57ef1eb2-dc85-4e5b,Video,https://placekittens.com/565/195,2183,true
4495,75ac4a70-7c79-4ac5,Reel,https://dummyimage.com/246x815,1378,true
4496,ec27a6c9-a5e0-4c06,Reel,https://dummyimage.com/242x430,860,true
4497,333d6468-16c1-4e7f,Image,https://placekittens.com/849/940,1166,false
4498,751093c3-ec08-401f,Reel,https://placekittens.com/193/491,1741,true
4499,7cbc50bc-c9dd-46c5,Reel,https://placekittens.com/602/971,537,true
4500,e50ac095-08b5-4449,Image,https://picsum.photos/28/936,944,false
4501,a7187612-4b07-4393,Carousel,https://picsum.photos/687/898,355,true
4502,f680d833-1651-4127,Video,https://placekittens.com/639/981,116,true
4503,8b881de7-bf27-449f,Image,https://dummyimage.com/995x599,699,false
4504,2b4c41cf-9fbc-43e6,Image,https://placekittens.com/943/452,1351,true
4505,b8ae3a7d-a3e2-4c8a,Carousel,https://picsum.photos/484/401,1734,true
4506,9546bcce-e492-419a,Image,https://picsum.photos/721/822,1150,true
4507,d0ff85b5-a5b4-4fdc,Image,https://placekittens.com/40/660,2120,true
4508,db6f83e1-1a4a-4b18,Carousel,https://placekittens.com/99/437,1637,false
4509,ab37ff37-d960-4ac0,Image,https://dummyimage.com/848x348,1365,false
4510,1af6a3f2-89fa-463f,Image,https://dummyimage.com/771x406,909,false
4511,cd4b5d75-e897-4a66,Image,https://picsum.photos/178/657,210,false
4512,25a6bc55-954c-4010,Image,https://picsum.photos/310/920,1880,false
4513,7cc1576f-35ef-4f27,Image,https://placekittens.com/558/569,655,true
4514,919862ab-e475-45a1,Reel,https://picsum.photos/508/921,750,true
4515,0a349af6-0773-4a7f,Reel,https://placekittens.com/989/727,578,true
4516,e42bdbf8-875e-41ab,Reel,https://picsum.photos/748/39,656,true
4517,b043f9cc-a9b7-43af,Carousel,https://placekittens.com/982/427,2161,true
4518,8605c036-3d94-4ede,Image,https://picsum.photos/127/973,1736,true
4519,c3298443-68c1-4104,Reel,https://placekittens.com/837/204,2066,true
4520,1def8bc5-e95f-48ea,Reel,https://placekittens.com/89/738,231,true
4521,1dba6d38-efc0-4a5a,Reel,https://dummyimage.com/64x681,511,true
4522,cf68a216-5dcf-4755,Image,https://picsum.photos/754/176,1516,true
4523,f8a5d284-d07f-4e06,Image,https://picsum.photos/906/301,1220,true
4524,afcdd859-d262-42b8,Image,https://dummyimage.com/271x57,578,false
4525,799b47cc-4e29-4c19,Video,https://picsum.photos/983/177,385,true
4526,08f9c7aa-0734-458e,Reel,https://picsum.photos/146/525,1631,true
4527,104138e9-9e5f-4b62,Image,https://placekittens.com/825/260,1342,false
4528,2559406a-0a51-4be9,Carousel,https://placekittens.com/338/196,1274,true
4529,d79de428-91b4-48fb,Reel,https://dummyimage.com/438x356,780,true
4530,941e647d-f230-438b,Image,https://dummyimage.com/195x466,743,false
4531,20c5f293-97f0-4ae2,Carousel,https://dummyimage.com/108x1007,2125,true
4532,5c693313-07e2-4e7e,Video,https://placekittens.com/269/506,1451,true
4533,5a478e45-a240-445e,Image,https://dummyimage.com/470x466,248,false
4534,679bf200-e007-4017,Image,https://placekittens.com/940/446,1631,true
4535,1aab2b12-1812-453d,Image,https://placekittens.com/548/170,949,false
4536,1f74ff7a-9347-4056,Image,https://dummyimage.com/578x827,2061,true
4537,90c992a4-ad19-4118,Carousel,https://picsum.photos/339/396,138,false
4538,50d3cb29-52d0-4ede,Reel,https://picsum.photos/589/948,435,true
4539,bfe831ed-2cd1-4bb1,Image,https://dummyimage.com/510x610,386,true
4540,0af0a015-7216-46f9,Image,https://placekittens.com/239/136,1091,true
4541,d181b6fa-c454-4a7f,Reel,https://dummyimage.com/698x666,2015,true
4542,cf901ed6-2e15-4cd9,Video,https://dummyimage.com/479x761,695,true
4543,aee92992-dffe-49f1,Reel,https://placekittens.com/752/381,889,true
4544,137d1cc2-bc16-46d1,Reel,https://placekittens.com/955/144,1932,true
4545,3775658e-2aa9-44a2,Reel,https://picsum.photos/565/869,510,true
4546,81800088-ec25-4402,Image,https://dummyimage.com/623x264,738,false
4547,1bed54f0-77d2-49e1,Carousel,https://placekittens.com/30/943,1981,true
4548,cc11fcdd-4ca7-4970,Reel,https://placekittens.com/309/91,1757,true
4549,a5092a59-3ebd-42bb,Image,https://picsum.photos/757/578,772,false
4550,80630ea9-254d-4f53,Video,https://placekittens.com/843/647,331,true
4551,eb812b3c-7770-4981,Reel,https://dummyimage.com/1005x531,1877,true
4552,86abf04f-4767-4fda,Carousel,https://placekittens.com/930/671,1863,true
4553,b6b2f32e-a9be-4153,Carousel,https://picsum.photos/858/732,1947,false
4554,a1ab21dd-32c2-468b,Reel,https://picsum.photos/293/289,1491,true
4555,a496084c-1a8d-4187,Reel,https://placekittens.com/875/430,854,true
4556,68096db9-cfbd-4c72,Reel,https://dummyimage.com/607x102,1552,true
4557,61ad5dba-1347-4f91,Image,https://picsum.photos/791/139,1864,true
4558,1b09b9c5-9ea8-435b,Carousel,https://dummyimage.com/479x980,1330,false
4559,116bbc2f-b397-4559,Image,https://dummyimage.com/190x290,2034,true
4560,bcc232dd-c9c1-44b8,Video,https://picsum.photos/445/633,2099,true
4561,9b637e25-e86c-4667,Reel,https://picsum.photos/550/1011,1874,true
4562,910f7d7f-ac9b-487f,Image,https://placekittens.com/331/1022,518,true
4563,31127d98-46ed-4969,Video,https://dummyimage.com/742x787,1444,true
4564,4e08e3aa-220e-4ea2,Carousel,https://picsum.photos/804/524,292,true
4565,903d184a-9dcc-432e,Reel,https://dummyimage.com/343x714,2028,true
4566,f75d4983-67e7-48c5,Reel,https://dummyimage.com/754x663,1628,true
4567,8e9ca6ea-2111-46ef,Reel,https://picsum.photos/564/289,1840,true
4568,69a881b3-3c2a-4d14,Image,https://placekittens.com/784/487,1387,false
4569,cf3acf49-c093-48dd,Reel,https://dummyimage.com/115x758,384,true
4570,64cc0a03-04cd-49f7,Image,https://picsum.photos/649/699,1370,false
4571,df10c9b5-a799-4b93,Carousel,https://dummyimage.com/611x252,2149,true
4572,b2243942-59c2-4a9b,Carousel,https://placekittens.com/817/147,1426,true
4573,3b54ba0b-4eff-40b1,Video,https://placekittens.com/338/423,896,true
4574,2efb6969-4efd-4135,Image,https://dummyimage.com/656x790,508,true
4575,1779a898-7ad6-4f33,Carousel,https://placekittens.com/595/538,1976,false
4576,4b371f31-ffa1-44de,Carousel,https://placekittens.com/4/297,1470,false
4577,a5011c3a-048d-4ece,Image,https://placekittens.com/628/197,1828,true
4578,8ba89700-7da9-4c0f,Image,https://placekittens.com/534/756,2018,true
4579,3b04be7d-7274-4625,Carousel,https://picsum.photos/131/49,326,false
4580,75003da5-ac85-47ea,Image,https://dummyimage.com/265x580,1742,true
4581,4a90517b-6d9d-48f5,Reel,https://picsum.photos/223/455,765,true
4582,9bbab4a3-f936-4e9d,Image,https://picsum.photos/331/275,116,true
4583,1ecb5651-b536-4cee,Reel,https://dummyimage.com/750x605,1180,true
4584,389e3f8f-1db5-4f0b,Reel,https://picsum.photos/50/397,652,true
4585,a2b698e1-b999-49c7,Reel,https://dummyimage.com/151x336,683,true
4586,0f697364-167a-4531,Carousel,https://placekittens.com/724/683,1336,false
4587,e052efac-b836-4bb3,Image,https://picsum.photos/370/440,1203,true
4588,7b25feab-b0b0-4251,Carousel,https://picsum.photos/221/478,1305,false
4589,afb99914-782c-4cf3,Carousel,https://placekittens.com/745/678,2105,false
4590,fe66a01c-5220-4d02,Reel,https://dummyimage.com/848x414,683,true
4591,990da989-ee06-443b,Image,https://placekittens.com/61/922,1870,false
4592,f27a3737-9cf4-4b85,Carousel,https://picsum.photos/283/218,74,true
4593,1c91c309-d9bb-451b,Reel,https://placekittens.com/58/561,1473,true
4594,e56dc452-1c02-4f06,Image,https://dummyimage.com/871x387,454,false
4595,f6fef426-f9ad-4f84,Image,https://placekittens.com/420/406,264,true
4596,895e63a2-fb7a-4e6f,Image,https://placekittens.com/69/247,395,false
4597,21cfb501-d03c-435c,Video,https://placekittens.com/291/228,1495,true
4598,70169d81-6601-41d7,Image,https://picsum.photos/622/301,1426,false
4599,9ab4ebc3-14d5-4c82,Image,https://placekittens.com/1005/714,2020,false
4600,a32cac5f-a311-4089,Video,https://dummyimage.com/962x983,2068,true
4601,1718bdec-8fbc-48ce,Video,https://placekittens.com/937/330,518,true
4602,8173d4cc-b38a-4d84,Image,https://placekittens.com/543/398,781,false
4603,90f44fcd-79ce-4c40,Carousel,https://placekittens.com/236/163,591,true
4604,d9db2a93-4519-4318,Carousel,https://dummyimage.com/504x950,119,true
4605,86b608a1-4f88-4b5c,Reel,https://placekittens.com/453/753,2149,true
4606,090b3e88-0ed2-40fa,Carousel,https://placekittens.com/122/459,1972,true
4607,5609d08e-3236-435d,Reel,https://dummyimage.com/768x445,575,true
4608,4b456b67-2a3e-445a,Carousel,https://placekittens.com/374/18,1101,true
4609,58614276-c38c-42da,Image,https://dummyimage.com/401x282,838,false
4610,3aaf0032-b2cc-417c,Image,https://dummyimage.com/279x581,1045,false
4611,1b517486-a779-4d7c,Image,https://placekittens.com/199/914,618,true
4612,48778b86-26dd-4013,Reel,https://dummyimage.com/700x176,777,true
4613,30980379-ef55-4dab,Carousel,https://picsum.photos/876/690,71,false
4614,ff15434d-12f2-4c83,Reel,https://dummyimage.com/777x689,1254,true
4615,ed6df2d2-2c7a-4c34,Image,https://picsum.photos/391/907,910,false
4616,be50da8d-58a9-421b,Reel,https://picsum.photos/575/539,1711,true
4617,7f65715b-dadb-491c,Image,https://picsum.photos/932/979,2147,true
4618,bbdb7b21-dbb6-4746,Reel,https://dummyimage.com/8x574,2021,true
4619,61e134e1-409f-4a80,Carousel,https://dummyimage.com/741x423,2100,false
4620,ca6fe3f1-831a-4eee,Image,https://placekittens.com/183/582,872,true
4621,7ef19812-1609-4942,Reel,https://dummyimage.com/904x711,489,true
4622,74ebac22-3c34-4141,Image,https://dummyimage.com/287x842,658,true
4623,fe7ab54f-aaed-4cac,Carousel,https://dummyimage.com/16x867,494,false
4624,35d8cd1c-ab49-4462,Image,https://placekittens.com/424/17,505,true
4625,803b90f1-c576-4393,Reel,https://placekittens.com/963/895,678,true
4626,35c44ca2-deea-46a1,Image,https://dummyimage.com/854x17,544,false
4627,75835492-a279-4d05,Reel,https://dummyimage.com/742x987,1068,true
4628,ba064134-feab-4678,Image,https://picsum.photos/929/467,1614,true
4629,86af9d96-92a7-425b,Image,https://picsum.photos/543/571,1642,true
4630,bae5ef4a-9387-4562,Image,https://dummyimage.com/865x646,1731,true
4631,399b6a60-b7a5-46b9,Image,https://dummyimage.com/614x353,270,true
4632,5043e72a-b2b3-45dd,Reel,https://placekittens.com/835/928,831,true
4633,768c2d7b-4b85-4f03,Image,https://dummyimage.com/40x925,1076,false
4634,4f57d8ce-cfaf-4d84,Reel,https://placekittens.com/306/618,1453,true
4635,3957a69e-206b-46ef,Image,https://placekittens.com/155/408,376,false
4636,57d8def1-5d96-490e,Image,https://dummyimage.com/175x770,1074,false
4637,5fb50e7a-0786-4ae9,Carousel,https://picsum.photos/133/13,759,true
4638,1e6512ab-612f-4f7c,Image,https://picsum.photos/329/540,970,false
4639,9177178f-dd35-4400,Image,https://dummyimage.com/366x454,1043,false
4640,8d2d7285-dc54-4b52,Image,https://placekittens.com/181/286,1459,false
4641,08e8848c-49e6-4813,Carousel,https://picsum.photos/948/658,2047,true
4642,c28f82f6-e0fa-44ce,Reel,https://dummyimage.com/134x326,1911,true
4643,145feca3-f777-4544,Video,https://dummyimage.com/131x499,904,true
4644,b7da116f-4b01-499c,Image,https://placekittens.com/877/293,1351,false
4645,64dd8e83-de52-4995,Reel,https://dummyimage.com/914x927,795,true
4646,4ada584c-2e38-4666,Reel,https://placekittens.com/444/16,1540,true
4647,2657a2cb-a159-4de4,Carousel,https://placekittens.com/608/893,202,false
4648,9412b661-351c-4122,Carousel,https://placekittens.com/358/804,773,true
4649,188e71ce-b5b7-4806,Reel,https://placekittens.com/514/485,33,true
4650,f3b609e7-b02c-4c5a,Reel,https://dummyimage.com/229x263,633,true
4651,aaaf47fd-2e85-4d29,Reel,https://picsum.photos/373/269,2011,true
4652,df36126e-1e4a-4320,Reel,https://picsum.photos/71/567,56,true
4653,c4e92e48-0769-44b0,Reel,https://placekittens.com/530/651,1452,true
4654,00537d6b-68d1-441a,Carousel,https://placekittens.com/353/719,1091,true
4655,aac1cbeb-d360-49e5,Reel,https://dummyimage.com/942x934,2024,true
4656,104e08d2-fb41-4a67,Reel,https://placekittens.com/243/698,1624,true
4657,f57f827c-e1ad-4bcc,Reel,https://placekittens.com/1001/98,1763,true
4658,17affb5c-6fad-49c7,Reel,https://picsum.photos/739/911,627,true
4659,bdbca45d-c9ab-4433,Image,https://dummyimage.com/597x407,962,true
4660,da8324f3-3998-407f,Reel,https://placekittens.com/382/155,1791,true
4661,1f3e1dff-f537-4439,Reel,https://picsum.photos/485/908,1196,true
4662,2afd9ee4-d74d-4e7c,Reel,https://picsum.photos/77/384,950,true
4663,b336a619-000d-43a2,Image,https://placekittens.com/134/977,789,true
4664,b49ea7f0-6df9-43d3,Carousel,https://placekittens.com/695/600,35,false
4665,4cbec5b9-093e-4c40,Image,https://dummyimage.com/692x799,2022,true
4666,b151dff6-4073-45b0,Carousel,https://placekittens.com/552/651,906,true
4667,c3dcb3d1-1a2a-4688,Image,https://dummyimage.com/918x7,1025,false
4668,6ce46301-fc55-49fb,Image,https://picsum.photos/783/322,1052,true
4669,ee93a3ca-30e7-4d4b,Image,https://placekittens.com/161/646,671,true
4670,93b0766b-15aa-41ac,Image,https://picsum.photos/475/722,55,false
4671,c7de5377-add6-47c2,Reel,https://dummyimage.com/859x276,239,true
4672,ed0195ba-d751-485d,Reel,https://picsum.photos/89/500,998,true
4673,563c0c30-5f5b-4669,Carousel,https://placekittens.com/483/483,1736,true
4674,32088624-be40-4d4a,Video,https://placekittens.com/852/376,463,true
4675,be50712b-9d99-4e31,Image,https://picsum.photos/49/792,128,true
4676,de40f977-5d01-4ebd,Reel,https://picsum.photos/911/735,308,true
4677,3e23ce96-78ec-4581,Carousel,https://picsum.photos/131/151,468,false
4678,589c4178-08d3-4281,Image,https://dummyimage.com/1020x667,2008,true
4679,011a7b59-8112-41b4,Video,https://dummyimage.com/632x999,2066,true
4680,327c95cb-3b10-46a3,Carousel,https://dummyimage.com/602x486,555,false
4681,80ff106b-34db-4d55,Video,https://picsum.photos/286/27,1822,true
4682,ab94c617-da29-4046,Carousel,https://picsum.photos/295/299,34,false
4683,94348fc7-6ed3-4bfe,Carousel,https://placekittens.com/615/957,143,true
4684,4e5be9c0-8920-4d7e,Image,https://picsum.photos/307/565,47,false
4685,6a6fa584-3d8a-4b5d,Image,https://picsum.photos/824/704,385,false
4686,60e3011c-3609-4e2b,Reel,https://picsum.photos/899/326,1370,true
4687,0f88dc2a-df67-410c,Image,https://picsum.photos/9/963,746,true
4688,a7d852cc-732c-4d98,Carousel,https://picsum.photos/508/740,242,false
4689,ddefc9cd-6b26-4115,Reel,https://dummyimage.com/601x750,123,true
4690,bf2e224b-f3b8-46ef,Carousel,https://dummyimage.com/686x1024,930,true
4691,8063eaee-9c33-482e,Reel,https://picsum.photos/531/730,2089,true
4692,0def97ed-fb1e-4ae2,Image,https://placekittens.com/298/20,1185,false
4693,4e01e452-1391-48d0,Reel,https://dummyimage.com/538x974,1915,true
4694,747baf17-7887-40fc,Image,https://picsum.photos/425/352,1574,true
4695,7f92c332-0c5c-4e0b,Image,https://placekittens.com/474/804,11,false
4696,bb567902-6e52-41ea,Image,https://dummyimage.com/777x402,418,true
4697,d3176c16-6400-4066,Video,https://picsum.photos/766/878,2190,true
4698,54c8e4ad-ff72-4252,Image,https://dummyimage.com/440x28,1976,true
4699,91d1c6d7-971d-4bd8,Carousel,https://placekittens.com/222/630,1285,false
4700,b467d602-f7d2-4aaf,Image,https://dummyimage.com/8x961,189,false
4701,84898442-7576-49c8,Image,https://picsum.photos/636/878,225,true
4702,a65dbdeb-0b17-4441,Image,https://placekittens.com/368/515,1017,true
4703,a79ad24a-7705-4420,Reel,https://dummyimage.com/989x920,1572,true
4704,057aa618-bbe6-4056,Image,https://picsum.photos/403/693,1295,true
4705,5df784b9-c502-45bb,Image,https://placekittens.com/591/631,20,true
4706,3e3d0c68-f110-4c9d,Image,https://placekittens.com/932/787,2082,false
4707,c9d13cb9-a294-437a,Reel,https://picsum.photos/987/810,1834,true
4708,580c7029-219d-426f,Video,https://dummyimage.com/930x17,859,true
4709,ae4004cf-c488-452c,Image,https://picsum.photos/417/395,2079,true
4710,ac011209-5a49-4445,Image,https://picsum.photos/322/487,2167,true
4711,6d78e2b2-781d-421c,Reel,https://placekittens.com/713/489,1435,true
4712,238f29fa-5303-4b78,Reel,https://picsum.photos/969/862,1763,true
4713,91d46ee4-ecaa-4686,Image,https://dummyimage.com/579x153,21,false
4714,44064e6c-07e3-431e,Video,https://dummyimage.com/800x12,333,true
4715,8ef61a79-ee92-49c2,Video,https://picsum.photos/446/871,1361,true
4716,9a3c00f3-f5f2-4db1,Carousel,https://picsum.photos/402/98,1632,false
4717,40f89756-56de-4117,Reel,https://picsum.photos/627/152,1789,true
4718,b025638f-517b-4925,Image,https://dummyimage.com/99x294,1178,true
4719,67061c72-8a66-49ce,Reel,https://dummyimage.com/417x548,1876,true
4720,1173e2e9-098c-416d,Image,https://dummyimage.com/154x729,1428,true
4721,32dc4767-4738-48fd,Image,https://picsum.photos/10/933,985,true
4722,b76bcc21-6761-424d,Reel,https://dummyimage.com/50x460,606,true
4723,449c3cc4-6c18-45bb,Image,https://picsum.photos/562/476,727,false
4724,d641fa0a-9fdf-4c3b,Reel,https://placekittens.com/550/992,2044,true
4725,dc969c3b-1112-4f5d,Video,https://dummyimage.com/749x887,1176,true
4726,a264be23-ed3f-4c0e,Image,https://placekittens.com/183/10,885,false
4727,4fd2fbb6-1ba5-4835,Image,https://placekittens.com/242/859,1863,true
4728,f56ddb50-ddec-4442,Reel,https://placekittens.com/518/73,675,true
4729,08bb1aca-18ed-42b9,Reel,https://placekittens.com/539/347,1916,true
4730,250b7462-167f-4c53,Reel,https://picsum.photos/610/335,1710,true
4731,c69e0a81-560b-4c10,Reel,https://dummyimage.com/721x177,588,true
4732,10da6f7c-e220-4a7e,Reel,https://placekittens.com/789/116,965,true
4733,57a812e0-91be-4e29,Reel,https://picsum.photos/80/96,1972,true
4734,aaf97fd1-2447-44fd,Image,https://placekittens.com/172/97,1381,true
4735,6994c9d1-9c20-4faf,Video,https://placekittens.com/309/34,2079,true
4736,2892fcb1-a0cd-407f,Carousel,https://dummyimage.com/103x999,1562,false
4737,2b7ca1de-592a-4acf,Image,https://dummyimage.com/651x799,253,true
4738,86037321-6371-4d9f,Image,https://picsum.photos/122/775,1743,true
4739,e3e45122-a8db-4db4,Reel,https://picsum.photos/518/155,1822,true
4740,8422dbb9-3331-4e25,Image,https://dummyimage.com/225x118,1093,false
4741,ac7f1cbc-1b15-4b06,Reel,https://placekittens.com/79/999,2170,true
4742,b3063e02-19ef-497e,Carousel,https://dummyimage.com/1012x689,426,true
4743,46c6de75-871f-4c7a,Image,https://placekittens.com/566/337,1816,false
4744,ef796281-2730-4d1c,Image,https://placekittens.com/696/839,393,false
4745,e3386c14-3cf2-4beb,Video,https://dummyimage.com/846x346,2179,true
4746,487432ff-d8bf-4402,Image,https://placekittens.com/867/394,1879,false
4747,d2a4dc73-4358-483f,Video,https://dummyimage.com/24x798,1824,true
4748,3a39cc9d-b673-42d6,Carousel,https://picsum.photos/578/44,227,true
4749,068a88c5-0b61-4e56,Image,https://dummyimage.com/641x671,1624,true
4750,11298c95-2f54-4872,Image,https://dummyimage.com/750x718,1814,true
4751,ba481ede-547d-4b70,Image,https://dummyimage.com/787x350,847,true
4752,f7762975-182f-4db8,Video,https://picsum.photos/793/158,1078,true
4753,054c3fc4-7126-44c7,Reel,https://placekittens.com/988/1,361,true
4754,f2fe1735-411d-4361,Image,https://picsum.photos/828/510,1357,true
4755,d0eac499-e1eb-4a56,Reel,https://picsum.photos/749/1016,304,true
4756,776fd0ea-ab8c-4184,Reel,https://placekittens.com/957/926,959,true
4757,1da86e32-837d-43c5,Image,https://picsum.photos/420/614,1461,false
4758,8bcc8b23-75bb-44ee,Reel,https://placekittens.com/806/573,1964,true
4759,65ff0ad0-f47d-406b,Carousel,https://picsum.photos/314/192,1032,true
4760,69c088c1-d884-4529,Carousel,https://placekittens.com/475/636,712,false
4761,6123039b-96d1-4836,Image,https://dummyimage.com/171x771,1334,true
4762,0084f2ba-8ce0-4506,Image,https://dummyimage.com/753x409,2015,false
4763,146f505a-67d4-491d,Image,https://dummyimage.com/771x663,1415,false
4764,ffb4c290-3530-4c04,Image,https://dummyimage.com/261x284,1655,true
4765,cc64db31-4d4c-46c3,Image,https://dummyimage.com/506x240,1058,true
4766,f38e51d8-ad3c-45f6,Image,https://picsum.photos/394/121,589,false
4767,e0ba9f9d-f8cb-4327,Carousel,https://picsum.photos/782/615,1513,true
4768,c7c2d3c7-708c-46e7,Reel,https://picsum.photos/396/405,860,true
4769,d1ce343b-e561-4440,Carousel,https://picsum.photos/432/76,1321,false
4770,f9dee562-6694-417f,Carousel,https://dummyimage.com/480x209,1381,true
4771,6bbb9881-ebb6-41e0,Reel,https://dummyimage.com/328x628,1361,true
4772,e3ccdd07-bc26-456f,Reel,https://placekittens.com/56/991,1101,true
4773,80f098a7-6e24-4676,Video,https://placekittens.com/383/406,80,true
4774,40f51dfd-7ff8-4870,Carousel,https://dummyimage.com/216x698,136,false
4775,8d5accf9-156c-4c63,Carousel,https://picsum.photos/353/415,1389,true
4776,6a57ebc4-5a3f-4a93,Carousel,https://picsum.photos/824/71,1522,false
4777,92c06fe7-bac9-44da,Image,https://picsum.photos/916/974,356,true
4778,df094073-192b-4e17,Image,https://dummyimage.com/31x994,519,true
4779,8325fee8-d3d7-4ab1,Image,https://dummyimage.com/985x900,607,true
4780,d901993d-126f-41c1,Image,https://placekittens.com/174/697,1598,false
4781,0be688ea-9834-4704,Reel,https://placekittens.com/748/487,840,true
4782,99335334-55b4-4b0e,Reel,https://placekittens.com/290/430,1450,true
4783,b351a66c-5c25-48c7,Image,https://dummyimage.com/78x752,183,true
4784,fc786431-fa1f-451a,Image,https://placekittens.com/327/180,532,true
4785,4d2f3f45-1bd2-4a73,Image,https://dummyimage.com/817x232,2031,false
4786,c1be6108-42a6-46a3,Video,https://dummyimage.com/918x558,1834,true
4787,5495e5f0-495a-460d,Image,https://picsum.photos/469/758,1095,false
4788,6d109ceb-5cd2-4d1f,Reel,https://picsum.photos/616/736,861,true
4789,98928aa3-0f71-4379,Image,https://picsum.photos/710/908,845,true
4790,6cd21ac4-1c7c-48d6,Video,https://dummyimage.com/610x639,1743,true
4791,daf2c231-9a06-4c6d,Video,https://placekittens.com/734/518,938,true
4792,bf2f89f9-5171-4de8,Image,https://picsum.photos/761/966,313,true
4793,d2ca34ec-b85c-4137,Image,https://picsum.photos/528/900,1902,false
4794,ac6d3882-0f48-40b7,Reel,https://dummyimage.com/125x425,643,true
4795,a7d4d762-5fe5-408b,Image,https://picsum.photos/57/249,1564,false
4796,1caebad8-1543-4d04,Carousel,https://picsum.photos/743/760,719,true
4797,d7b75b6c-a06d-40d4,Carousel,https://placekittens.com/315/291,999,false
4798,31d406b0-e636-4415,Video,https://picsum.photos/511/306,1190,true
4799,59053991-1773-4f6e,Reel,https://placekittens.com/884/238,442,true
4800,7e073ff9-a6b9-4a06,Video,https://dummyimage.com/116x457,658,true
4801,df97d4b3-a024-4f22,Reel,https://placekittens.com/61/751,203,true
4802,70b6e0fb-8229-4087,Reel,https://picsum.photos/418/837,1172,true
4803,969c6510-255f-405e,Image,https://placekittens.com/415/310,1378,true
4804,df2ec64b-1498-4139,Reel,https://picsum.photos/457/99,1872,true
4805,ca682d4d-4a82-4752,Carousel,https://placekittens.com/471/589,2038,false
4806,8137b0a9-49c5-4aec,Carousel,https://placekittens.com/457/498,873,true
4807,615bfe1b-ae0d-482b,Reel,https://picsum.photos/314/133,359,true
4808,02cf68c0-bcb9-448d,Video,https://dummyimage.com/250x68,517,true
4809,180ae9e6-311f-414d,Image,https://placekittens.com/879/439,1259,false
4810,d237231a-7ea9-4346,Carousel,https://dummyimage.com/516x86,544,false
4811,ca73e4a7-f9fe-442f,Reel,https://dummyimage.com/921x730,177,true
4812,293c841c-55a5-4bb1,Video,https://dummyimage.com/607x666,73,true
4813,bf11fe62-aaca-4531,Image,https://placekittens.com/452/914,597,false
4814,6761931b-22ec-4fe3,Video,https://picsum.photos/172/897,439,true
4815,cd686445-0e18-453b,Image,https://picsum.photos/830/401,1229,false
4816,5e415be9-84c1-4051,Image,https://placekittens.com/295/33,1101,true
4817,dfd3da43-cdbc-4f27,Reel,https://dummyimage.com/315x658,1804,true
4818,c6950ab3-c2cf-4d36,Image,https://picsum.photos/898/833,420,false
4819,17990d07-a55b-4a59,Image,https://picsum.photos/332/365,374,false
4820,b5d4765a-be86-4a69,Carousel,https://dummyimage.com/84x434,1705,false
4821,128ce770-69f7-4b2b,Image,https://dummyimage.com/239x603,1634,false
4822,37fe05ae-70cb-4d28,Image,https://placekittens.com/843/24,803,false
4823,0703c252-31ca-4cb3,Reel,https://placekittens.com/568/336,1016,true
4824,917b2a20-703d-4d80,Image,https://picsum.photos/579/468,349,true
4825,89922057-7e28-41a4,Carousel,https://placekittens.com/813/1008,1672,true
4826,5bab3614-04dd-4bc0,Reel,https://picsum.photos/86/740,1226,true
4827,ece72a27-a6ce-4f7b,Reel,https://placekittens.com/611/65,894,true
4828,32dfb99e-277c-4bef,Video,https://picsum.photos/846/389,332,true
4829,b0cf49c6-8bf2-46e1,Image,https://picsum.photos/111/440,1557,false
4830,07e66b17-102f-422a,Image,https://dummyimage.com/960x342,411,true
4831,280e8cee-55d8-4f9b,Reel,https://picsum.photos/869/428,1757,true
4832,1bde2ef4-a69c-4e49,Video,https://placekittens.com/238/487,1804,true
4833,b19020b3-f0d1-4e07,Carousel,https://picsum.photos/765/297,1945,true
4834,3c4848ec-d1c2-45bc,Image,https://dummyimage.com/156x988,430,false
4835,6063e368-fdc9-467a,Video,https://dummyimage.com/140x902,1543,true
4836,0be17ce7-34a3-45d5,Image,https://dummyimage.com/735x209,526,true
4837,db4ef549-729d-44c4,Reel,https://picsum.photos/726/383,496,true
4838,b23824d2-3607-41df,Reel,https://dummyimage.com/359x657,1061,true
4839,33a385ea-4a51-4c33,Image,https://dummyimage.com/526x346,6,true
4840,d88dbafe-670c-4e36,Carousel,https://dummyimage.com/332x223,542,false
4841,22b8d245-f18c-4774,Reel,https://dummyimage.com/16x1015,1320,true
4842,c7ff1b05-795e-403b,Carousel,https://picsum.photos/221/667,1128,false
4843,0962914e-2087-44be,Carousel,https://placekittens.com/396/718,742,false
4844,7366feb8-e419-4c7d,Reel,https://dummyimage.com/190x101,249,true
4845,8cd0bb1c-eacb-4674,Reel,https://dummyimage.com/946x678,1737,true
4846,923088e9-453a-41d8,Image,https://dummyimage.com/616x23,491,false
4847,a58930bf-9068-4dc7,Reel,https://picsum.photos/1017/843,1317,true
4848,57f338cc-afb1-46a8,Reel,https://picsum.photos/407/321,711,true
4849,dd3825a4-3a4a-4d9f,Video,https://dummyimage.com/747x116,499,true
4850,f464d6fa-225d-4814,Reel,https://picsum.photos/922/956,1406,true
4851,68cd9db3-97ca-44fc,Video,https://placekittens.com/198/603,201,true
4852,0d265979-87e3-4855,Reel,https://picsum.photos/294/489,1788,true
4853,5cf4e6c1-67c4-4cdf,Image,https://placekittens.com/305/188,1307,false
4854,c8a77aaf-1554-421f,Image,https://picsum.photos/8/891,2128,true
4855,996ac221-4c4c-4040,Reel,https://dummyimage.com/43x957,527,true
4856,0d9c7f88-1de6-4d11,Video,https://picsum.photos/268/280,794,true
4857,f1ce6efe-fba2-4f74,Carousel,https://dummyimage.com/956x601,749,true
4858,0997f948-4c94-41da,Reel,https://placekittens.com/20/409,210,true
4859,27e7dd21-5266-4664,Reel,https://placekittens.com/321/74,55,true
4860,4d495791-3e59-4da8,Reel,https://dummyimage.com/1005x898,1230,true
4861,124a594e-5284-4387,Carousel,https://placekittens.com/796/763,718,false
4862,598b8e37-d40d-4864,Image,https://picsum.photos/258/609,622,false
4863,14b42105-ab07-472c,Carousel,https://placekittens.com/531/465,1864,false
4864,a6c29d15-5963-478c,Reel,https://placekittens.com/857/367,1937,true
4865,adbd1ab9-73aa-42a4,Reel,https://picsum.photos/549/49,387,true
4866,17cc2a63-ce38-44cc,Carousel,https://placekittens.com/333/277,1902,true
4867,224454c1-7317-4469,Reel,https://picsum.photos/182/800,1916,true
4868,12141e17-7e30-489c,Carousel,https://picsum.photos/1001/191,2040,false
4869,16f3a34c-439d-438b,Video,https://dummyimage.com/323x643,2103,true
4870,d0a62f21-2d2c-4e92,Image,https://picsum.photos/706/143,2068,true
4871,754058c0-7c73-4ad4,Reel,https://placekittens.com/918/892,1930,true
4872,b4fc0078-1c92-4804,Image,https://dummyimage.com/985x530,1719,true
4873,8c203bae-a9d1-4493,Reel,https://picsum.photos/518/62,971,true
4874,f90e701c-c088-459b,Image,https://picsum.photos/257/542,246,false
4875,f0e0a32e-b354-4851,Image,https://picsum.photos/126/29,195,false
4876,96ec9f69-522c-4a6f,Image,https://dummyimage.com/1008x492,1698,false
4877,8170ac9a-6b89-41af,Image,https://placekittens.com/353/745,522,true
4878,2635a948-411c-4cab,Image,https://dummyimage.com/705x97,1001,true
4879,34945abe-bc9b-47ac,Reel,https://dummyimage.com/1003x956,1057,true
4880,2ff5760e-7d74-4697,Reel,https://picsum.photos/803/457,993,true
4881,6101d0d2-94fd-4788,Image,https://picsum.photos/957/737,2030,true
4882,0a57decd-4fd4-4dde,Video,https://picsum.photos/128/207,2000,true
4883,5f47b5d1-b60b-4ef9,Reel,https://placekittens.com/901/58,602,true
4884,e5674f3e-fa5b-40ef,Carousel,https://picsum.photos/696/167,650,true
4885,41d5a35a-7510-41a0,Image,https://dummyimage.com/991x998,917,false
4886,eb267cd8-e41d-4fd7,Image,https://picsum.photos/939/664,32,false
4887,1d53580d-7e73-495e,Video,https://dummyimage.com/196x976,1254,true
4888,493fb0b6-316c-46db,Image,https://dummyimage.com/737x126,1446,true
4889,54da0b2a-94bd-4ab2,Carousel,https://dummyimage.com/53x671,1825,true
4890,d26859e4-dcf8-4c5d,Image,https://picsum.photos/208/789,483,true
4891,94fb36c3-533b-467d,Carousel,https://dummyimage.com/333x864,1825,false
4892,4311c74e-af49-43cf,Image,https://placekittens.com/45/57,550,true
4893,813c7070-0128-4a3f,Carousel,https://dummyimage.com/13x705,690,false
4894,cd6d2cf8-5a28-4d87,Image,https://dummyimage.com/291x829,1514,false
4895,8754befb-5545-4c68,Reel,https://dummyimage.com/321x754,1922,true
4896,6301edad-8377-48c4,Reel,https://placekittens.com/445/936,2188,true
4897,ee729461-a8b1-4220,Carousel,https://dummyimage.com/619x854,1817,true
4898,088581be-4c9a-4183,Image,https://placekittens.com/675/1012,1858,true
4899,667b82d8-ead7-4f47,Image,https://dummyimage.com/902x450,658,false
4900,0a8aaa73-047b-44d0,Reel,https://dummyimage.com/698x615,404,true
4901,3a6ae873-6b7a-4f73,Reel,https://placekittens.com/1020/785,674,true
4902,65f50374-294b-4637,Image,https://picsum.photos/869/643,1757,false
4903,bcb2bcf3-6ff4-4433,Carousel,https://dummyimage.com/501x988,1043,false
4904,9e114458-7fa4-48d6,Carousel,https://placekittens.com/420/820,1481,true
4905,e1b1c435-d06f-4629,Video,https://picsum.photos/546/340,855,true
4906,c5964d7d-5cfd-4039,Reel,https://placekittens.com/621/940,2031,true
4907,103e258f-9c40-42c4,Reel,https://placekittens.com/900/717,1084,true
4908,dd21e66e-2226-474c,Reel,https://dummyimage.com/858x865,760,true
4909,55dc683b-44a3-4052,Reel,https://placekittens.com/66/380,1060,true
4910,5fd663bc-615b-4c73,Carousel,https://picsum.photos/259/885,574,false
4911,30b95046-b3c3-47b2,Image,https://picsum.photos/1002/416,1851,false
4912,9264cbdb-52c8-434e,Image,https://dummyimage.com/973x524,1766,false
4913,8f621bb5-eb37-4bee,Reel,https://picsum.photos/856/15,2111,true
4914,6ed42fa3-3a28-43da,Image,https://placekittens.com/138/865,1796,true
4915,33573edf-a5ca-4cd1,Image,https://placekittens.com/21/462,250,false
4916,3d2ce603-deae-49c0,Image,https://picsum.photos/60/236,501,true
4917,bb98011b-4d4e-4de8,Image,https://placekittens.com/625/111,2044,true
4918,0acbe846-9596-4a9e,Image,https://dummyimage.com/383x261,808,true
4919,47ded359-7fe0-4eca,Reel,https://picsum.photos/673/64,704,true
4920,303d2946-9fd0-4c98,Carousel,https://picsum.photos/230/837,171,true
4921,85e0b924-27da-4268,Image,https://dummyimage.com/673x83,1122,false
4922,307a3560-607a-4205,Carousel,https://placekittens.com/34/339,749,false
4923,0f510a52-5507-4a21,Carousel,https://picsum.photos/63/791,1640,false
4924,06325aba-0063-4b64,Reel,https://placekittens.com/99/380,1108,true
4925,21c04783-8f55-4c6c,Carousel,https://picsum.photos/159/975,1895,true
4926,b71945a5-86f0-43b5,Reel,https://placekittens.com/559/991,898,true
4927,5abf33de-8ba7-4936,Reel,https://picsum.photos/929/396,2023,true
4928,521f8c89-53a6-4a34,Image,https://dummyimage.com/267x568,1586,true
4929,eac0eea3-54c0-49d0,Reel,https://placekittens.com/166/906,1931,true
4930,086fdf7b-f910-4a72,Video,https://dummyimage.com/558x100,1623,true
4931,a6a25ae9-4f9e-4c36,Reel,https://dummyimage.com/655x927,1399,true
4932,776c3609-e823-4818,Reel,https://placekittens.com/502/7,316,true
4933,955a79ba-42c4-4cb7,Image,https://placekittens.com/123/782,776,false
4934,356c9c00-ab97-46cb,Reel,https://placekittens.com/630/380,830,true
4935,34ad5a6c-5b8f-40ab,Carousel,https://picsum.photos/788/193,1777,true
4936,1950a213-16d4-421e,Video,https://placekittens.com/809/683,260,true
4937,3512103d-c545-46ee,Reel,https://dummyimage.com/17x900,1003,true
4938,30a1ade0-38a3-4785,Carousel,https://placekittens.com/401/766,728,true
4939,d84b5538-3891-4fb0,Reel,https://picsum.photos/706/117,2171,true
4940,f1c35308-0bae-4d50,Image,https://dummyimage.com/293x346,1195,false
4941,209fbb4d-f207-4b30,Reel,https://dummyimage.com/136x403,270,true
4942,248dd5c8-fad4-46cc,Reel,https://placekittens.com/740/572,1424,true
4943,8499338b-faf1-453d,Video,https://dummyimage.com/800x473,1291,true
4944,a6cfc00b-6706-4449,Reel,https://placekittens.com/977/618,786,true
4945,b14156a5-21a4-41d5,Carousel,https://placekittens.com/595/794,127,true
4946,4b29ffed-3ac6-4634,Image,https://picsum.photos/783/841,1320,true
4947,ac741368-4c07-4559,Carousel,https://dummyimage.com/862x187,49,true
4948,884b469c-7eea-48f9,Image,https://picsum.photos/958/325,916,true
4949,5410629e-094f-47d5,Video,https://placekittens.com/798/670,129,true
4950,d5f9115e-2620-4ce4,Image,https://picsum.photos/377/210,396,false
4951,a2e10ba2-923f-4e18,Reel,https://picsum.photos/765/144,374,true
4952,b8603485-2c73-49b6,Video,https://picsum.photos/840/912,950,true
4953,866e626f-b876-4f27,Reel,https://picsum.photos/394/982,116,true
4954,40c6837b-297a-48f8,Carousel,https://dummyimage.com/935x518,990,true
4955,aeba5790-9ca5-4dac,Image,https://picsum.photos/318/711,1923,true
4956,18ed97f5-8116-4f26,Reel,https://placekittens.com/74/316,1602,true
4957,af71c225-20b8-4b8b,Video,https://dummyimage.com/338x264,722,true
4958,ad11aa74-4530-4b25,Video,https://picsum.photos/922/73,1944,true
4959,315c703e-c399-48be,Carousel,https://dummyimage.com/822x843,2084,false
4960,f8a4505f-5e64-4f41,Video,https://picsum.photos/270/59,1166,true
4961,bdbb0c28-8368-43a1,Image,https://picsum.photos/71/1022,261,true
4962,694d5ba4-ea69-4a7c,Carousel,https://placekittens.com/172/711,1389,false
4963,eac0143b-da62-4911,Image,https://placekittens.com/394/559,1846,false
4964,5b1c32a3-36f3-4e34,Carousel,https://picsum.photos/62/268,948,true
4965,399e3f66-0400-4255,Video,https://dummyimage.com/194x76,1151,true
4966,5d7fa19f-8fd0-4364,Image,https://placekittens.com/324/286,1221,true
4967,c10e31af-5e68-4065,Carousel,https://placekittens.com/771/177,908,true
4968,f43665c2-2e93-4f4a,Image,https://placekittens.com/88/509,298,true
4969,68e62081-674a-41c8,Video,https://dummyimage.com/808x4,832,true
4970,bfdfe8ec-2ecf-45f1,Video,https://picsum.photos/537/283,1773,true
4971,4b1c97c1-2d71-4eb0,Image,https://picsum.photos/214/334,382,true
4972,76e7d418-c4c7-458c,Image,https://dummyimage.com/105x920,508,true
4973,0f22795c-e5aa-4f2b,Reel,https://picsum.photos/984/693,1085,true
4974,4fecb248-007a-4efc,Reel,https://picsum.photos/805/704,699,true
4975,be6ac1e1-1a00-44c7,Carousel,https://picsum.photos/35/242,1857,false
4976,acc77985-9f5e-435e,Reel,https://picsum.photos/206/145,1616,true
4977,c0ee6060-f636-4f1d,Image,https://placekittens.com/268/221,1889,false
4978,bb314fb5-b587-4e80,Video,https://placekittens.com/902/617,1650,true
4979,1354a46f-04e1-42f3,Carousel,https://dummyimage.com/50x838,1176,false
4980,a537096c-0119-4d0c,Image,https://picsum.photos/615/791,548,false
4981,75654355-fb17-4a0c,Reel,https://placekittens.com/283/119,861,true
4982,d015f9a2-26a8-4263,Image,https://dummyimage.com/528x905,995,false
4983,008637bf-c2e1-4b11,Image,https://picsum.photos/982/711,645,false
4984,86b1fd3b-fde5-4c5b,Carousel,https://placekittens.com/279/625,1577,false
4985,90380737-2250-4c8e,Reel,https://picsum.photos/377/444,1255,true
4986,86c632e3-00ec-40b8,Image,https://placekittens.com/318/272,1151,false
4987,696bedbc-9927-4aee,Image,https://placekittens.com/115/399,2132,false
4988,b8fc34a0-4a23-4009,Carousel,https://picsum.photos/129/82,3,true
4989,74ac1ec7-7f7f-4644,Carousel,https://dummyimage.com/234x502,128,false
4990,ab544b2e-088e-4de8,Carousel,https://dummyimage.com/1003x919,1154,true
4991,0983d957-38af-4080,Carousel,https://picsum.photos/322/53,1074,false
4992,1be94ed2-a0f6-41ef,Carousel,https://picsum.photos/570/529,176,false
4993,5eb6c2f2-0d13-44a6,Image,https://dummyimage.com/270x249,1048,true
4994,b21ef015-1d4e-4a90,Reel,https://picsum.photos/415/612,2155,true
4995,54f468e1-40d6-4fba,Reel,https://dummyimage.com/313x546,1368,true
4996,1b164fcd-685b-40f5,Reel,https://picsum.photos/858/823,1922,true
4997,456984ed-e7e2-4941,Image,https://picsum.photos/744/197,828,true
4998,1ecd416b-b356-459e,Image,https://placekittens.com/332/949,204,true
4999,c084ed73-bb03-43d7,Image,https://dummyimage.com/651x5,992,true
5000,b1c312c8-ed0a-4c92,Carousel,https://placekittens.com/480/408,1181,true
5001,c6f15be2-b094-4c94,Video,https://picsum.photos/849/630,1421,true
5002,41bcb4ea-566a-40c2,Image,https://placekittens.com/302/815,724,true
5003,826f983c-2f7d-4b9d,Reel,https://picsum.photos/807/753,1895,true
5004,34f82779-c36c-4fd5,Image,https://placekittens.com/386/265,67,false
5005,08868830-54ff-4776,Carousel,https://picsum.photos/563/133,1876,true
5006,acd5dfdb-9047-470c,Image,https://placekittens.com/640/77,387,false
5007,27b2094c-a703-499d,Image,https://picsum.photos/831/886,2086,true
5008,087ee75f-1785-4697,Carousel,https://placekittens.com/49/258,145,false
5009,74d21b8e-2edd-414e,Reel,https://picsum.photos/388/530,968,true
5010,a2863c0a-5186-49ac,Image,https://picsum.photos/768/135,1082,false
5011,52aea9bb-7ad0-4240,Video,https://picsum.photos/421/194,762,true
5012,7776b127-da3a-4224,Carousel,https://placekittens.com/416/284,816,false
5013,53e8aa3b-c8b2-4d4f,Carousel,https://placekittens.com/141/894,703,false
5014,a9a09346-4b16-4e42,Carousel,https://picsum.photos/733/543,2006,false
5015,98f98ff3-403f-4e81,Carousel,https://picsum.photos/432/889,1710,true
5016,fdb802ad-b804-400c,Reel,https://picsum.photos/481/709,1372,true
5017,446b0c02-f65e-4b5d,Reel,https://picsum.photos/127/548,464,true
5018,56e7da1b-0d89-47a0,Video,https://picsum.photos/810/648,537,true
5019,a2565f1b-f91d-4967,Image,https://placekittens.com/258/287,57,true
5020,b383d34b-d50c-4870,Carousel,https://placekittens.com/263/653,1992,true
5021,e0bbc106-d13c-4bdf,Image,https://picsum.photos/675/66,1946,false
5022,b38f53ee-3240-43dc,Reel,https://picsum.photos/551/120,919,true
5023,f3b313a3-ad25-4822,Reel,https://dummyimage.com/323x190,2192,true
5024,01b5938c-c578-4e7b,Video,https://dummyimage.com/174x284,2163,true
5025,64aedf0f-b858-4b63,Image,https://placekittens.com/938/671,1341,false
5026,f3d1c19a-79cb-4c1a,Reel,https://dummyimage.com/757x298,1220,true
5027,780e21be-ff46-43c9,Image,https://picsum.photos/755/825,1555,true
5028,e54cb1fc-79da-4997,Carousel,https://placekittens.com/421/567,161,false
5029,2537070c-a465-492a,Reel,https://picsum.photos/345/666,158,true
5030,38fed4f1-fb72-4e47,Reel,https://placekittens.com/269/155,561,true
5031,31e1b04e-193d-45ae,Carousel,https://picsum.photos/898/376,1188,true
5032,ec68959c-2a8c-45e3,Reel,https://placekittens.com/230/972,1533,true
5033,11b19f2a-fbca-420c,Video,https://picsum.photos/176/266,394,true
5034,74df3b40-2322-4a78,Reel,https://dummyimage.com/782x270,1293,true
5035,5cd9b9a3-bdba-4bef,Image,https://dummyimage.com/695x517,1243,false
5036,2a324ec9-7925-4370,Carousel,https://picsum.photos/393/925,1746,true
5037,b264696c-448a-479c,Reel,https://placekittens.com/335/317,221,true
5038,752964e7-f6d5-4ab0,Video,https://picsum.photos/989/882,836,true
5039,292be573-b98a-4c19,Carousel,https://picsum.photos/944/256,1533,false
5040,9696ceb0-b053-4db2,Reel,https://picsum.photos/906/629,528,true
5041,4c77a089-f791-47f2,Carousel,https://placekittens.com/977/807,1344,false
5042,d0f05ac6-cd8f-4146,Image,https://picsum.photos/789/995,404,true
5043,46e37bd0-b8b0-488e,Carousel,https://dummyimage.com/725x75,725,true
5044,a759257e-f3c4-4d64,Carousel,https://dummyimage.com/594x895,1603,true
5045,6b4e10d9-fba2-457e,Image,https://dummyimage.com/528x687,1528,true
5046,7c48b1a7-cb24-45a9,Image,https://placekittens.com/458/230,2076,true
5047,8bd9af9a-4614-46fc,Carousel,https://picsum.photos/763/875,507,false
5048,3e2fa0f1-052c-45fb,Reel,https://picsum.photos/971/934,921,true
5049,283d8c0e-3345-452c,Image,https://dummyimage.com/185x274,1994,true
5050,6b40c5b7-e960-4d5b,Reel,https://dummyimage.com/744x90,1647,true
5051,bcfc1537-b6df-4670,Reel,https://dummyimage.com/851x573,1394,true
5052,2bc1472b-455a-469f,Image,https://placekittens.com/749/1001,1241,false
5053,e5656823-7ffa-44b9,Image,https://dummyimage.com/930x847,2126,true
5054,934d425f-615b-4c97,Reel,https://picsum.photos/262/576,1851,true
5055,0bdae32b-47ac-4c02,Video,https://placekittens.com/492/116,210,true
5056,75d3bc1d-0894-4bb1,Carousel,https://picsum.photos/228/22,1881,false
5057,90004a75-58fb-446b,Image,https://picsum.photos/15/330,1086,true
5058,52a136fa-9313-4974,Video,https://placekittens.com/145/57,1509,true
5059,decd2216-6cbf-4d90,Image,https://placekittens.com/231/165,1822,true
5060,6a7c05b7-be6b-42e9,Image,https://placekittens.com/959/944,402,false
5061,ef380c05-bad2-45b3,Carousel,https://dummyimage.com/629x878,315,true
5062,0941d164-88a0-4205,Image,https://dummyimage.com/169x327,478,false
5063,07302fde-3a25-4772,Carousel,https://dummyimage.com/800x322,1617,false
5064,ddab2381-56bf-443c,Image,https://picsum.photos/873/126,1436,true
5065,308b9405-79e1-41d8,Reel,https://dummyimage.com/1021x790,2134,true
5066,a1b93b77-7228-4f55,Carousel,https://picsum.photos/879/1017,918,false
5067,78e75536-d28a-42d2,Image,https://placekittens.com/939/53,1707,true
5068,fc985251-f17b-48d3,Carousel,https://dummyimage.com/1022x300,534,false
5069,cf68f370-367b-471a,Carousel,https://dummyimage.com/439x404,1854,false
5070,32a04812-66d8-455f,Reel,https://picsum.photos/644/929,2155,true
5071,3baf97d8-8a7e-48f2,Video,https://picsum.photos/361/720,1027,true
5072,8de97be1-9ee3-4372,Reel,https://dummyimage.com/771x578,1298,true
5073,d084014b-3928-479b,Carousel,https://dummyimage.com/213x404,1222,true
5074,80749a84-a385-4498,Carousel,https://picsum.photos/683/104,230,false
5075,e0d082c9-cbb1-4552,Image,https://placekittens.com/856/949,736,false
5076,e33bf4a5-3b4b-484f,Carousel,https://placekittens.com/877/166,1854,false
5077,c388604b-9e37-432a,Image,https://dummyimage.com/907x794,2073,false
5078,67a17d4f-1cef-45b1,Image,https://picsum.photos/256/112,294,false
5079,30ee9788-dc8f-4e61,Image,https://placekittens.com/53/614,2136,false
5080,fe1a5f06-1b70-4efd,Image,https://picsum.photos/377/199,754,false
5081,f1294be9-659c-4d79,Image,https://picsum.photos/55/480,1484,true
5082,621a277a-e402-4b0f,Reel,https://placekittens.com/472/616,1566,true
5083,72d1ce79-8081-44a9,Carousel,https://dummyimage.com/445x647,2095,false
5084,9ec42cd3-a21d-46d4,Reel,https://dummyimage.com/158x186,282,true
5085,5d2431e4-96d2-494b,Image,https://dummyimage.com/100x987,1101,false
5086,a7f27eb8-d08e-4154,Image,https://dummyimage.com/558x145,552,true
5087,4d682ebc-0848-4908,Video,https://placekittens.com/449/26,1873,true
5088,a7e859d0-0a34-4edf,Video,https://placekittens.com/930/120,1545,true
5089,51867c5d-98ab-4d68,Image,https://placekittens.com/30/925,647,true
5090,485c4d7c-7392-4ca6,Reel,https://placekittens.com/567/144,1785,true
5091,b890d674-bd6d-4589,Image,https://placekittens.com/612/450,109,false
5092,4ce2a908-bfb0-4f83,Carousel,https://dummyimage.com/796x651,223,true
5093,b9eb05aa-8170-4dd2,Reel,https://dummyimage.com/348x994,970,true
5094,aa52bb26-d0a4-4088,Video,https://placekittens.com/45/677,853,true
5095,0486f170-8892-4a20,Reel,https://dummyimage.com/361x788,1679,true
5096,9e0906ff-dd10-45aa,Image,https://placekittens.com/893/207,946,false
5097,b3e5c7a6-c1aa-4cc3,Reel,https://picsum.photos/238/313,2021,true
5098,48fd0c51-f673-4fbf,Video,https://dummyimage.com/944x416,348,true
5099,c1157c0a-7a33-4391,Carousel,https://dummyimage.com/550x49,329,false
5100,ed45bf62-5c7c-4ed8,Image,https://picsum.photos/730/844,1739,false
5101,5d4ca935-e6a6-43bf,Carousel,https://dummyimage.com/279x285,912,true
5102,100c17b1-ebb0-48ab,Video,https://placekittens.com/897/662,1343,true
5103,02700172-6be5-475c,Carousel,https://picsum.photos/783/770,1204,false
5104,a0cc48c2-9b1f-41b6,Image,https://dummyimage.com/0x383,2178,true
5105,9a93f7aa-4635-466e,Reel,https://placekittens.com/515/956,323,true
5106,836f01f9-7c6c-45de,Image,https://picsum.photos/122/214,38,true
5107,7dc4507d-5e9b-4735,Image,https://picsum.photos/128/471,1135,true
5108,739e698a-c019-4dff,Image,https://picsum.photos/445/221,1514,true
5109,9c0e8718-6672-465b,Reel,https://dummyimage.com/955x420,1021,true
5110,d38c5cf6-974b-4d80,Carousel,https://picsum.photos/568/66,1782,true
5111,c4fb2ca0-75ae-4400,Image,https://picsum.photos/392/119,1917,true
5112,28f1cc52-aafb-4018,Image,https://dummyimage.com/890x95,2128,true
5113,78fb03d2-24ad-450d,Image,https://picsum.photos/36/732,152,false
5114,ee77a8de-c595-4322,Image,https://placekittens.com/552/72,903,true
5115,9875a848-6608-4fa9,Carousel,https://dummyimage.com/487x663,1685,false
5116,a503ca47-9e9a-4d97,Image,https://placekittens.com/790/770,677,true
5117,858097ec-b3b5-4ac7,Image,https://placekittens.com/586/529,321,false
5118,834a75b4-7cff-4063,Reel,https://picsum.photos/788/1014,1046,true
5119,dda527e3-3253-457f,Image,https://placekittens.com/828/815,1304,false
5120,7850cece-319c-4d2a,Carousel,https://placekittens.com/65/987,2090,false
5121,2a50ba4d-e4db-4a15,Reel,https://dummyimage.com/567x142,47,true
5122,9802e8b0-7318-42cb,Image,https://picsum.photos/414/475,2120,true
5123,1983a52c-3f27-4058,Image,https://picsum.photos/746/746,528,true
5124,91ba5f90-fa57-4ff9,Video,https://dummyimage.com/488x378,1090,true
5125,40557fc2-181d-4b65,Video,https://placekittens.com/1004/723,1053,true
5126,f92c8a08-49e0-4666,Reel,https://picsum.photos/317/3,1339,true
5127,6c0a77f8-6ec2-4916,Image,https://picsum.photos/646/401,189,true
5128,670c0b3d-3428-4404,Reel,https://picsum.photos/941/438,1068,true
5129,47aa1f72-362b-4532,Image,https://picsum.photos/460/95,870,false
5130,65896726-5ad8-4e3c,Reel,https://placekittens.com/170/931,503,true
5131,ecf27c13-61ee-41db,Reel,https://dummyimage.com/349x125,663,true
5132,f31150dd-a5df-4485,Reel,https://placekittens.com/970/800,809,true
5133,962e539e-12b3-4a09,Reel,https://placekittens.com/102/987,2039,true
5134,dfaf85a4-843b-45f1,Reel,https://dummyimage.com/178x837,2165,true
5135,70c08e2d-d43f-408a,Carousel,https://picsum.photos/364/396,843,false
5136,bb1a3369-4090-4a8e,Image,https://placekittens.com/326/363,666,true
5137,a47535ce-e82c-469c,Image,https://placekittens.com/15/124,1308,false
5138,b6579154-22bf-4d91,Reel,https://dummyimage.com/455x492,1123,true
5139,0adf48f5-d933-4afb,Image,https://placekittens.com/792/5,543,true
5140,fd45f603-3a43-445e,Image,https://picsum.photos/645/390,2009,false
5141,02ca5ccb-6a9b-46db,Video,https://dummyimage.com/1014x590,1601,true
5142,069d0b23-21b0-4574,Carousel,https://picsum.photos/904/704,802,true
5143,c4cc2ebb-f453-4f7d,Reel,https://placekittens.com/311/543,1702,true
5144,e2db81e1-658b-499f,Image,https://dummyimage.com/176x824,361,false
5145,bd802fa5-d95f-41c6,Image,https://placekittens.com/522/731,962,false
5146,e64da46d-99d9-4542,Reel,https://placekittens.com/158/42,934,true
5147,09e1a868-4f24-41c8,Reel,https://picsum.photos/962/534,605,true
5148,815411ca-bd0f-482f,Image,https://picsum.photos/596/91,2020,true
5149,9b4ab1ee-bb26-4b07,Image,https://dummyimage.com/398x908,827,true
5150,404ae66a-537b-433d,Image,https://picsum.photos/626/465,530,false
5151,c992fee5-0031-4d62,Reel,https://picsum.photos/31/937,109,true
5152,61176490-7690-47df,Carousel,https://picsum.photos/205/85,1670,false
5153,c5e13c62-5917-4578,Carousel,https://dummyimage.com/53x1003,1098,false
5154,2a66447d-5a1a-48f2,Image,https://dummyimage.com/143x707,1440,false
5155,3581a38b-ad76-4b3a,Carousel,https://placekittens.com/574/695,1571,false
5156,dc98b98a-3667-4e41,Image,https://dummyimage.com/708x90,767,false
5157,34a7d864-75d3-4cfc,Image,https://placekittens.com/67/292,914,false
5158,bcfb7482-46f6-42fc,Image,https://placekittens.com/330/361,967,false
5159,6fbe2c6e-05eb-4c15,Image,https://picsum.photos/185/600,159,true
5160,0de780c9-41b2-4fd1,Image,https://dummyimage.com/673x253,905,false
5161,f5d9a015-c31e-4341,Reel,https://placekittens.com/511/93,942,true
5162,dec839e3-55e7-4df4,Image,https://placekittens.com/237/538,1002,true
5163,80c62f3d-cdd8-4137,Reel,https://picsum.photos/423/607,623,true
5164,ba0b66e0-8615-41ca,Image,https://dummyimage.com/472x1021,1016,false
5165,093d42dd-3cfa-49fd,Reel,https://dummyimage.com/505x665,1684,true
5166,2c224f4c-8f07-440c,Image,https://dummyimage.com/52x289,767,false
5167,a16f6b97-e5a1-466e,Reel,https://picsum.photos/841/819,1160,true
5168,54a9e9ef-a556-4fc9,Video,https://picsum.photos/375/236,632,true
5169,cf58ba1d-2774-4ed4,Image,https://picsum.photos/877/443,839,true
5170,0dd86ce2-3522-4e8f,Carousel,https://dummyimage.com/468x562,2171,true
5171,d57889a3-87f1-4da4,Carousel,https://picsum.photos/742/877,1599,true
5172,053c353e-5b3b-44ec,Reel,https://placekittens.com/794/177,1377,true
5173,0216e15a-001c-4be3,Image,https://picsum.photos/63/869,1628,true
5174,d7e98004-9e7d-45f4,Image,https://picsum.photos/599/471,1182,false
5175,b5926259-6a7b-4b07,Carousel,https://placekittens.com/68/428,1836,false
5176,21478604-7d2e-4c3a,Image,https://dummyimage.com/924x123,2015,true
5177,f33b7905-8834-481e,Carousel,https://placekittens.com/1022/634,439,true
5178,a4ecfacf-ee5a-4cbe,Reel,https://dummyimage.com/554x356,308,true
5179,50d70706-d3f7-4e23,Reel,https://dummyimage.com/857x141,676,true
5180,c5e4a635-a7cd-4f09,Image,https://picsum.photos/441/92,570,false
5181,4f45c798-f49d-4bfb,Image,https://placekittens.com/250/656,379,true
5182,89448396-a247-4ce8,Carousel,https://placekittens.com/905/938,1844,true
5183,8ada66da-d4a3-4c11,Reel,https://dummyimage.com/41x238,1278,true
5184,a173e4d0-7954-4c58,Image,https://dummyimage.com/1x957,1208,false
5185,e1571229-d401-4915,Carousel,https://dummyimage.com/627x230,183,false
5186,4ba6b3d9-f4aa-4396,Carousel,https://placekittens.com/915/750,534,false
5187,bf6d9932-7b92-4233,Reel,https://placekittens.com/351/961,840,true
5188,12b6c55b-b1c3-4123,Image,https://picsum.photos/193/1023,1206,true
5189,0e207068-b869-4b9e,Image,https://picsum.photos/166/556,1806,false
5190,e982a888-a216-43ba,Carousel,https://dummyimage.com/255x407,86,false
5191,a5a7f781-8d66-4319,Image,https://dummyimage.com/155x69,1100,true
5192,e1d71276-aa99-4255,Image,https://picsum.photos/160/819,341,false
5193,096dcb73-2d47-4a97,Image,https://dummyimage.com/271x254,1726,false
5194,e9b674e2-5126-4334,Video,https://picsum.photos/332/40,34,true
5195,5ad05c6b-be54-4123,Reel,https://dummyimage.com/644x591,185,true
5196,00bd44a7-074a-4d09,Image,https://dummyimage.com/204x88,248,true
5197,95767457-b1de-4457,Reel,https://placekittens.com/994/370,1489,true
5198,e6ddb52b-c9d4-41e8,Image,https://picsum.photos/646/514,1559,false
5199,3a05bdeb-7577-46f5,Carousel,https://dummyimage.com/455x482,1008,true
5200,18631199-0591-4f47,Image,https://placekittens.com/735/729,1077,false
5201,fa0680cb-4d33-4f51,Reel,https://picsum.photos/876/530,65,true
5202,a3a93cb0-135b-48f3,Image,https://picsum.photos/357/85,783,true
5203,2cab9203-4021-4d1e,Reel,https://placekittens.com/213/13,1509,true
5204,7adfc774-2761-497c,Video,https://placekittens.com/4/555,227,true
5205,6c46c06b-0c8f-4939,Reel,https://placekittens.com/296/259,2008,true
5206,2dc16ace-8e43-477e,Reel,https://picsum.photos/507/605,508,true
5207,6d1e2c56-e1ad-4689,Image,https://placekittens.com/537/733,174,true
5208,989c362f-28db-4c20,Reel,https://placekittens.com/298/147,2062,true
5209,9434c53d-a94e-42c4,Carousel,https://picsum.photos/408/218,1373,false
5210,e2b90162-1881-46c9,Reel,https://dummyimage.com/338x629,744,true
5211,ff22181e-1160-455e,Reel,https://placekittens.com/818/286,730,true
5212,09af361c-7e6e-4166,Reel,https://placekittens.com/2/633,2155,true
5213,e7d5f94c-ef66-4ef7,Reel,https://picsum.photos/526/65,665,true
5214,a3dc6fbe-f6e2-41e5,Image,https://picsum.photos/956/882,217,false
5215,15d46e7f-2001-4686,Reel,https://picsum.photos/82/875,633,true
5216,6ca77ce8-78b1-4a52,Image,https://placekittens.com/374/542,343,true
5217,97491658-df24-44b2,Image,https://dummyimage.com/745x955,2119,true
5218,e88595d9-266d-4b15,Carousel,https://picsum.photos/195/254,2142,true
5219,8e37762e-8996-4348,Video,https://dummyimage.com/865x292,603,true
5220,fd1d2d40-745b-4bed,Video,https://placekittens.com/71/67,530,true
5221,6b81136f-e9ad-4145,Image,https://placekittens.com/952/140,410,false
5222,3c383a95-1578-476f,Carousel,https://placekittens.com/1007/88,496,true
5223,739683bc-f490-4adf,Carousel,https://picsum.photos/125/823,408,true
5224,05dea13a-8b46-44b1,Image,https://dummyimage.com/434x131,1297,false
5225,b50f1da7-afa6-40f0,Carousel,https://dummyimage.com/399x971,83,true
5226,d7e257cb-973c-4574,Reel,https://picsum.photos/320/546,245,true
5227,58f32180-7661-4d5d,Carousel,https://placekittens.com/255/578,1967,false
5228,c08b4b54-189a-4330,Carousel,https://picsum.photos/223/319,627,false
5229,abb8b892-8460-47cf,Reel,https://picsum.photos/666/1014,2128,true
5230,55ccf693-fe93-433b,Reel,https://picsum.photos/713/563,1691,true
5231,b7bc142a-5e7a-4ed6,Image,https://picsum.photos/426/723,1430,false
5232,694dd132-029d-4361,Carousel,https://placekittens.com/801/581,123,false
5233,22e3689f-6f74-4d60,Carousel,https://dummyimage.com/611x224,1850,true
5234,8afb3001-6c9a-4671,Image,https://dummyimage.com/535x300,665,false
5235,d0c25541-c817-4ab1,Reel,https://picsum.photos/962/40,1803,true
5236,fe2fe7e2-b249-4f19,Carousel,https://dummyimage.com/852x568,1657,true
5237,182945c6-bd6d-412d,Reel,https://picsum.photos/146/434,310,true
5238,801cf58d-8156-497e,Image,https://placekittens.com/75/288,566,true
5239,4f2f62bc-8b36-4d07,Video,https://dummyimage.com/753x832,1338,true
5240,4266d5e4-684c-40a8,Carousel,https://picsum.photos/510/199,1137,false
5241,3cdbba13-aa8d-43b1,Carousel,https://dummyimage.com/156x124,948,true
5242,a8859009-c3c4-48ef,Carousel,https://picsum.photos/512/665,91,true
5243,7e3e6ae2-c650-4bb5,Carousel,https://dummyimage.com/425x223,136,false
5244,365895ec-a700-4c29,Image,https://placekittens.com/442/151,1772,false
5245,6821f651-0f25-4cb1,Image,https://dummyimage.com/577x446,48,true
5246,02d30327-6018-45cf,Image,https://picsum.photos/490/59,1212,false
5247,9d64f35b-9dc8-4d07,Reel,https://dummyimage.com/513x19,863,true
5248,2602cd01-0241-44e6,Reel,https://placekittens.com/94/990,1006,true
5249,c84ccdda-3e51-4f61,Carousel,https://dummyimage.com/879x295,1690,true
5250,cd243c8c-2d36-4d61,Image,https://placekittens.com/606/0,1447,false
5251,323149a8-ca86-46d4,Carousel,https://dummyimage.com/988x984,1912,false
5252,3f8cac95-671a-4577,Carousel,https://picsum.photos/504/1013,1286,false
5253,492cf6cc-1c8c-4b06,Image,https://dummyimage.com/850x794,220,false
5254,fd75035c-7e8f-4ee7,Reel,https://placekittens.com/869/214,15,true
5255,f2ba868c-5bd6-434f,Image,https://picsum.photos/723/206,1092,true
5256,07b739fa-1be2-41b2,Carousel,https://placekittens.com/915/848,1682,false
5257,b5c2488b-a57a-46ae,Reel,https://picsum.photos/1007/791,1759,true
5258,96968e19-b6b4-4380,Image,https://picsum.photos/60/497,1699,true
5259,9b8ae092-d1c9-456e,Carousel,https://dummyimage.com/881x437,2175,true
5260,4b547e1b-ce9b-4eca,Image,https://placekittens.com/164/649,1354,true
5261,5d7d5761-a012-4a90,Image,https://picsum.photos/562/8,1625,true
5262,11c34115-237a-4d18,Video,https://picsum.photos/990/147,1535,true
5263,2b7e0d8a-abee-4724,Image,https://dummyimage.com/953x904,1592,true
5264,59ea3c40-5749-4493,Image,https://dummyimage.com/651x535,264,false
5265,811d927f-442b-46b9,Reel,https://dummyimage.com/753x19,1161,true
5266,3c4d5864-f63c-4a92,Reel,https://placekittens.com/189/435,864,true
5267,89967b76-9a8d-4d1c,Image,https://placekittens.com/349/113,292,true
5268,64c202a0-a874-47e0,Image,https://placekittens.com/712/990,2177,false
5269,0a8f655d-0a97-40ca,Video,https://picsum.photos/567/557,1146,true
5270,266a2764-68da-4f7b,Reel,https://dummyimage.com/483x466,2145,true
5271,123ea007-e722-41c7,Image,https://dummyimage.com/802x299,1534,false
5272,d7624af3-9bde-47b2,Carousel,https://picsum.photos/83/999,1510,false
5273,aa64f240-9a0c-4e41,Image,https://picsum.photos/282/574,69,false
5274,929e11ac-981a-4b29,Reel,https://picsum.photos/822/642,1124,true
5275,6897a93f-78b6-459b,Carousel,https://placekittens.com/635/493,567,false
5276,4de8d96a-ddf1-40b4,Video,https://dummyimage.com/106x348,1318,true
5277,cfcceaba-129e-4929,Carousel,https://placekittens.com/231/968,37,true
5278,37cb4cb4-6c7a-4d53,Carousel,https://placekittens.com/264/628,1222,false
5279,2d539541-24a6-4fc0,Carousel,https://dummyimage.com/405x977,628,true
5280,fa719bc5-4cc3-44e8,Carousel,https://picsum.photos/828/656,2076,true
5281,e1fc1619-ed9b-4674,Image,https://placekittens.com/455/963,553,true
5282,a54c7fa8-41e3-40df,Reel,https://placekittens.com/972/427,1852,true
5283,eadf6341-c509-4b2c,Reel,https://dummyimage.com/173x112,338,true
5284,efcede0a-6929-4a65,Carousel,https://placekittens.com/805/823,210,true
5285,7a664797-d193-4d89,Carousel,https://dummyimage.com/855x614,1741,true
5286,5af832ca-3439-40b6,Reel,https://placekittens.com/997/619,429,true
5287,abe81a86-b161-4526,Carousel,https://placekittens.com/428/396,52,false
5288,1c0dda95-01ae-4577,Video,https://placekittens.com/375/525,12,true
5289,3edae7e6-3553-4524,Image,https://placekittens.com/869/494,204,false
5290,e470dd4f-cff2-4569,Image,https://placekittens.com/400/359,829,true
5291,b242bedd-31a9-4cf5,Image,https://dummyimage.com/641x783,1098,true
5292,afa48817-a2dc-406b,Image,https://picsum.photos/1011/472,1787,false
5293,f306d4e4-c85a-425b,Carousel,https://picsum.photos/440/694,922,false
5294,61bab958-3a95-458f,Carousel,https://dummyimage.com/725x128,182,true
5295,e5cd4eef-b6a6-4fb2,Reel,https://picsum.photos/682/925,976,true
5296,c9c3322c-49d1-4c77,Image,https://picsum.photos/459/752,865,false
5297,294c4303-fab7-4476,Image,https://dummyimage.com/617x531,1832,false
5298,7abd196a-1e7c-4e10,Image,https://placekittens.com/623/579,1865,false
5299,36009007-80d3-454f,Image,https://picsum.photos/586/565,86,false
5300,d70f3c5f-b1ef-464a,Video,https://dummyimage.com/511x208,646,true
5301,55d63225-91de-4ba2,Image,https://picsum.photos/89/351,1062,false
5302,060faf7c-68e5-4b0c,Image,https://placekittens.com/544/624,1696,false
5303,a653b156-e6f4-43e4,Reel,https://picsum.photos/89/885,614,true
5304,4bb7e4dc-eb40-4d18,Carousel,https://dummyimage.com/681x539,1724,true
5305,7a1580e2-7beb-4785,Image,https://picsum.photos/628/804,769,false
5306,4a9fbd04-e841-4075,Reel,https://dummyimage.com/735x503,1057,true
5307,ed969ab9-8fdb-45aa,Carousel,https://placekittens.com/422/386,740,true
5308,1810e0e5-0baa-45df,Image,https://placekittens.com/72/510,736,false
5309,1f92132c-1dc0-4a16,Reel,https://dummyimage.com/674x181,1418,true
5310,ab7fedcf-435b-46c6,Carousel,https://picsum.photos/1002/811,1637,true
5311,1c0f99a9-aa96-4424,Reel,https://dummyimage.com/244x653,989,true
5312,1ad4ca5c-8897-43d2,Video,https://placekittens.com/1011/75,529,true
5313,3a4aea22-d68f-4499,Video,https://placekittens.com/824/568,71,true
5314,b475bdd8-417f-471e,Image,https://picsum.photos/500/775,1333,true
5315,9463285d-c78e-4501,Video,https://placekittens.com/484/644,410,true
5316,48e6b16c-ec29-4b1b,Image,https://picsum.photos/702/132,1714,false
5317,f99a5cf3-09d9-46b5,Image,https://dummyimage.com/566x1001,1232,true
5318,5a92d71b-f918-4ae0,Carousel,https://picsum.photos/1017/924,958,false
5319,6ad3ec1c-4960-4d13,Carousel,https://dummyimage.com/583x254,1478,false
5320,0433948b-ac58-4dc9,Image,https://dummyimage.com/940x716,630,false
5321,e750d3c9-504a-4370,Reel,https://picsum.photos/287/851,900,true
5322,270add3f-ad88-4ec3,Carousel,https://dummyimage.com/653x616,1816,false
5323,48c504ff-503b-4d0f,Image,https://placekittens.com/894/796,1968,false
5324,1570f4fc-4e65-4ff0,Reel,https://dummyimage.com/130x237,526,true
5325,91b81752-5f3d-4c77,Reel,https://picsum.photos/752/831,1644,true
5326,f8dabbcf-b9d0-4d94,Carousel,https://dummyimage.com/832x586,283,false
5327,c9f7e642-251e-450e,Reel,https://placekittens.com/620/830,1822,true
5328,b7bb895e-340e-47b6,Reel,https://picsum.photos/488/475,1164,true
5329,b7795d6a-7efd-46fe,Image,https://dummyimage.com/813x775,138,true
5330,8accea3c-73f5-40a6,Reel,https://picsum.photos/949/468,153,true
5331,427e30ba-54e7-4b75,Carousel,https://picsum.photos/322/604,1830,false
5332,50318ac1-8365-4d83,Reel,https://dummyimage.com/988x602,1295,true
5333,91b6f163-6e06-45fd,Reel,https://placekittens.com/88/62,1787,true
5334,4ae4a967-8c64-4b5f,Image,https://placekittens.com/828/204,289,true
5335,9deb2156-33f5-48e7,Image,https://dummyimage.com/376x3,631,true
5336,69d1744c-1e02-4914,Image,https://picsum.photos/315/654,1827,false
5337,98981ef1-33ae-494c,Carousel,https://placekittens.com/883/32,1691,true
5338,088bbb73-f7b7-46aa,Image,https://placekittens.com/1024/343,193,false
5339,5dbf9dfc-389c-4963,Carousel,https://picsum.photos/554/752,531,false
5340,3a7a88e7-0122-4d5b,Reel,https://placekittens.com/721/231,1679,true
5341,abb546f8-aeb6-41bb,Image,https://placekittens.com/935/630,1250,false
5342,bedf786f-250d-486e,Reel,https://placekittens.com/530/330,1022,true
5343,20f4935f-fb23-44b1,Image,https://picsum.photos/808/211,7,false
5344,58307a51-f136-4f56,Image,https://dummyimage.com/407x215,497,true
5345,99f7c96d-0021-469c,Video,https://dummyimage.com/806x641,1348,true
5346,fa44795c-e09f-483d,Image,https://placekittens.com/695/254,1942,false
5347,a0b8f8f7-c32f-447c,Reel,https://dummyimage.com/192x710,1857,true
5348,b28c65ba-5f39-475f,Image,https://picsum.photos/253/563,1197,false
5349,98556f85-aa44-41be,Reel,https://dummyimage.com/582x697,1661,true
5350,95ad307b-e64e-4db2,Reel,https://dummyimage.com/3x527,555,true
5351,8b913420-7d12-4eff,Carousel,https://picsum.photos/133/753,821,false
5352,c7cf7dc4-10fb-4249,Reel,https://dummyimage.com/577x196,1327,true
5353,6ec54782-4c8a-47e9,Image,https://picsum.photos/664/762,717,false
5354,a58df1c4-9afd-42c6,Reel,https://dummyimage.com/972x296,1072,true
5355,14e82f62-23b7-401c,Carousel,https://picsum.photos/82/411,1972,false
5356,ad1d0a41-6101-40d3,Reel,https://picsum.photos/487/485,942,true
5357,2062e7e1-9f37-4162,Reel,https://placekittens.com/393/995,911,true
5358,3ebad84b-156a-40b3,Image,https://picsum.photos/252/364,952,false
5359,42eff661-b081-4f93,Reel,https://placekittens.com/776/754,996,true
5360,f7128305-908c-449d,Image,https://dummyimage.com/902x184,2141,true
5361,1b2e6837-25f2-4530,Reel,https://picsum.photos/966/58,358,true
5362,dae3b4e5-087f-4fd6,Image,https://dummyimage.com/224x1010,1869,true
5363,54976347-7f1a-4303,Image,https://placekittens.com/883/362,500,false
5364,fe22b92c-d765-488f,Carousel,https://placekittens.com/835/649,809,false
5365,e6f7228e-27b2-46d9,Image,https://placekittens.com/924/26,1625,true
5366,bc5bd109-5be3-459d,Reel,https://placekittens.com/42/99,2,true
5367,e5f47e4a-2968-48a7,Video,https://picsum.photos/907/389,1159,true
5368,bc8585c5-6c20-4d54,Image,https://dummyimage.com/38x348,891,true
5369,f543617c-5d2b-4402,Video,https://picsum.photos/266/717,660,true
5370,1e676735-7d4f-42fa,Image,https://dummyimage.com/474x672,480,false
5371,6907a4c0-8d7f-4cfd,Video,https://placekittens.com/40/1014,1752,true
5372,21d07447-d5b4-4a21,Image,https://picsum.photos/820/612,590,true
5373,e633b4d7-eb68-4b2b,Reel,https://picsum.photos/188/433,575,true
5374,2a54d92c-8962-4042,Carousel,https://dummyimage.com/458x243,1247,false
5375,1d23dfce-812b-410e,Reel,https://placekittens.com/810/613,2031,true
5376,0f9b819a-0409-4b62,Image,https://dummyimage.com/327x645,548,true
5377,248e2631-4b8f-4091,Reel,https://dummyimage.com/741x1010,580,true
5378,d24ba304-1ab1-46a1,Image,https://dummyimage.com/704x401,280,false
5379,6fdffece-6bbf-49c0,Reel,https://picsum.photos/435/820,941,true
5380,e0d0c2f6-f700-4686,Image,https://dummyimage.com/450x15,1284,true
5381,f80b8486-f69a-4a3c,Image,https://picsum.photos/900/758,1488,false
5382,8e0641a0-0835-465c,Image,https://picsum.photos/837/221,1580,false
5383,04ac9461-1c3c-4c02,Reel,https://placekittens.com/66/880,1964,true
5384,eaec6d7c-72c0-43eb,Reel,https://placekittens.com/462/898,1574,true
5385,a638d603-4ea5-49c9,Image,https://picsum.photos/168/716,1413,false
5386,cede213d-b808-4cd7,Reel,https://placekittens.com/1021/620,650,true
5387,5c9fbbda-8084-4c39,Video,https://placekittens.com/432/354,633,true
5388,1af45e07-0240-417d,Carousel,https://placekittens.com/170/856,1455,false
5389,0f072021-e90e-4613,Reel,https://dummyimage.com/92x825,1923,true
5390,8486f4f8-dd2b-4ba5,Image,https://placekittens.com/8/171,652,false
5391,58edf8c1-d460-47df,Reel,https://placekittens.com/772/262,1872,true
5392,f62620e1-8ccd-4195,Carousel,https://picsum.photos/149/849,530,true
5393,2e13abde-8554-4b88,Image,https://dummyimage.com/540x958,1054,false
5394,ce50c7ff-88c7-46c9,Carousel,https://placekittens.com/453/261,1752,false
5395,24d3f7c2-9694-4310,Carousel,https://placekittens.com/325/957,1971,false
5396,0e4da890-7687-490e,Reel,https://placekittens.com/16/165,1706,true
5397,34f25110-6aae-4df6,Image,https://dummyimage.com/386x344,1614,false
5398,beda9d3e-3c89-4b67,Carousel,https://placekittens.com/171/600,1792,false
5399,cdfc2c5d-62d9-44c4,Carousel,https://dummyimage.com/598x557,1414,false
5400,1a6f3ef9-06da-40b2,Carousel,https://placekittens.com/534/201,1700,true
5401,c10a37c1-2b58-4dbd,Reel,https://dummyimage.com/293x686,1343,true
5402,2480b4c4-613f-4827,Reel,https://placekittens.com/262/745,127,true
5403,d1f8fdc2-c4e0-49e7,Reel,https://picsum.photos/178/506,1881,true
5404,e9dd7e63-9e76-4430,Image,https://dummyimage.com/822x97,1533,false
5405,ae6aacea-1386-4d53,Reel,https://picsum.photos/751/647,129,true
5406,bc32ef8c-bdaa-475e,Reel,https://dummyimage.com/306x949,299,true
5407,b150d2e9-c241-449f,Image,https://picsum.photos/890/123,2186,false
5408,5ad87cba-14e5-4cf2,Image,https://placekittens.com/831/229,947,false
5409,1b8d1cf3-9ae0-452f,Image,https://placekittens.com/472/389,1487,false
5410,1c71e8da-522e-4180,Image,https://placekittens.com/524/859,1166,false
5411,493c6734-dbbc-4fd0,Image,https://picsum.photos/283/732,1787,true
5412,8fe07d6b-5346-4952,Image,https://placekittens.com/844/998,522,false
5413,f05a105e-4c01-42c1,Reel,https://picsum.photos/113/699,1618,true
5414,0e80aca6-99eb-4fbb,Carousel,https://dummyimage.com/889x160,760,false
5415,89940637-3fd3-4386,Carousel,https://picsum.photos/992/225,1742,false
5416,141c5e04-6ae0-4390,Image,https://dummyimage.com/61x851,932,true
5417,7b88e40b-4bba-410f,Carousel,https://dummyimage.com/404x169,1511,true
5418,28f18c6f-8165-4686,Reel,https://picsum.photos/552/651,623,true
5419,5d333950-4ad6-4637,Carousel,https://placekittens.com/335/462,2,true
5420,e9368139-89bc-4279,Video,https://dummyimage.com/547x258,778,true
5421,61850c43-acb3-4862,Image,https://dummyimage.com/40x13,87,false
5422,391cff41-96b9-4bdb,Image,https://picsum.photos/963/341,1636,false
5423,e339783c-7a06-4018,Image,https://picsum.photos/219/750,988,false
5424,c2af1328-6ebf-4551,Carousel,https://placekittens.com/127/516,890,false
5425,3d261741-68c0-4e42,Reel,https://placekittens.com/969/271,186,true
5426,98012b8f-32c8-4816,Carousel,https://dummyimage.com/6x721,1041,true
5427,47c5f0e5-0dcc-4355,Reel,https://placekittens.com/431/649,1647,true
5428,35b0bf8b-0b35-4554,Image,https://picsum.photos/783/44,861,false
5429,45f894cc-b29a-43be,Reel,https://placekittens.com/275/708,256,true
5430,8f34e925-5f16-4ce9,Image,https://picsum.photos/636/85,2185,true
5431,53431a01-721f-48ef,Image,https://placekittens.com/458/1023,900,false
5432,919557f2-ef93-4b71,Carousel,https://dummyimage.com/27x108,295,false
5433,7512141a-d9c2-4aa0,Image,https://picsum.photos/68/520,1253,false
5434,27273993-b075-493f,Carousel,https://dummyimage.com/782x772,187,false
5435,55ae8d82-269d-4895,Carousel,https://dummyimage.com/30x975,869,true
5436,81dceb61-3932-4c1a,Image,https://placekittens.com/520/482,1187,true
5437,2be7099b-3373-4f63,Image,https://picsum.photos/509/734,559,false
5438,35142974-55a5-44d5,Carousel,https://placekittens.com/630/76,677,true
5439,a619f874-3858-49ea,Carousel,https://dummyimage.com/606x702,1182,false
5440,a6f653ef-a749-4300,Image,https://picsum.photos/700/83,1821,false
5441,a72c73a3-6bb8-47ac,Carousel,https://placekittens.com/433/727,283,true
5442,d236935c-1d4c-4996,Video,https://picsum.photos/697/168,1209,true
5443,605e4619-4a84-4d2b,Image,https://picsum.photos/828/306,652,true
5444,18465b3a-9dc3-4189,Image,https://dummyimage.com/119x133,615,true
5445,5915073e-1d44-4342,Reel,https://placekittens.com/981/352,1318,true
5446,09f8d8d2-71a8-4ce8,Image,https://picsum.photos/566/705,1863,false
5447,85a682b1-0b43-4775,Reel,https://placekittens.com/646/457,943,true
5448,3bd552fc-fb31-435f,Carousel,https://dummyimage.com/242x142,1733,true
5449,93bf54c3-b237-4f6b,Image,https://dummyimage.com/302x402,1372,true
5450,2e504073-97a2-41eb,Carousel,https://picsum.photos/565/388,1527,true
5451,539c840e-eac0-4838,Carousel,https://dummyimage.com/504x1013,979,false
5452,199ce4d7-dbd8-411c,Image,https://placekittens.com/88/445,537,true
5453,bb766058-ee64-48f0,Reel,https://picsum.photos/982/219,42,true
5454,170d567d-8950-45d7,Reel,https://picsum.photos/1010/512,1617,true
5455,4c2ec1a2-4605-426f,Reel,https://placekittens.com/275/839,1092,true
5456,020b05df-6fab-4e8e,Image,https://dummyimage.com/635x394,1578,true
5457,3325e741-4ead-40b6,Reel,https://picsum.photos/571/533,1944,true
5458,ecbaa136-937f-441f,Video,https://picsum.photos/261/403,1041,true
5459,807e850e-d5a2-4fc7,Carousel,https://dummyimage.com/764x439,134,true
5460,5a3dbe57-15a6-4e5d,Reel,https://dummyimage.com/383x527,700,true
5461,c91863a3-b20f-456d,Reel,https://dummyimage.com/911x504,805,true
5462,92a43194-9834-4603,Carousel,https://placekittens.com/754/396,1495,true
5463,2cdfcaca-4aa0-444d,Image,https://picsum.photos/565/605,406,false
5464,7305490f-d26e-4a6a,Image,https://picsum.photos/622/388,1778,true
5465,152723b0-ab73-4dde,Reel,https://picsum.photos/575/859,1186,true
5466,b9b28259-1a12-4dd8,Image,https://placekittens.com/700/296,1286,true
5467,58ac5f0e-0a1d-4c24,Image,https://placekittens.com/381/11,1084,true
5468,50a40b6c-c675-45ba,Image,https://placekittens.com/870/635,1156,false
5469,0c2c3e2b-eefb-4114,Image,https://picsum.photos/534/579,2094,true
5470,904e51e4-7b1c-450c,Video,https://picsum.photos/311/759,1712,true
5471,fff71d5c-d1ba-415e,Reel,https://placekittens.com/366/324,579,true
5472,4d86b9a7-d65c-4e14,Image,https://dummyimage.com/790x535,521,true
5473,97986c58-f49c-48d9,Reel,https://dummyimage.com/776x562,239,true
5474,24036206-0a11-4216,Image,https://picsum.photos/1002/70,1310,false
5475,4d9c724e-7636-44e4,Image,https://picsum.photos/248/292,1361,false
5476,323d956e-22be-4148,Reel,https://picsum.photos/712/876,987,true
5477,62a79289-8cde-4d8a,Reel,https://dummyimage.com/29x6,2176,true
5478,4beb95a0-3b67-4c2a,Image,https://picsum.photos/204/472,428,true
5479,0db69e5e-35c1-4233,Video,https://picsum.photos/385/397,2049,true
5480,4e3df69d-c4ef-434a,Carousel,https://placekittens.com/78/900,1714,false
5481,b7bcbc13-6308-4c92,Image,https://dummyimage.com/660x121,1309,true
5482,263db10f-cdb8-4239,Carousel,https://dummyimage.com/35x1004,231,true
5483,d1ebd1b7-ea68-4503,Reel,https://picsum.photos/725/951,2097,true
5484,bbb3661c-8039-4cbe,Video,https://picsum.photos/217/564,1814,true
5485,7156e658-54db-4d38,Image,https://dummyimage.com/907x217,1408,true
5486,6c568860-59f1-4dd2,Image,https://dummyimage.com/127x416,1833,true
5487,680f0107-5d58-419b,Image,https://dummyimage.com/538x948,851,true
5488,e64a257f-7677-474e,Carousel,https://dummyimage.com/525x696,2171,true
5489,48023c02-003b-403d,Carousel,https://picsum.photos/799/539,792,false
5490,a380524e-faf2-4ed2,Image,https://dummyimage.com/634x731,1059,false
5491,12729ff8-2c79-4ba4,Reel,https://picsum.photos/622/755,1413,true
5492,3dacc181-9c57-4d36,Video,https://dummyimage.com/328x186,1395,true
5493,ff21255d-ea73-4988,Carousel,https://placekittens.com/815/876,1191,true
5494,9d16231a-a5f8-489b,Carousel,https://placekittens.com/32/321,784,true
5495,80cafebd-a513-4cac,Image,https://placekittens.com/743/606,407,false
5496,e6fdde00-2e90-43ac,Image,https://picsum.photos/571/181,658,false
5497,d64ef21d-a51f-46c9,Image,https://picsum.photos/936/744,1097,true
5498,e76e4beb-5dce-4956,Image,https://dummyimage.com/470x506,1403,true
5499,c991e384-0122-48e8,Reel,https://dummyimage.com/843x987,451,true
5500,a8450f6f-ad0a-4b52,Image,https://placekittens.com/144/523,2193,false
5501,73f21abb-3619-48bc,Reel,https://dummyimage.com/778x547,1221,true
5502,c5ffc30d-b101-4145,Image,https://placekittens.com/923/411,1981,false
5503,d9312ecf-e6a7-4f23,Image,https://picsum.photos/271/928,997,true
5504,f4ea6cc0-e1f2-43a2,Image,https://picsum.photos/19/343,1907,true
5505,425eb195-9f16-4625,Video,https://picsum.photos/940/679,116,true
5506,b49444e7-3aa3-4315,Image,https://placekittens.com/250/1013,176,false
5507,0a370b5f-c95c-4439,Carousel,https://dummyimage.com/823x323,1545,false
5508,32dc5c0c-dc2c-448c,Reel,https://picsum.photos/490/88,1208,true
5509,3015f4a1-ede6-4321,Carousel,https://placekittens.com/215/738,696,true
5510,ebb0c173-9d02-413d,Carousel,https://dummyimage.com/496x553,2024,false
5511,392c0605-9dda-4f92,Image,https://picsum.photos/551/11,1211,true
5512,4cdf69d9-fdb9-4d7e,Carousel,https://placekittens.com/82/124,666,true
5513,b9497837-be54-4bdc,Image,https://picsum.photos/826/967,1368,true
5514,5dd77ea7-5400-4d19,Reel,https://placekittens.com/98/488,1964,true
5515,50f19bbd-adc6-42ef,Video,https://placekittens.com/31/156,1553,true
5516,d54887b4-9dc9-4db2,Image,https://dummyimage.com/176x103,1809,false
5517,a8e2b2cf-8053-4e70,Image,https://placekittens.com/644/183,1236,true
5518,9ac1f8cf-7212-427a,Image,https://picsum.photos/246/823,379,false
5519,6741a2da-cdaf-4790,Image,https://placekittens.com/935/370,952,false
5520,2f8b3639-932e-482a,Image,https://placekittens.com/650/873,45,false
5521,7803cb53-86b5-4a1d,Video,https://dummyimage.com/218x872,53,true
5522,52eb93ad-d655-400f,Reel,https://placekittens.com/860/485,354,true
5523,c27a4e65-fa7f-4126,Reel,https://picsum.photos/180/875,2190,true
5524,7cc71282-648c-4c75,Carousel,https://placekittens.com/6/913,1273,false
5525,08ef310c-b54d-4275,Reel,https://placekittens.com/167/1021,1282,true
5526,64dde9f0-2ee9-46c2,Image,https://picsum.photos/232/938,282,false
5527,2fbff8da-aa1a-41fa,Image,https://picsum.photos/208/427,1988,false
5528,b002b960-4ad4-4454,Video,https://picsum.photos/1010/556,235,true
5529,ac4053f8-7b34-4006,Reel,https://dummyimage.com/639x489,65,true
5530,c4e02de0-67da-447e,Image,https://picsum.photos/193/217,1829,false
5531,b26b60c1-fa4a-4385,Reel,https://picsum.photos/196/710,1676,true
5532,c9db82d2-efd0-4154,Image,https://dummyimage.com/357x51,1989,true
5533,5ba629f2-5090-42fe,Reel,https://dummyimage.com/608x42,389,true
5534,a0708450-4b66-4c83,Image,https://picsum.photos/399/335,1859,false
5535,458a74df-3f35-4fd4,Reel,https://picsum.photos/65/530,532,true
5536,84b467af-d1d1-411b,Reel,https://dummyimage.com/833x918,2135,true
5537,0185ba6c-64ca-4fe5,Image,https://dummyimage.com/46x611,333,true
5538,4bac4b67-e618-45ff,Reel,https://picsum.photos/719/692,1214,true
5539,05d1d874-d8ee-487d,Carousel,https://dummyimage.com/483x974,2001,true
5540,c0ca3c74-f487-49ae,Image,https://placekittens.com/151/330,1681,false
5541,478db0fb-5c4f-4fc1,Image,https://placekittens.com/511/100,251,true
5542,632f9be5-fc29-4225,Reel,https://picsum.photos/836/986,2043,true
5543,e8713b1b-86f6-493a,Image,https://dummyimage.com/392x143,973,false
5544,98d42f21-949f-4fdf,Carousel,https://picsum.photos/850/472,868,false
5545,9d5f256b-e499-45f8,Reel,https://picsum.photos/564/968,363,true
5546,82b7e528-38f8-4123,Reel,https://picsum.photos/145/960,1875,true
5547,f9bb9d76-c6f6-4527,Image,https://placekittens.com/335/291,2112,true
5548,25f4a671-9cc9-43cf,Image,https://picsum.photos/525/508,1856,true
5549,cf77f162-90aa-4ddc,Reel,https://picsum.photos/412/205,2177,true
5550,85cc0e0e-5c79-43e0,Reel,https://placekittens.com/957/691,1,true
5551,b8e375b8-e99f-4888,Video,https://picsum.photos/891/664,551,true
5552,9c29e56e-6501-4ea3,Carousel,https://placekittens.com/738/217,1482,false
5553,ff9ee352-6b98-4e3b,Reel,https://dummyimage.com/885x76,1470,true
5554,9fdeed44-d690-492b,Image,https://placekittens.com/1000/588,441,true
5555,d0c48cfe-482b-44a9,Carousel,https://placekittens.com/582/890,640,true
5556,6bc81b70-5417-4128,Image,https://dummyimage.com/667x743,984,false
5557,81f8d658-6f40-4889,Image,https://dummyimage.com/4x640,19,false
5558,d84c082d-a786-4355,Image,https://placekittens.com/871/363,1284,false
5559,4e0ea14e-b786-4166,Carousel,https://dummyimage.com/83x608,797,true
5560,4baaca3b-087a-439b,Carousel,https://picsum.photos/408/442,71,false
5561,f305a5cb-9271-4d83,Image,https://dummyimage.com/489x705,307,false
5562,83a2ab8b-f569-47f1,Image,https://dummyimage.com/44x929,2095,false
5563,c67e2e32-1fd6-401e,Image,https://picsum.photos/553/472,836,false
5564,57b9a5bf-d155-4858,Carousel,https://dummyimage.com/53x89,1185,true
5565,bc5a24a8-987d-4427,Image,https://dummyimage.com/126x365,333,false
5566,42bed742-cd33-4508,Image,https://placekittens.com/25/929,1915,false
5567,ac47520b-d05b-424e,Reel,https://placekittens.com/460/64,1725,true
5568,d7536f9a-c70f-4166,Reel,https://dummyimage.com/281x98,344,true
5569,08d95c09-c3e1-44b5,Carousel,https://picsum.photos/792/147,1164,true
5570,14ae44f5-b246-464e,Image,https://placekittens.com/306/691,697,false
5571,088b088b-8160-43f2,Carousel,https://picsum.photos/911/332,846,true
5572,48a8bfc9-faed-4858,Image,https://placekittens.com/755/535,1759,true
5573,93ed14d3-8f28-4ca3,Image,https://dummyimage.com/859x408,141,true
5574,4a29467b-d5ed-4221,Image,https://picsum.photos/697/463,1220,true
5575,da026a9a-7e3f-4b97,Reel,https://placekittens.com/724/982,866,true
5576,301da899-2c49-4bf7,Image,https://picsum.photos/821/536,589,true
5577,47b726fc-dead-47a6,Reel,https://dummyimage.com/662x324,604,true
5578,4371c3f1-bd52-45c5,Image,https://dummyimage.com/107x636,1631,false
5579,2480f0ee-3b84-4c94,Image,https://placekittens.com/450/860,1367,true
5580,2dd0b9ec-3e93-450e,Carousel,https://dummyimage.com/507x385,1578,false
5581,a09be479-ef4d-467f,Image,https://picsum.photos/272/755,650,false
5582,a54e6598-1c7f-420e,Carousel,https://dummyimage.com/60x907,238,true
5583,593cab61-e10a-4758,Carousel,https://placekittens.com/236/211,1903,true
5584,ab2fc3d1-64b1-4c0a,Reel,https://dummyimage.com/157x968,2120,true
5585,174381ca-0928-458c,Reel,https://picsum.photos/827/643,1924,true
5586,7e74625c-a2f1-4723,Image,https://dummyimage.com/334x427,2157,false
5587,598f6e62-06eb-47e7,Carousel,https://picsum.photos/682/479,1771,true
5588,dcb01dd5-bab3-4d82,Reel,https://dummyimage.com/956x925,70,true
5589,fb66bbe8-b040-4937,Image,https://placekittens.com/711/111,841,true
5590,666a49fa-27c8-4c6d,Image,https://picsum.photos/940/579,1175,false
5591,f7a10880-b861-42f0,Image,https://picsum.photos/352/769,294,true
5592,8666c34e-b356-447d,Video,https://picsum.photos/24/805,1698,true
5593,cb220d4a-f5df-448a,Image,https://dummyimage.com/746x425,535,false
5594,72f33938-458d-4071,Image,https://placekittens.com/605/581,368,false
5595,f7af6267-982c-4f4f,Reel,https://dummyimage.com/269x970,1245,true
5596,f41323b6-2f61-4edc,Carousel,https://placekittens.com/260/809,764,true
5597,58084caf-3f20-4216,Image,https://dummyimage.com/872x500,79,true
5598,ab996eed-0d8e-4495,Image,https://placekittens.com/193/285,557,false
5599,fe141f67-36d7-4bfb,Reel,https://picsum.photos/696/153,1133,true
5600,60ba6155-e33a-4b84,Image,https://picsum.photos/522/707,1309,true
5601,3a998e59-7914-4076,Image,https://dummyimage.com/288x364,1809,true
5602,d00945a2-ab85-46e2,Image,https://picsum.photos/178/108,1600,false
5603,10d6062e-98dc-4a9b,Image,https://placekittens.com/213/724,1018,true
5604,ef501ea8-c93a-4295,Carousel,https://dummyimage.com/716x996,116,false
5605,33a870a9-d61e-4caa,Reel,https://placekittens.com/473/190,1078,true
5606,a9e8e35b-25c9-43ef,Reel,https://placekittens.com/466/125,932,true
5607,08fa4ed2-369c-43b6,Image,https://picsum.photos/402/807,1555,false
5608,21c47e47-4759-4005,Image,https://placekittens.com/950/451,1894,true
5609,46656b60-348f-412b,Video,https://placekittens.com/698/394,1599,true
5610,cc244398-8a67-4805,Carousel,https://placekittens.com/904/592,784,false
5611,463fd527-e353-4f15,Reel,https://placekittens.com/575/866,1054,true
5612,1ec77c43-43e1-4f8a,Reel,https://picsum.photos/841/318,1121,true
5613,b36c39ce-dad6-4894,Video,https://placekittens.com/41/296,2159,true
5614,1405103f-271c-423c,Reel,https://dummyimage.com/464x829,1926,true
5615,55f88038-b3ed-42ab,Reel,https://picsum.photos/988/313,1982,true
5616,b7b691c4-6cd3-4134,Image,https://dummyimage.com/259x456,463,false
5617,cf30824a-a0c9-437a,Image,https://picsum.photos/544/651,2059,true
5618,3dc88318-9f02-4364,Reel,https://placekittens.com/784/908,8,true
5619,7ed357af-cd31-447b,Image,https://placekittens.com/9/380,1585,false
5620,69b4c6b7-13ab-4cd7,Image,https://dummyimage.com/889x455,961,true
5621,fce8051c-40aa-498b,Reel,https://dummyimage.com/481x968,1148,true
5622,3b3e8640-da94-446d,Video,https://dummyimage.com/278x425,1193,true
5623,ec106f96-64de-49c1,Reel,https://dummyimage.com/1024x800,821,true
5624,903ffa1e-5505-4fd6,Image,https://picsum.photos/355/477,426,true
5625,492724af-6e1b-4f8c,Image,https://dummyimage.com/215x917,1493,true
5626,beef9cad-0d60-4727,Image,https://dummyimage.com/787x115,2116,false
5627,306a2f11-ce73-4636,Carousel,https://dummyimage.com/614x527,1942,true
5628,35a0484a-42cd-4fd2,Reel,https://dummyimage.com/320x384,1346,true
5629,2d7c74b5-c636-458d,Reel,https://picsum.photos/57/575,1716,true
5630,300a1514-6aa0-4017,Carousel,https://dummyimage.com/695x610,229,true
5631,8b85a90d-24c3-4195,Image,https://placekittens.com/735/129,172,true
5632,e15ec1bc-7eac-4af6,Image,https://placekittens.com/615/181,919,false
5633,4035098c-9ac5-4120,Image,https://dummyimage.com/18x195,275,false
5634,0c35c17c-91ef-4d23,Image,https://dummyimage.com/902x761,897,false
5635,9ac0a7c3-f5e2-4597,Reel,https://picsum.photos/402/278,1831,true
5636,150c6819-4e65-4c3d,Carousel,https://placekittens.com/608/655,165,false
5637,75ea51c0-071d-4347,Image,https://dummyimage.com/531x448,512,true
5638,812facdc-2798-4600,Reel,https://placekittens.com/964/22,512,true
5639,3c7ab698-ca3f-4c59,Image,https://placekittens.com/485/969,881,false
5640,6c9cb392-2f45-48c2,Carousel,https://placekittens.com/341/423,1933,false
5641,0297f076-d5b9-40f9,Reel,https://dummyimage.com/287x70,1141,true
5642,9e2aaf06-ed1a-402c,Reel,https://picsum.photos/42/440,380,true
5643,8de36a6d-7385-41f7,Reel,https://picsum.photos/530/444,1160,true
5644,a9970ec9-e28f-4d04,Carousel,https://dummyimage.com/148x542,1395,false
5645,ba1c1da5-bdaf-4bf0,Carousel,https://picsum.photos/311/776,914,false
5646,61a3bc74-c27e-499e,Reel,https://dummyimage.com/476x442,1876,true
5647,dddc35ba-1c1b-4113,Image,https://placekittens.com/617/123,1144,true
5648,3abd6a72-1e43-424d,Image,https://dummyimage.com/407x767,1633,true
5649,cf0c12e5-080f-427e,Reel,https://dummyimage.com/545x891,1091,true
5650,31f3a0ab-95d3-4dea,Reel,https://picsum.photos/941/71,1830,true
5651,e0a9cf5b-7077-4ed9,Image,https://placekittens.com/477/932,1618,false
5652,8f91bb79-902a-44d0,Image,https://placekittens.com/882/926,971,true
5653,455747ee-40c4-480d,Image,https://placekittens.com/108/90,579,false
5654,08ef1d32-2b69-422a,Carousel,https://dummyimage.com/150x80,285,true
5655,880804c8-28e2-4fc7,Carousel,https://dummyimage.com/350x207,1133,true
5656,cd85a9f7-c70d-41aa,Carousel,https://placekittens.com/609/595,329,false
5657,152c9289-d813-4e70,Image,https://picsum.photos/135/191,899,false
5658,33d11208-ea8e-4041,Carousel,https://placekittens.com/684/57,635,true
5659,5517eeca-77d8-44fa,Reel,https://dummyimage.com/3x224,1305,true
5660,f8fa115c-a3af-4733,Reel,https://dummyimage.com/490x537,448,true
5661,80b7ad89-b314-4865,Carousel,https://placekittens.com/266/631,953,false
5662,dca136ea-50de-44fe,Reel,https://dummyimage.com/570x769,1747,true
5663,d06a80a3-0cb7-41e5,Reel,https://dummyimage.com/507x61,518,true
5664,06260837-d498-437a,Image,https://placekittens.com/676/388,102,true
5665,4a59cd28-f047-4e47,Reel,https://placekittens.com/376/494,80,true
5666,75570668-ad8d-48d1,Reel,https://picsum.photos/805/691,1855,true
5667,42056c96-e1b5-43a7,Image,https://picsum.photos/197/485,1956,true
5668,006c1cdd-8d76-4282,Reel,https://dummyimage.com/171x965,503,true
5669,134890fc-09c5-4e66,Carousel,https://picsum.photos/662/608,13,false
5670,588954f5-2d5d-4996,Image,https://picsum.photos/272/505,667,false
5671,6965372a-2c0e-4d79,Reel,https://dummyimage.com/816x686,1564,true
5672,3137db0a-892c-4928,Image,https://picsum.photos/401/193,90,true
5673,b1f96b61-0fc3-4ff7,Image,https://picsum.photos/974/133,980,true
5674,a2074eb3-8eeb-4562,Image,https://dummyimage.com/872x181,2179,true
5675,90c44cfa-82ea-410c,Video,https://picsum.photos/606/83,1784,true
5676,4ba34e8d-4c55-4e66,Carousel,https://placekittens.com/161/772,1237,false
5677,2531cb89-b0cb-4bba,Image,https://placekittens.com/272/62,148,false
5678,37e0c4e9-cd9b-45ba,Reel,https://picsum.photos/763/966,1986,true
5679,a45afccd-0136-4a08,Image,https://dummyimage.com/67x243,716,true
5680,c93f2941-1eb1-4801,Reel,https://dummyimage.com/785x151,484,true
5681,0833b1f8-a4e0-4ef8,Reel,https://dummyimage.com/844x553,1313,true
5682,2d94ada5-af17-4123,Carousel,https://placekittens.com/666/320,996,false
5683,dc14315c-da74-4dd4,Image,https://placekittens.com/767/378,741,false
5684,1f7b0a60-060b-4433,Image,https://picsum.photos/441/500,32,true
5685,88713a13-d5f8-4eac,Reel,https://picsum.photos/223/194,1397,true
5686,a6fb434e-5109-4da3,Image,https://dummyimage.com/879x785,2099,true
5687,b15c8d2d-0b32-454e,Video,https://picsum.photos/307/970,1296,true
5688,d68fd2dd-5c4f-4151,Image,https://picsum.photos/56/516,475,true
5689,e3070c73-40cf-484d,Video,https://dummyimage.com/49x73,1838,true
5690,a2c59db4-9839-4a5b,Image,https://picsum.photos/56/453,2180,false
5691,448585a8-c46a-4574,Carousel,https://placekittens.com/572/117,1032,true
5692,35b316ea-272f-444e,Reel,https://picsum.photos/636/983,1298,true
5693,1b1eabcb-ed27-46f0,Image,https://picsum.photos/74/820,1155,true
5694,42b99e88-6961-49f5,Reel,https://placekittens.com/848/356,277,true
5695,e8a6f8cf-e782-4f19,Image,https://placekittens.com/744/795,1105,true
5696,78266a82-457a-4da4,Carousel,https://dummyimage.com/835x981,184,true
5697,b973da94-f667-4798,Reel,https://picsum.photos/805/378,1149,true
5698,5c697037-50e1-4c2e,Carousel,https://picsum.photos/235/686,540,true
5699,7caba74d-c437-4b0c,Video,https://placekittens.com/772/297,1865,true
5700,e833fded-7eb7-46e3,Image,https://dummyimage.com/980x661,1583,true
5701,1b35b757-be57-4212,Image,https://picsum.photos/299/303,74,false
5702,f9f2ca3a-81c3-4198,Image,https://placekittens.com/544/419,339,false
5703,0ae2f677-4bb8-4d02,Carousel,https://dummyimage.com/329x846,1498,false
5704,b8a66aed-a5c6-4695,Carousel,https://placekittens.com/337/391,505,true
5705,5adf0f38-b7da-44c8,Carousel,https://picsum.photos/812/44,1478,true
5706,6951f5b8-f657-47a1,Image,https://dummyimage.com/112x1,898,true
5707,96237e9b-3fae-449d,Image,https://picsum.photos/25/92,702,true
5708,fbf885b3-2eda-4f18,Reel,https://dummyimage.com/507x364,1283,true
5709,849232c0-28ce-48c2,Image,https://dummyimage.com/352x314,576,true
5710,c2619d2d-528a-478a,Reel,https://placekittens.com/695/404,220,true
5711,25f4ce0b-f364-47b2,Image,https://picsum.photos/750/302,953,false
5712,ad7ae7a8-a299-4dd2,Video,https://picsum.photos/757/736,750,true
5713,35799d56-0550-44f6,Reel,https://picsum.photos/222/221,841,true
5714,7cbaaa81-2962-45ee,Video,https://placekittens.com/888/776,562,true
5715,185d2365-0b16-41a3,Carousel,https://picsum.photos/658/786,1401,true
5716,61f29894-1746-4060,Reel,https://placekittens.com/732/782,1663,true
5717,741188ee-6ab5-4787,Reel,https://picsum.photos/402/169,378,true
5718,650b5734-c8ea-4606,Image,https://placekittens.com/428/605,1601,false
5719,405fd534-4bfa-4dec,Video,https://dummyimage.com/878x863,916,true
5720,800b22df-2daa-4eda,Image,https://dummyimage.com/52x102,317,true
5721,0365fcce-203e-4b60,Carousel,https://dummyimage.com/224x119,1358,true
5722,be7cf8ec-0056-4d2a,Image,https://dummyimage.com/466x554,851,false
5723,8e4c52fe-e51a-46ac,Image,https://placekittens.com/150/512,1542,false
5724,8f24f605-746f-4379,Image,https://dummyimage.com/403x754,1793,false
5725,ff7f682b-6bab-4e0c,Reel,https://picsum.photos/886/828,211,true
5726,43ae191c-b945-44a9,Image,https://picsum.photos/344/428,1136,true
5727,e577597d-3176-4931,Image,https://placekittens.com/708/216,368,true
5728,a904362d-e868-402f,Reel,https://dummyimage.com/723x309,2199,true
5729,e1bc7b5c-e438-435d,Video,https://placekittens.com/105/508,998,true
5730,747e43e3-2613-4c48,Reel,https://dummyimage.com/8x451,861,true
5731,4f48967d-5440-42d6,Image,https://picsum.photos/994/696,804,true
5732,a45e3ccd-c350-4385,Image,https://dummyimage.com/263x816,774,false
5733,51b5154c-effe-43fe,Carousel,https://picsum.photos/267/454,491,false
5734,b2d9e837-5666-4524,Carousel,https://placekittens.com/246/547,238,false
5735,34bcc7f6-2d7e-47c0,Video,https://picsum.photos/644/255,515,true
5736,1d70c9d2-7eb1-4b25,Reel,https://dummyimage.com/216x40,2111,true
5737,d789ea2b-ef0b-4dd1,Image,https://picsum.photos/268/638,1065,false
5738,d806c1df-dd9f-4f49,Reel,https://picsum.photos/409/279,917,true
5739,a8d160ec-0450-41f4,Video,https://placekittens.com/857/509,1593,true
5740,495301f1-4a4e-4233,Carousel,https://placekittens.com/881/527,975,false
5741,bcd9aae4-92db-496b,Reel,https://picsum.photos/62/950,1451,true
5742,40f40fd5-8004-4e9a,Image,https://picsum.photos/802/913,547,false
5743,a2c8c3a6-70ea-4957,Image,https://dummyimage.com/40x886,481,false
5744,70b2eb34-4c1f-43f1,Carousel,https://dummyimage.com/326x301,1615,true
5745,a87e173a-adf5-4980,Carousel,https://picsum.photos/192/357,931,true
5746,d577fb37-d9ca-4e96,Image,https://dummyimage.com/115x339,1574,false
5747,1a91b15c-6354-4ceb,Image,https://picsum.photos/554/28,98,false
5748,d6a88640-a3a3-4a9a,Carousel,https://placekittens.com/136/205,147,true
5749,fe4a8b62-7299-4d99,Image,https://placekittens.com/96/55,1479,false
5750,00f977c7-7268-424a,Video,https://picsum.photos/764/705,1666,true
5751,2dd026b7-62e2-45d2,Video,https://picsum.photos/476/677,249,true
5752,ebf0a824-65ca-4ed1,Reel,https://dummyimage.com/836x317,554,true
5753,d0e8d953-0058-4083,Carousel,https://placekittens.com/770/23,549,false
5754,7db4afb4-9273-46af,Carousel,https://picsum.photos/343/972,1810,true
5755,634f1e1c-d823-4da8,Image,https://dummyimage.com/725x442,1210,false
5756,893bbc47-5f31-47a8,Image,https://placekittens.com/280/107,2023,false
5757,d31bb91c-f670-4322,Image,https://picsum.photos/973/372,1905,true
5758,00d721ed-f86f-4794,Reel,https://placekittens.com/1021/569,465,true
5759,5ae1c3c3-7d84-4e77,Image,https://picsum.photos/694/765,1388,true
5760,2f37a6f3-73c3-4b4e,Carousel,https://picsum.photos/476/725,89,true
5761,cb617385-7d21-4682,Image,https://placekittens.com/366/668,976,true
5762,f9d64220-91bd-44ac,Reel,https://picsum.photos/24/787,2129,true
5763,8436a168-3dce-409c,Image,https://placekittens.com/584/639,1501,false
5764,11654e0a-fc7b-4dbc,Reel,https://dummyimage.com/455x1003,1411,true
5765,7eb61d96-9a97-4ce4,Reel,https://placekittens.com/525/89,1831,true
5766,d9d0490c-9e2a-421d,Image,https://placekittens.com/670/482,157,false
5767,88a96eb6-38e2-4abf,Reel,https://dummyimage.com/773x477,705,true
5768,469127af-c770-480d,Reel,https://picsum.photos/127/440,1750,true
5769,8761fe22-8569-4ade,Reel,https://dummyimage.com/38x956,1853,true
5770,398432f3-de90-4be5,Reel,https://placekittens.com/912/792,1049,true
5771,e01ba487-6986-4e8e,Image,https://placekittens.com/188/168,1970,false
5772,519e8b3c-e74b-432f,Video,https://picsum.photos/898/997,1711,true
5773,39bba938-114f-41e4,Carousel,https://picsum.photos/623/167,622,false
5774,7658af37-e310-4c1d,Carousel,https://picsum.photos/874/489,193,true
5775,6ae5b8b3-37ac-410f,Image,https://picsum.photos/245/360,1503,true
5776,a005f086-0f59-4af7,Reel,https://dummyimage.com/723x321,1579,true
5777,07fef9ea-79a1-4a62,Carousel,https://picsum.photos/749/540,1312,false
5778,bf13f73c-a54c-4464,Image,https://placekittens.com/318/643,1970,false
5779,814b390f-04c8-4eb0,Reel,https://dummyimage.com/563x362,313,true
5780,e205b929-4f05-45e6,Carousel,https://placekittens.com/290/285,417,true
5781,16b05ba2-f57d-4cf5,Reel,https://dummyimage.com/466x466,1020,true
5782,317d2f83-a947-4ca1,Reel,https://placekittens.com/367/61,2036,true
5783,e088057f-cf4c-417c,Image,https://dummyimage.com/163x951,1290,true
5784,ced7060c-3fd5-442c,Reel,https://placekittens.com/802/787,1046,true
5785,838e8c58-964d-4d20,Image,https://dummyimage.com/255x816,2053,true
5786,b666bb29-81de-425a,Carousel,https://picsum.photos/349/589,1210,true
5787,46f0fd74-805d-48b1,Image,https://picsum.photos/970/417,424,true
5788,3aadc213-0fb8-430c,Carousel,https://dummyimage.com/861x463,291,true
5789,29c2eadc-3613-4304,Reel,https://picsum.photos/840/709,785,true
5790,b4a14324-3bee-45fc,Image,https://placekittens.com/545/658,1794,false
5791,05e85742-4562-4231,Image,https://picsum.photos/966/61,2133,true
5792,9dcaf3bd-754d-4aec,Reel,https://dummyimage.com/347x871,2050,true
5793,9d4dc884-50a4-4434,Carousel,https://picsum.photos/978/591,2197,true
5794,94154c46-bb4d-4aea,Reel,https://dummyimage.com/922x571,1943,true
5795,17464aff-a5f2-46e5,Image,https://dummyimage.com/1018x864,284,true
5796,3bfd585e-cf03-40c9,Reel,https://dummyimage.com/647x412,1834,true
5797,9ea0e180-b688-4861,Video,https://placekittens.com/282/92,902,true
5798,a7916e0d-3153-42e8,Reel,https://dummyimage.com/774x854,1661,true
5799,a1f7eac3-f805-468d,Reel,https://placekittens.com/366/353,1670,true
5800,8c3c7f08-b824-4b8b,Image,https://placekittens.com/720/115,2117,false
5801,0fb2906e-675c-4949,Carousel,https://picsum.photos/70/425,1487,true
5802,230a74b4-c4a9-4e69,Reel,https://dummyimage.com/208x60,928,true
5803,e7264b30-9455-4670,Carousel,https://placekittens.com/66/412,1393,false
5804,eead8608-a7e2-423d,Carousel,https://placekittens.com/574/289,2009,false
5805,1ba16840-fbe6-4cfa,Reel,https://dummyimage.com/190x675,1881,true
5806,389e161b-414d-4d5f,Reel,https://dummyimage.com/16x136,1598,true
5807,ff8e19a0-0eb6-4a0b,Carousel,https://dummyimage.com/765x873,200,false
5808,1c39eb08-c84c-4b85,Image,https://picsum.photos/315/67,1774,true
5809,c3c0f369-2548-47ca,Image,https://picsum.photos/774/12,85,false
5810,5346467e-999a-4692,Reel,https://placekittens.com/109/141,251,true
5811,32ed61e7-cbdf-46c7,Image,https://picsum.photos/32/950,802,true
5812,cee73bba-de08-4a35,Video,https://dummyimage.com/787x593,317,true
5813,94094efb-7182-41b1,Reel,https://picsum.photos/341/21,1842,true
5814,26690192-4442-40a9,Reel,https://picsum.photos/739/374,460,true
5815,a8341b27-c449-4b61,Image,https://placekittens.com/638/842,1161,true
5816,6a4dbd44-21aa-4939,Carousel,https://placekittens.com/755/977,1579,true
5817,b8c99ad8-b8ea-48a3,Image,https://placekittens.com/188/107,1046,true
5818,c3636923-050d-44bf,Carousel,https://picsum.photos/638/1004,1016,false
5819,4833fbbd-d698-4131,Reel,https://dummyimage.com/997x624,753,true
5820,90197e76-f99f-4d8b,Reel,https://dummyimage.com/76x368,1147,true
5821,a1c95873-7540-4da7,Reel,https://picsum.photos/1018/505,916,true
5822,2aa1024c-7645-47c3,Carousel,https://picsum.photos/96/184,748,false
5823,63b0174a-8a35-426f,Image,https://picsum.photos/1024/203,761,true
5824,2aa3b25b-c66c-4681,Reel,https://dummyimage.com/858x118,2158,true
5825,f00194d6-91eb-4e13,Image,https://placekittens.com/905/976,55,true
5826,243d6c97-b6b2-46a9,Image,https://dummyimage.com/992x575,629,false
5827,2852299e-600a-40f0,Image,https://picsum.photos/37/229,1087,false
5828,b634ebfc-dbd2-4b60,Reel,https://picsum.photos/85/89,1437,true
5829,471fb806-3fd2-44f1,Image,https://dummyimage.com/312x863,368,true
5830,46733f8c-edcb-4142,Reel,https://dummyimage.com/872x776,386,true
5831,35ba5462-3d61-46ec,Image,https://picsum.photos/53/945,577,true
5832,74e0e19e-09b3-4419,Reel,https://placekittens.com/699/720,632,true
5833,0fe05d70-4c9b-448b,Image,https://dummyimage.com/689x424,525,false
5834,ff85b86d-a918-4cd5,Reel,https://picsum.photos/558/890,674,true
5835,dfa8b0eb-5bd8-41e6,Video,https://placekittens.com/380/398,1586,true
5836,ecd015d2-637b-4b39,Image,https://dummyimage.com/110x865,525,true
5837,34b50bf6-93ba-4ebb,Reel,https://placekittens.com/662/195,1030,true
5838,989abba3-2fd0-4878,Image,https://placekittens.com/544/658,2022,false
5839,84ca1d14-1db7-4a14,Video,https://dummyimage.com/362x68,40,true
5840,41b15323-e3aa-4da0,Image,https://dummyimage.com/865x696,1708,false
5841,58a9ef8b-fd7a-462b,Image,https://placekittens.com/1016/501,329,true
5842,ab8392e8-0b6f-443e,Video,https://placekittens.com/644/180,787,true
5843,0b5e907f-ad1f-44f7,Video,https://dummyimage.com/26x480,1647,true
5844,6977536a-845f-4a80,Video,https://dummyimage.com/985x667,1352,true
5845,8d0c5cab-ed0a-4ac0,Video,https://placekittens.com/445/343,1417,true
5846,f8279500-6980-480f,Video,https://dummyimage.com/75x837,714,true
5847,2c7a6ecd-ac31-4106,Image,https://picsum.photos/94/987,1426,true
5848,185543ed-6978-4423,Image,https://dummyimage.com/154x802,2049,true
5849,8dfadb74-4973-43d6,Image,https://picsum.photos/860/374,1578,false
5850,952ee059-7656-46bf,Reel,https://picsum.photos/880/198,1573,true
5851,5a538e31-345d-459f,Image,https://dummyimage.com/230x438,1914,false
5852,e6ffba73-d91f-417d,Video,https://dummyimage.com/191x853,993,true
5853,d81d7285-1d3c-4ea0,Image,https://dummyimage.com/847x209,744,false
5854,b496cbc9-bae8-4dbe,Image,https://placekittens.com/251/156,1101,false
5855,621f9b9a-01fd-4bd7,Reel,https://placekittens.com/613/46,883,true
5856,f29ac12d-fc4e-44dd,Reel,https://placekittens.com/588/81,399,true
5857,14d27290-d534-410a,Reel,https://dummyimage.com/512x374,339,true
5858,23191331-ecae-4441,Reel,https://placekittens.com/776/455,418,true
5859,df1b9578-ecc5-41e5,Video,https://dummyimage.com/480x14,1105,true
5860,5d61aba0-c2ca-4fa4,Image,https://dummyimage.com/38x464,1760,false
5861,177349c3-baae-48f1,Reel,https://dummyimage.com/848x628,1259,true
5862,c97edd1d-8071-4b62,Reel,https://placekittens.com/238/44,60,true
5863,3cf601c1-68e3-466c,Reel,https://dummyimage.com/166x434,650,true
5864,06492d31-b132-4e60,Image,https://placekittens.com/952/110,1414,false
5865,1e4748bd-56c0-4596,Image,https://dummyimage.com/480x284,692,false
5866,ffabb66f-5a70-42c2,Reel,https://dummyimage.com/621x298,2151,true
5867,3562a284-8865-4cbf,Reel,https://picsum.photos/250/289,1413,true
5868,0a063284-5c9b-4d79,Carousel,https://picsum.photos/41/612,1835,true
5869,d36a7435-06d0-45ea,Video,https://dummyimage.com/949x700,154,true
5870,4a8be90b-46c2-4140,Reel,https://dummyimage.com/767x134,75,true
5871,ac1ac4f2-fc9f-4263,Image,https://dummyimage.com/792x119,117,false
5872,c709061b-dbf8-47e7,Image,https://placekittens.com/71/730,798,false
5873,87845f9b-27ab-4ab2,Reel,https://dummyimage.com/678x558,1537,true
5874,a6af50d0-c83b-47f6,Reel,https://placekittens.com/569/271,500,true
5875,48f56b8e-1b0a-43e8,Image,https://placekittens.com/620/337,2050,true
5876,2b5a9411-987d-4775,Carousel,https://picsum.photos/550/502,1416,true
5877,18302abb-7450-4b23,Reel,https://placekittens.com/488/561,1270,true
5878,dc088efc-2576-4281,Image,https://picsum.photos/432/636,580,true
5879,f57ce6a2-0ae4-460f,Image,https://dummyimage.com/561x719,2098,false
5880,58665d5b-5732-43de,Image,https://dummyimage.com/453x495,972,false
5881,ae146a18-c239-42bf,Image,https://dummyimage.com/264x752,1029,true
5882,2bd632bb-841a-408b,Reel,https://picsum.photos/325/362,1397,true
5883,fe85a616-af22-4c21,Image,https://picsum.photos/293/473,985,true
5884,80817a18-3d0e-4501,Reel,https://dummyimage.com/378x325,485,true
5885,08fc0ed6-daa7-46f1,Video,https://dummyimage.com/136x435,587,true
5886,d647441d-1bd1-4fcd,Image,https://placekittens.com/962/371,560,true
5887,d0e365f1-5c13-4e05,Reel,https://dummyimage.com/770x741,1970,true
5888,00b61a69-2f08-4dc4,Image,https://picsum.photos/1/330,1812,true
5889,6f89b21a-c778-4440,Image,https://dummyimage.com/801x735,1244,true
5890,bedc324d-0560-415a,Carousel,https://picsum.photos/363/158,1837,true
5891,e2527517-eda4-49aa,Image,https://dummyimage.com/905x945,624,false
5892,e2a73a08-b2ec-44c8,Image,https://dummyimage.com/145x837,481,false
5893,5a8d7a83-145d-430b,Reel,https://dummyimage.com/758x24,1345,true
5894,b0bf889f-c3ac-43c5,Image,https://dummyimage.com/404x364,134,false
5895,005c1256-d345-411e,Carousel,https://picsum.photos/593/982,1155,false
5896,ca61bfe2-5d4a-46fa,Image,https://picsum.photos/102/39,878,false
5897,20018db7-9d65-41b4,Reel,https://picsum.photos/686/45,2028,true
5898,24db1a43-f469-4603,Reel,https://placekittens.com/327/677,1234,true
5899,9013df58-6c4a-4020,Carousel,https://placekittens.com/40/515,251,false
5900,10370c25-d866-4095,Image,https://picsum.photos/582/163,1388,false
5901,24de69a0-a52e-4b22,Image,https://picsum.photos/745/740,2060,false
5902,b588bbb4-51e2-4008,Image,https://picsum.photos/737/281,665,false
5903,4874a425-a078-48dc,Image,https://placekittens.com/928/739,1225,true
5904,aa9139e3-a85c-45a7,Image,https://dummyimage.com/109x915,216,false
5905,4a357fb5-c8ba-430a,Reel,https://dummyimage.com/398x440,1990,true
5906,2a9419a5-3901-4609,Carousel,https://placekittens.com/761/180,1781,true
5907,f161f21d-5a7b-4477,Image,https://picsum.photos/846/548,1267,true
5908,861e1592-7116-4ad3,Carousel,https://picsum.photos/555/23,1820,false
5909,50cdc833-61b5-4142,Image,https://placekittens.com/86/732,19,true
5910,9cdb6177-9093-4f56,Video,https://picsum.photos/299/490,1773,true
5911,043f4439-c9f9-4c2a,Reel,https://picsum.photos/793/614,1500,true
5912,518bb97b-9689-4176,Reel,https://placekittens.com/170/82,2015,true
5913,4ff97550-9234-419f,Image,https://picsum.photos/668/232,1718,true
5914,ec3a65fb-b439-4f97,Carousel,https://placekittens.com/967/307,1728,true
5915,f9357427-3d69-491d,Carousel,https://picsum.photos/1019/722,1288,true
5916,45e36f6b-9f1c-4e3c,Reel,https://dummyimage.com/483x219,1679,true
5917,157bcf79-7050-4584,Video,https://dummyimage.com/542x463,435,true
5918,ee4cabdd-9548-4fc3,Carousel,https://dummyimage.com/287x222,1835,false
5919,5c7bced6-7d79-4635,Carousel,https://picsum.photos/654/58,206,true
5920,d10fe7e8-1b00-45b9,Image,https://placekittens.com/549/784,682,false
5921,bcdaea2d-b3ec-41dc,Image,https://placekittens.com/735/470,173,false
5922,e913e580-dc3e-4a06,Reel,https://placekittens.com/734/680,1124,true
5923,3f116d71-2f82-436d,Reel,https://dummyimage.com/482x901,485,true
5924,6eba7fdc-824e-46b4,Reel,https://dummyimage.com/423x195,1090,true
5925,f6e3a781-e597-4681,Carousel,https://placekittens.com/344/440,602,true
5926,6737ad54-a6ff-4b10,Image,https://placekittens.com/390/594,709,false
5927,7720602e-703e-4e22,Reel,https://dummyimage.com/744x440,1174,true
5928,d86e9774-87e2-4d76,Reel,https://placekittens.com/524/855,1437,true
5929,984f1c88-f203-44c6,Image,https://picsum.photos/287/935,1438,false
5930,f3987904-8419-434c,Reel,https://dummyimage.com/522x945,150,true
5931,ae41ee11-2075-4053,Carousel,https://dummyimage.com/420x400,1010,true
5932,6ab908ea-df2b-4f9c,Image,https://dummyimage.com/465x529,1190,true
5933,56d3ec39-cc0f-4d88,Video,https://placekittens.com/532/605,1391,true
5934,2aa0fb74-9db6-4f08,Carousel,https://picsum.photos/509/671,1808,true
5935,344ca56a-a280-41fc,Carousel,https://placekittens.com/264/721,590,false
5936,95c44208-6221-4efc,Image,https://dummyimage.com/496x116,924,true
5937,886f3ec6-3f4c-4c6b,Image,https://picsum.photos/683/302,1577,false
5938,26d45fea-ec84-4018,Image,https://dummyimage.com/370x826,2032,true
5939,3918d2aa-45d3-481f,Carousel,https://dummyimage.com/164x87,2172,false
5940,bd77a771-ff1f-4e0d,Image,https://picsum.photos/449/60,1077,false
5941,5abdbcfb-b295-43c1,Image,https://placekittens.com/134/486,1546,true
5942,41610f42-8cdb-4d00,Carousel,https://picsum.photos/290/905,830,false
5943,d7902064-94cb-446e,Reel,https://dummyimage.com/284x574,0,true
5944,c0a34e67-d38f-4ba8,Reel,https://dummyimage.com/343x501,1174,true
5945,0a7fb303-5d30-4b9f,Reel,https://picsum.photos/782/484,62,true
5946,65941064-0a4a-477a,Carousel,https://dummyimage.com/587x69,145,true
5947,122973fd-82a5-4115,Carousel,https://placekittens.com/137/514,1893,false
5948,942a86d0-30b2-43e1,Reel,https://placekittens.com/651/198,1027,true
5949,20e0f382-6d01-4038,Image,https://dummyimage.com/697x153,2081,false
5950,34f43e44-5b29-45a9,Video,https://picsum.photos/748/356,459,true
5951,e31ad9ab-445b-4797,Reel,https://placekittens.com/308/129,267,true
5952,13579727-ffb7-4ac9,Image,https://placekittens.com/376/89,311,false
5953,e430b9fc-9100-42c2,Image,https://picsum.photos/683/217,148,true
5954,dad74d18-e8a1-4d3f,Image,https://placekittens.com/200/38,1567,true
5955,a68ca2a1-4b32-4045,Image,https://dummyimage.com/358x110,26,true
5956,c59f81bf-ae16-419b,Image,https://placekittens.com/263/529,1806,true
5957,e73d6410-1bee-41f2,Carousel,https://dummyimage.com/210x836,614,true
5958,b3718d4c-cd5f-4492,Image,https://placekittens.com/736/414,31,true
5959,b5ea02ea-802f-4159,Carousel,https://picsum.photos/938/661,1982,false
5960,d6084e50-942f-483d,Carousel,https://dummyimage.com/41x779,1282,true
5961,02c8e8c5-ab25-41de,Reel,https://picsum.photos/387/44,568,true
5962,d3693818-17b7-46e8,Reel,https://picsum.photos/345/905,1785,true
5963,1f63410e-554c-4d64,Video,https://dummyimage.com/232x1003,13,true
5964,d3e0eb23-8543-49cc,Video,https://dummyimage.com/488x885,655,true
5965,f8f87d0f-cc1a-49d8,Carousel,https://placekittens.com/1004/319,2046,false
5966,307172aa-bef4-4669,Image,https://dummyimage.com/468x484,1075,true
5967,eb4a17ee-7db5-45bd,Image,https://dummyimage.com/791x316,2119,false
5968,4d7b8231-55c3-49a0,Reel,https://picsum.photos/829/324,838,true
5969,0aa24453-6315-4895,Reel,https://picsum.photos/66/702,123,true
5970,535641a0-c4ba-4411,Image,https://dummyimage.com/40x373,1507,false
5971,4e68598b-c6df-418b,Video,https://picsum.photos/180/573,1678,true
5972,ee57b572-f86b-47ca,Image,https://picsum.photos/207/623,351,true
5973,1a4c038d-082a-47df,Image,https://dummyimage.com/923x16,38,true
5974,91a78139-f159-4e3d,Image,https://placekittens.com/805/534,1847,false
5975,29b9718f-94b5-473c,Carousel,https://placekittens.com/768/342,701,false
5976,15bed244-8a40-4de5,Image,https://picsum.photos/871/574,1578,false
5977,e041fe67-0c99-490d,Image,https://placekittens.com/247/565,1886,true
5978,ecac4ec8-461f-4fdf,Reel,https://dummyimage.com/83x145,737,true
5979,58b1c0a0-fb9e-4fa2,Reel,https://picsum.photos/537/322,1000,true
5980,790ccc4e-6725-4f9a,Image,https://placekittens.com/5/92,1879,true
5981,073550ae-b5dc-4df8,Reel,https://picsum.photos/164/327,1022,true
5982,35ba6e39-e98c-4dba,Reel,https://picsum.photos/985/620,311,true
5983,dfdb5ab4-e423-4439,Image,https://placekittens.com/11/371,131,false
5984,2ccee1e1-91e5-4e5a,Reel,https://placekittens.com/55/580,781,true
5985,482a4669-202c-42e4,Image,https://picsum.photos/578/249,850,false
5986,a7540f81-8cdb-4927,Carousel,https://picsum.photos/452/578,222,false
5987,2aeae00c-6e63-423d,Image,https://dummyimage.com/815x153,1463,true
5988,b3a78e81-441f-4a8b,Image,https://dummyimage.com/805x345,45,true
5989,4dbfcc90-c3af-49fa,Video,https://picsum.photos/69/535,193,true
5990,79eb4019-a17f-4e0a,Image,https://dummyimage.com/542x652,1438,true
5991,536e5371-582e-4dc0,Video,https://dummyimage.com/456x676,1561,true
5992,f243363b-08d9-4d7a,Reel,https://placekittens.com/900/958,1934,true
5993,a2ddb4b9-adc7-4fda,Image,https://picsum.photos/585/657,1452,false
5994,5ad33427-5119-41f0,Image,https://dummyimage.com/313x8,1850,true
5995,841cc423-59ff-45b6,Image,https://placekittens.com/600/432,1937,true
5996,111d6fcd-7289-4397,Image,https://dummyimage.com/247x471,1017,false
5997,8a4f40a3-4a47-43c4,Video,https://picsum.photos/371/199,744,true
5998,099d7595-cc73-4998,Reel,https://dummyimage.com/964x20,1876,true
5999,203af665-1de6-4184,Image,https://placekittens.com/127/48,2193,true
6000,247e20bf-f876-4077,Carousel,https://dummyimage.com/1022x501,1062,true
