user_key,original_user_id,username,account_type,is_verified,country
1,a9d2f879-3392-446e,timothyfrank,Creator,true,Romania
2,61773f65-f2c4-4843,laura65,Personal,true,Nicaragua
3,b478eeb5-6122-4da1,hillkimberly,Personal,true,Benin
4,786e84d5-da10-4198,aprilmiles,Personal,true,Peru
5,27a9b062-1b19-4bd3,jasminthompson,Personal,true,South Africa
6,a0ec9ff2-3f02-473f,cperry,Personal,true,Svalbard & Jan Mayen Islands
7,583c10c6-82ba-40db,ddavis,Personal,true,France
8,5bc99188-2025-4122,kingcasey,Business,true,Reunion
9,054b3bd2-7df8-450e,alexandria86,Personal,true,Mali
10,9422eaaf-85bd-490c,jonathan55,Creator,true,Peru
11,591c7db7-1a7d-4108,juanreynolds,Personal,true,Poland
12,56eb7e36-3cc6-4f07,isaacmclaughlin,Creator,true,Reunion
13,c9a869cf-88a5-4eaa,tiffany88,Creator,true,Russian Federation
14,73348b70-b1ee-4b5e,jeffersonregina,Personal,true,Qatar
15,b348ada8-da18-4a1e,annarodriguez,Personal,true,Saint Pierre and Miquelon
16,bacbc7ac-4a3b-4f21,sandra41,Creator,true,Cook Islands
17,a1203b65-a005-45b9,amandacampbell,Personal,true,Thailand
18,ac990d1a-eaea-493c,henry52,Personal,true,Nigeria
19,985c36f3-4630-411d,cory61,Creator,true,Albania
20,6030e535-f3ba-4170,hayley07,Business,true,Saint Barthelemy
21,788a1498-6545-4c46,paula95,Personal,true,Niger
22,aad994d7-d967-4721,kimberly47,Personal,true,Dominican Republic
23,bf6a92ef-5c43-43cd,jordansamantha,Personal,true,Madagascar
24,b33e5f40-cbc1-4501,colinarmstrong,Business,true,Ethiopia
25,0f827e19-f0db-44c9,fowens,Personal,true,Nigeria
26,4677f2b3-0cd9-493f,cody01,Business,true,Slovakia (Slovak Republic)
27,847abca3-99f8-4e40,uanderson,Personal,true,Poland
28,954ed6cb-622e-4546,johnfernandez,Personal,true,Burkina Faso
29,8d2eabb2-59d4-408f,richardball,Personal,true,Timor-Leste
30,11e2b230-cf53-4985,pjones,Business,true,Pitcairn Islands
31,87123aa8-cdef-4271,sarahbutler,Personal,true,Samoa
32,d58d43e3-9858-4b51,tmacdonald,Business,true,Mali
33,b2580daf-34ee-42ce,rileykristopher,Business,true,Palau
34,9803ae86-0d41-4ba0,allenstephen,Personal,true,Nepal
35,8c741d50-bfb4-4f50,rcastro,Personal,true,Macao
36,59894f9b-4284-4970,sara28,Creator,true,Mexico
37,08b1b717-d8a8-4974,prestonhenry,Personal,true,Azerbaijan
38,e24a34db-0842-4436,jennifergonzalez,Personal,true,Rwanda
39,1e6203c0-90d1-4a3b,tinabaker,Personal,true,Montenegro
40,e0bc0cbc-4c66-4d63,bennettbenjamin,Personal,true,Niue
41,805bfb00-2d46-406f,john78,Creator,true,Myanmar
42,508f4a81-ad57-49ff,larrylowery,Personal,true,Lebanon
43,47aa2c55-296f-4796,robertnicholson,Business,true,Belgium
44,596af766-9022-4e8a,erika10,Creator,true,Niger
45,aaa77ad6-d6f3-44d1,baldwinstephen,Personal,true,Cook Islands
46,2ebf7036-359e-4675,rossmichael,Personal,true,Indonesia
47,97bcad7a-6e11-4fb7,cory29,Personal,true,Aruba
48,92f1f1f8-b829-40e6,mandywhite,Personal,true,Ireland
49,566c9b32-9513-41db,angelamitchell,Personal,true,Belize
50,0d1953bf-211e-4a8d,brownmark,Business,true,Samoa
51,45494ed1-10e2-4cbd,lindsayperez,Creator,true,Congo
52,3bb36353-7c32-453d,andrew33,Creator,true,Germany
53,34978ddc-acdf-4ff4,ecrawford,Personal,true,Nigeria
54,de8937d4-b805-4fe2,mckenzie89,Personal,true,Timor-Leste
55,b49d3d62-04ea-44f4,nathanshepherd,Personal,true,Lesotho
56,ebefba3a-a480-4dd0,phillipsanne,Personal,false,Venezuela
57,a5ca31c7-0f80-4dbc,dali,Personal,true,Puerto Rico
58,ec1e85f0-d344-45f3,scott55,Business,true,Barbados
59,5ca49366-422b-4529,uwatson,Personal,true,Cape Verde
60,02525a4c-e4c0-4b7b,joseph42,Personal,true,Lebanon
61,842f9d63-112f-402c,allenwilliams,Creator,true,Angola
62,b64fe140-84d5-4add,veronica49,Personal,true,Liechtenstein
63,c83f9c90-3b8f-48d7,anthony37,Personal,true,Bahrain
64,346d6e7e-d7a2-4435,birdtony,Personal,true,Syrian Arab Republic
65,4ca07b25-e1ec-4f3b,anna26,Business,true,Kazakhstan
66,83acf6ed-dba1-4a7c,williamsmichael,Business,true,Equatorial Guinea
67,b78dec92-5194-4400,zburton,Personal,true,Cyprus
68,2a501c9d-a2ed-4751,melissahess,Personal,true,South Georgia and the South Sandwich Islands
69,3ab1e394-3b29-473f,randy74,Business,true,Moldova
70,b5cb2dfa-61d4-42af,crosbyashley,Personal,true,Solomon Islands
71,55fd9f4d-6807-4e3d,jamesmurray,Personal,true,France
72,147523a3-233f-437b,jacobellis,Creator,true,Trinidad and Tobago
73,e97c6947-7b88-4442,chris06,Personal,true,Cayman Islands
74,f59d9a9a-6a09-4201,lisa00,Personal,true,Saint Vincent and the Grenadines
75,df6c0267-f53b-4709,lmoore,Personal,true,Netherlands
76,bd5fa5ba-92dd-452f,christiansanchez,Personal,false,Guadeloupe
77,6da7504e-91af-4545,martinezmatthew,Personal,true,Isle of Man
78,dd264e11-986e-4a5d,renee48,Creator,true,Burkina Faso
79,92efab8b-2371-4600,mistywebb,Personal,true,Micronesia
80,8b120e00-3544-4be3,emurray,Personal,true,Grenada
81,7f3c4132-14d5-4e64,ygarcia,Business,true,South Africa
82,7c082797-34e2-4d79,josephmcguire,Personal,true,United States Minor Outlying Islands
83,17e0a735-248d-435a,suzanne40,Creator,true,United States Virgin Islands
84,a5114862-28be-4cc5,cherrymeghan,Business,true,Madagascar
85,de66736e-ed90-4bdc,charlene80,Personal,true,Russian Federation
86,ef486ba9-9c33-4a4a,melissa96,Personal,true,Tuvalu
87,67e98b9a-942e-47af,rfrye,Personal,false,Heard Island and McDonald Islands
88,f7695126-befe-4100,justinevans,Personal,false,Maldives
89,e9551eb7-8260-4c42,katherinemarsh,Personal,true,Gambia
90,f37a63c4-ada4-4b47,hruiz,Personal,true,Morocco
91,e6faf833-fc09-4606,dyeramanda,Personal,true,Puerto Rico
92,11d42553-c68f-4e44,thompsoncatherine,Personal,true,Belize
93,ea57a3e1-35ef-4f14,johncrawford,Personal,true,Benin
94,dc31a6f9-bfc4-4444,vmiller,Business,true,Afghanistan
95,02ab8863-e230-4ac3,qflowers,Creator,true,Peru
96,de2d0a14-176e-4de9,lsaunders,Creator,true,Malaysia
97,346c5224-a3db-4010,bridget04,Personal,true,Panama
98,ec28a8e4-1ea1-4a1b,tylersteven,Business,false,Kuwait
99,c5f2b6a0-d931-43e6,ksexton,Business,true,Guam
100,35af5493-b96b-441f,houstontyler,Creator,true,Niue
101,788c5c38-2de3-4978,wrightrebecca,Personal,true,Turkey
102,e20903d7-7c47-4632,ethannorton,Business,true,Philippines
103,4c5a95ac-c0ab-4e2c,weaverbradley,Business,true,Rwanda
104,2cd7c636-3d6d-456a,rlang,Business,true,Czech Republic
105,2eedba10-f46e-4bad,dianereynolds,Creator,true,Ghana
106,849d646e-82d8-4fb4,reynoldsjames,Creator,true,Bahamas
107,a90ff7f4-aad1-400a,kbrown,Personal,true,Malaysia
108,a2de3bda-4540-4b00,bcharles,Business,true,Liberia
109,0347b14d-8fcb-4bee,gross,Personal,true,Reunion
110,6cd111bf-4d89-417c,jacqueline88,Personal,true,Oman
111,2cd0ce77-9398-45ff,laramargaret,Personal,true,Denmark
112,b7d67a57-977f-43ab,hughesjoel,Personal,true,Rwanda
113,95240108-c8fe-4d11,allenallison,Personal,true,Kyrgyz Republic
114,81623bd4-602e-4188,pamela48,Personal,true,Cayman Islands
115,32238575-40d7-49c2,ygilmore,Personal,true,Italy
116,1a222fdf-881e-427b,victoria40,Personal,true,French Polynesia
117,a1c60acf-122b-48f6,alexis01,Personal,false,Kyrgyz Republic
118,c0f400bc-f166-45a6,william46,Creator,true,Rwanda
119,3c709dd6-82e1-49ec,nnelson,Personal,true,Antarctica (the territory South of 60 deg S)
120,39c09c40-c62e-4593,rodriguezalexandra,Business,true,Turkmenistan
121,ce2e5017-85b1-4fd7,gmoore,Personal,true,Guinea
122,8bf82a7a-988f-4b4d,loganglenn,Business,true,Saudi Arabia
123,76261394-4bd1-4658,hjohnson,Personal,true,Tunisia
124,b52b80be-8d12-4411,alexanderdavid,Personal,true,Syrian Arab Republic
125,1a8f7764-f452-4ce8,bartlettgregory,Personal,true,Thailand
126,7f401ecb-3db0-4e07,richardclark,Personal,true,Vietnam
127,8fbb395f-3921-4362,brownzachary,Personal,true,Croatia
128,ab1d4055-4b15-4628,christopher19,Personal,true,Palau
129,7c4326f6-7d14-4ce2,dennischaney,Personal,true,Chile
130,4afdca05-9308-4764,walkerjonathan,Personal,true,Croatia
131,67d06e1c-6001-44f9,lisa71,Personal,true,Guinea
132,618276ba-44d5-470a,justin50,Personal,true,Serbia
133,c6f5731e-0f58-453c,pierceandrew,Creator,true,Trinidad and Tobago
134,98efdc01-1db9-4391,jeffrey25,Creator,true,Cyprus
135,5c987002-9eb5-407a,kristineperez,Personal,true,Solomon Islands
136,31feb930-ed46-42bf,becky49,Personal,true,Montserrat
137,974778d0-dd5d-4148,brucecaldwell,Personal,true,Suriname
138,6a90db2d-edf6-4451,swilliams,Personal,true,Ireland
139,8d73abc1-69f1-477e,vincentbrooks,Personal,true,United States of America
140,c5593b1b-bccf-4470,andrewhammond,Personal,true,Chile
141,2da0dfb0-11a8-4ecf,luis26,Personal,true,Solomon Islands
142,434220a8-8980-4b80,romeroashley,Personal,false,Benin
143,9ae70b22-b016-40d1,xsingleton,Business,true,Bosnia and Herzegovina
144,bf3d64fd-73ab-4a85,danielmueller,Personal,true,New Zealand
145,0ee79e48-dcef-4001,justinalexander,Business,true,Grenada
146,47a20f64-8f6b-484f,millerdebbie,Business,true,North Macedonia
147,019f38d4-3ce0-4c4d,kathleen51,Personal,true,Holy See (Vatican City State)
148,a75e9799-2456-4a48,tanner96,Creator,true,Chad
149,6df04b73-bee6-4f6b,simonalicia,Creator,true,Montserrat
150,273a1103-3338-4407,brandysilva,Personal,true,United Arab Emirates
151,8d5bcc29-986f-4992,harrismichael,Personal,false,Kazakhstan
152,efaddaee-d085-410e,michelle79,Personal,true,Burundi
153,be4ffcc3-8ba3-4a32,lauren91,Personal,true,Puerto Rico
154,c0c3bb27-59ef-4064,ujones,Creator,true,Moldova
155,0b03af14-5cd6-4e48,kristen21,Personal,true,Isle of Man
156,7001f359-b337-4a3c,shelbyfletcher,Creator,true,Austria
157,f7a07684-5793-4697,lisa30,Creator,true,Russian Federation
158,ecfd02ab-81e8-4c16,ariassusan,Personal,true,Canada
159,52d2576d-0779-4e81,ebass,Creator,true,Slovakia (Slovak Republic)
160,0185391c-15dd-484a,jesse19,Creator,true,Kyrgyz Republic
161,3661f8f9-9854-4a51,samanthanolan,Personal,true,Equatorial Guinea
162,b4d0b4c6-80e7-4b3d,austin01,Personal,true,Sweden
163,b3eb5d19-d9d6-4262,ashleycarolyn,Personal,true,Bulgaria
164,13c1cb5e-cc28-44b2,jonathan81,Personal,true,Cambodia
165,08c93e1a-7696-41c6,jason39,Personal,true,Guam
166,d00f7d2e-461f-454e,holtmaurice,Creator,true,Pitcairn Islands
167,67b942cd-b8d9-410b,cmeza,Personal,false,Brunei Darussalam
168,7f9ea525-b427-4d1e,keith76,Creator,true,Mauritania
169,6f3ac470-fa33-418d,stevensgeoffrey,Personal,true,Jordan
170,3dc454ae-21cb-4ea2,smithanthony,Personal,true,Tunisia
171,18a473e2-ea1a-47a1,oprice,Creator,false,Norway
172,e92c24c3-d997-474e,smitheric,Personal,true,Denmark
173,fabc4806-e9f4-42df,kingvalerie,Personal,true,Estonia
174,76b12af0-c2cc-44ca,goodwinhenry,Personal,true,Micronesia
175,f3e58dd0-8214-4310,millseric,Personal,true,South Africa
176,2b2aebdf-0c10-409f,anita41,Personal,true,Belarus
177,e1b907b0-7c67-4207,ethomas,Creator,false,Isle of Man
178,b0b17893-6fdc-4558,petersoncolleen,Business,true,Brazil
179,c4187b39-6178-48f2,ahubbard,Creator,true,China
180,3713861e-4392-4799,xcastillo,Personal,true,Svalbard & Jan Mayen Islands
181,88675e41-4459-4222,waresandra,Personal,true,Norway
182,e1d0c4a0-a314-4211,owilliams,Personal,true,Greenland
183,e5a4a414-4948-4a09,holly07,Personal,true,Nepal
184,c41c496c-5c76-47bb,mary69,Personal,true,Czech Republic
185,21ee5166-9125-41ed,wellsmary,Business,true,Monaco
186,17928dfc-dae8-4cdc,vhicks,Personal,true,Paraguay
187,ed63ab8c-5d78-4c4f,upittman,Personal,true,Germany
188,c8bbb2c1-c1a7-4e25,sstokes,Personal,true,Isle of Man
189,6225fda8-da37-45f9,raypaul,Personal,true,Italy
190,57c41ae8-1be3-4374,graceromero,Creator,true,South Georgia and the South Sandwich Islands
191,45364c2b-0797-4740,daniel48,Personal,true,Cambodia
192,a9015cc3-c2f6-40fe,ballsean,Business,true,Gibraltar
193,190c2162-a419-4ca1,christopherhall,Creator,true,Seychelles
194,b0a9edf7-0c07-4b5c,sonya26,Personal,true,Sao Tome and Principe
195,fbcb818a-ab3f-4db5,gcline,Personal,false,Swaziland
196,ca3c830a-7dc8-401f,tbutler,Personal,true,Cyprus
197,2b110b25-c7dc-44b0,christyvaughan,Personal,true,Slovenia
198,2172fc5c-c21e-4802,ljones,Creator,true,Andorra
199,d2868aed-4a07-4a4a,martinmikayla,Personal,true,Zimbabwe
200,db40053e-4267-4206,kyates,Creator,true,Czech Republic
201,b643f8a3-2e18-41b1,xcurtis,Personal,true,Portugal
202,706f9fe7-ed9b-4def,johnreynolds,Creator,true,Nigeria
203,c5806f1d-1a04-4385,shawnosborne,Creator,true,Serbia
204,33c5c427-bbdd-4a86,yjohnson,Personal,true,New Caledonia
205,f69de5e5-49e1-4c23,jamesjohnson,Creator,true,Mozambique
206,b1426e8e-c8e5-44a8,qduarte,Personal,true,Bahrain
207,9765c959-8cfb-407d,tyler76,Personal,true,Central African Republic
208,cccf0c6b-abda-483f,thubbard,Personal,true,Togo
209,068f0416-7adb-403e,paigeolsen,Creator,true,Christmas Island
210,d815d627-80b1-429c,rachelbennett,Personal,true,India
211,f9e5c5b5-bce7-4abd,caroline58,Personal,false,Antarctica (the territory South of 60 deg S)
212,fc34162b-c717-429a,felicia11,Personal,true,Switzerland
213,1e5b692c-8b72-4a97,nwilson,Creator,true,United States Minor Outlying Islands
214,d893c477-f3e4-4ff6,qjones,Personal,true,Falkland Islands (Malvinas)
215,55177557-d41d-4f7c,ochambers,Business,true,Singapore
216,f2d6613c-9fc3-4af1,johnsonkelsey,Creator,true,Monaco
217,5143e2a1-6cce-4f0e,iliu,Personal,true,Qatar
218,7c00c87c-b039-4d36,williamsglenda,Creator,true,Egypt
219,0bf63443-6276-41ea,franciscostokes,Personal,true,Kazakhstan
220,29fc5d93-ae8a-4411,williamsbrandy,Personal,true,Gabon
221,38aa015c-d1aa-46b9,ejohnson,Business,true,Cambodia
222,18faf57a-eb7a-4361,lesliemendoza,Personal,true,Ukraine
223,5cbfdeb0-df90-4c6f,quinnchelsea,Business,false,Bahrain
224,fcc7e695-81a3-4960,robert77,Creator,true,Sudan
225,01f80c4e-7fbe-46fe,stacey79,Personal,true,Singapore
226,ef9d658c-7523-4f32,johnnorris,Personal,true,Lesotho
227,e4641042-66bd-4277,meyerbrandy,Creator,true,United States of America
228,ec4d46c5-ab53-4aac,nicholesanford,Creator,false,Mexico
229,ba4f8ced-207f-470b,usanchez,Creator,true,France
230,1ee118d0-3328-44be,jasonhendricks,Creator,true,Ukraine
231,2014cf75-b69e-4539,savagemaxwell,Personal,true,Zimbabwe
232,3916c88b-8fa1-4fe9,lbentley,Personal,true,Sierra Leone
233,11a554f4-20ce-454a,hannahblake,Personal,true,Bhutan
234,b48078d6-3f47-4e92,lunatonya,Creator,true,Antigua and Barbuda
235,c2710e0b-26d3-4d5a,medwards,Personal,true,Guinea-Bissau
236,83ea0620-fac8-47a3,crystalbrown,Creator,true,Dominican Republic
237,3ee89bda-d4e5-4885,kanesarah,Personal,true,Netherlands Antilles
238,98b20505-7456-4f2b,hickmansean,Creator,true,Ireland
239,65393e2e-5efb-4991,savannahbrown,Personal,true,Cameroon
240,12a3b53f-9811-4c4f,nbrown,Personal,true,Thailand
241,4cb97e55-3925-4ecb,johnathanwilson,Personal,true,Paraguay
242,ad093788-6817-4a4b,katrinawhitehead,Personal,true,Egypt
243,52d404e6-7b40-4a84,whitney28,Personal,true,Puerto Rico
244,e46413c6-8011-4f1b,poperaymond,Personal,true,Morocco
245,77861754-ce6d-4c6b,willie51,Creator,true,Cote d'Ivoire
246,de16e53e-5dc8-4cc5,samuel17,Personal,true,Netherlands Antilles
247,52631893-68b1-4f8c,david51,Business,true,Ireland
248,918c6a0a-190a-4f85,juliesheppard,Creator,true,Brunei Darussalam
249,8204035f-84a0-42b8,mhughes,Personal,true,Timor-Leste
250,cd4db506-a59f-4aa6,jessica68,Personal,true,Reunion
251,11b78c6a-e09c-4d5d,clinton58,Personal,true,Algeria
252,e02ddb85-0459-47d7,tvaldez,Creator,true,Isle of Man
253,6a16fa69-16c1-484b,ashleytorres,Personal,true,Guinea-Bissau
254,f8098e85-6c1a-42d2,bparker,Personal,true,Northern Mariana Islands
255,eeb71bf3-06f6-44a1,whall,Personal,true,Jersey
256,ddd7359b-b1fd-4279,bsmith,Business,true,Brunei Darussalam
257,a36b4ac3-ae2e-450a,lmcmillan,Personal,true,Saint Barthelemy
258,3bea4198-dc31-45df,hamptongail,Personal,true,Hungary
259,ccb8d029-a0de-4871,vthomas,Personal,true,Ireland
260,d8a9b519-8059-4376,vanessa75,Personal,true,Ukraine
261,fafb2408-5a96-4f6d,zadams,Personal,true,Canada
262,2835c3fb-0d06-4915,dillonryan,Personal,true,Armenia
263,05d6d8e4-dea1-4feb,isaiahcrawford,Business,true,Rwanda
264,d86363d9-f709-4cec,fdiaz,Personal,true,Spain
265,5361a61d-fd94-42a4,catherinewilson,Personal,true,Turkey
266,ca2e5c7c-4d80-43f6,lisa11,Personal,true,Guyana
267,55d774a7-90d7-4f94,scottle,Personal,true,Svalbard & Jan Mayen Islands
268,54a5cce7-3fb0-4f5c,chadjohnson,Personal,true,Montenegro
269,4d4806c3-010d-476f,uwright,Personal,true,Japan
270,094739cd-c249-4dd6,crystalwells,Personal,true,Saint Kitts and Nevis
271,c4c1f17a-29c5-4fe9,qfisher,Personal,false,Bangladesh
272,7fa222cd-cd16-4ff4,kristine24,Personal,true,South Africa
273,2107ca5a-628b-46f6,lopeznancy,Personal,true,Greenland
274,237a20d3-da30-4afc,rebeccawright,Creator,true,Pitcairn Islands
275,2335e378-a5a8-4afa,mryan,Personal,true,Belgium
276,fb3af167-a9ff-41e2,gravesandrew,Personal,true,New Zealand
277,77ecc832-c739-47be,xmartin,Creator,true,Tonga
278,9718f331-1cb2-428e,rwilkins,Creator,true,Comoros
279,533e6a4a-d7cf-465f,jason09,Business,true,Azerbaijan
280,506b7745-747b-4522,smoore,Creator,true,French Guiana
281,874e615c-d724-4ea5,wileyjerry,Business,true,Burkina Faso
282,7206183e-f6b8-411f,williamsjohn,Creator,false,United States Minor Outlying Islands
283,9a7656d2-f01a-4a96,ppage,Creator,true,Greenland
284,18a6ad5a-ddf0-4399,hoffmanvincent,Personal,true,Nicaragua
285,bc2d72ac-e201-43d7,pwebb,Personal,true,Turkey
286,9076bcb7-6587-4327,andersonkaren,Personal,true,Croatia
287,08d304b7-9a50-4f31,dunnjared,Personal,true,Colombia
288,b91f13fa-19d1-4388,christina03,Personal,true,Isle of Man
289,79365084-040e-4ca9,njenkins,Personal,true,Uganda
290,e215b94b-cd08-4fc8,wjones,Business,true,Jamaica
291,5df02375-401d-40b8,martinezjacqueline,Personal,true,Kazakhstan
292,5ba28f30-43e7-4b6e,josephnavarro,Personal,true,Northern Mariana Islands
293,2857fa29-be84-424c,nicolebrooks,Personal,true,Lebanon
294,57c8286e-5ed7-49e5,colleen50,Creator,true,Philippines
295,c31fc259-9215-4ca6,daniel87,Personal,true,Denmark
296,ca56cd69-2dde-4923,chad46,Creator,true,Spain
297,c7896279-2bc2-4509,max52,Personal,true,North Macedonia
298,29250ae2-a9bc-4ebc,johnmills,Personal,true,Yemen
299,4be740fa-5f8a-4d47,lpennington,Creator,true,United States of America
300,0f5302a9-db0c-4c18,bakerwesley,Personal,true,Northern Mariana Islands
301,581ab8c9-29fe-4428,ronald72,Personal,true,Faroe Islands
302,439a40df-eedc-4605,jreed,Personal,true,Lithuania
303,195ebdfa-ef39-4444,jesusthomas,Business,true,Namibia
304,f4321a5c-87cc-446c,burkepatty,Personal,true,Bangladesh
305,0e26a7db-34b0-4899,simmonsshannon,Personal,false,Cape Verde
306,6a48f3ee-475f-4a19,ojackson,Personal,true,France
307,45d4941f-0e3a-4568,jsmith,Personal,true,Iceland
308,a69ec7e9-d46a-43bb,jeremyreyes,Personal,true,Guinea-Bissau
309,09ec43ce-ff83-4f86,waltertracy,Personal,true,Isle of Man
310,1b2e4162-4194-48a5,plove,Personal,true,Syrian Arab Republic
311,970761e7-7972-49eb,alexisperez,Personal,true,Estonia
312,ed60c4d5-7d3e-4a1b,dennis40,Personal,true,Algeria
313,e4c0c53a-784a-4a05,martinezleah,Creator,true,Saint Barthelemy
314,18958538-b29c-4525,amanda82,Personal,true,Finland
315,10cf6401-a47b-43ae,hollandjacob,Personal,true,Ecuador
316,065215da-645d-4daf,nathanielfisher,Personal,true,Guadeloupe
317,c8229997-4fcc-4bbf,victormartinez,Personal,true,Rwanda
318,78d381ea-6e76-4b46,joseph24,Personal,true,Montserrat
319,40811e29-3734-4ca6,lwinters,Personal,true,Guadeloupe
320,784204f6-071a-437d,nicholasking,Personal,true,Latvia
321,6f0618eb-8968-4b6a,markbrown,Personal,true,North Macedonia
322,24f41bbb-541e-4f05,simmonssherry,Personal,true,Heard Island and McDonald Islands
323,dd96e903-ef08-4e26,jkelly,Personal,true,Burundi
324,4bed6555-b235-46ed,zanderson,Personal,true,Eritrea
325,7fd5e45b-9bf2-4383,glennmiguel,Personal,true,Christmas Island
326,7e24c471-064f-43fa,paul54,Personal,false,Austria
327,44f7e24a-28b3-4035,michaelmckenzie,Personal,true,Botswana
328,3d56de39-e831-42eb,wagnerdaniel,Personal,true,Kenya
329,37b14e59-c6db-4223,rreid,Personal,true,Tokelau
330,e56ab8a8-2597-49eb,crystal83,Business,true,Poland
331,1968231e-297b-4648,fernandezmarc,Personal,true,Togo
332,fc44d032-f5e3-4845,aleczamora,Personal,true,Honduras
333,3cb287f2-70af-471c,brownrachel,Personal,true,Belarus
334,c7b3c55f-b5b8-4944,andrea98,Personal,true,Sweden
335,16e640f4-eea5-4045,ann56,Personal,true,Micronesia
336,2806c742-a0b2-4890,hayesnicholas,Creator,true,Japan
337,422fc780-aae0-4dfd,wademadison,Personal,true,Bouvet Island (Bouvetoya)
338,1b70b093-15f3-4a71,dsmith,Personal,true,Saint Lucia
339,491c24d3-50c0-4d00,sueperez,Business,true,Tonga
340,56697fd7-c585-491f,wrobertson,Business,true,Nigeria
341,d9fc1c77-eabf-460c,wharvey,Creator,true,French Guiana
342,b9b495b9-88df-4337,beckthomas,Personal,true,Bhutan
343,d3f43712-7578-4b42,charles50,Personal,true,Egypt
344,0a0ada81-007f-45bf,rwise,Personal,true,Puerto Rico
345,5d4e1323-40e4-4981,aprilpennington,Creator,false,Holy See (Vatican City State)
346,ad156d3e-7c92-41c9,angela47,Personal,true,Liberia
347,70ea4c98-b824-4fab,peter70,Personal,true,Palau
348,27f5e720-08d1-41a4,gravestiffany,Personal,true,Cayman Islands
349,1f781dff-9121-4a0e,wardallison,Personal,true,Guinea-Bissau
350,97f6a7d9-5c45-4ab6,mbrown,Personal,true,Montenegro
351,5cedae7a-514c-4db8,kconner,Creator,true,Monaco
352,bd4d59d9-e24c-4112,davisbryan,Personal,true,Dominican Republic
353,56bbd0b8-22b7-4f23,michelleellis,Creator,true,Turkmenistan
354,e1f555c7-930e-4670,nbright,Personal,true,Hungary
355,658a6045-f425-4a58,christopherjones,Personal,true,Italy
356,5197bcfc-c653-4527,jameslee,Personal,true,Eritrea
357,cfc5658d-5ffb-4850,ktrujillo,Personal,true,Syrian Arab Republic
358,27dcee40-7c6b-4a82,brennansara,Personal,true,United Kingdom
359,1054a474-0685-48a6,xmorris,Personal,true,Canada
360,14059b35-b592-4272,andersonjoseph,Personal,true,Tokelau
361,ba879ff1-7b1f-42e7,angelacarlson,Personal,true,Mongolia
362,1ee41cc7-3a3c-47cd,kenneth40,Personal,true,Greece
363,0624ffb5-5ef2-4e70,scottmichael,Personal,false,Netherlands
364,808fcceb-d5e3-40c7,ivan79,Creator,true,Malta
365,5c4c7a3a-8b18-42fb,gomezeugene,Personal,true,British Indian Ocean Territory (Chagos Archipelago
366,cc3ad0cf-bf40-407f,smithmichael,Personal,true,Denmark
367,94d1e2f7-4223-4ba3,nelsonlatoya,Personal,true,British Indian Ocean Territory (Chagos Archipelago
368,b67e0e37-9171-4335,flynnrobert,Personal,true,Colombia
369,b16ab882-4144-4c68,wprice,Personal,true,Faroe Islands
370,f69b2a1d-4fce-4bba,tiffanyryan,Creator,true,United States Minor Outlying Islands
371,f93020ee-a3f2-4a44,valeriebennett,Personal,true,Mayotte
372,979a23dc-e43c-47e5,kstrong,Personal,true,Hungary
373,eda94e13-c3c1-4d41,hcook,Business,true,Niue
374,e37d5aa1-0d01-4bd4,patrickjones,Personal,true,Mauritania
375,8cf3a342-9f8c-4dfd,hughesjoseph,Personal,true,Nepal
376,e682b272-dbf5-4a78,anthonygraham,Business,true,Malta
377,e8f1091a-efee-42ba,greggjohns,Personal,true,Andorra
378,682283d9-11a1-4a2f,marshchristopher,Personal,true,Aruba
379,90ca309d-ca45-49aa,susan89,Personal,true,Jamaica
380,b1662d60-504c-4ef4,andrewphillips,Creator,true,Albania
381,1fb6941e-9d01-41af,lynchmadison,Personal,true,Lebanon
382,bcf29707-15c0-4c0e,jordanjamie,Personal,true,Romania
383,71c190e3-c735-484b,susan11,Creator,true,Sao Tome and Principe
384,3f0862c3-72ab-48ad,vrodriguez,Personal,true,Montenegro
385,1d738d04-8463-408c,stephen87,Creator,true,Antigua and Barbuda
386,48e82a5d-4ccc-4d72,iewing,Personal,true,Taiwan
387,4609cd1b-7910-468f,hayneschristopher,Personal,false,United States Minor Outlying Islands
388,9749117c-06d4-445a,donald25,Personal,true,Saint Barthelemy
389,5b955ef1-7e1d-41a3,mcneilgavin,Personal,true,Hungary
390,13f0320f-c123-440f,elizabeth76,Personal,true,Jersey
391,0467a6dc-3e16-45d9,andersenchristopher,Personal,true,Isle of Man
392,c34229de-751e-43da,angelnash,Personal,true,Equatorial Guinea
393,c07c707f-f1d0-4fc5,kellycastillo,Personal,true,Belarus
394,8e4afbe4-42ae-4e12,rachelbarry,Personal,true,Burundi
395,5b9da590-ecd2-407c,christophercook,Personal,true,Tuvalu
396,2b7cfe76-0998-4546,david65,Personal,true,Svalbard & Jan Mayen Islands
397,9d1c4bea-bee1-4872,qlopez,Personal,true,Central African Republic
398,4768eec2-1a68-4d8b,wileytiffany,Personal,true,Chad
399,b3f4c94d-2459-410d,bgarcia,Personal,true,Malta
400,39d62cc7-78ea-4b42,amandalewis,Personal,true,Italy
401,93304a7e-aa7e-495b,benjamin06,Business,true,Austria
402,02437ae9-5735-4e2e,james33,Creator,true,Haiti
403,d506919d-fb8d-45af,mhoward,Creator,true,Argentina
404,33105eb4-752d-4901,nclark,Personal,true,Bahamas
405,19f4064b-4dcb-444f,benjamin79,Personal,true,Hungary
406,03fee6a4-893c-418c,robertallen,Creator,true,South Africa
407,fb45c84e-41f1-4a3f,brenda77,Personal,true,Croatia
408,6bdde972-d465-494b,mejiaamy,Personal,false,Sao Tome and Principe
409,5755c276-d94f-4f7f,glynch,Personal,true,Poland
410,d3ac5daa-064e-4115,ashley83,Business,true,Grenada
411,b2a697cb-78b9-4c7f,johnstonedward,Personal,true,Martinique
412,6f699c1e-8388-4554,isimpson,Personal,true,Brunei Darussalam
413,c60733ad-4b1d-40bd,evansmichelle,Personal,true,Faroe Islands
414,0c30f0b7-50c3-440f,zacharystafford,Creator,true,Aruba
415,3a0ac272-1162-4b93,jphillips,Creator,true,Pitcairn Islands
416,3a37891c-8fbe-4410,kyle02,Business,true,Isle of Man
417,ce60dc36-4cab-44e3,vberg,Business,true,Uzbekistan
418,a41f117c-42c8-4ae5,natalievaldez,Personal,true,Burkina Faso
419,eec8563c-6404-4ac7,arobinson,Personal,true,Liechtenstein
420,c9d07f7b-fd34-4f8a,weberanthony,Personal,false,Congo
421,76d9e99a-2576-45a0,rebeccafarley,Personal,true,Bulgaria
422,281865a2-67d1-4b62,sampsonmark,Personal,true,Djibouti
423,ed11ee77-db82-4f00,kwilliams,Personal,true,Chile
424,f112cfdc-071a-4861,keith27,Personal,true,Mexico
425,a4d43e43-c7ec-442d,howarddakota,Personal,true,Paraguay
426,f0eef220-7fad-4055,wyatttravis,Creator,true,Myanmar
427,2ba84825-d9e3-4ecb,kathryn23,Personal,true,Marshall Islands
428,3f097f75-f183-4f7d,george71,Personal,true,Lao People's Democratic Republic
429,f369e8f7-2db3-4d80,vdonovan,Personal,true,Svalbard & Jan Mayen Islands
430,87476ef9-fd5e-488b,travis72,Creator,true,Senegal
431,8199944c-09db-4240,christian28,Personal,true,Zambia
432,a46a4210-7edf-489f,tjohnson,Personal,true,Egypt
433,72a04f52-fce4-4c44,ethan53,Creator,true,Albania
434,d23b2040-91d8-46a8,mitchellkathryn,Personal,true,Bahamas
435,533c5661-ecd8-4389,jacksonisaac,Personal,true,Falkland Islands (Malvinas)
436,08d5e042-9289-4d74,cbuck,Business,true,Vanuatu
437,fab86a21-f98f-40ca,carolmeyer,Business,true,South Africa
438,efaf88dc-c09a-4947,kristycollins,Creator,true,Mayotte
439,f1bd5540-9ca9-478d,roberthutchinson,Personal,true,Bangladesh
440,e7b721e3-77f9-4d40,caseychristopher,Creator,true,Denmark
441,fade0976-621e-4f90,david28,Personal,true,Togo
442,1f3f3bd9-8093-4265,colleen31,Personal,true,Christmas Island
443,fae9e5b0-5bbb-4f78,martingabriella,Business,true,Saint Vincent and the Grenadines
444,2a0d2b45-863a-420b,kimberlyhansen,Personal,true,Colombia
445,11b8bb63-0e98-49c5,carly79,Creator,true,United States of America
446,124b68dd-7d0a-44de,gallaghermelvin,Personal,true,Finland
447,8654c456-9921-496f,jordanchad,Personal,true,Slovenia
448,0e5793c8-c043-4171,amandahuffman,Personal,true,Saint Martin
449,d3dffbdb-091e-409d,haleysmith,Creator,true,Luxembourg
450,2efad654-fb28-496a,torresrachel,Personal,true,Uzbekistan
451,cf8591fd-d46f-4cca,chambersteresa,Personal,true,Sudan
452,b0220251-18ef-48e8,dennis57,Creator,true,Uganda
453,4a88019b-e0db-43d5,matthew67,Creator,true,Montserrat
454,731f3a42-7d3b-4fe2,bergerbilly,Personal,true,Suriname
455,03291042-438f-4288,sarah02,Personal,true,Mauritania
456,4fe8c233-be2c-44bd,xrobinson,Personal,true,China
457,5058cc93-f860-4c4d,marquezjessica,Personal,true,Belarus
458,57fac23c-62f9-4e0e,flemingvictoria,Personal,true,Kuwait
459,1ef9967a-aabc-4e0e,emily75,Personal,true,United Kingdom
460,dee0f09a-8841-4de8,garywilliams,Personal,true,Tokelau
461,2551c92b-83b0-4bae,itorres,Personal,true,United States Minor Outlying Islands
462,c8292ea3-4a19-4370,ramosmatthew,Personal,true,Guinea-Bissau
463,1b7bfcc9-dd16-4a2d,julian42,Personal,true,Thailand
464,dbaa1cd1-2e2d-4469,reyesyvonne,Creator,true,Mongolia
465,a003b30f-011f-4f22,mackenzieheath,Personal,true,El Salvador
466,8bb39ce0-8e0d-48c0,timothyhickman,Personal,true,Burkina Faso
467,0b0e494b-e78a-4e14,margaret99,Personal,true,Germany
468,814d568b-6f43-4cf6,hughesangela,Creator,true,Gabon
469,544a40c3-64d8-4e97,jenniferwyatt,Personal,true,Mongolia
470,b2345aaa-f8b3-4a21,matthewjones,Creator,true,South Africa
471,25bae75c-0c6b-4551,holtelizabeth,Business,true,Canada
472,b65b5a51-e13f-472f,hutchinsonjasmine,Personal,true,Ukraine
473,8995feb1-9886-4f55,david08,Personal,false,Singapore
474,4eaebdfa-cc0a-4780,martinerica,Personal,true,Guinea-Bissau
475,3632d880-1d38-4b66,amanda73,Business,true,Saint Vincent and the Grenadines
476,fe95a5e9-92ca-4034,kennethcantrell,Creator,true,Mauritius
477,e7d9b8d6-4676-4398,debbieevans,Business,false,South Africa
478,289b3288-53bb-449c,vmccoy,Personal,true,France
479,426073da-954a-4441,bradleywilson,Personal,true,South Africa
480,a2eddb62-4d15-430a,gwilliams,Personal,true,Micronesia
481,a100bdfc-82b1-4345,dknight,Personal,true,Switzerland
482,15039dc8-5bb0-45fe,greenmonica,Personal,true,Cuba
483,d627fe84-9984-42ad,catherine99,Business,false,Saint Pierre and Miquelon
484,7a804bf0-943e-4b4f,anelson,Personal,true,Venezuela
485,dca82d33-80b8-4073,xreed,Creator,true,New Zealand
486,cfddf65e-9068-4134,kdennis,Creator,true,Cameroon
487,ed94b632-6a94-499a,cgonzales,Personal,true,Dominican Republic
488,b3d0aa39-ed53-4da0,mcdonalddarryl,Personal,true,Italy
489,61f813e7-4f3e-43cb,rmorales,Personal,true,Guatemala
490,2f857bc1-3f09-4316,skelley,Personal,true,United States Minor Outlying Islands
491,67ddda6e-7dab-456d,charlotte92,Personal,true,Angola
492,5f2ac5ca-0e3e-46fe,kgomez,Personal,true,Rwanda
493,efc8cf62-d022-4a09,kathleen95,Personal,true,El Salvador
494,3ff4b413-f1bc-4e50,juliandickerson,Personal,true,Cayman Islands
495,d1b909fe-9f6d-4632,pmoody,Personal,true,Belgium
496,dcacce3b-be29-4016,karenfisher,Personal,true,San Marino
497,765c0bf2-aecd-4875,wmyers,Business,true,Chile
498,80572b84-a3bc-47bd,morganstephanie,Personal,true,Rwanda
499,1668ded4-daa9-4d2d,davisdiana,Creator,true,Puerto Rico
500,4fbc457a-e1a1-4408,robertherrera,Personal,true,New Zealand
501,6658a11b-7480-4960,ljames,Personal,true,Armenia
502,140aae1c-9799-4bc1,haley26,Personal,true,Ghana
503,5986c2af-8a1a-4e71,agoodwin,Personal,true,British Virgin Islands
504,31798027-c5fc-49a3,christopher66,Creator,true,Syrian Arab Republic
505,f5f76185-cd87-46cf,mhart,Business,true,United States Minor Outlying Islands
506,e34b13e0-dfd6-4baa,cobbvickie,Personal,false,Hong Kong
507,d3aa9f03-2fe6-4cf6,debbieperez,Personal,true,Serbia
508,bb2fe628-9444-4ca5,jeremy10,Business,true,Israel
509,22b778d1-ca18-4533,christinegonzales,Personal,true,Israel
510,13d8a802-5b78-40ec,delacruzdana,Personal,true,Niger
511,66757f76-2fd2-43dd,christopher31,Personal,true,Norway
512,ff27be62-4fac-406b,coreynichols,Personal,true,Jamaica
513,8990384f-016f-4d85,angelaadams,Personal,true,Cuba
514,97585f0f-834c-4a55,hoganjohnny,Personal,true,Norway
515,7eff543e-44ba-4dd1,christopher64,Creator,true,Ghana
516,db0523f6-433d-40de,edwardhernandez,Personal,true,Ethiopia
517,2cbf76f4-4031-43b0,amy88,Personal,true,Sri Lanka
518,a3a0881b-097c-4b99,fordjill,Personal,true,Bolivia
519,21e54ff8-a697-4886,christy20,Business,true,Libyan Arab Jamahiriya
520,67d61ee8-4882-4d61,timothy97,Personal,true,Reunion
521,43d3edb5-92c3-4d04,xweaver,Creator,true,Uganda
522,045af941-1b53-437a,mcdonalddonald,Personal,true,New Zealand
523,63161225-7173-4b20,snydermichelle,Personal,true,New Zealand
524,ad10335c-5ba7-484a,peter09,Creator,true,British Indian Ocean Territory (Chagos Archipelago
525,4c48f0b2-d463-4c3c,nicole24,Personal,true,Netherlands Antilles
526,edb203d7-84ab-40f5,patriciamoore,Personal,true,Falkland Islands (Malvinas)
527,5558bb35-4206-4c56,richardsontammy,Creator,true,Cameroon
528,8b09c9e0-eee3-4a95,ostone,Creator,true,Uganda
529,dd8ab795-1319-4295,william57,Personal,true,Panama
530,75340b58-492b-4fb0,elizabethcasey,Personal,true,Somalia
531,816b1637-8b86-49ee,briankidd,Personal,true,Ethiopia
532,332f9130-d11a-4823,mark41,Creator,true,Dominican Republic
533,2895231a-b921-4d8c,bakertim,Personal,true,British Indian Ocean Territory (Chagos Archipelago
534,dd184dbe-e515-47cb,stephenscharles,Personal,true,Guinea
535,c9164029-b6c2-41e6,mark70,Personal,true,Macao
536,8b0413fb-df2c-49d1,dustin65,Personal,false,Ethiopia
537,ccd75b8b-ffd2-4e62,gstewart,Personal,true,Palestinian Territory
538,16760827-db8f-49db,james24,Personal,true,Vanuatu
539,5f85908e-2550-47b1,karenolsen,Business,true,Paraguay
540,ee95b1a3-a952-41b8,shawngeorge,Creator,true,Portugal
541,6a54f6e4-dae7-4f65,edwin97,Personal,true,Sierra Leone
542,4102cc71-fbf3-493b,jerrylewis,Personal,true,Montserrat
543,7c05b793-348a-497a,thaynes,Personal,true,Faroe Islands
544,1bf33912-1e50-4cf0,butlerjohnny,Personal,true,Liechtenstein
545,434f0d41-bd54-42bb,palvarez,Personal,true,Nicaragua
546,f46f9844-a8a0-4a4c,nunezallison,Business,true,Hungary
547,e4110608-838f-430c,iclark,Personal,true,Malaysia
548,896d5995-17b8-4576,kenneth13,Personal,true,Mongolia
549,b3e0eb3d-254b-47c6,peterbridges,Creator,false,Mayotte
550,5adf4b1e-7769-4b12,michael82,Personal,true,Israel
551,0ccbb7f0-8ac3-4644,megan70,Business,true,Madagascar
552,f74274d0-6c03-4507,hollowaycynthia,Creator,true,Ireland
553,50d7b9da-e9a9-47df,bjohnson,Personal,true,Brazil
554,89b75bf9-b1f6-44b4,ronaldbennett,Personal,true,Heard Island and McDonald Islands
555,ee9f2a1b-fa34-4bce,carolyn79,Personal,true,Trinidad and Tobago
556,c225453a-6206-4a48,mirandawiley,Personal,true,Grenada
557,1e191afd-66b6-4997,bclark,Personal,true,Central African Republic
558,edad6cf1-ae3b-407b,michael47,Personal,true,Micronesia
559,b27ae9d2-0046-423f,randy30,Business,true,Ethiopia
560,72c40096-2632-49c5,conniekane,Personal,true,Swaziland
561,fa544677-3a7a-4e27,ramseycalvin,Creator,true,Greece
562,eb52081a-a9f2-450c,abigailsullivan,Business,true,Estonia
563,63122609-6551-447e,denise72,Personal,true,Germany
564,7d25e893-2eef-4055,rduran,Personal,true,Kuwait
565,82fe88a4-d0a4-4661,mckinneykathryn,Creator,true,Yemen
566,bd6770f0-1eba-4848,dennis60,Personal,true,Panama
567,3c9a63d1-f58b-41bf,andrewwilliams,Creator,true,Falkland Islands (Malvinas)
568,97ebce16-f025-4c0a,bhines,Personal,true,Kuwait
569,50eb6b33-81c3-4c46,sarah71,Business,true,Micronesia
570,f60be358-11a8-4fa8,richard75,Creator,true,Thailand
571,b2df4fe5-aad9-4f4b,yroman,Personal,true,Mongolia
572,2409ccf0-edad-461b,taylorblake,Personal,true,Djibouti
573,278dcada-217c-4729,kgray,Creator,true,Namibia
574,44d756d3-263f-40d7,rasmussensherry,Creator,false,Western Sahara
575,fe71df42-c479-40d6,jonathansosa,Personal,true,Bahamas
576,b5a66e18-6862-4468,eperry,Creator,true,Guam
577,970cf934-9c90-4aa2,spencermichael,Creator,true,Papua New Guinea
578,37edfbe4-b55d-4cc6,mark73,Creator,true,Zambia
579,281978e1-ef1d-4396,guerrerobenjamin,Personal,true,Belgium
580,1347e520-18bd-4e26,martindale,Personal,true,Cape Verde
581,db1e33fa-4aaf-4fe7,larry47,Creator,true,Sri Lanka
582,0174b0cb-d561-45ce,fmartinez,Personal,true,Mongolia
583,0e2c713b-3282-40e5,moranpam,Personal,true,Lao People's Democratic Republic
584,65542ecd-4d64-4115,cookpamela,Personal,true,Sao Tome and Principe
585,c2e2524c-7690-438a,boylealbert,Business,true,Faroe Islands
586,7b6e1232-d3d2-4e56,abigail14,Creator,true,Kuwait
587,69dc4eef-570d-4cd2,mnewman,Business,true,Ethiopia
588,3b17d215-3213-4547,stokesalexander,Personal,true,Congo
589,aa7e760b-b39c-483e,trevorgarcia,Personal,true,Christmas Island
590,364e6d16-a90f-4b13,reedkevin,Personal,true,United States of America
591,c84413eb-d067-41ea,xfletcher,Personal,true,Guatemala
592,0673ca93-cc02-42dc,erikrobinson,Personal,true,Guinea-Bissau
593,5ec43f55-e954-41a0,baileykatherine,Creator,true,Ireland
594,91117191-2a29-41d0,wupatricia,Personal,true,Bangladesh
595,53736b2d-fb3e-41c1,richard02,Creator,false,Timor-Leste
596,551c674c-3c7b-4da8,mooremakayla,Personal,false,India
597,3043fbb4-aee8-4327,danielle43,Creator,true,Ireland
598,439d39c2-29ae-4a60,sheilawang,Personal,true,Tunisia
599,64c5a0ad-db33-488e,sherryheath,Personal,true,Guinea-Bissau
600,24976389-689d-4802,emorrison,Personal,true,Panama
601,250f397e-8276-4a24,robert00,Personal,true,Gambia
602,a8f8cb9e-40c9-4345,allisonmartinez,Personal,true,Slovenia
603,241b3ff8-b4eb-48b1,zacharymercer,Creator,true,Falkland Islands (Malvinas)
604,17728b32-fe8e-4048,scottvillarreal,Personal,true,Australia
605,52c4394b-5d3e-4492,brownlisa,Personal,true,Bolivia
606,fe1f73d2-5553-4f7f,yorkpaul,Personal,true,Japan
607,c9d9c04b-8c93-4373,wconway,Personal,true,Gambia
608,e687b7e6-799c-4597,michael42,Personal,true,Tunisia
609,6431b1b9-add5-4b62,kcarter,Personal,true,Azerbaijan
610,95736465-1f11-4b0e,vfisher,Creator,false,Mauritania
611,4bae12e2-e21c-46aa,carolyn61,Business,true,Georgia
612,2355d0ee-4fc0-4f33,johnsonjeff,Creator,true,Gambia
613,8aa5ee3c-8f2f-4fe2,jadeoneal,Personal,true,French Polynesia
614,c275b2e4-42ea-41fa,anna12,Creator,true,Saint Kitts and Nevis
615,71b77e96-82fa-414d,sharonwolf,Personal,true,Korea
616,67d9f2dc-0696-4c54,rachelmerritt,Personal,true,Uruguay
617,67d5b31b-2a03-4143,dakota94,Personal,true,Martinique
618,91929d1d-9f7e-4d60,rodriguezheather,Personal,true,Somalia
619,367e511a-2e43-481f,laurencline,Personal,true,Bulgaria
620,023a646a-8311-474f,frostlori,Personal,true,Tuvalu
621,2d2ca159-aba9-43e2,lydiagarner,Personal,true,South Africa
622,6ddae33a-8d64-421b,christina20,Personal,true,Hong Kong
623,2947fdc2-271c-4e7e,michelletrujillo,Personal,true,Syrian Arab Republic
624,1874f1f7-bd55-4c7a,williamsjamie,Personal,true,Cameroon
625,d2c9222f-c441-4fdc,umedina,Business,true,Belize
626,79ece18f-53eb-4533,rshelton,Creator,true,Swaziland
627,fb948032-4617-49fe,nsutton,Personal,true,Uzbekistan
628,ee63d9d9-a6f2-4886,ronaldwolf,Personal,true,Sudan
629,948dfd9e-c079-4597,tiffanysantana,Personal,true,Algeria
630,ab91c47d-7a6b-4dff,jacobswilliam,Personal,true,Saint Vincent and the Grenadines
631,0a928ba3-f04e-4ee7,katherine67,Personal,true,Guinea-Bissau
632,33ac4db3-9ef8-4139,morganjeffrey,Personal,true,Saint Pierre and Miquelon
633,2d419534-d6a4-420f,wgibson,Personal,true,Singapore
634,aadf06b1-7642-4d4a,hendersonjennifer,Personal,true,Maldives
635,d0f8db11-9731-4fe9,bharris,Creator,true,Netherlands Antilles
636,066cca1d-96a5-4bc8,nlee,Personal,true,San Marino
637,92f8f0a4-eabc-4f93,melinda13,Business,false,Martinique
638,affb28d0-c0eb-428c,sanchezcory,Personal,true,Greece
639,d1b33a6f-91f5-4795,mooreeric,Personal,true,Puerto Rico
640,65c1ee48-dfb9-469e,michellehiggins,Creator,true,Peru
641,ddccc1c3-e9f6-4178,salinascindy,Personal,true,Singapore
642,b43a4e34-5517-445a,jacobscole,Creator,true,Barbados
643,b5b36a30-ebc1-416a,vnorman,Creator,true,Haiti
644,78a3cd01-a405-4ba9,diane65,Personal,true,Afghanistan
645,9f4d19a6-104c-41c5,nlloyd,Personal,true,Ukraine
646,10d31462-c78b-4c69,randolphkristopher,Personal,true,Svalbard & Jan Mayen Islands
647,c7bb6846-68ba-47d1,douglas42,Business,true,Ireland
648,5775efe7-274a-49d8,utyler,Personal,true,Anguilla
649,50c78a98-e14e-422a,jenniferlopez,Creator,true,Kazakhstan
650,d8cf6e3a-b123-4fe0,rachel74,Creator,false,Cambodia
651,dcb0d88b-a812-4182,levycindy,Personal,true,Panama
652,c003ca19-f5a5-42e7,dakota69,Business,true,Guinea
653,6f7c0440-698b-4458,brandy84,Personal,true,Korea
654,116dd5cb-eea6-4fff,fsmith,Personal,true,Turkmenistan
655,d58fccf5-a9fe-440c,cfoley,Business,true,Bolivia
656,093a752a-5332-4e2e,tiffany86,Personal,true,Bulgaria
657,a42cbce8-6ac2-431c,ysmith,Personal,true,Slovenia
658,a5fe52d5-7597-4644,bhaynes,Creator,true,Mauritania
659,f53d7531-6975-4cb1,sarahreed,Personal,true,Papua New Guinea
660,442bd6bf-e845-4682,danielsmith,Business,true,Mexico
661,4b24a2a8-580f-473f,tdavis,Business,true,Palestinian Territory
662,e036d8ae-ccd3-47ab,pittmankathleen,Personal,true,Isle of Man
663,94e3e40d-5743-4e77,bentonmichelle,Personal,true,Barbados
664,b50f883f-4a62-40a1,thomassteven,Personal,true,Romania
665,f64e639f-bf06-4dbe,oanderson,Personal,true,Qatar
666,f6336dc3-804a-4be6,sophia52,Personal,true,Equatorial Guinea
667,8f2a56e4-a662-413b,jennifer46,Business,true,Bahamas
668,5954121c-e80c-49f9,millerandrea,Personal,true,Sweden
669,aa7b3157-0154-4ebb,cruzderrick,Personal,true,Morocco
670,60746237-2769-4add,samantha61,Personal,true,Belgium
671,1560d9de-8f87-4b63,amanda76,Creator,true,French Southern Territories
672,00fd14d8-a227-43ad,webershawn,Creator,true,Slovakia (Slovak Republic)
673,1f14ece0-922e-4425,woodjeffery,Creator,false,Moldova
674,032353ed-fc3d-4ae9,uhorton,Personal,true,Israel
675,8d843adc-a53b-47f6,amberdavis,Personal,true,Kiribati
676,1284a566-ee55-4847,alexiscarter,Creator,true,Libyan Arab Jamahiriya
677,0de002ec-2224-4743,daniellelin,Personal,true,Hong Kong
678,3fc4df17-19f1-44d8,hernandezcandice,Personal,true,Zimbabwe
679,8a724b0c-91a6-4806,apowell,Business,true,Turkey
680,9bf5b77f-b47c-4f35,porterchristopher,Business,true,Pitcairn Islands
681,f454dfdb-2fe0-4b07,jbutler,Creator,true,Norfolk Island
682,6c25c328-12b8-4c33,qmason,Personal,true,Guinea
683,e313d226-8009-4d98,robert75,Creator,true,Dominican Republic
684,e5f04d4b-5f81-4591,weaverjason,Personal,true,Oman
685,2ec7457c-1e62-4ec1,batessamuel,Personal,true,Bouvet Island (Bouvetoya)
686,2bcdd2fe-b54d-42c0,smarshall,Personal,true,Solomon Islands
687,a4c24056-5922-4793,paulrichard,Creator,true,Tanzania
688,3be8f571-ac98-4188,ryanlauren,Business,true,Belize
689,542ba8aa-9046-4031,aguirresusan,Creator,true,Italy
690,1d5b5e1c-3365-46d3,joshuaperry,Personal,true,British Virgin Islands
691,231300f0-e1f7-4b11,susancollier,Personal,true,Cayman Islands
692,f2e92c32-b486-415f,mitchelljohnson,Personal,true,Seychelles
693,7db0a557-8c68-4d6f,greenemichael,Creator,true,French Southern Territories
694,0760e61e-2a9f-4b22,dominguezcody,Personal,true,El Salvador
695,1969c45a-e8a8-4450,anthony55,Personal,true,Japan
696,0a0f1d8a-a31e-4e56,ashleylester,Personal,false,Cameroon
697,c174c0bc-1002-42ec,michaelgarcia,Creator,true,Grenada
698,9ca2cbcc-ffab-4fc3,robertnguyen,Personal,true,Sweden
699,0f9d3599-998d-4ee5,jeremychavez,Personal,true,Sudan
700,5b066b3d-5679-474f,pamelabrown,Personal,true,Congo
701,b3a8e454-1f2e-446d,omiller,Creator,true,Montenegro
702,eda944cb-bff3-41ac,michelleperez,Creator,true,Slovenia
703,8becd41a-5af8-44ea,shirley57,Personal,true,Belgium
704,40095362-45cf-4c82,xharrison,Business,false,Switzerland
705,8afd58b8-e3ea-4ce2,michaelwyatt,Personal,true,Moldova
706,3efeb4ad-779b-4d26,carterkimberly,Creator,false,Japan
707,016470af-b41a-4de2,uhill,Personal,true,Cote d'Ivoire
708,3622ae2d-3e48-442d,wlopez,Creator,true,Svalbard & Jan Mayen Islands
709,9b4a088b-e828-4500,charlesstevens,Personal,true,Turks and Caicos Islands
710,a00598dd-eeb2-4dde,edwardrivera,Personal,true,Vietnam
711,1a85ae7b-8a09-4263,adamchristensen,Personal,true,Senegal
712,85240512-cfd4-4b4b,shannondiana,Personal,true,Aruba
713,5f7d7302-d609-4fc1,bbullock,Personal,true,Armenia
714,baae16cd-c2f6-4de6,rrivera,Creator,true,Haiti
715,8aede543-bfb8-4b98,anthonychandler,Personal,true,New Caledonia
716,9fc7bfb0-5fe8-4944,justin03,Personal,true,Slovakia (Slovak Republic)
717,5ef4c83a-3693-4c0d,michael50,Personal,true,Paraguay
718,2ab42030-0cb5-4c41,mcknightkimberly,Personal,true,Senegal
719,26dfc66c-13d6-4721,psharp,Personal,true,Saint Vincent and the Grenadines
720,716b4359-58f5-40e2,deanna65,Creator,true,Brunei Darussalam
721,2c0bf583-abd5-4b6c,ssimpson,Personal,true,Somalia
722,25cda9fd-72e9-4fad,watkinsyvonne,Personal,true,Iran
723,1c787b23-909b-49b9,alyssathornton,Personal,true,Bermuda
724,36b25857-0b44-43f0,robertsdavid,Creator,true,Papua New Guinea
725,d3bb4bf5-d7e3-42f8,howard27,Personal,true,Madagascar
726,db4eb148-2334-40d4,estradakatie,Personal,true,Malaysia
727,5ec5a02a-0ae8-48de,uthompson,Personal,true,Malawi
728,517b0999-4351-4951,mlee,Personal,true,Guadeloupe
729,dd963b08-899b-4a33,william09,Personal,true,Solomon Islands
730,b1e898b2-27b0-4cba,zbarron,Business,true,Belize
731,5782330f-7a3b-4cd7,david55,Personal,true,Russian Federation
732,05cda605-782a-48b6,joseph12,Personal,true,Cyprus
733,fc07408a-6863-4c6b,inovak,Creator,true,Philippines
734,004b841f-b427-45fb,duncanandrew,Personal,true,Nicaragua
735,2d0ea8b2-b81c-4a8e,stoneanthony,Personal,true,Bolivia
736,cfd37191-ca5a-4996,ericaperez,Personal,false,Japan
737,753e3f0f-bb3a-4bb9,chavezrhonda,Business,true,Morocco
738,4ac24c29-ccd7-4c15,nstone,Personal,true,Fiji
739,9ea8e984-5a68-4efe,mmendoza,Personal,true,Guinea-Bissau
740,052dfe6e-911e-4a54,jamesfranklin,Personal,false,Brazil
741,2ddda663-8d6f-406e,ramirezkaren,Personal,true,Samoa
742,b67f89ee-3e66-4ef2,courtneyaguirre,Business,true,Bhutan
743,ec2e1f87-dc2d-4e1f,kwashington,Business,true,Syrian Arab Republic
744,5085c60c-9013-42ed,tgregory,Personal,true,Pakistan
745,509f408a-f618-4230,hjones,Business,true,Cape Verde
746,40e0988f-c200-4ab4,michaelayates,Personal,true,Brunei Darussalam
747,3edca499-b3d4-4ca4,jessicashaw,Personal,true,Saint Martin
748,45d7b971-63ed-4c30,jennifer71,Creator,true,Zimbabwe
749,9bca50b6-7deb-4dd0,contreraspaul,Personal,true,Tunisia
750,105f17ce-6494-4de9,bgreen,Personal,true,Cuba
751,05206cba-3b08-43f7,johnmelendez,Personal,true,Sweden
752,611f0c63-514c-4774,smithcindy,Creator,true,Rwanda
753,8e830b20-dc60-4246,carlabrown,Business,true,Reunion
754,902f5c30-2a59-4d99,leah74,Personal,true,Malawi
755,4b22d5eb-3ca2-4b28,etaylor,Personal,true,Korea
756,b0ead440-11d4-4a4d,chase92,Creator,true,Malaysia
757,19803c00-b676-4b96,holderlori,Creator,true,Mayotte
758,8b219e5d-c584-4956,russellkelsey,Personal,true,Turkey
759,47cad97e-9a44-4eb3,zhess,Personal,true,Croatia
760,4e4c8eff-e890-4c63,smithchristian,Personal,true,Turks and Caicos Islands
761,f26f0f98-cf6b-4714,ugillespie,Personal,true,Peru
762,26d6bba1-57da-4f29,bfrancis,Personal,true,Bahrain
763,d11479fd-dfc7-4932,hallrebecca,Creator,false,Rwanda
764,2ba38a4e-219e-4fbc,chadperkins,Personal,true,Seychelles
765,69f88314-99f3-4682,gary73,Creator,true,Jersey
766,eafc9f44-49ba-46ea,douglasmarc,Creator,true,Finland
767,6fcbac24-8111-4d93,gmolina,Personal,true,Afghanistan
768,3335b8e9-9173-4980,deborah82,Personal,true,New Caledonia
769,5c655f7c-c3c4-4067,apetty,Personal,true,French Guiana
770,5928bc4c-088b-4e52,hochristopher,Creator,false,Lithuania
771,d14c1a80-49ce-42c2,allison39,Business,true,Cook Islands
772,8fd9b5b5-77ce-461a,jlawson,Personal,true,Fiji
773,309f84d2-8f98-4fc0,ray01,Personal,true,Mongolia
774,b5887265-bdc8-4e22,josephmartinez,Personal,true,El Salvador
775,f759ab79-40d6-4c91,diane28,Personal,true,Burkina Faso
776,c30b8707-b8e4-430a,christina40,Personal,true,Saint Martin
777,87909424-1063-4c4b,royphilip,Creator,true,Montserrat
778,65d4ccee-b588-4469,branchcatherine,Personal,false,Cape Verde
779,e1679f62-5d48-4e22,bradley34,Personal,true,Sierra Leone
780,b338537d-4ac1-46df,ggardner,Creator,true,Jordan
781,f4ca5af4-4def-4d76,racheltucker,Personal,true,Saint Lucia
782,ac6e8a45-5e2c-4e05,smithsean,Personal,true,Trinidad and Tobago
783,418742a1-eb1b-4af3,brookeross,Personal,true,Kiribati
784,cdee8c62-873c-4f12,jennifer54,Personal,false,Philippines
785,45d7b53d-0123-4ada,harmonangela,Creator,true,Puerto Rico
786,408013cf-4f3a-4243,desireefigueroa,Creator,false,Czech Republic
787,d1e51dc1-9e2b-40a8,colleenelliott,Business,true,Saint Martin
788,1c124773-ffb5-4d62,christophersmith,Personal,true,Turkey
789,c058d0fd-50d5-480b,dannylopez,Personal,true,San Marino
790,0a0d709f-3a90-432c,lauramorgan,Personal,true,Sri Lanka
791,ab96efa8-7262-44ac,flemingbrenda,Personal,true,Isle of Man
792,e5266971-66fa-479f,madison26,Personal,true,Turkmenistan
793,dc73177f-24dd-475c,brocktiffany,Personal,true,Chile
794,497b3117-09f9-4e06,wrightashley,Creator,true,Indonesia
795,67b2b875-5b4c-4ad4,cmason,Creator,true,Canada
796,6a2f89a8-09eb-4039,sabrinaholloway,Personal,true,Sweden
797,c9eb3b53-5161-4020,edwardwalls,Creator,true,Djibouti
798,d2cdf006-686f-49b7,rodriguezjason,Personal,true,Rwanda
799,3370553c-7d18-4555,qlutz,Personal,true,Uzbekistan
800,3c55ad8b-b53b-4ba0,chrislane,Personal,true,Falkland Islands (Malvinas)
801,bc8060d2-e1b2-456a,gomeznancy,Creator,true,Maldives
802,4ef954e6-5aae-444c,michael49,Creator,true,Estonia
803,1ca0c810-94ee-4785,solismelanie,Personal,true,Seychelles
804,6e2d2910-9423-4559,ehickman,Personal,true,Egypt
805,c3ba75f1-bd0a-4497,johnsonjustin,Business,true,Niger
806,8817d0b0-ede3-4af0,andresmurray,Business,true,Panama
807,340b5340-57de-4784,bishopstephen,Business,true,Bolivia
808,677d8afd-ac3c-40bc,kochbrittney,Business,true,Greenland
809,e1062f22-43df-45b9,jeffrey01,Business,true,Burundi
810,d00c5272-bd42-456c,stephenlittle,Personal,true,Gambia
811,49941d8e-e5ad-4787,jaclyncompton,Personal,true,United States Minor Outlying Islands
812,7c158cce-f51b-4797,icastillo,Personal,false,Kyrgyz Republic
813,5008d2ee-592b-442c,orozcolisa,Personal,false,Isle of Man
814,a241f47c-75a4-421d,dmitchell,Personal,true,Suriname
815,fcfe7be3-64d5-4967,frankanna,Personal,true,Nauru
816,2e83e2f1-49c8-40ff,noah10,Personal,true,Turkey
817,7d115150-80d9-42a0,megan38,Personal,false,Philippines
818,835160fb-e454-40f7,ralphcarlson,Business,true,Djibouti
819,2cd76908-ae59-4a54,tcox,Creator,true,Netherlands
820,acab220a-0ac3-44de,leeerin,Personal,true,Tanzania
821,e0b1ae98-d91f-410b,ndavis,Personal,true,Suriname
822,aa06d1b7-1ad7-4714,brittany62,Personal,true,Wallis and Futuna
823,51c1a4ec-c2cb-4398,michelletaylor,Personal,true,Ghana
824,2d06c7a8-7e74-49af,juan78,Personal,true,Maldives
825,d1e47ba7-ca6f-47ed,ihooper,Personal,true,Congo
826,47031930-9b38-406f,stephen37,Creator,true,Saint Vincent and the Grenadines
827,4e2797ee-f767-4671,jeffreykim,Personal,true,Luxembourg
828,3c0764bc-9ea5-49a4,theodore14,Creator,true,Iceland
829,f74dd78a-b3de-4d3a,matthewbarry,Personal,true,Saint Pierre and Miquelon
830,dbb59bea-5e3a-4f63,wellsjerry,Personal,true,Gambia
831,05605058-44ee-4c67,aprilcox,Personal,true,Zimbabwe
832,1a09434b-63e5-4215,rgarcia,Personal,true,Taiwan
833,0d6181c1-8589-4d82,lmaddox,Personal,true,British Indian Ocean Territory (Chagos Archipelago
834,260a9101-c1a6-4a5c,ucarr,Personal,true,Northern Mariana Islands
835,2bdede90-9430-41cc,veleznicole,Personal,true,Reunion
836,2a4d2ceb-96e7-4d11,stacey70,Personal,true,Czech Republic
837,9e8abe8a-16f0-4bda,ianray,Personal,false,Myanmar
838,1b9b66eb-3de6-4047,michael91,Personal,true,Western Sahara
839,0ea6e3d8-7952-4c21,bryangeorge,Personal,true,Taiwan
840,71882461-3c78-4e36,troy46,Creator,true,Anguilla
841,adfeabf9-3f8d-47f2,casey30,Creator,true,Ethiopia
842,70086f48-6e07-43c0,christian74,Personal,true,Lebanon
843,802aeaa1-0c64-4b0b,joshua41,Personal,true,Australia
844,173a4547-14ce-4dd6,schmidtblake,Personal,true,Palau
845,dca13cf9-77db-4b49,lindsaymartinez,Personal,true,Chad
846,783e93ce-de77-4f1e,dthompson,Creator,true,Suriname
847,f124740c-7641-48a2,bobby20,Personal,true,Armenia
848,4e309a88-43b5-4683,fmoreno,Personal,true,Somalia
849,58c0e082-229f-4f19,morrisjennifer,Creator,true,Brunei Darussalam
850,71989c5a-5afe-43c3,feliciamoore,Personal,true,Faroe Islands
851,859c2e33-726d-4583,april76,Personal,true,Mongolia
852,396d6393-2728-41ae,carlapugh,Creator,true,Montenegro
853,5bdee7f8-fa2c-437d,jessica66,Personal,true,Heard Island and McDonald Islands
854,74a6f708-73c5-41c1,chase30,Personal,true,Bermuda
855,ed81251a-19ef-423c,juliadelgado,Creator,true,Qatar
856,892a663f-469d-42eb,ronald10,Personal,true,Italy
857,ffe73d40-7ef7-46d3,nathanwolf,Personal,true,Seychelles
858,8bad5d20-7426-44f9,jamie45,Personal,true,Sao Tome and Principe
859,a8af00df-c928-4dfe,lisa03,Personal,true,Iceland
860,dd3bf707-778b-49f8,ruthnewton,Personal,false,Bosnia and Herzegovina
861,dad73cd4-5597-4131,cthomas,Personal,true,Lebanon
862,d45a497e-645f-4737,stephenstheresa,Personal,false,El Salvador
863,911e34a5-1be8-4ccc,jason14,Personal,true,Equatorial Guinea
864,000c1960-4fac-4dad,wwade,Personal,true,Philippines
865,3afbc71e-a14f-4cb2,wanda47,Personal,true,Germany
866,ba136608-be5a-4073,millermatthew,Business,true,Kazakhstan
867,019dcf27-6857-4dc8,garciawilliam,Personal,true,Lebanon
868,4ed4c9bc-c2ce-4b13,courtneynichols,Personal,true,Rwanda
869,f4de41de-d4f3-46d9,darias,Creator,true,Lesotho
870,32271073-6d28-4b7b,yreynolds,Personal,true,Solomon Islands
871,a3928fd8-ed28-4427,brooksjohn,Creator,true,Senegal
872,0c84afda-ff59-4633,alicialee,Business,true,Turkmenistan
873,79912ed6-0bcf-4922,vlyons,Personal,true,Cyprus
874,418de250-424e-4c15,heather11,Personal,true,Costa Rica
875,8071cd59-7119-4a83,lbowman,Personal,true,Costa Rica
876,45a18446-8f33-4ce3,rdavis,Personal,true,Togo
877,e7842a52-cfad-4582,kelly64,Personal,true,Gabon
878,c7a2b67f-0fe7-4461,sarah59,Business,true,Bolivia
879,ce50d379-803e-4cbd,mendozagrant,Creator,true,Niue
880,3ab05e9a-22f5-4786,stephanie19,Creator,true,Bouvet Island (Bouvetoya)
881,2445d151-9a73-4063,lorraine11,Creator,true,Burundi
882,1e624f34-3cd1-49c1,reedpaul,Creator,true,Malawi
883,bbf8c70b-06bf-4a5e,glarson,Personal,true,Ghana
884,b9082046-84f5-4b00,bkennedy,Personal,true,Taiwan
885,38c5212a-5f8d-4df9,elliottlaura,Personal,true,Netherlands
886,822e1a09-b530-41a2,contrerasjessica,Creator,true,Chile
887,5bf3192f-7b61-47aa,hardynancy,Personal,true,Israel
888,de1c9c26-78a9-47ae,tiffany55,Personal,true,San Marino
889,81450c4a-8cd9-40f1,julie38,Personal,true,Australia
890,5335a9f8-e548-4c4c,danielle26,Personal,true,Brunei Darussalam
891,6558d943-deba-4148,mporter,Personal,true,Christmas Island
892,43b4d163-88b0-4762,yglass,Personal,true,Solomon Islands
893,23143d13-b3b9-476e,beth22,Personal,true,Kuwait
894,59c4552b-b687-4839,kathleenmorrison,Personal,true,Zambia
895,02d64071-ca07-4d23,thill,Creator,true,South Georgia and the South Sandwich Islands
896,feb99a14-a7cb-4365,flopez,Personal,true,British Virgin Islands
897,0d1be25c-06aa-4a6b,rosssharon,Personal,true,Ghana
898,5bf2a3b6-1caa-4520,jamesvaughan,Business,true,Kazakhstan
899,d7a980ee-1339-47db,woodlisa,Personal,true,Paraguay
900,aba9411d-8fc4-4f17,gibbstiffany,Personal,true,Reunion
901,904be2b2-13a8-4f54,dwiley,Personal,true,Belgium
902,afa22ffd-66f9-4b7b,brandonjones,Personal,true,Gibraltar
903,9e77995f-bd0a-4596,butlerstephanie,Personal,true,Tunisia
904,68112ca6-59c7-4201,darrell73,Personal,true,Papua New Guinea
905,86d6c5f3-9d86-48c5,sheltonross,Personal,false,Zimbabwe
906,c49d4645-8130-4495,xcruz,Creator,true,Nepal
907,c144af3e-b6b8-4fb3,ftapia,Personal,true,Mongolia
908,067a5688-707f-462a,baileycarrie,Personal,true,Wallis and Futuna
909,95d7e14f-007d-49d3,mark68,Personal,true,Congo
910,42af1b96-51d9-412e,greengregory,Personal,true,Bosnia and Herzegovina
911,7379e164-977b-4135,nanderson,Personal,true,Latvia
912,6ef91ee4-1205-443c,steven62,Personal,true,Albania
913,9c64953e-056c-4311,michaeljohnson,Personal,true,Colombia
914,c3f92607-0e11-4f90,norman88,Personal,true,Isle of Man
915,7eb8258f-dd52-4830,maryvasquez,Business,true,Saint Vincent and the Grenadines
916,fd28f034-f645-4ead,moyerjeffrey,Personal,true,Guernsey
917,09c15237-28e3-41bd,theodorealexander,Business,true,Cape Verde
918,b011554e-7ff7-4d5d,donaldanderson,Personal,true,Slovenia
919,ff4cc665-70f8-4ee5,laurenjohnson,Personal,true,Brunei Darussalam
920,680e8d7e-20fd-4086,jamesbrown,Creator,true,Uganda
921,9b824ae8-646e-418a,nwilliams,Personal,true,Finland
922,47246a41-6e02-49e1,jessicawilcox,Creator,true,Christmas Island
923,bf6fb229-ca53-465c,vasquezmatthew,Personal,true,Ireland
924,8bbed82e-024a-4966,taralevine,Personal,true,Grenada
925,7b523335-29c9-4b10,michellechang,Personal,true,South Africa
926,20f30815-6e18-4ed8,kjohnson,Personal,true,Rwanda
927,6eddf440-b9b9-41f7,karina46,Personal,true,Cook Islands
928,df420833-aa67-4a10,mariamurray,Personal,true,Mauritius
929,dd97688f-24de-440b,scottjohnny,Creator,false,Palau
930,dab8dbd3-411c-49ae,vincentandrews,Personal,true,Myanmar
931,5af9b557-3a8e-4364,juliafrazier,Personal,true,Somalia
932,afb4e0be-36f9-4ce7,huntrebecca,Personal,true,Ecuador
933,bf5cd384-ebc9-4245,wendy13,Personal,true,New Zealand
934,a847cc12-b106-47a3,jeremy00,Personal,true,Ireland
935,747e3d59-f7a7-42cd,yfuller,Business,true,Mongolia
936,c0e69e81-c983-4ec1,yjackson,Creator,true,Uruguay
937,721aa166-d67c-430a,esimpson,Personal,true,Guadeloupe
938,eb4d5a56-24f3-454b,mgonzalez,Personal,true,Lesotho
939,2f9c01b5-5e73-4431,spencer89,Personal,true,Norway
940,215c484f-cbb6-4404,joshua57,Personal,true,Antigua and Barbuda
941,47451ecc-bdb6-4cbd,marysweeney,Creator,true,Malaysia
942,a38068af-7d50-4954,wcarpenter,Business,true,Latvia
943,2c930553-ba4d-46d5,ayersstephanie,Personal,true,Mauritius
944,078d281a-500c-424b,tannerbrian,Personal,true,Gambia
945,659257db-2030-4d3d,daniel63,Creator,true,Belize
946,64b0c241-4617-4fbf,jessica53,Personal,true,Bahrain
947,a8813613-3773-4ac8,stanleymorgan,Personal,true,Egypt
948,8d9bd5be-84fc-42ef,wardwilliam,Personal,true,Australia
949,2ec0f5a6-6dec-42e2,rachelturner,Personal,true,Wallis and Futuna
950,432906cc-89a3-4722,jessica86,Personal,true,Korea
951,a490bdbf-79ae-4227,moorebarbara,Creator,true,Sierra Leone
952,94413fe3-c6cc-4936,coffeydaniel,Personal,true,Korea
953,cde04566-210c-46d5,judy61,Business,true,Panama
954,b1f9add9-98cd-4aca,gonzalezkaren,Business,true,Netherlands Antilles
955,fecb2212-0486-43e8,mary58,Personal,true,Central African Republic
956,3ae5ff88-8d95-4f15,nathanmartin,Personal,true,Saint Pierre and Miquelon
957,5551885b-3183-4a48,melissaperkins,Business,true,Saint Pierre and Miquelon
958,b888fa20-18ec-4be8,scott97,Personal,true,Cook Islands
959,b402cc0d-72e5-4b4d,jillwilliams,Personal,true,Pitcairn Islands
960,6dd4572c-a14b-4962,kristen24,Personal,false,Colombia
961,3448b2bd-6194-4602,newmanpamela,Personal,true,Ecuador
962,78b2f8b6-0826-414d,jennifer27,Personal,true,Guyana
963,84d259e6-245c-44e2,emaxwell,Personal,true,Italy
964,0dac64b6-4e5c-41a4,kelly93,Personal,true,Korea
965,6f806e8d-6734-49fc,tlawson,Personal,true,Tuvalu
966,7e4bf3e7-232a-4b36,kaylawiley,Creator,true,Libyan Arab Jamahiriya
967,c2dafb42-e5d5-48fc,samantha96,Personal,true,France
968,2a09e2aa-1047-49fb,jacoblynn,Personal,true,Tunisia
969,b00f9b5a-e295-46b4,ocoffey,Personal,true,Norfolk Island
970,7a7abad5-d6bb-4bc6,jacqueline69,Creator,true,Niger
971,3ebb5119-7f69-4462,erinmiller,Personal,true,Gibraltar
972,7d282b3a-36fc-4c20,codymcdonald,Creator,true,Botswana
973,734f560f-7e6a-4cb9,emily21,Personal,true,Tanzania
974,3fe65fc2-be6b-4b33,taylor45,Personal,true,Pitcairn Islands
975,ec111a00-f742-4d45,brandon25,Personal,true,Malaysia
976,d8e54fee-5c5d-45d5,robertgilbert,Personal,false,Yemen
977,45ec9b14-843d-4e9b,lbryant,Personal,true,Cameroon
978,2b977de3-8350-4cfe,martinezdebra,Personal,false,Peru
979,063e1698-6310-4925,marytorres,Personal,true,Dominica
980,280cd774-37da-42e0,garciabethany,Personal,true,Turkmenistan
981,a5dbc450-9063-441a,katieharmon,Personal,true,Sweden
982,ab6f50b2-7da5-400c,annhartman,Personal,true,Andorra
983,afe529ca-ad57-4d2d,kimberly30,Personal,true,Vanuatu
984,bf31280f-0b28-4a8c,ashleyfoster,Personal,true,Bahrain
985,ccfe8825-ef9c-4b8e,hughescrystal,Creator,true,Uruguay
986,5a6ca87e-0190-4ef4,martinezsean,Personal,true,Brazil
987,991e7251-adce-4e20,beverlyobrien,Personal,true,Micronesia
988,2d0d33f2-1f78-4a16,ortizcristian,Business,true,Cape Verde
989,e48f56bf-fc79-4e53,jonestravis,Personal,true,Northern Mariana Islands
990,0a0ec2e2-e99f-4aed,kphillips,Personal,true,Greenland
991,e57fe185-fc2e-42df,casemichelle,Personal,true,France
992,ac5b9526-9360-4fb1,rthomas,Personal,true,Georgia
993,638dbbbc-d19e-4ff0,susan74,Personal,true,Chile
994,0ccc0044-38da-46cb,allisonesparza,Personal,true,French Polynesia
995,c3171ffd-014f-426d,tperry,Personal,true,Sweden
996,7b26f786-23d4-4a38,joelmeyers,Personal,true,Bouvet Island (Bouvetoya)
997,7b8bc644-97a4-4837,murphywilliam,Personal,true,Benin
998,0d6bd97b-1725-4627,irwinmichelle,Creator,true,Falkland Islands (Malvinas)
999,a988f736-8b88-452b,chill,Personal,true,Peru
1000,49c054da-c030-478c,ayalajoel,Personal,true,Saint Kitts and Nevis
1001,14c68cf8-f8b1-4ad9,contrerasvirginia,Personal,true,Bhutan
1002,facb8d15-cd3e-4f38,stephaniehernandez,Personal,true,Norway
1003,76ccaaaf-e5eb-46d4,jenniferanderson,Personal,true,India
1004,1cb8d839-df7a-44af,nicolemorrow,Personal,true,Gibraltar
1005,1c8f9504-47fb-4c25,victoriabrown,Personal,true,Mozambique
1006,077ab6f5-7094-4230,staffordjohn,Personal,true,Jersey
1007,ec910bd1-ece4-4c23,carlasimmons,Personal,true,Saint Lucia
1008,3b10f357-8693-4878,lindseytamara,Personal,true,Anguilla
1009,2b8f4264-df95-4077,krystal50,Personal,true,Sri Lanka
1010,c6b832e5-c79b-45cb,kim65,Creator,true,Moldova
1011,7f442712-4976-4d82,mcollins,Personal,true,Equatorial Guinea
1012,2f3217ff-5092-4d50,kevin20,Personal,true,Korea
1013,5d16e318-9550-4af9,cynthia06,Personal,true,South Georgia and the South Sandwich Islands
1014,742fdc30-722b-4756,carpentermaurice,Creator,true,Norway
1015,e9e0d4b3-c735-4878,kevinshelton,Business,true,Thailand
1016,b1f8ecaa-6e49-4c46,markharmon,Creator,true,Madagascar
1017,397a13f8-f4f3-47ed,ricejohn,Personal,true,Greece
1018,028b995c-9d33-4551,nataliemartinez,Personal,true,Ecuador
1019,6c0e3e8e-4e29-4bf6,patricia31,Personal,true,Uganda
1020,da73359f-e440-4b7e,garciajessica,Personal,true,Pitcairn Islands
1021,aa287442-9467-4440,aprilnicholson,Personal,true,Malawi
1022,28420759-5a3a-4dd9,ryanpierce,Personal,true,China
1023,a6044a60-98cb-4e9f,xsims,Personal,true,Austria
1024,3e27a389-cb24-44e2,kemptracy,Personal,true,Peru
1025,018a2706-ae52-401a,karencallahan,Personal,true,Pitcairn Islands
1026,a5193227-7e4e-43e9,ccarter,Personal,true,Faroe Islands
1027,b35ccaa4-d665-4bfa,benjamin32,Personal,true,Sri Lanka
1028,ac384606-92f6-417c,fostertimothy,Business,true,Lithuania
1029,dc73300b-41dc-40b3,michaelwaters,Personal,true,Sierra Leone
1030,a1ae6692-450a-4977,tracy45,Personal,true,Hong Kong
1031,d6db1997-b9e7-42d9,conwayjesse,Personal,true,Svalbard & Jan Mayen Islands
1032,a9d1db14-3ce8-4a47,simpsonkristopher,Personal,false,Djibouti
1033,90c09d24-f5a5-40bd,twilson,Personal,true,Sweden
1034,1d56ac2b-ebb3-4369,catherinebird,Personal,true,Central African Republic
1035,10500d0b-5ff4-4d15,mitchellking,Personal,true,Gabon
1036,a6942a27-ed5e-456b,dylannavarro,Creator,true,Turks and Caicos Islands
1037,00621a55-0b3f-4bd5,ypowell,Personal,true,Maldives
1038,af80e31a-42c7-4c20,andrewjones,Personal,true,Samoa
1039,e80f05de-0751-4d94,tricia24,Creator,true,Canada
1040,c20b9427-76f5-43fa,abriggs,Personal,true,Martinique
1041,22a72d74-97fe-4074,kristopherjenkins,Creator,true,Bahrain
1042,1131c2d7-2488-4caa,annmerritt,Creator,true,Netherlands
1043,2b919bfb-07d7-4277,loriharrison,Personal,true,Fiji
1044,70a966eb-ac39-4555,mary28,Personal,true,Monaco
1045,deecc11c-69d4-433f,nmaldonado,Personal,true,Libyan Arab Jamahiriya
1046,d6b366df-019e-4cbe,jeffrey16,Personal,true,Georgia
1047,2495d65b-9264-4a33,waltersgina,Creator,true,Guinea-Bissau
1048,e0769bef-7909-4eac,angela68,Creator,true,Cote d'Ivoire
1049,626265ec-c8fb-4601,colleenmarshall,Creator,true,Tanzania
1050,278e8e9a-f44a-4e35,courtney69,Personal,true,Honduras
1051,24c9c3fd-a60c-464e,matthew87,Personal,true,Norway
1052,a0828212-e65e-4067,robinsonjohn,Creator,true,Thailand
1053,6a86887e-617a-4d97,victoria27,Personal,true,Ukraine
1054,9b03270b-7d84-4313,connorbarker,Personal,true,Vanuatu
1055,252303b3-0710-491a,stephen50,Personal,true,Yemen
1056,62a6c622-f40d-42bc,josephyoung,Business,true,Hong Kong
1057,1bb9af51-fc91-4a53,oaustin,Personal,true,Togo
1058,235ed06c-09b6-4efe,owensandrew,Personal,true,Netherlands Antilles
1059,59bb3965-2557-4c90,vanessaconway,Personal,true,Iran
1060,3a9613f1-5f6d-4f11,ohernandez,Personal,true,Togo
1061,b6e02bdb-a76b-411b,hoodtroy,Business,true,Thailand
1062,07eb7d0a-cf5e-4a92,wilsonryan,Personal,true,New Zealand
1063,3bc31960-8527-418e,charlesevans,Personal,true,Holy See (Vatican City State)
1064,5231f98a-471e-4d45,brandon47,Personal,true,Suriname
1065,27d72a6d-21fc-44ce,erin64,Personal,false,Togo
1066,297479d1-25b0-41ec,grahamjoshua,Personal,true,Indonesia
1067,c8e1e09e-4ca9-4d33,petersonmichele,Personal,true,Mauritania
1068,33418f4b-040c-4c86,jmurray,Personal,true,Bermuda
1069,3aefc889-e4e3-441e,npage,Personal,true,Macao
1070,2f22f808-9a13-4ee1,parker32,Personal,true,British Virgin Islands
1071,fc07d054-b6ad-4396,thomassheri,Personal,true,Micronesia
1072,7391bf8a-3830-4289,bowmanjames,Personal,true,Costa Rica
1073,92fe8f05-9a3c-4386,gmyers,Personal,true,Sri Lanka
1074,206ec155-5594-4b81,scunningham,Creator,true,Morocco
1075,78fcea55-6ead-4fc4,charles67,Personal,true,Saint Barthelemy
1076,54093312-3789-4197,julieperry,Personal,true,Comoros
1077,4f11ad65-fc27-4cf1,adamwilkins,Personal,true,Namibia
1078,3bea146e-809f-43fe,jessica99,Personal,false,Taiwan
1079,1b671a0d-b2b2-4295,heather40,Personal,true,Papua New Guinea
1080,4653938a-5948-4d00,hannahramos,Personal,true,Serbia
1081,495cd0ad-dd2a-4f03,sevans,Personal,true,Saint Lucia
1082,97aab221-53bb-437b,williamhernandez,Personal,true,Puerto Rico
1083,dfa45e0c-0d4d-4a0f,emily93,Personal,true,Iceland
1084,a41404d8-9f94-4a5a,kathleen13,Personal,true,Uganda
1085,1ba0e00b-bd1e-4c50,julia10,Personal,true,Suriname
1086,b43973d0-32c5-4853,abigailvaldez,Business,true,Cook Islands
1087,dad0d107-ae24-49e1,joshua19,Creator,true,Qatar
1088,2aebd980-d58b-4aca,bauertonya,Creator,true,Bhutan
1089,c7b7eb67-0f78-48b5,peter84,Personal,true,Korea
1090,19963251-e01b-40c5,jmartinez,Personal,true,Libyan Arab Jamahiriya
1091,55803a1b-8f0a-43e0,stephanie07,Personal,true,Egypt
1092,546161fd-61b1-4111,wangalexander,Personal,true,Saint Vincent and the Grenadines
1093,ba34db07-848a-4cce,chadschwartz,Business,true,British Indian Ocean Territory (Chagos Archipelago
1094,2a0b70e6-7581-458f,anthony64,Personal,true,Kenya
1095,8dd4076b-9ddf-4340,hponce,Personal,true,Vanuatu
1096,266e4711-7dc4-4c49,uhanna,Creator,true,Jordan
1097,a8d3758b-4bb7-4029,cruzlaurie,Creator,true,Kenya
1098,d88a68d7-0550-47f7,tanyabishop,Business,true,Saint Helena
1099,11089893-d38b-4635,josephmiller,Personal,false,Vietnam
1100,37ce8e3b-09e7-43d7,tfrazier,Personal,true,Cote d'Ivoire
1101,0e10c7af-d341-4062,danny51,Personal,true,Saint Kitts and Nevis
1102,56f80a36-4a1d-40e2,rtate,Personal,true,Timor-Leste
1103,1bdefed2-463b-4b08,amber13,Creator,true,Netherlands Antilles
1104,df78d9f6-7c87-4b1a,wmills,Personal,true,Mozambique
1105,4f12373d-9686-45b3,doylenicholas,Creator,true,Portugal
1106,1157e582-fd96-4832,leedeborah,Creator,true,New Zealand
1107,d466826d-99a5-46fd,douglasjefferson,Personal,true,Guinea
1108,532ae069-2784-4ecd,wallschristopher,Creator,true,Kiribati
1109,5b2ebcbb-8745-411f,grimesdebra,Creator,true,Cambodia
1110,9b1fa94b-8844-4da8,kayla88,Creator,true,Togo
1111,f868eb0e-f988-49c4,bcollins,Personal,true,New Zealand
1112,0e4d8b91-711a-4944,andrea99,Creator,true,Lao People's Democratic Republic
1113,a0965a6f-3692-4388,kcardenas,Personal,true,Cocos (Keeling) Islands
1114,e0dabd4e-bf11-4de1,nicholastucker,Personal,true,Mauritania
1115,42598051-8254-4571,johnsonmaria,Personal,true,Guyana
1116,1ee22c62-38da-428c,zhamilton,Personal,true,United States Minor Outlying Islands
1117,c931c81f-50ee-4dc5,jessica10,Personal,true,Sierra Leone
1118,10f5a3ed-b052-4720,gary87,Personal,true,Antarctica (the territory South of 60 deg S)
1119,bdb4913a-ca29-431f,vwaters,Creator,true,Russian Federation
1120,ef2c2c60-b546-4007,willisjoy,Business,true,South Africa
1121,ff781f56-2fb4-4a52,audrey20,Personal,true,Ghana
1122,361d6b33-dac1-4cc1,thomasalvarado,Personal,true,Tonga
1123,d5617d0c-211a-46dd,matthewmyers,Personal,true,Bahamas
1124,a4a85f25-dadf-4c05,jared37,Personal,true,American Samoa
1125,a36dee79-6e31-42a3,jacob66,Personal,true,Eritrea
1126,0309b75c-8d55-4207,michael00,Personal,true,Nicaragua
1127,1496ddd9-7575-41bb,tamarafuller,Personal,true,Netherlands
1128,4abcb328-0e73-4290,jdiaz,Personal,true,South Georgia and the South Sandwich Islands
1129,c9d24e9b-83c2-4e45,ssmith,Business,true,Greece
1130,6e6e60fc-7d0b-4049,dicksonbrandon,Personal,true,Malta
1131,c04575e0-12d4-4709,frostchristopher,Personal,true,Moldova
1132,98807331-aa6a-4869,tjensen,Business,true,Mali
1133,8863a884-5db7-48f3,fmiller,Personal,true,Sao Tome and Principe
1134,72b85c97-8b5b-4d7e,blanchardchristine,Personal,true,Barbados
1135,f2d43afe-91e3-4ee0,michael09,Personal,true,Syrian Arab Republic
1136,849b16aa-bd78-4ee2,lopezanthony,Personal,true,Iraq
1137,0aa2dc97-c650-43da,tiffany17,Personal,true,Sierra Leone
1138,e9d6fa79-4d21-47f1,qcole,Business,true,Sierra Leone
1139,835686ea-be6f-4149,caitlyn94,Personal,true,Cape Verde
1140,1b826b02-c28e-44cf,michael93,Personal,true,Samoa
1141,90c980b0-d644-4fa5,michelle75,Personal,true,Saint Vincent and the Grenadines
1142,8be76dc7-74d7-4cc2,wilcoxkaitlyn,Personal,true,Germany
1143,0958b5c9-5925-4a61,michaelodonnell,Personal,true,Trinidad and Tobago
1144,018e93c2-2959-4791,weisskristina,Personal,true,Hong Kong
1145,9a93d0f5-a1df-4381,hcunningham,Business,true,Afghanistan
1146,96891403-4e3e-4b32,jeremyjames,Creator,true,Korea
1147,6ae9e5cb-fc95-484a,daniel47,Personal,true,Finland
1148,bdee1d56-f528-4009,ccamacho,Personal,true,Zambia
1149,1440c753-8400-4743,robin61,Creator,true,Benin
1150,115a0e21-91d0-4df4,shawn29,Creator,false,Tuvalu
1151,3a81b2ec-f079-4a9f,steven27,Personal,true,American Samoa
1152,701ba995-401d-49da,hendricksbenjamin,Personal,true,Israel
1153,974dd5d7-8628-4bd7,tayloranna,Personal,true,Pakistan
1154,8c11840f-0082-457d,williamnichols,Creator,true,American Samoa
1155,79d1469a-a139-4ff7,jmaldonado,Personal,true,Finland
1156,27fd61c4-78db-482a,westthomas,Personal,true,Saint Vincent and the Grenadines
1157,905bb005-f183-4a90,dmassey,Personal,true,Hungary
1158,829f5637-84b0-4d58,stevelewis,Personal,true,Congo
1159,4c8cd3e6-2d0e-425a,shawterri,Personal,true,Turkey
1160,8d2f89d9-29cb-446e,jacobaustin,Personal,true,Monaco
1161,acbcfff3-4cff-4e64,malexander,Personal,true,Bangladesh
1162,350e4a5c-2580-408f,odillon,Personal,true,Hong Kong
1163,62a62e5e-39d5-4e5e,uhernandez,Creator,true,Moldova
1164,221af086-c769-4e34,harrisdarlene,Personal,true,North Macedonia
1165,403cce81-5c7b-4d4d,taylor64,Personal,true,Micronesia
1166,cc77da45-b1fe-4d88,vwilson,Personal,true,Cambodia
1167,543b6ca0-27bf-401d,kennedychase,Personal,true,Argentina
1168,8a1d304d-79e0-4fbe,hernandezmichelle,Personal,true,Martinique
1169,b66a3e57-4741-48eb,rachelcunningham,Business,true,Switzerland
1170,fde81a90-1919-4ca7,briana42,Personal,true,Heard Island and McDonald Islands
1171,df3eb307-24d9-4492,elizabethfields,Personal,true,Croatia
1172,16ac9a91-df0b-4b31,curtisjohnson,Creator,true,Argentina
1173,93965b6f-cd2d-4baa,matatracey,Personal,true,Papua New Guinea
1174,0e26ae71-bd8c-4ff4,pboone,Personal,true,Anguilla
1175,38dfc2fb-210e-4569,ddowns,Personal,true,Reunion
1176,8662ed8d-dfa9-4170,alyssa62,Personal,true,Indonesia
1177,28c145cc-a364-47de,rhonda81,Personal,true,Norway
1178,6d22c3e7-ff0e-48cb,christina54,Personal,true,Antarctica (the territory South of 60 deg S)
1179,639feddd-0581-4877,melissa32,Personal,true,Zambia
1180,c321f648-a4fe-4cf8,brettescobar,Creator,true,Botswana
1181,0bab0265-2051-4878,millstina,Personal,true,Oman
1182,1556a151-db93-4708,brent81,Personal,true,Gibraltar
1183,35241a67-7032-4169,lyonseric,Personal,true,Belarus
1184,6b0d51b5-835b-4ee2,michelle99,Creator,true,United States Virgin Islands
1185,cd53f3e7-417a-49ea,nicolejackson,Personal,true,Antigua and Barbuda
1186,49ec2399-c9f1-4bcc,erussell,Personal,true,Bulgaria
1187,5f38e47b-9fc2-47a5,elaine72,Personal,false,Dominican Republic
1188,0db75556-2265-491b,ibeck,Personal,true,Sri Lanka
1189,a6bc70d0-6a52-49ee,lauramyers,Personal,true,Austria
1190,ea282b1f-194a-42e4,fbarker,Personal,true,Belarus
1191,a9106e03-7de4-467f,joshua29,Personal,true,British Indian Ocean Territory (Chagos Archipelago
1192,6ce85aed-92cf-4b84,mirandawendy,Creator,true,Holy See (Vatican City State)
1193,c6ee6b42-1208-467a,dixonkatie,Personal,true,Montenegro
1194,019fdfbe-217d-49ef,vanessalee,Personal,true,Georgia
1195,c900deb0-586e-4ce6,evanssteven,Personal,true,Uruguay
1196,4afa58d1-359f-4608,george16,Business,true,Montenegro
1197,b1256ad2-141c-4b9b,smithtamara,Personal,true,Uruguay
1198,545ed710-a0c6-4902,foleyjennifer,Personal,true,Aruba
1199,7daa9f04-949b-44aa,morganemily,Creator,true,Brazil
1200,eea831e6-e82e-4247,laura27,Personal,true,Nigeria
1201,e1daca7c-bc83-4a3e,jessicalopez,Personal,false,Nepal
1202,5f5f6744-d3eb-4abb,vincent27,Personal,true,India
1203,b93034f2-5a77-41b1,wardtammy,Personal,false,Albania
1204,4a3f3b04-a061-4c51,whiteheadkari,Personal,true,Netherlands Antilles
1205,4b4e4a54-7f5e-40a3,erin23,Creator,true,Western Sahara
1206,b8810bef-741f-416a,williamboyle,Personal,true,Iraq
1207,57993a0b-fe49-41a1,thomas21,Creator,true,Afghanistan
1208,856fc413-033c-4764,christopherscott,Personal,true,Costa Rica
1209,64d87885-64ed-48d7,dustinmunoz,Personal,true,Ghana
1210,738ab049-8bbd-4ac6,kbryant,Personal,true,Germany
1211,b0f7e1e6-767d-46ea,johnsonjacob,Business,true,Thailand
1212,63326f3f-7a4e-4b16,james44,Personal,true,Kuwait
1213,9e05e7b7-988e-4168,erica98,Personal,true,Syrian Arab Republic
1214,5f930a58-3f4f-4c47,kimberly36,Business,true,Cuba
1215,0f86e3ff-468c-4cee,barkerthomas,Personal,true,Dominica
1216,464078f3-8f8c-4918,matthew70,Personal,true,Algeria
1217,00537fa1-b4b3-4be2,croberts,Personal,true,Yemen
1218,5208dd2b-93e9-4465,adam41,Personal,true,Saint Vincent and the Grenadines
1219,af0f39fd-fc58-4a97,kerry28,Personal,true,Greece
1220,31e9c07e-b679-46c1,elizabeth47,Business,true,Belarus
1221,09c680a1-5293-48d8,michael14,Personal,true,Philippines
1222,896983c8-c7fb-4868,paul33,Personal,false,Nepal
1223,64391404-7eae-491c,bradley17,Creator,true,Bolivia
1224,623dc568-7d66-41dc,marklozano,Personal,true,Bolivia
1225,43dcaeed-37bd-4cb9,calebcooper,Creator,true,Somalia
1226,dfdd2f69-c09a-4a7c,davidgreen,Creator,true,Belgium
1227,73d53613-0ce3-41f6,janetmacdonald,Business,true,Norway
1228,0d49e35e-3edf-4d17,debbievaughn,Personal,true,Norfolk Island
1229,478b3e02-86e7-4454,lewiskyle,Personal,true,Cote d'Ivoire
1230,5c1f7609-7322-4d5a,janice32,Personal,true,Dominican Republic
1231,7ce3aecf-d2fd-4283,mayderrick,Personal,true,Guyana
1232,9cecce88-7e3a-44c3,jmccormick,Personal,true,Congo
1233,d98ecd76-1669-423b,briangilbert,Personal,true,Bahrain
1234,70a97136-4b7f-41be,kristineramirez,Personal,true,Bulgaria
1235,8bc0a847-b80e-4164,jordanpeter,Personal,true,Samoa
1236,29e06cc9-98c5-4a70,steven39,Personal,true,Senegal
1237,ab0bc438-45ea-4ef9,wburgess,Personal,true,San Marino
1238,6f0ddcee-4f37-4e21,pingram,Creator,true,Slovenia
1239,ba654610-772b-49ac,shawnanderson,Creator,true,Thailand
1240,f453d93d-f24d-4902,brichardson,Business,true,Vanuatu
1241,bd0f7e6e-399a-4f3f,careylaura,Personal,true,Christmas Island
1242,0a8c433d-5acb-4b8d,mooretrevor,Personal,true,United States Virgin Islands
1243,e9af2877-54df-4379,garygilbert,Personal,true,United States Minor Outlying Islands
1244,87a8b476-abf3-4c60,luis49,Personal,true,Tajikistan
1245,87d7f741-2d1e-40d8,tyrone84,Personal,true,Kuwait
1246,dac22689-33b4-469e,janetcarrillo,Personal,true,Czech Republic
1247,4f9e8834-c67a-426d,vfriedman,Personal,true,Ghana
1248,1d0c38d5-5243-4b0b,cpowell,Creator,true,Reunion
1249,54c275e1-f720-409a,carriemiller,Personal,true,Saint Vincent and the Grenadines
1250,d2a37b0d-f1c8-4c9a,merrittsarah,Personal,true,Belize
1251,2176d944-60f1-43ec,kristina85,Personal,true,Montenegro
1252,52b5e776-e97a-4b9f,ashley94,Personal,true,United States Virgin Islands
1253,032e1a28-7167-4e30,zholloway,Personal,true,Tajikistan
1254,ed824af1-ae70-472c,adrianamiller,Business,true,Syrian Arab Republic
1255,3976e688-1bfc-46bf,wbradshaw,Business,true,Cook Islands
1256,7ea5b904-6198-4156,bruce57,Creator,true,Qatar
1257,6ec3a114-724a-4147,mevans,Personal,true,Slovenia
1258,dd64d899-4318-466a,ebonyrivera,Personal,true,Nepal
1259,43c88cc8-02bd-4bb5,tuckervanessa,Personal,false,Spain
1260,a89f108e-5149-4807,wrightmary,Personal,true,Oman
1261,57507996-a980-4b88,heidi96,Personal,true,Montserrat
1262,d8b2af29-0b3c-4622,melissa00,Personal,true,Reunion
1263,f082ed21-3425-43d1,reedjulie,Personal,true,Bangladesh
1264,85810e13-322b-492b,melissapowell,Creator,true,Mauritius
1265,3b5f1762-d230-423d,larsentimothy,Creator,true,Kazakhstan
1266,16d9623c-ccb0-48ca,bwright,Personal,true,New Zealand
1267,24be828d-e639-43e5,michellegreen,Personal,true,Afghanistan
1268,eeaf96ba-b7b3-4a5c,gregory10,Creator,true,Malaysia
1269,0f5cefb0-6b45-4cad,susandaniels,Personal,true,Luxembourg
1270,ddb808c6-dd60-4ca9,melissa90,Personal,true,Kiribati
1271,a6978c4a-db9c-4ef7,robinsonelizabeth,Personal,true,Spain
1272,b5af01aa-bcce-49f2,riosmaria,Personal,true,Burkina Faso
1273,732846ed-cb32-4570,yoderphillip,Personal,true,Kuwait
1274,511c6a63-5146-4dfe,eugene18,Creator,true,Lithuania
1275,fdb3dff2-c58e-4db3,patrick93,Personal,true,United States Minor Outlying Islands
1276,8fac0eda-55cf-409b,vincentweeks,Personal,true,Wallis and Futuna
1277,fe6d830f-6ad2-44e5,ysuarez,Personal,true,Vietnam
1278,0d72a2ed-2bad-4355,ashley84,Personal,true,Paraguay
1279,ee295c3e-7f4e-4b9e,bmccoy,Personal,true,Czech Republic
1280,95ada6f5-fdbe-4e18,brownlance,Personal,true,Belize
1281,6113e0bc-6cc7-4899,srogers,Personal,true,Benin
1282,89383968-f980-48a9,carlosgarcia,Personal,true,Netherlands Antilles
1283,d54a6bbd-c96d-4f1b,vicki71,Creator,false,Cape Verde
1284,e72cbee9-a51e-49a0,pooleregina,Personal,true,Zimbabwe
1285,2850f008-b1cf-46be,james15,Business,true,Egypt
1286,4c5241c4-3101-44f0,nancyhinton,Personal,true,Poland
1287,f29d0184-5ad1-4f20,alexander69,Creator,true,United Kingdom
1288,09ee931b-e5d1-4e78,ldonovan,Business,true,Namibia
1289,45e37baf-f9fe-4c8e,stephanie62,Personal,true,Cayman Islands
1290,35a47573-a0ef-44c6,amartinez,Creator,false,Morocco
1291,2a2ece8e-e9a9-4c2a,douglascarroll,Personal,true,Reunion
1292,1d72742a-c11a-4a15,briannawalters,Personal,false,Tokelau
1293,2e1252c5-7e0d-4a0c,isanchez,Creator,true,Albania
1294,ad8503f0-dfd5-48c6,qanderson,Personal,true,Guatemala
1295,b3805235-7635-4b0a,nrogers,Personal,true,Holy See (Vatican City State)
1296,768f6738-71f6-46a7,deborah09,Personal,true,Turks and Caicos Islands
1297,0dad992d-d34a-424a,poncemaria,Creator,true,Switzerland
1298,ae593808-3fcb-4e0b,jerry00,Personal,true,Niue
1299,6a95b693-e188-48e1,alexander97,Personal,true,Tokelau
1300,01844526-2e60-4ca3,paula93,Personal,false,Angola
1301,0cb45a24-59a7-4cf3,qshannon,Personal,true,Trinidad and Tobago
1302,d580e16e-3ef5-4875,tshepherd,Personal,true,Romania
1303,7ad26529-9879-456b,ashleyray,Personal,true,Algeria
1304,da50a27b-2bab-4a21,mitchell36,Personal,true,Turkmenistan
1305,137853cd-2b95-4d09,castillorodney,Personal,true,El Salvador
1306,454a614d-60a9-4e71,briannarichards,Personal,true,Hungary
1307,2ce25cd6-8825-4c28,williamspatrick,Personal,true,Pakistan
1308,ba7814a6-50d3-41e2,fjohnson,Personal,true,Eritrea
1309,02567002-97da-4ec0,andreajohnson,Personal,true,Israel
1310,2d998bf5-8aec-4620,broberts,Personal,true,Korea
1311,bb6592ea-11b9-4f82,grahamdaniel,Personal,true,Tonga
1312,5332d9a0-98d3-48b3,perezsandra,Personal,true,Australia
1313,f7b3384b-7c54-4463,edgarpadilla,Personal,true,Western Sahara
1314,801aec06-2136-491d,sotokimberly,Business,true,Jordan
1315,d5b1237a-9672-42c8,pharris,Creator,true,Qatar
1316,6ac3cba8-f13d-410d,jessicaschmidt,Personal,true,French Guiana
1317,3c72976b-a35f-4a1a,brookeberry,Personal,true,Belarus
1318,02849277-875e-4704,howardstephanie,Business,true,Iran
1319,38722757-7f2a-436d,thompsonshane,Personal,true,New Zealand
1320,d75dbde2-de73-4345,robertsonmichael,Personal,true,Austria
1321,2c47ac78-0cdc-4f22,anthony94,Personal,true,Azerbaijan
1322,91014abd-15cc-4b3b,alejandro01,Creator,true,Micronesia
1323,ec32fc63-e627-4b59,andersonelizabeth,Personal,true,Saudi Arabia
1324,4509da0c-ed79-4f77,michaelwilson,Personal,true,Swaziland
1325,94b98de2-0f8c-4a95,gina43,Personal,true,Colombia
1326,0d37b40e-9a64-443a,lori92,Business,false,Italy
1327,d3f47e61-3b00-4d54,amydavis,Creator,true,Nauru
1328,1bfb9b01-c79e-40c6,foxshane,Personal,true,Saudi Arabia
1329,5a99eaa4-e7b5-4cb5,troy56,Personal,true,Jordan
1330,7b99a38c-9e4e-475c,tiffany89,Creator,true,French Southern Territories
1331,9363ccdd-d332-45cc,sierra40,Personal,true,Australia
1332,2c5cd668-dcd0-4114,bruceriley,Personal,true,Belarus
1333,df6b302b-7165-4653,nroman,Personal,true,Christmas Island
1334,489e7499-7698-4c86,amy19,Personal,false,Uganda
1335,74c839fe-f118-4c51,jcarter,Business,true,Cote d'Ivoire
1336,214f9602-e3bd-462d,trevorelliott,Personal,true,Israel
1337,c3e6c4b2-9dc4-4dd4,nicholasscott,Personal,true,Libyan Arab Jamahiriya
1338,b1a7774f-ad39-48b4,carolynfisher,Personal,true,Italy
1339,450e4a2f-fd91-48e5,sandracollins,Personal,true,Guadeloupe
1340,d3f31cae-6fb8-4c4d,susan86,Business,true,Kiribati
1341,4a523814-cbf5-4c1d,thomasjames,Personal,true,Vietnam
1342,c0212a65-9a0a-4daf,campbellchristina,Creator,true,Afghanistan
1343,c8cf5c38-623e-46e9,amullins,Creator,true,El Salvador
1344,6392a662-12b7-4b39,tina30,Personal,false,Estonia
1345,8faf13ae-3384-4f68,christophermartin,Personal,true,Uganda
1346,5f90e7d1-55ef-44c1,brandi21,Creator,true,Gibraltar
1347,4aadb359-0a3d-4224,daniel43,Personal,true,Tokelau
1348,d19dcd83-004b-4d02,kenneth00,Personal,true,Timor-Leste
1349,0bbee91d-c24d-4a08,sgarner,Personal,true,Cameroon
1350,7ae333f7-915e-4f53,jonathanlynch,Creator,true,Tajikistan
1351,1056cf02-3113-421a,williamhensley,Personal,true,El Salvador
1352,61f56290-7018-4272,raymondcross,Personal,true,Haiti
1353,4d7fd8f8-3808-405c,frankhogan,Personal,true,Turkmenistan
1354,34ad89bf-c98c-42b0,karamoore,Personal,true,Somalia
1355,fae67147-4b77-4c63,ortizkevin,Personal,true,Peru
1356,bcf6e3b7-3719-44d7,tanyapacheco,Personal,true,Niue
1357,bfe86f50-c6ac-4564,qgraves,Creator,true,Puerto Rico
1358,2c956b06-7765-4a5b,bcooper,Creator,true,North Macedonia
1359,83e1b577-a233-4df0,christina29,Personal,true,Costa Rica
1360,c639b1b6-37dc-4bdc,barkercassandra,Personal,true,Albania
1361,74281322-66bd-444e,ericschmidt,Personal,true,Ethiopia
1362,533da304-be81-4e93,brian36,Business,true,Slovakia (Slovak Republic)
1363,15c1e248-4a7c-4b92,janet02,Personal,true,Namibia
1364,4e0d630f-f426-4dd5,samuel80,Creator,true,Canada
1365,6201cfdb-11a1-4feb,aolson,Personal,true,Thailand
1366,33366588-14ea-46f2,adamsjason,Personal,true,Slovakia (Slovak Republic)
1367,1ca5b1f3-5f06-4b98,rasmussenallison,Creator,true,Tunisia
1368,c4dfb32f-85cd-444c,robert02,Personal,false,Marshall Islands
1369,830c0165-6c6c-40cd,andrewwatts,Personal,true,Japan
1370,6b284295-6b1a-4e9e,cheryl95,Business,true,South Africa
1371,9e5aa2e3-6468-41c0,elizabeth93,Business,false,Qatar
1372,912aea7d-c9b8-4c7c,parsonsdouglas,Personal,true,Greece
1373,c3523d19-d2bb-4e7a,navarrobrian,Personal,true,Azerbaijan
1374,554c1d2e-b9ff-4822,jesse09,Business,true,India
1375,cd98bb28-2389-483b,christina45,Personal,true,Bosnia and Herzegovina
1376,b3ab9821-dff0-45f5,ssanchez,Personal,true,Thailand
1377,bcb61970-12d0-4f87,danielgreer,Personal,true,Namibia
1378,993c5876-d220-4fd3,dhines,Creator,true,Holy See (Vatican City State)
1379,d5ed25f6-043a-427b,lbyrd,Business,true,Andorra
1380,2e29cf6b-0e7a-46cf,graystephen,Creator,true,Heard Island and McDonald Islands
1381,10d65b8d-e756-4ce8,nicholeoneill,Business,true,Saint Martin
1382,082edbf6-f937-40c0,lstout,Personal,true,Andorra
1383,d25e720f-ed4b-4711,smithjames,Personal,false,Portugal
1384,9e436af5-726f-465a,sfields,Personal,true,Cuba
1385,76b958cb-b636-44c1,stephenmartin,Creator,true,Russian Federation
1386,98589d82-1d63-4558,thomasbrooks,Business,true,Yemen
1387,f1f2b151-64f4-4acd,milesgregory,Personal,true,Gibraltar
1388,93668e93-16a7-473a,lhawkins,Personal,true,Turkmenistan
1389,4234f088-5af2-4804,robertwilkinson,Personal,true,Netherlands
1390,991d1592-27ea-45b1,ijohnson,Creator,true,Guyana
1391,a241e253-accd-44c9,hillchristopher,Personal,true,Japan
1392,1b77f84e-30ef-49e3,qwatkins,Personal,true,Uganda
1393,a3c4c9be-edce-4018,david14,Personal,true,Rwanda
1394,085e89d8-3071-4c3d,njohnson,Personal,true,Bermuda
1395,fb0c3180-111b-4c7b,npeck,Business,true,Liberia
1396,a960cd1c-e014-404d,briannadalton,Creator,true,Bulgaria
1397,6e795382-6a17-42b4,huffcurtis,Personal,true,Luxembourg
1398,bb399ada-f800-427e,bchung,Personal,true,Syrian Arab Republic
1399,b357a0cc-d152-4f8c,grahamkristy,Personal,true,Iraq
1400,3a3aa5c6-ea29-416a,jacqueline73,Creator,true,Canada
1401,42cbe8cc-9f53-44b9,jwilson,Business,true,Dominican Republic
1402,e22d3684-6a94-43b7,stephanie54,Personal,true,Solomon Islands
1403,1ed5420d-80c9-4842,xandrade,Creator,true,Sudan
1404,087968a8-c4d2-4c91,smithkelly,Personal,true,Tanzania
1405,1c8e9e0c-fae3-40ae,watsoncharles,Personal,true,Trinidad and Tobago
1406,15696727-d0c4-43bb,harold51,Personal,true,Kiribati
1407,db7175ed-3db2-44b9,xtorres,Creator,true,Taiwan
1408,1ad3ff30-60a9-44cc,zherring,Personal,true,Sudan
1409,c19f27c9-b83b-495d,vlopez,Business,true,Belarus
1410,8c1f856e-9e25-49b4,clarksarah,Business,true,Ireland
1411,fc4c8630-2eaf-4ac8,wilsonheather,Personal,true,Puerto Rico
1412,670a3571-4877-4b26,halljeremiah,Personal,true,Japan
1413,47c4e0da-384f-4cd2,wardjonathan,Creator,true,Iceland
1414,b54ceac2-abc2-4375,ryanglenn,Personal,true,British Indian Ocean Territory (Chagos Archipelago
1415,504134af-0857-42b0,baileyashley,Personal,true,Rwanda
1416,a826657a-48b5-4dd6,joshua93,Creator,true,Montserrat
1417,c7ed233e-64d2-4731,ibarraemily,Creator,true,Cocos (Keeling) Islands
1418,99ae2731-bfe2-4016,pittmaneric,Personal,true,Gabon
1419,5f7d7981-95b7-41fd,kellie27,Personal,true,Nauru
1420,a2deb306-555a-4f18,sreed,Creator,true,Mauritius
1421,5d77c954-e09d-470f,xrodriguez,Personal,true,United States Virgin Islands
1422,b07d335e-1388-432c,lori53,Personal,true,Dominica
1423,33a39134-3348-42df,bakeralejandro,Business,true,Israel
1424,d2642e98-75e6-4dc0,ibrown,Personal,true,Montserrat
1425,a2a8fbee-3b60-47c4,aharrington,Personal,true,Macao
1426,4ebe5625-ffbe-4cc1,navarrosarah,Personal,true,Bouvet Island (Bouvetoya)
1427,a0230000-65fb-4600,travis31,Business,true,Niger
1428,f49d6826-9ec9-4be3,josephcarter,Personal,true,Malta
1429,27aefeba-2950-4fbf,reyesandrea,Creator,true,Singapore
1430,c001e0d3-3c3c-425a,christinasimmons,Personal,true,Italy
1431,dbbf4841-2f43-4076,marcedwards,Creator,true,Belgium
1432,ebd66a61-776c-4c75,jtaylor,Personal,false,Somalia
1433,8144dde4-5990-43d9,jessica59,Personal,true,Saint Lucia
1434,951b9e0d-52e4-4d8d,usmith,Personal,true,Gabon
1435,a3659a29-d419-48e0,kingjohn,Personal,true,Bahamas
1436,f8b2abeb-96a0-4a67,lindsaygibson,Creator,true,Equatorial Guinea
1437,57c66195-9cf1-4f4e,elizabethmorgan,Personal,true,Norfolk Island
1438,d2f0592c-59ac-46cc,bbrown,Personal,true,Monaco
1439,abcee737-8894-4206,bshaw,Personal,true,Palestinian Territory
1440,499896d7-4ae7-47af,richardadams,Personal,true,Cape Verde
1441,fd8915a9-aac3-4660,qcox,Creator,true,Thailand
1442,09938ef0-a689-4f67,christine40,Personal,true,Afghanistan
1443,b96746bf-8f89-4f6a,robert61,Personal,true,Costa Rica
1444,896efc43-e843-4eab,robert12,Personal,true,Ethiopia
1445,0880f3c7-2e43-40c7,apalmer,Personal,true,Namibia
1446,12be4b61-b36f-472f,walkerallen,Business,false,Norway
1447,ed9fda17-3c67-4a56,lindamurphy,Personal,true,Cook Islands
1448,c2b967ee-ddbc-4fc1,ellisroy,Personal,true,Antigua and Barbuda
1449,5bd31c27-6638-40fe,jennifer59,Personal,true,Malaysia
1450,dd194b49-0957-4d71,amynewton,Personal,true,Antigua and Barbuda
1451,cf74fd70-0851-4f86,dwaynepeterson,Personal,false,Swaziland
1452,04354aca-5147-466b,davidmerritt,Creator,true,Taiwan
1453,2d3c423d-bfa0-47a7,tross,Personal,true,Uruguay
1454,908aa84e-c672-485b,mary32,Creator,true,Ecuador
1455,9ef579db-7353-430d,johnpeters,Business,true,France
1456,2ff7e4c8-d01b-42e0,pcardenas,Personal,true,Lithuania
1457,4ef63e2b-81b4-48e7,juliebrown,Business,true,Ghana
1458,f9c50a75-7df0-43b8,higginsdeborah,Personal,true,Afghanistan
1459,73c37fc6-969b-4d6d,dconway,Personal,true,Malaysia
1460,04400313-be78-4b56,amandamurphy,Creator,true,Brunei Darussalam
1461,b9a71be9-e684-485d,xrobles,Personal,true,Guyana
1462,af5130ec-a9a2-4cca,tristanross,Personal,true,Vietnam
1463,8d341f10-5e43-46cf,abbotthannah,Personal,true,Haiti
1464,3a4c73e9-4870-417a,riveranicholas,Creator,true,Mexico
1465,c0c51cc1-737d-458a,richard32,Business,true,Libyan Arab Jamahiriya
1466,15c4a128-4c3f-473f,johnwolfe,Personal,true,Argentina
1467,30c94a1e-913c-4439,whitneyvaughan,Personal,true,Reunion
1468,e0512aa7-4347-4d84,parkerstephanie,Creator,true,Mayotte
1469,ce00c43f-086f-4e12,stephanie44,Personal,true,Uzbekistan
1470,75dcbe19-b288-4c3d,danalane,Personal,true,Lebanon
1471,4bc00a55-a9e0-499e,zlee,Personal,true,Netherlands Antilles
1472,7ac63d4e-b21c-4a98,miguelbaldwin,Personal,true,Equatorial Guinea
1473,e0c340cf-8419-4db1,kristina42,Personal,true,Norway
1474,fa4b0d94-0e6f-423f,douglasgaines,Personal,true,Senegal
1475,07217da2-1025-4ec7,johnparker,Personal,true,China
1476,3c5a39b8-d82f-42ff,dbaker,Business,true,Colombia
1477,9b662cfd-1fef-4c26,williamjordan,Personal,true,Jamaica
1478,4665c8df-c97d-4470,morgansarah,Personal,true,Burkina Faso
1479,55560d8f-211e-45cf,sarah66,Personal,true,France
1480,885bff83-9990-4e2e,ithornton,Personal,true,Norfolk Island
1481,b8a3a02c-9ac0-4e69,kiarafranklin,Creator,true,Australia
1482,b4065ad4-07e4-4f17,timothyherman,Personal,true,Netherlands Antilles
1483,c1c9f372-9b4c-4ddb,pknapp,Creator,true,Cuba
1484,c432d9cc-2622-495d,karen52,Personal,true,Togo
1485,84be000b-01a5-4833,fflores,Personal,true,Tokelau
1486,df665a55-46ef-4047,wigginsbethany,Personal,true,French Southern Territories
1487,2d47c82c-df3c-488d,eric26,Personal,true,Turks and Caicos Islands
1488,91d2a99f-4578-440d,sandrasmith,Personal,true,Uzbekistan
1489,f8543732-bc6f-4c0a,mcdonaldlisa,Creator,true,Maldives
1490,469ae625-497a-4451,srivera,Personal,true,Puerto Rico
1491,a1a2f6dd-69ba-4c30,francisblair,Personal,true,Seychelles
1492,bea046f5-b327-4e3d,curryalison,Personal,true,Montserrat
1493,a5c96e60-6f8d-479e,rachel70,Personal,true,Namibia
1494,81bec486-34e0-44b1,jacqueline23,Personal,true,Saint Lucia
1495,89315671-67dd-49bc,colesean,Personal,true,French Southern Territories
1496,dcb6f38a-022f-46bb,hallchristopher,Creator,true,Azerbaijan
1497,caa84c91-00d7-4a88,berryjulie,Personal,true,Tonga
1498,a0ebcaa3-e5e3-499d,afritz,Creator,true,Mayotte
1499,c13ba8d0-372c-4c14,turnerandrew,Personal,true,Saint Kitts and Nevis
1500,aa4a2d50-1e38-4e53,meganhinton,Business,true,Northern Mariana Islands
1501,fa25a3f5-8def-4af0,keithrodriguez,Creator,true,Saint Pierre and Miquelon
1502,00b8d54d-e0f3-4579,charles19,Business,true,Czech Republic
1503,fda908a3-5069-4317,jacobbell,Personal,true,Dominican Republic
1504,26221c51-7dfa-4f0f,desiree76,Creator,true,Barbados
1505,40079760-06ee-4cb2,bdavis,Personal,true,Timor-Leste
1506,a13a206f-c50f-49ca,xwood,Creator,true,Eritrea
1507,bade985c-7c37-457e,deannaduran,Personal,true,Finland
1508,53069d32-5e55-435a,wcardenas,Creator,true,Faroe Islands
1509,9bdbac1d-40c0-4692,kenneth93,Personal,true,Anguilla
1510,bcf87fbe-9e1e-4764,richardsonchristopher,Personal,true,Cayman Islands
1511,7a222f12-63ea-48c3,laurabutler,Personal,true,Portugal
1512,eff9f027-ec9b-4aa0,dtaylor,Personal,true,Suriname
1513,765f0173-4910-49e9,rbrooks,Personal,true,Brunei Darussalam
1514,ff80ae37-a428-4b7f,michaelcook,Personal,true,Cook Islands
1515,543fbd80-0b8f-40ab,justin91,Personal,true,Saint Vincent and the Grenadines
1516,bd2def7b-3e4e-4603,maria00,Business,true,Germany
1517,60ee1c26-ec78-41c5,perryterri,Personal,true,Venezuela
1518,6da6a46b-e695-445c,catherine40,Personal,true,Anguilla
1519,e6b10cca-a521-4dea,john46,Personal,true,Portugal
1520,0698ce19-1387-4da7,moorejason,Business,true,Bulgaria
1521,cf690dec-3d84-4294,drakescott,Personal,true,Australia
1522,ffd6bda5-9a61-4ee6,martinanderson,Creator,true,Lithuania
1523,172e726b-55b2-40a3,psmith,Personal,true,Ireland
1524,540b9eb3-ffb9-4c09,donnakeller,Personal,true,North Macedonia
1525,f210cd1c-f96b-4c03,uunderwood,Creator,true,Saint Vincent and the Grenadines
1526,66cf54be-6ac1-4254,hicksgregory,Personal,true,Western Sahara
1527,307b6c74-ff51-494c,alan11,Personal,true,Japan
1528,32b87f65-3feb-469c,douglasmelissa,Creator,true,Hungary
1529,ae637979-bf96-478c,roger99,Creator,false,Poland
1530,1db13d17-e690-40bb,jamie26,Personal,true,Saudi Arabia
1531,097ecfe5-23bf-46f0,jeremiah63,Creator,true,Turkey
1532,079840b7-2265-4c14,anne21,Personal,true,British Indian Ocean Territory (Chagos Archipelago
1533,fdb9c9a0-0df5-4dfe,heatherhale,Personal,true,Thailand
1534,8f7e7664-5cf5-4f77,pamelalin,Creator,true,Cuba
1535,79a0f0db-8458-407c,mmartin,Personal,true,Iran
1536,c435488d-d915-4092,carsonanna,Personal,true,Philippines
1537,4d66cc61-4d9b-4da8,austinjulia,Personal,true,Sierra Leone
1538,aeef2153-32b5-407d,jenniferscott,Personal,true,Estonia
1539,3a583478-9f7e-424a,adamsjennifer,Personal,false,Romania
1540,5f533b7c-03af-416a,longtroy,Personal,true,Malaysia
1541,be4f894e-d34f-4458,danielsbreanna,Creator,true,Taiwan
1542,ddf4c31d-c1b7-4fdb,grivera,Business,true,Sweden
1543,5efae895-22eb-420f,haynesmatthew,Business,true,Uruguay
1544,155be9e0-83e5-4550,lloydashley,Personal,true,Bermuda
1545,648dcb36-ab42-4fd0,erin16,Personal,true,Serbia
1546,04dc4ed0-f6b1-4c57,robertparker,Personal,false,Kuwait
1547,964d4741-5239-455f,fjordan,Personal,true,Monaco
1548,1bd172df-c5ba-4711,regina04,Creator,true,Tuvalu
1549,5369d791-1311-4dff,yvonnestevens,Personal,true,Estonia
1550,f49c3bc5-a513-4128,shirley85,Personal,true,North Macedonia
1551,6f64904e-7c68-43c0,tina35,Personal,true,Iran
1552,47df0807-7776-4934,aliciaduncan,Personal,true,Croatia
1553,4c9f6b7b-367c-4e86,jessica04,Personal,true,Slovenia
1554,50907a7f-6b29-4825,lisa17,Personal,true,Seychelles
1555,6fcb745c-b9b9-4d6b,riley21,Personal,true,Benin
1556,3dc4174c-0769-41cc,whiteronald,Personal,true,Mexico
1557,7cf3c1ef-b89c-4ee5,michael19,Personal,true,Congo
1558,f2bb5d08-2171-4ef5,davidwillis,Creator,true,Antigua and Barbuda
1559,fe4c74b5-3ec6-455a,cwalker,Personal,true,Guinea
1560,94cfb7e8-8308-4cda,reyesryan,Creator,true,Gabon
1561,854a1ef5-e9a7-4593,erikroberts,Creator,true,Kuwait
1562,256da958-dc8e-42b7,careybrittney,Personal,true,France
1563,c02507f2-8ace-48bb,ejordan,Personal,true,Turkmenistan
1564,5a117987-6575-4e0c,michaelgalvan,Personal,true,Tunisia
1565,4955ca88-7716-4216,jamesmichael,Creator,true,China
1566,4d6d9148-8e9c-4b2e,sethwilcox,Personal,true,Uganda
1567,9c6f2759-a6e2-4515,robertwilliams,Personal,true,Antarctica (the territory South of 60 deg S)
1568,c1e29315-29f5-4427,rachelsmith,Personal,true,Lao People's Democratic Republic
1569,039d7dd5-eb19-4f2f,christina35,Personal,true,Mauritius
1570,fb980a75-a004-46b3,debbie01,Personal,true,Martinique
1571,e81daa67-a010-411c,mooredeborah,Personal,true,Bahrain
1572,016107cf-0e75-4d16,tford,Personal,true,Cook Islands
1573,975fbf8e-fb61-4c9a,troyjohnson,Personal,true,Syrian Arab Republic
1574,6d0c010e-5829-407a,susantaylor,Personal,true,Morocco
1575,fc2f3035-f067-4524,skerr,Personal,true,Papua New Guinea
1576,84c7a713-a396-4232,mgomez,Personal,true,Saint Vincent and the Grenadines
1577,928e2b68-eea0-49df,warrenteresa,Personal,true,Norway
1578,a2211684-12c0-4b2b,dalecrosby,Creator,true,Guernsey
1579,f7945211-a704-4393,riceedward,Creator,true,French Polynesia
1580,3ac8869c-51b9-483d,zrobbins,Creator,false,Andorra
1581,8b8459aa-1e2c-4571,sean36,Personal,true,Nauru
1582,01e9d90f-31ab-4969,caleb63,Personal,true,Western Sahara
1583,7e8a68c7-b19c-434c,allenmariah,Personal,true,Equatorial Guinea
1584,b0e09e82-1b6e-4b76,lambertjennifer,Personal,true,Albania
1585,e1323160-3145-454e,melissa27,Personal,true,Jersey
1586,4d0ac959-ac67-46e2,cassandradean,Creator,true,Niue
1587,35277562-d766-452f,georgerobertson,Personal,true,Comoros
1588,6324e84c-958c-49ab,leslie23,Creator,true,Myanmar
1589,16b62037-d707-461c,thomas14,Personal,true,British Indian Ocean Territory (Chagos Archipelago
1590,87367700-982c-4f30,youngtony,Personal,false,Cook Islands
1591,79086cb6-1dad-47f4,evansryan,Personal,false,Trinidad and Tobago
1592,7b579b39-29eb-4931,linda22,Creator,true,Latvia
1593,071c079d-0bcb-44f3,rebecca96,Creator,true,Thailand
1594,f903a799-573d-42be,tbarber,Personal,false,Rwanda
1595,a3051bcb-b567-4827,coxerin,Personal,true,Malaysia
1596,6abd130f-cf6b-4441,stevencohen,Personal,true,Australia
1597,34bda7ef-2920-4271,ricky28,Personal,true,Panama
1598,bb7c35e7-c9cb-47ec,maldonadonicole,Personal,true,Latvia
1599,9628af67-de1b-4f84,natalie10,Personal,true,Turkmenistan
1600,f529d145-32a7-4eb5,jenniferenglish,Creator,true,Vanuatu
1601,004df420-1856-458b,pughjoshua,Creator,true,Liberia
1602,8e54d0fe-0167-4a2e,ramirezjennifer,Personal,true,Fiji
1603,6d2c5ec6-02fc-43f1,georgeliu,Personal,true,Panama
1604,de28c780-8de8-4307,margaretbanks,Business,true,Saint Barthelemy
1605,3fe0b7c8-13aa-4e59,mwhite,Personal,true,Papua New Guinea
1606,634c8c38-e8fd-4183,ckennedy,Business,true,Poland
1607,4fcbd76d-21df-4685,williamsonkelsey,Creator,true,Singapore
1608,5c2671c0-5d1b-4c13,jacquelinesolis,Creator,true,Gibraltar
1609,8cb19657-0808-4b70,christina10,Personal,true,United States of America
1610,31c714d0-1560-4141,lhill,Personal,true,Denmark
1611,4be7feff-af85-41a4,floresmaria,Creator,true,United States Virgin Islands
1612,5028bac0-fe80-4ed5,sbrown,Creator,true,Reunion
1613,e5462dd8-bafd-497a,christophergrant,Personal,true,Qatar
1614,21c4e856-141f-4bc5,bgriffin,Creator,true,Ghana
1615,cef2ffc3-1b05-47a2,tiffany41,Creator,true,Guinea-Bissau
1616,2d319d8d-9681-4df0,johnsonaaron,Creator,true,Sweden
1617,0f268b44-6795-47cd,mooredana,Creator,true,Kyrgyz Republic
1618,44209326-2ece-48c5,margaret26,Business,true,Jamaica
1619,eb7f0c62-e4b3-4959,paula25,Personal,true,Mozambique
1620,d2a71397-6242-4a28,qadkins,Creator,true,Philippines
1621,098e527d-5bc9-4533,julieruiz,Personal,true,Mozambique
1622,505d9793-2fac-4195,jasmine44,Personal,true,Greece
1623,4413913b-5596-44ca,duncanwalter,Personal,true,Jamaica
1624,a00833c2-08fb-4001,debra63,Creator,true,Timor-Leste
1625,60ee351d-e263-4c32,williamsderek,Business,true,Bermuda
1626,9a87578a-d9d4-4856,ygallegos,Personal,true,Nigeria
1627,82199237-aa7b-4c8b,uvasquez,Personal,true,Eritrea
1628,d852bc56-577a-4f3d,christopherhull,Personal,true,Andorra
1629,0b7b08db-7e43-40a1,andersonbethany,Creator,true,Bulgaria
1630,7973dcda-59d1-4072,mendozamonique,Personal,true,Czech Republic
1631,c9cd53ba-9f0b-41e3,millereric,Creator,true,Portugal
1632,b41a17b5-7329-4ade,joseph66,Creator,true,Argentina
1633,6e91f8b1-f787-4210,jenniferluna,Creator,true,Bhutan
1634,3b39223c-47d1-4c0b,wileymarie,Creator,true,United States Minor Outlying Islands
1635,b4824040-c312-42fb,payneanthony,Personal,true,Suriname
1636,1344b127-596d-4901,erichanson,Personal,true,Suriname
1637,24cc58fa-6b00-4c6c,normanyang,Personal,true,Botswana
1638,c32c6a37-8c66-4eba,richard44,Personal,true,Cyprus
1639,8fdff9e4-1c34-466e,davisjonathon,Personal,true,Netherlands Antilles
1640,d5c41855-4aa8-47a1,stephanie28,Business,true,Cape Verde
1641,abd55b25-4bc7-40e2,victoriacantu,Personal,true,Qatar
1642,a8bc0b4d-35cc-4d8f,westchristina,Personal,true,Sao Tome and Principe
1643,ed41123f-5399-42f1,vickie83,Creator,true,United Arab Emirates
1644,993ffc71-622e-425c,bensonjason,Business,true,Ukraine
1645,2bbda54f-2c29-4234,tommyclark,Personal,true,Antigua and Barbuda
1646,df91831f-7e43-4122,aaronmclaughlin,Personal,true,Cocos (Keeling) Islands
1647,c5b5f73c-35de-406c,sherry35,Personal,true,British Indian Ocean Territory (Chagos Archipelago
1648,27852643-2bf3-4a6a,diana13,Personal,true,Seychelles
1649,11ea10b8-8268-4a32,davidbryant,Personal,true,Barbados
1650,328d9c4d-1549-4629,yhall,Personal,true,Italy
1651,c7523563-a658-4cbe,ericmeza,Business,true,China
1652,f9bc67bb-0037-4657,meganjones,Business,true,Tuvalu
1653,3cf81dd4-b0a0-4be6,cward,Creator,true,Peru
1654,d8f03ca9-84f1-4ae4,beckjonathan,Personal,true,El Salvador
1655,8e464859-4ac3-47f5,sandovalnicole,Personal,true,Australia
1656,792c740c-0e9b-4ad8,xwhite,Personal,true,Czech Republic
1657,8158c478-9890-4d5f,tiffany59,Business,true,Libyan Arab Jamahiriya
1658,f32380d2-5321-484d,wguzman,Creator,true,Ethiopia
1659,e22942ea-ff59-4d25,kcochran,Personal,true,Sweden
1660,149b0d76-4279-46cd,wflores,Creator,true,Chile
1661,edf654e3-9b72-4a48,gjohnson,Creator,true,Vietnam
1662,e18873bc-13a7-4971,higginsmichael,Personal,true,Gibraltar
1663,d39e70a3-0070-44a3,eboyle,Creator,true,Portugal
1664,a3ef3d24-cdb3-4ab4,egregory,Business,true,Bouvet Island (Bouvetoya)
1665,52b80b71-16aa-4d38,ldouglas,Personal,true,Sri Lanka
1666,26d66c76-0431-4762,awilliams,Personal,true,Mongolia
1667,27b90a70-bd84-480c,stonejill,Personal,true,San Marino
1668,cb231641-0f81-453b,rodriguezrebecca,Creator,true,Japan
1669,e2fa4199-560d-4656,gwatkins,Personal,true,Portugal
1670,5cecee84-5016-40a1,ramseyjoseph,Business,false,Canada
1671,533a5d4c-95f5-4279,julie18,Personal,true,Belgium
1672,9ad620b6-24fa-4f5b,larsonlisa,Personal,true,Guinea-Bissau
1673,03dc4029-fc10-49d7,carly04,Personal,true,Slovenia
1674,56f0d04c-c9ef-46b6,wendymendez,Personal,false,British Virgin Islands
1675,bcd69ae3-89ec-40e3,valerie64,Business,true,Belize
1676,08e0b103-ff36-422b,andrew42,Personal,true,Kiribati
1677,974be312-ed5e-427e,stevensmary,Creator,true,Niue
1678,8bb54306-3bac-447b,suttonaaron,Personal,true,Poland
1679,e01d8117-1001-4a2c,alexanderramirez,Personal,false,Sudan
1680,3d2a364a-4a70-4d47,stevenchen,Personal,true,Belize
1681,545e421e-4bca-4be5,mhamilton,Personal,true,Liechtenstein
1682,8766ecd3-ab04-4551,taylordevin,Personal,true,Marshall Islands
1683,e9323ae5-821c-4eab,joshua75,Personal,true,Vietnam
1684,e1c8e7fa-338c-4f45,annawiley,Personal,true,Hungary
1685,be404309-42fd-4c4e,stokesjames,Personal,true,Syrian Arab Republic
1686,4df1098d-0c9b-495b,aaron66,Personal,true,Mauritania
1687,b92acc2d-0489-481e,tapiajames,Business,true,Norfolk Island
1688,1b8bf516-7fc0-4005,lauramejia,Personal,true,Guadeloupe
1689,1de6ac5a-d543-4742,saundersalex,Business,true,Mayotte
1690,c99f1f7a-c555-43d9,rogersmichael,Personal,true,Aruba
1691,bf31eb59-7e54-4245,markpittman,Personal,true,Netherlands
1692,e6abc28f-7779-41da,scottsmith,Personal,true,Greenland
1693,3c26e702-dba0-4667,mhill,Business,true,Bahrain
1694,90d75b9f-9eb7-411a,gmason,Personal,true,Bolivia
1695,25549901-d260-4ffd,richardward,Personal,true,Luxembourg
1696,bedf8307-1074-4602,modonnell,Personal,true,Guinea-Bissau
1697,c30464d3-342a-4c18,kimberly12,Personal,true,Iceland
1698,54deb2df-7925-4c10,brittanycarlson,Personal,true,United Kingdom
1699,37371d9d-8f7e-4e8c,cartertheodore,Creator,true,Montserrat
1700,4a257ff1-b0a1-4d20,matthewholmes,Personal,true,Sweden
1701,98ba57be-2090-45b6,sarah45,Personal,true,Brazil
1702,b9048c4a-a107-4e96,mrobertson,Personal,true,Dominica
1703,ce5aa0cc-9189-4e18,rebecca13,Personal,true,Nigeria
1704,d9cdd67b-cea4-41cd,turnermichael,Creator,true,British Indian Ocean Territory (Chagos Archipelago
1705,7b34bf53-7886-4a18,alex71,Personal,true,Kyrgyz Republic
1706,8d25ea93-a61b-4957,sarah34,Personal,true,Aruba
1707,b1271ea5-102f-4f9c,fhorton,Personal,true,United States Virgin Islands
1708,c0707af0-c696-417c,jonesdavid,Personal,false,Panama
1709,d1a6faa9-7e6d-4166,zcollins,Personal,true,Jamaica
1710,094830e5-6398-43da,webbruben,Creator,true,Timor-Leste
1711,fbaf2df6-9e21-4326,robertmcdowell,Creator,true,Svalbard & Jan Mayen Islands
1712,f0267320-d15b-42d1,cburnett,Personal,true,Congo
1713,7f266965-13a7-4116,mary34,Personal,true,Belgium
1714,a939e346-25d4-414d,andre66,Business,true,Isle of Man
1715,dcce5136-4710-4dd5,tbridges,Personal,true,Seychelles
1716,8092a631-e3e8-48d4,daniellelambert,Creator,true,Ecuador
1717,32b8ecdb-8991-4b16,hillteresa,Personal,true,Niger
1718,ca44abc7-5a47-4d54,tylerbishop,Creator,true,Saint Martin
1719,20caf525-787d-4204,kimwalker,Creator,true,Ukraine
1720,17954802-cfdd-4a4a,walkernicholas,Business,true,Greenland
1721,b97c3c12-30a7-4c78,adamselizabeth,Business,true,Micronesia
1722,b294696c-9d71-4bc0,everettteresa,Personal,true,Svalbard & Jan Mayen Islands
1723,d53ba96c-f729-4966,josephbrewer,Personal,true,Saint Martin
1724,451da253-89c5-45c6,vsmith,Personal,true,Guyana
1725,0cdb4790-1dd6-4e96,howeadam,Personal,true,Guyana
1726,ec19b1a3-ad9d-4368,gloverlauren,Business,true,Ukraine
1727,6d46c906-e7df-4c3f,greendanny,Personal,true,Morocco
1728,89b00b60-bb87-4ed1,robinhenderson,Personal,true,Holy See (Vatican City State)
1729,82f56b75-1a63-4903,mendezdrew,Personal,true,Italy
1730,54a88b19-11af-4740,rvalencia,Creator,true,Yemen
1731,2fd20b20-d308-40ba,aaronchristensen,Creator,false,Togo
1732,0f174528-86d7-4a82,haasjonathon,Creator,true,Timor-Leste
1733,f1cecf0b-2468-4a43,ofuller,Personal,true,Grenada
1734,837dc690-08c3-4b14,russelljulie,Personal,true,Bahamas
1735,67c50644-7ba3-4d25,hcain,Personal,true,Hong Kong
1736,628d037c-ec26-4a4a,wardmatthew,Personal,true,British Virgin Islands
1737,f63d6129-158c-485d,andrea27,Personal,true,El Salvador
1738,54f4a91f-119e-408a,katiehicks,Personal,true,Cuba
1739,1ac1093d-135a-4de4,wesley48,Personal,false,Philippines
1740,2b98cf16-26e7-4625,kwilson,Personal,true,Egypt
1741,e2722b60-fe90-4710,rsanders,Personal,false,Algeria
1742,08069583-01f9-42cf,ohall,Personal,true,Syrian Arab Republic
1743,fd7f93fd-3a60-4202,joel33,Business,true,Aruba
1744,d32b0afa-5c42-4a72,wallcynthia,Personal,true,Armenia
1745,d6980fcd-6dd9-4359,brendaliu,Creator,true,Togo
1746,65ff159b-a42d-4a7f,smithseth,Personal,true,United States of America
1747,65166bfb-b2a2-4163,pamelaray,Personal,true,Guadeloupe
1748,ddbb31da-1dd4-4b30,manderson,Creator,true,Zimbabwe
1749,a027fe8f-6790-4f78,suzanneashley,Creator,true,Australia
1750,4708bc45-0752-426d,nunezjason,Creator,true,Mexico
1751,b1baa7cc-7549-49f6,michelle58,Personal,true,Comoros
1752,4e02e0b7-c58c-4644,rflynn,Personal,true,Cape Verde
1753,9c4692ab-b481-4dd8,ywagner,Personal,true,Myanmar
1754,5c3722fb-6589-425f,idavis,Personal,false,Lithuania
1755,60a56eb1-0016-4e87,hernandezvictoria,Personal,true,Zimbabwe
1756,45306c67-2003-4451,karenwalls,Personal,true,Bosnia and Herzegovina
1757,e4db8fa1-72d6-401a,kendracrawford,Personal,true,Holy See (Vatican City State)
1758,b07af6f7-d1a7-4475,gallagherdebra,Personal,true,Monaco
1759,064a68cc-0d9c-47d0,wfitzgerald,Business,true,Saint Pierre and Miquelon
1760,26a172ab-8d70-42d3,ericcordova,Personal,true,Philippines
1761,ee204030-3115-4f18,denise42,Creator,true,Algeria
1762,f911e7db-9281-4c1d,salinasjacqueline,Personal,true,Chad
1763,73d4df7c-cdbc-40ac,christy70,Personal,true,Estonia
1764,1128cfe3-88e8-42b2,brandi76,Personal,true,Portugal
1765,3655f867-d758-49b7,elizabeth26,Business,true,Tajikistan
1766,4dbc8f0d-0e33-45ba,alison36,Personal,true,American Samoa
1767,43055dde-533c-4691,holmesreginald,Personal,true,Spain
1768,be9450ec-60a5-4a87,kristenpruitt,Creator,true,Costa Rica
1769,6770734d-7a5f-4c8c,schwartzkayla,Personal,true,Aruba
1770,ec1c1485-1311-49ee,marknunez,Personal,true,Serbia
1771,8a6d2ad5-8bf7-4276,wrightelizabeth,Business,true,Saint Barthelemy
1772,26bcce1a-b06e-4168,sschmidt,Personal,true,Mongolia
1773,ed148442-26dc-4afc,dweeks,Creator,true,Senegal
1774,e1ab3cbb-4cc1-46c3,richardskaren,Personal,true,Pakistan
1775,33bcf62c-cf39-4afd,hoganpatricia,Personal,true,Saint Kitts and Nevis
1776,15fd6bc8-e1a3-4c06,hthomas,Personal,false,Congo
1777,2737dcfd-a432-4f3f,angela64,Business,false,Burkina Faso
1778,c011dfeb-6397-4733,cnunez,Personal,true,Bermuda
1779,36523b81-600f-4ee3,brandy80,Creator,true,Paraguay
1780,fa1ff8f7-c0d9-4fc7,genebryant,Personal,true,French Polynesia
1781,8d108d5f-7b8d-42d0,michaelsmith,Personal,true,Singapore
1782,d2cbbb71-b91c-4a47,gboyle,Personal,true,Marshall Islands
1783,47fc92e3-acbf-4654,fwarren,Creator,true,South Africa
1784,8545ab0e-7e68-4cb4,glenn41,Business,false,Nepal
1785,30d4c94e-d580-49c6,williamsanchez,Personal,true,Palestinian Territory
1786,d9c4091e-682b-4907,grayangel,Personal,true,Nicaragua
1787,84053a7b-068c-40b5,mjames,Business,true,Denmark
1788,32c02e2d-562c-4197,gpearson,Personal,true,Belarus
1789,a12e941e-8054-48cc,jonathan72,Personal,true,North Macedonia
1790,8eb07249-cb07-4335,vargasphillip,Business,true,Micronesia
1791,621fc0c5-a20d-405d,courtneythompson,Personal,true,Trinidad and Tobago
1792,e8b60e78-086f-4331,turnerrachel,Personal,true,Saint Kitts and Nevis
1793,84d6e8c2-f0c4-4399,alexisgood,Personal,true,Mongolia
1794,a9a31309-b84d-4bba,jamiecopeland,Personal,true,Czech Republic
1795,20794f3e-5297-4f21,austinkaren,Personal,true,Madagascar
1796,04c49431-6749-4dee,april68,Personal,true,Saint Helena
1797,5b78dd26-73c2-4567,kristen68,Personal,true,Israel
1798,c396a2fe-d3ce-42a3,jenniferleonard,Personal,true,Rwanda
1799,33436bdb-c1e2-48e3,vgreer,Creator,true,Trinidad and Tobago
1800,676208e6-0c77-4076,jhall,Personal,true,Colombia
1801,c652d036-ff64-4117,haley59,Personal,true,Germany
1802,c7cce9d7-3e2d-4408,websteranna,Business,true,Haiti
1803,3a0e9317-60b0-43cd,srussell,Personal,true,Bouvet Island (Bouvetoya)
1804,0bbf7d12-35e6-4adf,francisco65,Personal,true,Namibia
1805,424f4900-4f35-481e,rothnancy,Personal,true,Comoros
1806,f2c356c7-87bc-4165,yholmes,Personal,true,Malawi
1807,54254831-bfe0-4fb1,skinnermorgan,Personal,true,Trinidad and Tobago
1808,93391696-168a-4c9a,velasquezadrienne,Personal,true,Serbia
1809,de992433-d3b1-4720,william62,Personal,true,Cook Islands
1810,5bdf361a-cc0f-4652,angela27,Personal,true,Reunion
1811,89765735-d1a9-4bb2,erica25,Business,true,New Caledonia
1812,ce71cf2f-7a6f-4efc,mcoleman,Creator,true,Israel
1813,0590852b-67b0-46ab,shawn98,Personal,true,Niger
1814,621ef922-7d51-4fb6,ccunningham,Personal,true,Lithuania
1815,cdc64f30-8448-465d,bpayne,Personal,true,Vanuatu
1816,0f78ae69-261a-48a1,edwardpearson,Creator,true,Monaco
1817,62a91b81-85ea-424c,powerselizabeth,Personal,true,Cyprus
1818,c204a627-7e1b-4303,annepotts,Personal,true,Kiribati
1819,ded2535d-4fdc-479a,swolf,Personal,true,Guatemala
1820,0504de0d-753a-48ba,kristincole,Personal,true,Sao Tome and Principe
1821,99257bfe-aad7-45c3,sandra88,Personal,true,Kiribati
1822,4f66749f-6f9d-4e00,snyderashley,Personal,true,United States of America
1823,ad567215-aeae-4f5d,brian80,Creator,true,Greenland
1824,5ee30b01-4871-48ad,sextondean,Personal,true,Morocco
1825,60413d32-6d7d-4e83,joyce97,Personal,true,Belarus
1826,fa31df2e-4cf8-4b4f,zhorne,Personal,true,Martinique
1827,9c3d3844-6caf-42fb,wcasey,Creator,true,Cote d'Ivoire
1828,46f8e79d-68ee-4ca5,vroberts,Business,true,San Marino
1829,9edda49a-3b28-42fc,nicholasgarcia,Personal,true,Mayotte
1830,71ef0aa8-56f5-442a,fgonzalez,Personal,true,Serbia
1831,cbfba2b5-1469-4f9b,pspencer,Personal,true,Vietnam
1832,109f9aa4-f1fa-447d,perezbrandy,Personal,true,Nicaragua
1833,f738e234-d691-4d99,juarezchristopher,Personal,true,Turkey
1834,2ef33cb2-c836-46ca,kathleen83,Personal,true,Hong Kong
1835,e125b5aa-4a16-4b39,cooleyheather,Personal,true,Bermuda
1836,f462fcdc-5f88-4354,beverly01,Personal,true,Liberia
1837,009e0116-e6e3-4a2a,sandraperry,Personal,true,Jordan
1838,63f42503-049e-482e,chambersbrooke,Personal,false,Sao Tome and Principe
1839,55185c80-3a15-42a3,annezhang,Personal,true,Armenia
1840,585f05c6-dff7-42a0,jamesross,Personal,true,Equatorial Guinea
1841,31b177b1-1ba6-4c6b,scott20,Personal,true,Cyprus
1842,273f8a6a-36cf-41c9,carpentercynthia,Personal,true,Bulgaria
1843,bb87c488-96c6-4e9c,valenzuelastephanie,Personal,true,Croatia
1844,503ba356-4629-4215,valdezroger,Personal,true,Lao People's Democratic Republic
1845,c5dd3115-ece8-45f1,osutton,Personal,true,Guadeloupe
1846,3dc8dd9a-eaaf-4007,susan05,Personal,true,Aruba
1847,f7612cd4-28a2-44d7,brandon21,Creator,true,Ecuador
1848,a9feb957-ef3c-42c0,sotochristopher,Personal,true,Thailand
1849,06181cd8-6473-4498,shawn22,Business,true,Greenland
1850,8913be5b-4fbd-44a9,stephen15,Personal,true,Christmas Island
1851,2fe9c12d-216f-4394,patricia65,Personal,true,France
1852,dbf36ecb-3c73-44d9,franciscomcdonald,Personal,true,Australia
1853,a0b66261-4a83-4e6f,emily34,Personal,true,Armenia
1854,76559a5b-c7fe-4460,richard55,Creator,true,Tonga
1855,53a635e7-8252-4cee,jason52,Personal,false,Saint Vincent and the Grenadines
1856,9518fdc9-b8be-475b,dfernandez,Personal,true,Dominica
1857,a294d349-8844-49d3,townsendtyler,Personal,true,Georgia
1858,cb6359d5-09b9-443c,joeholt,Creator,true,Kenya
1859,0742375e-a897-4549,roberthuang,Personal,true,Costa Rica
1860,38837283-abba-42cd,michael80,Business,true,Germany
1861,0a75d91e-2382-4998,mpena,Creator,true,Senegal
1862,d23aba33-18a8-489b,karendunn,Personal,true,Andorra
1863,b249ad7d-b4dd-486e,imelendez,Personal,false,Congo
1864,34030f00-279e-4514,kevinallen,Personal,true,Liberia
1865,d84ab97b-078c-4dd6,watkinssteven,Personal,true,French Polynesia
1866,08aee143-36d7-4040,cindy35,Business,true,United States Virgin Islands
1867,7f9f77bb-c7fa-4f8c,michaelstewart,Personal,true,Iran
1868,5bc14461-f175-46d2,tduarte,Personal,false,Albania
1869,b4a8ee74-fe1d-4e89,lisaward,Creator,true,Wallis and Futuna
1870,e87b367a-8772-4aa0,michelleboone,Creator,true,Chad
1871,c0e397cc-3d5f-4a21,joanna34,Personal,true,Solomon Islands
1872,eb8d11d2-070c-4eff,floressydney,Business,true,Bolivia
1873,8d73edf9-5a40-46d2,allenjames,Personal,true,Hong Kong
1874,8326cc73-c180-4b61,christinahurley,Personal,true,Saint Barthelemy
1875,44c47d27-b215-47c4,csanchez,Personal,true,Slovenia
1876,a3fdc83f-b63d-42d7,michael87,Personal,true,Portugal
1877,f5117822-b280-4033,bryanrodriguez,Business,true,Lithuania
1878,45f3c5db-fa59-4c36,stevensmith,Business,true,Vietnam
1879,033cc079-35d4-4a22,jimmychen,Personal,true,Heard Island and McDonald Islands
1880,72f3ad2f-dc32-499f,mary43,Personal,true,Korea
1881,01ef31c4-8384-41a5,anthony41,Personal,true,Guyana
1882,9acdd899-3190-4b69,turnerjesus,Personal,true,Burundi
1883,e8046b45-1178-48ae,nicholascook,Personal,true,New Zealand
1884,d7ff6c40-4e10-4ddc,hartsuzanne,Personal,true,Hungary
1885,a2303837-cbec-4396,randyburns,Creator,true,Kiribati
1886,cd629793-f36f-4b4f,colemichael,Personal,true,Turkmenistan
1887,fe9231b3-24f9-4d56,robert91,Personal,true,India
1888,4fe91029-22e9-40be,blackwellmike,Personal,true,Saint Helena
1889,1c257d93-143d-478c,andrewarcher,Creator,true,Papua New Guinea
1890,a6167044-6cb9-45e7,maryoliver,Personal,true,San Marino
1891,864249d7-4291-4b88,thomas54,Personal,true,Sao Tome and Principe
1892,18977fff-adfd-46ed,michaelporter,Personal,true,Dominica
1893,a12b59e0-77b1-4f1e,mooreolivia,Personal,true,Bhutan
1894,5dc8338f-1e06-41f1,annastewart,Personal,true,Portugal
1895,8b7fb644-1a17-48bf,clintonwilliams,Business,true,Chile
1896,7d0e752a-b883-4c87,wrussell,Business,true,Bahamas
1897,9f68146e-1d86-418e,steven01,Creator,true,Hungary
1898,07cf3005-4b59-43c2,staceywatson,Personal,true,Mexico
1899,0884c0f0-5f38-483a,christophermiller,Personal,true,Armenia
1900,7d22e6d6-b374-4c79,travisrebecca,Personal,true,Jersey
1901,e648f3e9-449b-48ea,kkhan,Creator,true,Monaco
1902,09c62179-4f42-4cf8,michaelmiller,Personal,true,Sudan
1903,2a177481-22b4-4936,sbenitez,Personal,true,Liechtenstein
1904,c3afbabf-4dc5-4282,elizabeth25,Personal,true,Cyprus
1905,a9ba8171-52b5-44a2,johnjohnson,Creator,true,Luxembourg
1906,3ba37dd6-d8d6-4d73,qbrown,Personal,true,Kazakhstan
1907,ea7d8f4d-8958-4158,jenniferwallace,Creator,true,Peru
1908,6f5c1310-bbbb-4163,cookjoseph,Business,true,Montserrat
1909,72d5e670-5ff0-4f0d,qcontreras,Personal,true,Korea
1910,702993f6-baa3-450e,xgonzales,Creator,true,Benin
1911,1a897e37-ad31-4464,robbinssamantha,Personal,true,Equatorial Guinea
1912,3529eb97-665a-4f18,nhickman,Personal,true,Guinea-Bissau
1913,135d436a-39e9-4031,jenniferalvarez,Personal,true,Netherlands
1914,542027fa-7f03-4010,michelleporter,Personal,true,Guatemala
1915,11359ac0-43f6-4baa,fhall,Business,true,Cote d'Ivoire
1916,2f25bcbd-d5f5-4a8c,uwhite,Personal,true,Somalia
1917,6e0b38fb-fb7d-461f,hubbarderic,Personal,true,France
1918,a43a44b7-3848-4bcd,cgarcia,Personal,true,Anguilla
1919,ba0e8ce2-48fa-4146,willierubio,Personal,true,Switzerland
1920,768f653a-3097-487a,rachaelwalsh,Personal,true,Austria
1921,a75abccc-788a-4870,amanda15,Personal,true,Montserrat
1922,95b0bab6-3b17-46db,judy02,Creator,true,Turkmenistan
1923,84888f1b-c6a8-4334,ftran,Business,true,Libyan Arab Jamahiriya
1924,54742f59-78e6-4ef7,fbaker,Personal,true,Nicaragua
1925,1aff19b7-5155-4148,kaitlynjohnson,Business,true,Kiribati
1926,53e7b1ca-e925-4b5f,jleon,Personal,true,Venezuela
1927,0da655b3-1874-4955,james46,Personal,true,Reunion
1928,525c0349-4ee8-4937,jmorris,Business,true,American Samoa
1929,648b4ee7-afd9-4985,gerald11,Creator,true,Israel
1930,50dfeaa4-7873-4b35,brownmatthew,Personal,true,Chad
1931,05669ea5-3b37-4be8,lcochran,Personal,true,Bermuda
1932,514e6bd2-ff73-4280,ugarcia,Personal,true,Jordan
1933,fe100400-a416-4ffe,michaelprice,Personal,true,Grenada
1934,cb98cb8c-f592-49f6,morrowroy,Personal,true,Comoros
1935,775b956f-5146-43dd,anna76,Creator,true,Turkey
1936,545d006a-097a-4488,ryanerickson,Personal,true,Mozambique
1937,302e218d-75e0-4695,owenssean,Personal,true,Micronesia
1938,46d22b58-2704-4e09,dominguezmichael,Personal,true,Comoros
1939,a461bb81-b221-4b3b,david85,Personal,true,Rwanda
1940,0b116f80-0373-4fb5,thomasmorris,Personal,true,Estonia
1941,66affa83-1fe4-48a7,dhernandez,Personal,true,Maldives
1942,9cc663ab-6584-4b93,kelseybeltran,Personal,true,Chad
1943,745958c4-673f-48dc,ymcintosh,Personal,true,Falkland Islands (Malvinas)
1944,1b8e9bef-8b78-4eeb,hmartin,Creator,true,Mali
1945,dccb806d-0f56-4f5f,derekmoss,Creator,true,Montenegro
1946,d10946ea-1104-41b2,stephen40,Personal,true,Bahamas
1947,13da7435-f641-485f,lindahardy,Creator,true,Lao People's Democratic Republic
1948,20f6bc15-944c-472b,lsingh,Personal,true,Anguilla
1949,0aa8d7b0-858b-4007,ebrown,Personal,true,Cocos (Keeling) Islands
1950,d132f426-f197-4acb,tuckersusan,Personal,true,Panama
1951,f63c4dde-ab7e-4ba9,mccartyian,Personal,false,Bahamas
1952,500a4741-263b-4e02,donaldwilliams,Personal,true,Antarctica (the territory South of 60 deg S)
1953,050f6b14-881b-48d5,reedthomas,Personal,true,United States of America
1954,b671d44d-7116-4478,stacey59,Personal,true,Trinidad and Tobago
1955,957a360f-19e1-4778,qmorgan,Business,true,Falkland Islands (Malvinas)
1956,214ffbfa-9952-45c1,gary63,Creator,true,Cocos (Keeling) Islands
1957,2d14d09c-d4d5-436c,randalltaylor,Personal,true,Northern Mariana Islands
1958,d98b8f5e-38d2-4949,chavezkevin,Personal,true,Turks and Caicos Islands
1959,c22ce601-aab9-4212,tking,Personal,true,Djibouti
1960,f4d5da55-3388-4415,valeriemcdonald,Personal,true,Slovenia
1961,f44121ac-0099-49cd,evanbrown,Business,true,Hong Kong
1962,971cdc57-e074-4c97,banksjoy,Personal,true,Algeria
1963,f6eb817b-3777-41d4,harrisjoe,Personal,false,Lesotho
1964,a60da2c4-6f78-41af,schwartzcrystal,Personal,true,Cape Verde
1965,6d6ba1a1-282e-4ee7,anthonycharles,Business,true,Cyprus
1966,d2c71afa-f73b-4f72,osmith,Personal,false,United States of America
1967,b8b66871-5e80-4b37,lcarter,Personal,true,Kuwait
1968,83c97dbe-5f98-476d,mcdanieldonald,Personal,true,Bahamas
1969,eeb3bcdd-a0a8-4e8d,tina45,Creator,false,Israel
1970,49455f32-eda4-49b3,tayloralexander,Personal,true,Jersey
1971,222bf60d-13e0-4fcb,antonio77,Personal,true,Greece
1972,ea41107b-8825-4e88,andradelinda,Personal,true,Bulgaria
1973,bdb15481-5bc4-4be4,douglasfrancis,Personal,true,Zambia
1974,a22ff6f1-55e1-4e89,terrymonica,Personal,true,Reunion
1975,506a4e90-5a6c-481a,qhudson,Personal,true,Mozambique
1976,d83bbb06-6ef0-47e5,oweneduardo,Personal,true,Sao Tome and Principe
1977,24f4eba7-8b0f-4613,wongapril,Personal,true,Azerbaijan
1978,563cfc91-ef0f-4c3b,melissavargas,Personal,true,Korea
1979,19b269a3-43d3-4c0b,taylor77,Personal,true,Belize
1980,a61bda4b-0eb0-4474,davidpeterson,Personal,true,Cyprus
1981,9728fb85-510e-4069,jenniferfowler,Personal,true,Yemen
1982,4f141e61-7e93-4cbe,angela29,Business,true,Swaziland
1983,0f1168c0-098b-49c3,vazquezfrancisco,Personal,true,Saint Kitts and Nevis
1984,ac482df4-7e92-4327,kendra53,Personal,true,Venezuela
1985,11eaf7c3-400d-4675,clyons,Creator,true,Malta
1986,8f4f2c6d-2f3d-4df2,andrea77,Creator,true,Puerto Rico
1987,13550f85-1db9-4276,ifritz,Personal,true,Iraq
1988,fff23b77-c602-4e61,laurenwilson,Personal,true,Denmark
1989,b0056862-7e45-4f85,chess,Personal,true,Cook Islands
1990,4b55c5f9-5a7f-4953,buchanankevin,Creator,true,Grenada
1991,f0200e1e-b374-4573,samuelgriffith,Personal,true,Saint Martin
1992,c55f96c5-ee0f-4be0,andrewross,Personal,true,Kenya
1993,1a4b742c-5e45-40e0,emily87,Personal,true,Lebanon
1994,84db7c3e-6d10-4bcc,andersontimothy,Personal,true,Paraguay
1995,b6a83697-b40c-45c1,mho,Creator,true,Chile
1996,db8759a3-70c9-4c34,smoran,Personal,true,Uruguay
1997,43137a76-d7e3-4622,ryan24,Personal,true,Armenia
1998,20636170-89af-48aa,anthony49,Creator,true,Bolivia
1999,aae9e840-5305-471a,michelle90,Personal,true,Tuvalu
2000,40c63360-1f0e-4d17,katie53,Creator,true,Saint Pierre and Miquelon
