author_user_key,post_key,creation_date_key,post_count
1716,1,20230809,1
916,2,20230514,1
312,3,20230516,1
1112,4,20230414,1
1110,5,20231117,1
1370,6,20230723,1
1385,7,20231015,1
1301,8,20231206,1
1273,9,20230601,1
1652,10,20230211,1
1553,11,20230527,1
1747,12,20230627,1
357,13,20230630,1
625,14,20230728,1
1256,15,20230821,1
1235,16,20230327,1
813,17,20230219,1
267,18,20231015,1
1507,19,20230402,1
80,20,20230821,1
1953,21,20231121,1
661,22,20230404,1
99,23,20230128,1
332,24,20230326,1
725,25,20231101,1
1634,26,20230603,1
327,27,20230304,1
791,28,20231211,1
884,29,20231026,1
1242,30,20230215,1
39,31,20230805,1
1483,32,20230317,1
807,33,20230725,1
1506,34,20230808,1
1497,35,20231024,1
101,36,20230414,1
147,37,20231223,1
217,38,20230410,1
1886,39,20230824,1
1352,40,20231228,1
1670,41,20230207,1
271,42,20230524,1
799,43,20231222,1
1585,44,20230209,1
1406,45,20230315,1
1776,46,20231107,1
1138,47,20230509,1
1217,48,20230302,1
248,49,20231202,1
954,50,20230416,1
1674,51,20231228,1
685,52,20230206,1
360,53,20230828,1
1003,54,20230611,1
289,55,20230311,1
1068,56,20231213,1
1716,57,20230927,1
1888,58,20230327,1
931,59,20230210,1
258,60,20230924,1
552,61,20230602,1
1628,62,20230220,1
1023,63,20230916,1
1418,64,20230809,1
843,65,20230410,1
1823,66,20230629,1
1262,67,20230831,1
1138,68,20230814,1
869,69,20230507,1
939,70,20230628,1
1368,71,20230618,1
692,72,20230225,1
837,73,20230729,1
1075,74,20231113,1
119,75,20230620,1
444,76,20231102,1
962,77,20230623,1
1484,78,20231013,1
486,79,20230908,1
1436,80,20230727,1
1377,81,20230102,1
148,82,20230215,1
1647,83,20230404,1
1683,84,20231112,1
1546,85,20230515,1
1338,86,20231230,1
1835,87,20230609,1
1671,88,20230911,1
345,89,20230510,1
1907,90,20230717,1
724,91,20230130,1
540,92,20231125,1
1698,93,20230621,1
138,94,20230826,1
432,95,20230421,1
1451,96,20230624,1
115,97,20230310,1
214,98,20231128,1
1687,99,20230811,1
405,100,20230427,1
805,101,20230711,1
870,102,20230606,1
52,103,20231025,1
1234,104,20230419,1
1599,105,20230321,1
1796,106,20231118,1
611,107,20230912,1
1193,108,20231205,1
914,109,20230713,1
1038,110,20231210,1
539,111,20230814,1
1170,112,20231101,1
1772,113,20230221,1
1429,114,20230616,1
862,115,20230628,1
39,116,20230330,1
95,117,20231118,1
992,118,20230413,1
1960,119,20230109,1
330,120,20230119,1
1346,121,20230302,1
1064,122,20230414,1
1685,123,20231113,1
748,124,20230330,1
1209,125,20230904,1
94,126,20230321,1
1105,127,20230921,1
903,128,20231024,1
315,129,20231220,1
1438,130,20231213,1
1003,131,20230329,1
354,132,20230817,1
860,133,20230624,1
1651,134,20231212,1
584,135,20230812,1
1418,136,20231015,1
1129,137,20230914,1
295,138,20230518,1
1940,139,20230720,1
1691,140,20230715,1
211,141,20230202,1
1218,142,20230926,1
54,143,20230314,1
225,144,20230128,1
88,145,20230920,1
1531,146,20230126,1
74,147,20230530,1
279,148,20230510,1
1239,149,20230304,1
1321,150,20230920,1
192,151,20231002,1
46,152,20230928,1
1718,153,20231006,1
215,154,20231229,1
805,155,20230713,1
986,156,20230621,1
1577,157,20231002,1
677,158,20230128,1
1193,159,20231014,1
1756,160,20231228,1
50,161,20230921,1
1292,162,20231222,1
1386,163,20230905,1
502,164,20230917,1
712,165,20230217,1
926,166,20230611,1
238,167,20230707,1
1626,168,20230704,1
1186,169,20230225,1
624,170,20231225,1
1179,171,20230616,1
450,172,20231024,1
1467,173,20230414,1
1141,174,20230103,1
473,175,20230806,1
1218,176,20230421,1
1369,177,20230331,1
327,178,20230930,1
1445,179,20230401,1
1030,180,20230207,1
642,181,20230409,1
1048,182,20230526,1
1023,183,20230217,1
1964,184,20231007,1
680,185,20230625,1
1911,186,20230921,1
746,187,20231103,1
1440,188,20230418,1
77,189,20230830,1
1081,190,20231205,1
1034,191,20230830,1
86,192,20231227,1
27,193,20230817,1
835,194,20231215,1
66,195,20230210,1
1703,196,20230805,1
1307,197,20231004,1
1899,198,20230506,1
1819,199,20230802,1
1041,200,20230430,1
538,201,20230320,1
795,202,20230707,1
1653,203,20230218,1
601,204,20230517,1
1301,205,20230724,1
1885,206,20231028,1
1220,207,20231115,1
401,208,20231005,1
1397,209,20230526,1
1900,210,20230125,1
724,211,20230818,1
1418,212,20230621,1
481,213,20230805,1
57,214,20230923,1
632,215,20231206,1
1541,216,20230920,1
1588,217,20230315,1
1315,218,20230112,1
1626,219,20231018,1
148,220,20230921,1
1881,221,20231104,1
476,222,20230407,1
1389,223,20230315,1
659,224,20230111,1
1798,225,20230113,1
1991,226,20230227,1
1434,227,20231027,1
168,228,20230623,1
98,229,20231111,1
92,230,20231216,1
1864,231,20230913,1
407,232,20231001,1
508,233,20230704,1
428,234,20230114,1
900,235,20231027,1
1970,236,20230312,1
1043,237,20230328,1
747,238,20230708,1
1647,239,20230519,1
369,240,20230127,1
1552,241,20230226,1
620,242,20230703,1
661,243,20230501,1
732,244,20230806,1
1827,245,20231231,1
1417,246,20230923,1
1111,247,20231213,1
1527,248,20230120,1
315,249,20230116,1
930,250,20230527,1
1231,251,20230208,1
1979,252,20230720,1
1112,253,20230419,1
1847,254,20231222,1
1152,255,20230921,1
901,256,20230822,1
1987,257,20230914,1
1021,258,20231106,1
1433,259,20231225,1
1911,260,20231005,1
422,261,20230114,1
799,262,20230520,1
195,263,20230226,1
1132,264,20230329,1
1326,265,20230409,1
375,266,20231130,1
203,267,20230520,1
426,268,20230117,1
1716,269,20230710,1
799,270,20230902,1
1552,271,20230114,1
384,272,20230612,1
292,273,20231124,1
247,274,20230531,1
422,275,20230313,1
1445,276,20230421,1
1350,277,20230108,1
570,278,20230426,1
1579,279,20230730,1
742,280,20231104,1
443,281,20231014,1
609,282,20230831,1
1505,283,20230716,1
545,284,20230115,1
113,285,20230525,1
1440,286,20230503,1
1728,287,20230724,1
754,288,20230815,1
643,289,20231005,1
1785,290,20230805,1
39,291,20230823,1
93,292,20230915,1
713,293,20230924,1
1637,294,20230411,1
169,295,20231108,1
1341,296,20230127,1
1716,297,20230602,1
909,298,20230104,1
400,299,20230712,1
308,300,20230930,1
1329,301,20231226,1
1888,302,20230916,1
1618,303,20231213,1
1913,304,20230828,1
73,305,20230509,1
747,306,20230813,1
856,307,20230718,1
798,308,20231008,1
197,309,20231010,1
318,310,20230329,1
1092,311,20231016,1
933,312,20230402,1
1132,313,20230827,1
1749,314,20231001,1
1472,315,20231218,1
1676,316,20230301,1
1953,317,20231109,1
963,318,20230810,1
1975,319,20231115,1
1576,320,20231007,1
203,321,20230930,1
1547,322,20231222,1
1816,323,20230414,1
1098,324,20230202,1
575,325,20230517,1
1106,326,20230729,1
366,327,20230225,1
903,328,20230801,1
1371,329,20230624,1
1258,330,20231109,1
1930,331,20230721,1
541,332,20230318,1
1800,333,20231030,1
1664,334,20231103,1
43,335,20230403,1
1659,336,20231116,1
24,337,20230830,1
1141,338,20230623,1
1262,339,20231028,1
1635,340,20230726,1
1880,341,20230807,1
317,342,20230329,1
1017,343,20231220,1
1140,344,20230101,1
883,345,20231001,1
133,346,20230210,1
57,347,20230607,1
214,348,20230620,1
1665,349,20230416,1
327,350,20230714,1
1723,351,20230226,1
1675,352,20230624,1
546,353,20230402,1
704,354,20230228,1
767,355,20231029,1
472,356,20231221,1
1331,357,20230801,1
1644,358,20231220,1
1857,359,20231023,1
219,360,20230929,1
152,361,20230731,1
1246,362,20230510,1
1213,363,20230225,1
1539,364,20230601,1
227,365,20230502,1
72,366,20230512,1
1102,367,20230824,1
1679,368,20231030,1
1985,369,20230219,1
1019,370,20230928,1
1925,371,20230107,1
759,372,20230503,1
1264,373,20231117,1
1265,374,20230603,1
1679,375,20230125,1
282,376,20231104,1
1651,377,20231218,1
882,378,20230305,1
1897,379,20231216,1
95,380,20230822,1
6,381,20230706,1
106,382,20230104,1
1315,383,20230828,1
1717,384,20230511,1
1353,385,20230622,1
455,386,20231126,1
979,387,20230421,1
532,388,20230320,1
288,389,20230918,1
1522,390,20230706,1
1026,391,20231022,1
1092,392,20230820,1
1262,393,20230803,1
1039,394,20230313,1
513,395,20231025,1
1016,396,20230303,1
760,397,20230908,1
1182,398,20231115,1
654,399,20230204,1
1390,400,20230126,1
1246,401,20230827,1
1543,402,20231205,1
1129,403,20230302,1
656,404,20230821,1
1061,405,20230804,1
582,406,20230827,1
802,407,20230823,1
1907,408,20230513,1
981,409,20231104,1
63,410,20230624,1
1344,411,20230704,1
293,412,20231119,1
109,413,20230613,1
1147,414,20230904,1
1123,415,20230906,1
1126,416,20230414,1
794,417,20230317,1
899,418,20230503,1
67,419,20230911,1
486,420,20230407,1
407,421,20230212,1
658,422,20230919,1
1622,423,20230224,1
1763,424,20231211,1
877,425,20230801,1
1607,426,20230211,1
1076,427,20230129,1
56,428,20231228,1
430,429,20231114,1
1188,430,20230604,1
1484,431,20230718,1
1488,432,20231031,1
1329,433,20231202,1
494,434,20231226,1
390,435,20230930,1
666,436,20231212,1
336,437,20230121,1
1047,438,20230626,1
469,439,20230907,1
607,440,20230709,1
450,441,20230103,1
1452,442,20231114,1
1079,443,20230927,1
1438,444,20230210,1
389,445,20230926,1
1414,446,20230821,1
593,447,20230624,1
1559,448,20231214,1
1828,449,20230101,1
531,450,20230202,1
990,451,20230811,1
153,452,20231018,1
1766,453,20231010,1
1912,454,20230213,1
1455,455,20231027,1
1411,456,20230121,1
145,457,20230708,1
1690,458,20230709,1
1281,459,20231005,1
1271,460,20230902,1
1597,461,20231229,1
125,462,20231029,1
1917,463,20231230,1
1276,464,20231010,1
1197,465,20230512,1
1196,466,20230803,1
168,467,20230801,1
1938,468,20231106,1
634,469,20230606,1
499,470,20230702,1
143,471,20230329,1
1208,472,20230904,1
137,473,20230805,1
1454,474,20230514,1
1397,475,20230205,1
1250,476,20230220,1
676,477,20230804,1
1107,478,20230322,1
373,479,20231102,1
92,480,20230326,1
503,481,20230222,1
273,482,20231226,1
1597,483,20230715,1
1272,484,20230905,1
29,485,20231117,1
1288,486,20230211,1
1079,487,20231102,1
366,488,20230626,1
352,489,20230723,1
940,490,20230417,1
1047,491,20230221,1
1809,492,20231211,1
1095,493,20230726,1
1906,494,20230514,1
1725,495,20231213,1
1485,496,20230617,1
256,497,20230923,1
177,498,20230419,1
647,499,20230505,1
1654,500,20231120,1
1357,501,20231123,1
175,502,20230527,1
1980,503,20230303,1
905,504,20230802,1
1652,505,20230515,1
1566,506,20230906,1
1399,507,20231027,1
108,508,20230930,1
198,509,20230104,1
1987,510,20230908,1
281,511,20230708,1
1226,512,20230711,1
463,513,20231123,1
451,514,20230501,1
649,515,20230901,1
1170,516,20231125,1
1629,517,20230826,1
782,518,20231017,1
98,519,20230225,1
1161,520,20230908,1
586,521,20230826,1
281,522,20230516,1
382,523,20230828,1
1360,524,20230408,1
1520,525,20230320,1
81,526,20230221,1
1244,527,20230718,1
1500,528,20231212,1
137,529,20230224,1
403,530,20231106,1
1813,531,20231204,1
249,532,20230802,1
416,533,20230828,1
70,534,20230125,1
1195,535,20230106,1
633,536,20231219,1
369,537,20230228,1
1054,538,20231227,1
978,539,20231110,1
549,540,20230611,1
1870,541,20230818,1
76,542,20230424,1
1072,543,20230215,1
1443,544,20230224,1
1965,545,20231023,1
1141,546,20230811,1
1248,547,20230703,1
1208,548,20231014,1
323,549,20230211,1
876,550,20230904,1
911,551,20230731,1
1000,552,20230319,1
748,553,20230904,1
791,554,20230227,1
1615,555,20230802,1
461,556,20230428,1
372,557,20230815,1
991,558,20231020,1
90,559,20230616,1
374,560,20230418,1
1183,561,20230326,1
999,562,20230714,1
1399,563,20230517,1
918,564,20230301,1
67,565,20230213,1
1252,566,20230108,1
712,567,20230520,1
217,568,20230923,1
499,569,20231226,1
265,570,20230911,1
1595,571,20230909,1
94,572,20230922,1
1403,573,20230415,1
1303,574,20230921,1
1483,575,20230621,1
980,576,20231108,1
1696,577,20230216,1
235,578,20230309,1
1203,579,20230730,1
1576,580,20231015,1
543,581,20230613,1
414,582,20231018,1
498,583,20231112,1
846,584,20230301,1
970,585,20230625,1
576,586,20231014,1
1245,587,20231012,1
53,588,20231117,1
711,589,20230329,1
843,590,20230802,1
867,591,20230505,1
103,592,20230317,1
1672,593,20231108,1
656,594,20230425,1
950,595,20230301,1
1508,596,20231101,1
1806,597,20231101,1
1524,598,20231120,1
1576,599,20231028,1
385,600,20230724,1
982,601,20230321,1
679,602,20230117,1
559,603,20230825,1
937,604,20230524,1
961,605,20230604,1
371,606,20230706,1
428,607,20230901,1
64,608,20231206,1
390,609,20231024,1
1735,610,20230509,1
918,611,20230314,1
1925,612,20230726,1
950,613,20230421,1
1855,614,20231011,1
297,615,20231018,1
1983,616,20230425,1
424,617,20231108,1
1639,618,20230317,1
541,619,20230404,1
1287,620,20230105,1
565,621,20230226,1
681,622,20230614,1
1258,623,20231003,1
761,624,20230906,1
1168,625,20230830,1
1320,626,20230308,1
1131,627,20230916,1
56,628,20230321,1
1138,629,20230203,1
1119,630,20230304,1
1155,631,20231217,1
84,632,20231010,1
15,633,20230709,1
1276,634,20230210,1
817,635,20231223,1
1614,636,20231209,1
915,637,20230611,1
646,638,20230924,1
1537,639,20231007,1
806,640,20231103,1
1390,641,20230317,1
176,642,20230819,1
1156,643,20231019,1
1713,644,20231111,1
452,645,20231210,1
449,646,20231010,1
374,647,20230902,1
1809,648,20230429,1
1461,649,20230605,1
520,650,20230527,1
610,651,20230201,1
1111,652,20230809,1
1563,653,20231020,1
898,654,20230314,1
710,655,20230806,1
490,656,20230224,1
528,657,20230411,1
799,658,20230904,1
1896,659,20231222,1
1732,660,20230830,1
628,661,20231002,1
1032,662,20230311,1
1279,663,20231215,1
41,664,20231120,1
909,665,20230828,1
592,666,20230513,1
1913,667,20230107,1
232,668,20230302,1
262,669,20230508,1
1164,670,20230317,1
1755,671,20230620,1
327,672,20230209,1
1603,673,20230821,1
1568,674,20230720,1
5,675,20231104,1
331,676,20231009,1
77,677,20230323,1
1458,678,20230830,1
214,679,20230924,1
840,680,20230412,1
918,681,20231226,1
456,682,20231123,1
123,683,20231215,1
1801,684,20230205,1
1449,685,20231119,1
1231,686,20231215,1
1833,687,20230709,1
514,688,20230624,1
290,689,20231018,1
316,690,20230205,1
304,691,20230319,1
923,692,20230601,1
875,693,20230312,1
554,694,20230301,1
1311,695,20230309,1
1066,696,20231025,1
451,697,20230213,1
1473,698,20230317,1
960,699,20230705,1
170,700,20230910,1
12,701,20231007,1
1619,702,20231109,1
793,703,20231207,1
1682,704,20231103,1
1409,705,20230907,1
979,706,20230806,1
1959,707,20230826,1
1665,708,20230923,1
1797,709,20231119,1
170,710,20231212,1
1182,711,20230719,1
303,712,20230714,1
1182,713,20231027,1
912,714,20230814,1
1286,715,20231010,1
915,716,20230624,1
1374,717,20230315,1
171,718,20230304,1
595,719,20231122,1
1334,720,20230715,1
1231,721,20230825,1
1996,722,20230111,1
1325,723,20230802,1
1973,724,20230511,1
878,725,20230828,1
427,726,20231022,1
764,727,20230526,1
253,728,20231026,1
925,729,20230326,1
483,730,20230903,1
1540,731,20230225,1
193,732,20230723,1
1124,733,20230606,1
229,734,20231012,1
237,735,20230914,1
501,736,20231222,1
1774,737,20231207,1
1003,738,20230917,1
894,739,20230228,1
455,740,20230206,1
1682,741,20230817,1
1107,742,20231017,1
1617,743,20230331,1
572,744,20230809,1
1861,745,20230717,1
1822,746,20230217,1
1236,747,20231102,1
621,748,20230717,1
1086,749,20230127,1
1343,750,20230517,1
1228,751,20230414,1
1258,752,20230223,1
202,753,20231013,1
75,754,20230923,1
119,755,20230822,1
757,756,20230206,1
182,757,20230130,1
1634,758,20230807,1
113,759,20230802,1
1105,760,20230424,1
1973,761,20231223,1
982,762,20231228,1
99,763,20230419,1
964,764,20230728,1
1555,765,20230828,1
1281,766,20231101,1
1147,767,20231103,1
611,768,20230808,1
386,769,20230106,1
114,770,20230608,1
365,771,20230413,1
695,772,20230723,1
56,773,20230123,1
1294,774,20231118,1
1199,775,20230217,1
1674,776,20230518,1
1845,777,20231225,1
1019,778,20230420,1
821,779,20231214,1
1749,780,20230510,1
1778,781,20230824,1
1656,782,20230704,1
1481,783,20230712,1
132,784,20231223,1
1290,785,20230421,1
701,786,20230630,1
1171,787,20231108,1
1573,788,20230807,1
415,789,20230920,1
659,790,20230819,1
623,791,20230414,1
521,792,20230304,1
1830,793,20230224,1
754,794,20230610,1
1801,795,20230529,1
1293,796,20230121,1
1792,797,20231026,1
1363,798,20230708,1
1137,799,20230205,1
1158,800,20230109,1
1297,801,20230903,1
1434,802,20231126,1
1046,803,20230924,1
1755,804,20230810,1
1752,805,20230210,1
1815,806,20230903,1
329,807,20230515,1
735,808,20230716,1
1499,809,20230510,1
469,810,20230123,1
409,811,20231129,1
1305,812,20230911,1
1286,813,20230516,1
1336,814,20230629,1
1743,815,20231220,1
10,816,20230705,1
1788,817,20230324,1
402,818,20230615,1
847,819,20230617,1
951,820,20230930,1
219,821,20230605,1
823,822,20230408,1
885,823,20230712,1
1528,824,20230916,1
1627,825,20230603,1
407,826,20231222,1
924,827,20230516,1
1835,828,20230604,1
506,829,20230525,1
737,830,20230617,1
1818,831,20230107,1
431,832,20230627,1
969,833,20231103,1
463,834,20231119,1
694,835,20230628,1
1201,836,20230702,1
1720,837,20230221,1
772,838,20231008,1
919,839,20230905,1
1384,840,20230901,1
1811,841,20231120,1
466,842,20230722,1
1380,843,20230310,1
270,844,20231023,1
1600,845,20231124,1
652,846,20230516,1
607,847,20230511,1
934,848,20230912,1
1748,849,20230205,1
1795,850,20230605,1
523,851,20231208,1
521,852,20230331,1
82,853,20230121,1
438,854,20230406,1
781,855,20231026,1
1773,856,20230202,1
1294,857,20230428,1
1413,858,20230726,1
1570,859,20230302,1
964,860,20230228,1
1224,861,20230921,1
629,862,20231227,1
1118,863,20230515,1
1865,864,20230909,1
1972,865,20230727,1
684,866,20230815,1
1749,867,20230610,1
1104,868,20231001,1
838,869,20230517,1
238,870,20230419,1
1484,871,20231114,1
180,872,20230727,1
1890,873,20230420,1
1403,874,20230723,1
1171,875,20230522,1
844,876,20230929,1
1341,877,20230816,1
59,878,20231015,1
1337,879,20231116,1
180,880,20230110,1
43,881,20230122,1
837,882,20231213,1
1504,883,20230304,1
1116,884,20230811,1
1925,885,20230210,1
380,886,20230714,1
1425,887,20230819,1
1640,888,20230627,1
677,889,20231013,1
347,890,20230626,1
1414,891,20230330,1
1640,892,20231024,1
590,893,20230726,1
1970,894,20231112,1
1254,895,20230813,1
1105,896,20230118,1
848,897,20230529,1
914,898,20231209,1
1626,899,20230930,1
574,900,20231226,1
38,901,20231103,1
1644,902,20230627,1
379,903,20230702,1
1056,904,20231019,1
218,905,20231014,1
1837,906,20230210,1
1793,907,20230908,1
794,908,20230802,1
1546,909,20231210,1
402,910,20231209,1
955,911,20231025,1
368,912,20230404,1
1365,913,20230329,1
331,914,20230707,1
876,915,20230807,1
341,916,20230826,1
374,917,20230729,1
1054,918,20231117,1
1450,919,20231113,1
994,920,20230925,1
1847,921,20230314,1
281,922,20230122,1
852,923,20230622,1
1268,924,20231105,1
1587,925,20231227,1
429,926,20230731,1
1080,927,20230828,1
1670,928,20231122,1
1277,929,20230418,1
1105,930,20231028,1
551,931,20230304,1
974,932,20230513,1
1270,933,20231001,1
1030,934,20230517,1
242,935,20231229,1
996,936,20230517,1
1136,937,20230203,1
557,938,20230129,1
311,939,20231202,1
1373,940,20230807,1
1913,941,20230607,1
1279,942,20230510,1
600,943,20230207,1
1714,944,20230328,1
253,945,20230903,1
1622,946,20230107,1
1845,947,20230905,1
1744,948,20230727,1
1387,949,20230818,1
1580,950,20231217,1
492,951,20230324,1
184,952,20230910,1
1048,953,20230928,1
1829,954,20230203,1
458,955,20230412,1
151,956,20230924,1
1255,957,20230105,1
532,958,20230930,1
1663,959,20230814,1
698,960,20230722,1
1473,961,20230731,1
3,962,20231015,1
1727,963,20230712,1
381,964,20230212,1
318,965,20231111,1
931,966,20230709,1
1066,967,20230519,1
1622,968,20230423,1
670,969,20230905,1
1855,970,20230717,1
166,971,20231112,1
1537,972,20231124,1
419,973,20231206,1
45,974,20230526,1
1360,975,20231019,1
55,976,20230330,1
1361,977,20230815,1
535,978,20230401,1
1485,979,20230617,1
1146,980,20230510,1
46,981,20230118,1
1492,982,20230215,1
167,983,20230122,1
399,984,20230216,1
1112,985,20230702,1
1530,986,20230110,1
472,987,20230903,1
619,988,20230807,1
1808,989,20231019,1
1176,990,20230922,1
703,991,20230529,1
1861,992,20230419,1
1605,993,20230326,1
1623,994,20230525,1
1098,995,20230710,1
597,996,20230427,1
1826,997,20230213,1
1058,998,20230731,1
996,999,20230705,1
1732,1000,20230726,1
1040,1001,20231122,1
207,1002,20230106,1
1684,1003,20231011,1
219,1004,20230515,1
613,1005,20230928,1
608,1006,20230226,1
889,1007,20230225,1
870,1008,20230114,1
480,1009,20230104,1
1328,1010,20230322,1
1264,1011,20230222,1
192,1012,20230425,1
1671,1013,20230109,1
605,1014,20230629,1
211,1015,20230603,1
876,1016,20231217,1
1576,1017,20230430,1
1771,1018,20230204,1
1380,1019,20230105,1
1750,1020,20231231,1
313,1021,20231023,1
1281,1022,20230722,1
61,1023,20230515,1
1094,1024,20230830,1
1788,1025,20230126,1
1805,1026,20231230,1
1671,1027,20231021,1
1165,1028,20231028,1
1798,1029,20230423,1
705,1030,20230415,1
1254,1031,20230603,1
1514,1032,20230728,1
1610,1033,20230606,1
1570,1034,20230810,1
455,1035,20230928,1
552,1036,20230510,1
1682,1037,20231109,1
103,1038,20231222,1
1883,1039,20231015,1
600,1040,20230927,1
1458,1041,20231215,1
979,1042,20230823,1
146,1043,20230521,1
1968,1044,20230121,1
1791,1045,20231222,1
1385,1046,20230724,1
1034,1047,20230213,1
1252,1048,20231105,1
725,1049,20231008,1
724,1050,20230803,1
1578,1051,20230121,1
1897,1052,20230702,1
1770,1053,20230210,1
276,1054,20231225,1
619,1055,20231224,1
565,1056,20230623,1
1326,1057,20230126,1
1159,1058,20231024,1
1995,1059,20230322,1
945,1060,20230812,1
369,1061,20230411,1
1013,1062,20230401,1
1851,1063,20230419,1
1469,1064,20230517,1
461,1065,20231012,1
565,1066,20230305,1
591,1067,20230509,1
783,1068,20231215,1
1454,1069,20231107,1
1418,1070,20230811,1
462,1071,20230602,1
167,1072,20230614,1
14,1073,20230426,1
991,1074,20230320,1
1896,1075,20231110,1
1389,1076,20230701,1
1118,1077,20231102,1
1794,1078,20230512,1
645,1079,20230716,1
491,1080,20230930,1
925,1081,20231025,1
158,1082,20230924,1
1856,1083,20230627,1
764,1084,20230423,1
1094,1085,20230328,1
1675,1086,20230106,1
1687,1087,20231117,1
891,1088,20231009,1
928,1089,20231123,1
666,1090,20230814,1
1935,1091,20231024,1
164,1092,20230925,1
688,1093,20231201,1
1011,1094,20230206,1
120,1095,20230318,1
1096,1096,20230926,1
654,1097,20230506,1
1964,1098,20231020,1
726,1099,20230923,1
752,1100,20230315,1
1671,1101,20230713,1
1218,1102,20230417,1
944,1103,20230725,1
1496,1104,20230724,1
1014,1105,20230813,1
153,1106,20230328,1
235,1107,20230131,1
546,1108,20230730,1
1324,1109,20230413,1
1307,1110,20230919,1
473,1111,20230712,1
913,1112,20230629,1
1980,1113,20230522,1
268,1114,20230222,1
692,1115,20230510,1
160,1116,20230521,1
1514,1117,20231206,1
1162,1118,20230922,1
1041,1119,20230131,1
1619,1120,20230928,1
1762,1121,20231208,1
643,1122,20230206,1
319,1123,20231224,1
1234,1124,20231130,1
1296,1125,20230415,1
233,1126,20230707,1
1611,1127,20230728,1
1793,1128,20231002,1
976,1129,20230901,1
90,1130,20230824,1
1594,1131,20230618,1
1519,1132,20230817,1
333,1133,20231201,1
1439,1134,20230129,1
915,1135,20230514,1
1325,1136,20231228,1
1988,1137,20230128,1
1062,1138,20230207,1
1886,1139,20230319,1
834,1140,20230607,1
1828,1141,20231207,1
925,1142,20230113,1
299,1143,20230529,1
1438,1144,20230817,1
966,1145,20230313,1
1835,1146,20230310,1
382,1147,20231126,1
9,1148,20231128,1
314,1149,20230929,1
927,1150,20230207,1
1888,1151,20230209,1
676,1152,20230902,1
292,1153,20230214,1
1286,1154,20230626,1
1098,1155,20230308,1
1860,1156,20230211,1
1745,1157,20230917,1
764,1158,20230830,1
985,1159,20230422,1
1448,1160,20230201,1
218,1161,20230311,1
1779,1162,20230624,1
570,1163,20231109,1
1394,1164,20230721,1
1663,1165,20230402,1
649,1166,20230312,1
869,1167,20230218,1
998,1168,20231031,1
1637,1169,20230720,1
1426,1170,20231124,1
726,1171,20230426,1
1127,1172,20230712,1
111,1173,20230326,1
1892,1174,20230418,1
715,1175,20230111,1
1202,1176,20230722,1
1312,1177,20231227,1
1209,1178,20230305,1
453,1179,20230604,1
508,1180,20230304,1
1588,1181,20231006,1
1538,1182,20231217,1
198,1183,20230803,1
1682,1184,20230316,1
1401,1185,20230310,1
67,1186,20230704,1
626,1187,20231127,1
1950,1188,20230929,1
131,1189,20230731,1
825,1190,20230801,1
951,1191,20230303,1
1732,1192,20230119,1
238,1193,20231015,1
202,1194,20230320,1
897,1195,20230429,1
1114,1196,20230223,1
1090,1197,20231227,1
34,1198,20230207,1
604,1199,20230110,1
1454,1200,20231219,1
177,1201,20230706,1
1780,1202,20231122,1
1356,1203,20230610,1
871,1204,20230926,1
797,1205,20230330,1
298,1206,20230728,1
605,1207,20230407,1
1549,1208,20230530,1
1648,1209,20230508,1
1096,1210,20230301,1
376,1211,20230202,1
279,1212,20231010,1
379,1213,20230804,1
903,1214,20230130,1
1177,1215,20230201,1
828,1216,20230621,1
1285,1217,20230201,1
356,1218,20230131,1
87,1219,20230702,1
64,1220,20231103,1
1347,1221,20231124,1
209,1222,20231227,1
686,1223,20230823,1
410,1224,20230415,1
1961,1225,20230910,1
205,1226,20230822,1
640,1227,20230111,1
1351,1228,20230128,1
1393,1229,20231111,1
1435,1230,20231023,1
1644,1231,20231011,1
1897,1232,20230303,1
1073,1233,20230320,1
999,1234,20230211,1
1404,1235,20230330,1
170,1236,20230305,1
583,1237,20230508,1
1933,1238,20230204,1
1061,1239,20230405,1
1196,1240,20231221,1
1380,1241,20231121,1
420,1242,20230725,1
921,1243,20231128,1
1153,1244,20231106,1
796,1245,20230104,1
139,1246,20230628,1
235,1247,20230302,1
1475,1248,20231010,1
1665,1249,20230717,1
700,1250,20231225,1
1475,1251,20230620,1
848,1252,20230405,1
1848,1253,20230218,1
1105,1254,20230118,1
338,1255,20230731,1
697,1256,20231128,1
1989,1257,20230110,1
1455,1258,20231112,1
1852,1259,20230824,1
1455,1260,20230818,1
28,1261,20231109,1
1044,1262,20230815,1
1358,1263,20230319,1
1900,1264,20230517,1
277,1265,20230129,1
1882,1266,20230202,1
1810,1267,20230211,1
1955,1268,20230616,1
587,1269,20230203,1
1769,1270,20230729,1
804,1271,20230904,1
1229,1272,20230108,1
1004,1273,20230707,1
842,1274,20230628,1
814,1275,20230802,1
1130,1276,20230701,1
152,1277,20230726,1
170,1278,20231229,1
820,1279,20230329,1
276,1280,20231227,1
1221,1281,20231231,1
1677,1282,20230707,1
1516,1283,20230102,1
1595,1284,20230910,1
533,1285,20231206,1
4,1286,20230220,1
762,1287,20231013,1
1973,1288,20230725,1
613,1289,20231018,1
986,1290,20230225,1
315,1291,20230919,1
314,1292,20230511,1
138,1293,20230822,1
899,1294,20230616,1
131,1295,20231128,1
1059,1296,20230130,1
215,1297,20230409,1
1111,1298,20230824,1
1042,1299,20231125,1
1612,1300,20230730,1
1264,1301,20230626,1
910,1302,20230222,1
72,1303,20230826,1
862,1304,20231025,1
31,1305,20230807,1
669,1306,20230413,1
1033,1307,20231108,1
1875,1308,20230605,1
932,1309,20230920,1
1992,1310,20230130,1
1839,1311,20230904,1
964,1312,20231207,1
789,1313,20230304,1
250,1314,20230530,1
1672,1315,20230922,1
555,1316,20230124,1
1970,1317,20230331,1
1076,1318,20230909,1
12,1319,20230304,1
1538,1320,20230402,1
166,1321,20230720,1
1094,1322,20230605,1
765,1323,20230924,1
743,1324,20230505,1
1376,1325,20230329,1
165,1326,20230514,1
1721,1327,20231108,1
599,1328,20230326,1
1523,1329,20230826,1
1164,1330,20230325,1
1532,1331,20230827,1
1991,1332,20230504,1
1671,1333,20231106,1
425,1334,20230508,1
1478,1335,20230916,1
103,1336,20230223,1
91,1337,20230427,1
1264,1338,20231010,1
1293,1339,20231210,1
1937,1340,20230503,1
603,1341,20230720,1
1046,1342,20230506,1
1369,1343,20230329,1
241,1344,20230921,1
698,1345,20230525,1
1651,1346,20230516,1
1674,1347,20230221,1
779,1348,20231129,1
1136,1349,20230214,1
1948,1350,20230919,1
353,1351,20230920,1
1304,1352,20230720,1
630,1353,20230415,1
884,1354,20230101,1
1902,1355,20231206,1
999,1356,20230618,1
24,1357,20230102,1
1611,1358,20230502,1
1636,1359,20231026,1
1475,1360,20230812,1
1343,1361,20230419,1
1252,1362,20230327,1
656,1363,20230925,1
699,1364,20230912,1
235,1365,20230205,1
1596,1366,20230117,1
1778,1367,20230916,1
737,1368,20230124,1
779,1369,20230525,1
1742,1370,20230803,1
1421,1371,20231018,1
1490,1372,20230420,1
1050,1373,20230227,1
730,1374,20230405,1
1237,1375,20230823,1
1297,1376,20230706,1
39,1377,20230120,1
1330,1378,20230409,1
595,1379,20230306,1
377,1380,20231105,1
1920,1381,20230120,1
614,1382,20231010,1
466,1383,20231223,1
914,1384,20231104,1
1818,1385,20231231,1
1947,1386,20230824,1
697,1387,20230719,1
548,1388,20230917,1
1540,1389,20230817,1
1430,1390,20231211,1
1877,1391,20230404,1
1186,1392,20230405,1
1618,1393,20230622,1
1408,1394,20230609,1
801,1395,20230925,1
838,1396,20230426,1
764,1397,20230112,1
516,1398,20230610,1
1842,1399,20230322,1
124,1400,20230704,1
100,1401,20230421,1
991,1402,20230624,1
1365,1403,20231217,1
398,1404,20230816,1
1916,1405,20231012,1
920,1406,20230923,1
1928,1407,20230702,1
775,1408,20230415,1
1060,1409,20230831,1
1488,1410,20231015,1
260,1411,20230918,1
1194,1412,20230418,1
408,1413,20230115,1
1741,1414,20230428,1
532,1415,20230929,1
1934,1416,20230803,1
490,1417,20230313,1
293,1418,20230401,1
121,1419,20231203,1
1504,1420,20231013,1
329,1421,20231029,1
801,1422,20230726,1
538,1423,20231111,1
1636,1424,20231014,1
1088,1425,20231211,1
1433,1426,20230903,1
439,1427,20230716,1
1444,1428,20230228,1
305,1429,20230601,1
377,1430,20230412,1
907,1431,20230220,1
1753,1432,20231013,1
1924,1433,20230323,1
856,1434,20231209,1
654,1435,20230414,1
1724,1436,20230206,1
1246,1437,20230511,1
754,1438,20230516,1
981,1439,20230127,1
1503,1440,20231121,1
1246,1441,20230526,1
634,1442,20230827,1
1207,1443,20230722,1
227,1444,20230429,1
876,1445,20231020,1
1462,1446,20230512,1
97,1447,20230311,1
99,1448,20230428,1
1206,1449,20230613,1
1608,1450,20230214,1
901,1451,20230729,1
1534,1452,20230819,1
1646,1453,20231223,1
1609,1454,20230808,1
1334,1455,20230302,1
1133,1456,20230422,1
777,1457,20230910,1
1081,1458,20230601,1
634,1459,20231011,1
822,1460,20230929,1
807,1461,20230422,1
712,1462,20230102,1
363,1463,20230502,1
651,1464,20231123,1
1802,1465,20231206,1
1331,1466,20231128,1
815,1467,20230411,1
1989,1468,20231128,1
765,1469,20230503,1
1798,1470,20230830,1
1917,1471,20230319,1
1890,1472,20230725,1
324,1473,20231209,1
1860,1474,20231210,1
1177,1475,20231013,1
779,1476,20230829,1
930,1477,20230407,1
1803,1478,20230528,1
1957,1479,20230509,1
1398,1480,20230612,1
198,1481,20230929,1
1916,1482,20230506,1
733,1483,20231027,1
405,1484,20231018,1
1383,1485,20230906,1
1087,1486,20230401,1
1166,1487,20231126,1
858,1488,20230407,1
1822,1489,20230917,1
1677,1490,20231206,1
1207,1491,20230319,1
1853,1492,20230709,1
1806,1493,20230104,1
365,1494,20230114,1
126,1495,20231015,1
1829,1496,20231106,1
1858,1497,20230804,1
664,1498,20231222,1
1254,1499,20231209,1
1742,1500,20230109,1
732,1501,20230926,1
758,1502,20230604,1
664,1503,20230222,1
1631,1504,20230601,1
408,1505,20230603,1
632,1506,20230531,1
975,1507,20230623,1
194,1508,20230923,1
714,1509,20230619,1
1696,1510,20231020,1
1746,1511,20230706,1
619,1512,20230315,1
1448,1513,20230706,1
775,1514,20230831,1
1863,1515,20230423,1
1708,1516,20230610,1
1433,1517,20230730,1
1997,1518,20230509,1
508,1519,20230105,1
1100,1520,20230402,1
983,1521,20230405,1
834,1522,20230308,1
134,1523,20230608,1
1892,1524,20230921,1
1101,1525,20231005,1
1490,1526,20230929,1
1860,1527,20230426,1
1467,1528,20230913,1
1160,1529,20230720,1
323,1530,20230106,1
539,1531,20230510,1
1211,1532,20231103,1
1586,1533,20230503,1
150,1534,20231124,1
1215,1535,20230604,1
802,1536,20230124,1
412,1537,20230314,1
1850,1538,20230929,1
459,1539,20230215,1
416,1540,20231006,1
1864,1541,20231103,1
1738,1542,20230306,1
1433,1543,20230903,1
1551,1544,20230608,1
1425,1545,20230903,1
494,1546,20230513,1
342,1547,20231228,1
1432,1548,20230806,1
1171,1549,20230717,1
1282,1550,20230510,1
375,1551,20231022,1
110,1552,20230403,1
1314,1553,20231209,1
948,1554,20230825,1
740,1555,20231224,1
51,1556,20230916,1
1350,1557,20230110,1
1982,1558,20230224,1
621,1559,20230210,1
1803,1560,20231203,1
1081,1561,20231225,1
611,1562,20231123,1
810,1563,20231015,1
1223,1564,20230101,1
824,1565,20230920,1
1718,1566,20231022,1
73,1567,20230116,1
766,1568,20231013,1
370,1569,20231220,1
180,1570,20231114,1
99,1571,20230630,1
457,1572,20231117,1
606,1573,20230903,1
1870,1574,20230326,1
11,1575,20231204,1
229,1576,20230301,1
1369,1577,20230213,1
1663,1578,20231227,1
1096,1579,20230204,1
1227,1580,20230907,1
719,1581,20230304,1
412,1582,20231206,1
1652,1583,20230529,1
1573,1584,20230327,1
784,1585,20230129,1
646,1586,20230624,1
1301,1587,20230602,1
1358,1588,20230321,1
1316,1589,20230702,1
592,1590,20230123,1
1311,1591,20230626,1
1972,1592,20230329,1
11,1593,20230215,1
17,1594,20230421,1
767,1595,20230815,1
697,1596,20230617,1
169,1597,20230726,1
1680,1598,20230414,1
326,1599,20230506,1
948,1600,20230506,1
175,1601,20230814,1
60,1602,20231001,1
858,1603,20231005,1
553,1604,20230329,1
405,1605,20230908,1
1661,1606,20231001,1
1,1607,20230118,1
768,1608,20230911,1
312,1609,20230602,1
410,1610,20230103,1
807,1611,20230412,1
1328,1612,20231030,1
1260,1613,20230827,1
70,1614,20230923,1
1732,1615,20230405,1
571,1616,20231007,1
942,1617,20230108,1
1725,1618,20231217,1
1934,1619,20230822,1
1441,1620,20231005,1
1085,1621,20230602,1
136,1622,20230428,1
907,1623,20231102,1
1399,1624,20230314,1
1580,1625,20230109,1
1774,1626,20230103,1
600,1627,20230610,1
1345,1628,20231120,1
320,1629,20230118,1
627,1630,20231010,1
1715,1631,20230623,1
1376,1632,20230104,1
1325,1633,20230212,1
1962,1634,20231117,1
1170,1635,20230911,1
1529,1636,20230718,1
752,1637,20231205,1
630,1638,20230920,1
1333,1639,20231030,1
1341,1640,20230127,1
225,1641,20230124,1
239,1642,20230921,1
1436,1643,20230814,1
575,1644,20230921,1
51,1645,20231204,1
1166,1646,20230518,1
3,1647,20230907,1
851,1648,20230825,1
700,1649,20230715,1
1039,1650,20230521,1
646,1651,20230505,1
166,1652,20230309,1
329,1653,20230419,1
19,1654,20231216,1
1120,1655,20230105,1
990,1656,20230117,1
239,1657,20231224,1
45,1658,20231130,1
868,1659,20230415,1
1771,1660,20230914,1
915,1661,20231231,1
711,1662,20231126,1
183,1663,20231225,1
182,1664,20230624,1
60,1665,20231230,1
102,1666,20231106,1
1382,1667,20231217,1
837,1668,20230701,1
1527,1669,20230728,1
1728,1670,20231014,1
1151,1671,20230605,1
1094,1672,20230312,1
1962,1673,20231130,1
978,1674,20231212,1
1683,1675,20230715,1
199,1676,20230628,1
488,1677,20230327,1
735,1678,20231023,1
356,1679,20230322,1
1472,1680,20230320,1
1676,1681,20230402,1
1136,1682,20230909,1
1495,1683,20230430,1
216,1684,20230611,1
594,1685,20231024,1
451,1686,20230816,1
365,1687,20230902,1
554,1688,20230519,1
1459,1689,20231221,1
432,1690,20231223,1
174,1691,20230727,1
1286,1692,20230723,1
601,1693,20230318,1
1928,1694,20231105,1
1464,1695,20230614,1
811,1696,20230213,1
969,1697,20230812,1
798,1698,20231024,1
458,1699,20230115,1
1024,1700,20230220,1
854,1701,20231030,1
1241,1702,20230509,1
1651,1703,20230915,1
1451,1704,20230302,1
1394,1705,20231119,1
1698,1706,20231008,1
2000,1707,20230829,1
627,1708,20230807,1
1882,1709,20230317,1
1162,1710,20230413,1
1657,1711,20230828,1
48,1712,20230617,1
1047,1713,20231007,1
798,1714,20230526,1
1104,1715,20230511,1
766,1716,20230221,1
998,1717,20230523,1
87,1718,20230519,1
321,1719,20231219,1
110,1720,20230115,1
1382,1721,20231018,1
1947,1722,20230202,1
1372,1723,20231022,1
1703,1724,20231222,1
876,1725,20230322,1
182,1726,20230616,1
139,1727,20231225,1
1510,1728,20230318,1
1881,1729,20230916,1
246,1730,20231217,1
466,1731,20231024,1
1359,1732,20230729,1
833,1733,20230105,1
1658,1734,20231029,1
1017,1735,20230805,1
1116,1736,20230520,1
83,1737,20230311,1
1569,1738,20230516,1
87,1739,20230922,1
1673,1740,20230810,1
1886,1741,20231031,1
284,1742,20231113,1
620,1743,20230803,1
485,1744,20230614,1
1243,1745,20230703,1
370,1746,20231114,1
1734,1747,20230522,1
500,1748,20230202,1
1649,1749,20230622,1
103,1750,20230214,1
291,1751,20230818,1
229,1752,20231107,1
644,1753,20230117,1
1699,1754,20230410,1
1524,1755,20231016,1
217,1756,20230304,1
804,1757,20231008,1
532,1758,20231018,1
1354,1759,20231009,1
325,1760,20230509,1
664,1761,20230828,1
636,1762,20231228,1
389,1763,20230803,1
224,1764,20230119,1
1779,1765,20230725,1
1599,1766,20230116,1
556,1767,20230606,1
158,1768,20230215,1
1213,1769,20230321,1
1417,1770,20230826,1
1326,1771,20231217,1
260,1772,20230526,1
983,1773,20230909,1
1870,1774,20230101,1
1628,1775,20231114,1
620,1776,20231229,1
1070,1777,20231221,1
981,1778,20230506,1
209,1779,20230822,1
740,1780,20230731,1
501,1781,20230621,1
1964,1782,20230520,1
718,1783,20230927,1
1895,1784,20230916,1
1208,1785,20231225,1
525,1786,20230321,1
894,1787,20231014,1
592,1788,20231204,1
359,1789,20231230,1
919,1790,20230119,1
905,1791,20230902,1
1063,1792,20230715,1
1745,1793,20230920,1
439,1794,20231010,1
1441,1795,20230705,1
1604,1796,20230505,1
607,1797,20230917,1
135,1798,20230102,1
1334,1799,20230722,1
462,1800,20230109,1
1928,1801,20230417,1
1109,1802,20231128,1
865,1803,20230726,1
113,1804,20231103,1
757,1805,20230108,1
1156,1806,20230711,1
56,1807,20230314,1
1359,1808,20230509,1
318,1809,20230218,1
1763,1810,20231211,1
345,1811,20230616,1
1117,1812,20230908,1
523,1813,20230628,1
661,1814,20230402,1
283,1815,20231121,1
652,1816,20230717,1
1036,1817,20231129,1
748,1818,20231004,1
553,1819,20230913,1
431,1820,20230501,1
24,1821,20230102,1
1604,1822,20230213,1
1585,1823,20231105,1
1539,1824,20230830,1
1444,1825,20230430,1
1551,1826,20230819,1
1416,1827,20230627,1
1887,1828,20231218,1
1191,1829,20230412,1
1825,1830,20230326,1
392,1831,20230813,1
393,1832,20230109,1
471,1833,20230912,1
784,1834,20231227,1
913,1835,20230809,1
348,1836,20230902,1
1756,1837,20230323,1
538,1838,20230909,1
701,1839,20230706,1
1436,1840,20230604,1
123,1841,20230521,1
1848,1842,20230118,1
1972,1843,20230109,1
1572,1844,20230116,1
1878,1845,20231208,1
1515,1846,20231027,1
1018,1847,20230103,1
1662,1848,20230206,1
1510,1849,20231002,1
1478,1850,20230717,1
632,1851,20230706,1
736,1852,20231014,1
1986,1853,20230811,1
1494,1854,20230919,1
1220,1855,20230617,1
523,1856,20230809,1
561,1857,20231113,1
1088,1858,20230825,1
1091,1859,20231224,1
1097,1860,20230710,1
1487,1861,20230131,1
1229,1862,20230708,1
295,1863,20230512,1
196,1864,20230916,1
1357,1865,20230601,1
830,1866,20230329,1
1540,1867,20230517,1
357,1868,20230531,1
1736,1869,20230327,1
467,1870,20230530,1
496,1871,20231006,1
1600,1872,20230306,1
1411,1873,20230914,1
1341,1874,20230926,1
291,1875,20231017,1
1990,1876,20230515,1
693,1877,20230306,1
1865,1878,20230724,1
53,1879,20230223,1
1804,1880,20230129,1
1021,1881,20231218,1
881,1882,20230411,1
1390,1883,20230204,1
810,1884,20230319,1
1030,1885,20230717,1
1554,1886,20230205,1
904,1887,20231226,1
1579,1888,20230805,1
1520,1889,20230919,1
870,1890,20230301,1
18,1891,20230602,1
1583,1892,20230910,1
98,1893,20231025,1
501,1894,20230719,1
881,1895,20231001,1
1580,1896,20230412,1
1492,1897,20230106,1
851,1898,20230526,1
109,1899,20231204,1
1382,1900,20230623,1
461,1901,20230807,1
539,1902,20230613,1
1756,1903,20230715,1
1832,1904,20230415,1
984,1905,20230115,1
287,1906,20230102,1
1663,1907,20230419,1
1788,1908,20231006,1
411,1909,20230706,1
1685,1910,20231231,1
289,1911,20230919,1
1829,1912,20230724,1
1964,1913,20230425,1
1965,1914,20230604,1
1936,1915,20230912,1
1172,1916,20230918,1
439,1917,20230312,1
1583,1918,20230728,1
1035,1919,20231128,1
397,1920,20230708,1
938,1921,20231007,1
1951,1922,20230716,1
1270,1923,20230328,1
1045,1924,20230516,1
1531,1925,20230531,1
1573,1926,20230205,1
1376,1927,20230808,1
883,1928,20231002,1
934,1929,20230609,1
1413,1930,20230515,1
463,1931,20231228,1
1662,1932,20230530,1
669,1933,20230830,1
1836,1934,20230813,1
1495,1935,20230806,1
222,1936,20230115,1
1749,1937,20230630,1
320,1938,20230825,1
1380,1939,20231204,1
600,1940,20230824,1
1125,1941,20230710,1
1960,1942,20230605,1
1979,1943,20230205,1
1157,1944,20230219,1
1632,1945,20230128,1
1789,1946,20230930,1
1933,1947,20230403,1
1811,1948,20230928,1
549,1949,20231212,1
1831,1950,20230813,1
1985,1951,20231009,1
1786,1952,20230313,1
613,1953,20231124,1
277,1954,20230510,1
1923,1955,20230908,1
239,1956,20231029,1
185,1957,20230716,1
1662,1958,20230414,1
280,1959,20231120,1
233,1960,20230516,1
1736,1961,20230815,1
659,1962,20230731,1
781,1963,20230504,1
1780,1964,20230509,1
181,1965,20230827,1
1543,1966,20231126,1
1032,1967,20230916,1
1535,1968,20231011,1
967,1969,20231015,1
1923,1970,20230801,1
1609,1971,20230409,1
1066,1972,20231008,1
644,1973,20230320,1
1116,1974,20230331,1
664,1975,20230103,1
1421,1976,20230210,1
688,1977,20231231,1
66,1978,20230426,1
1073,1979,20230623,1
1668,1980,20230117,1
1846,1981,20231224,1
166,1982,20230731,1
258,1983,20230210,1
8,1984,20231023,1
549,1985,20230820,1
24,1986,20230819,1
913,1987,20230703,1
423,1988,20230908,1
1522,1989,20230429,1
1104,1990,20230928,1
1500,1991,20230623,1
1154,1992,20231220,1
1646,1993,20230516,1
1767,1994,20230105,1
6,1995,20230208,1
177,1996,20230116,1
576,1997,20230214,1
1697,1998,20230716,1
92,1999,20230307,1
1040,2000,20230813,1
1090,2001,20230106,1
290,2002,20230701,1
322,2003,20230410,1
424,2004,20230511,1
1284,2005,20230407,1
1668,2006,20230510,1
1440,2007,20230412,1
201,2008,20230524,1
579,2009,20230410,1
628,2010,20230810,1
1291,2011,20230716,1
244,2012,20230913,1
1528,2013,20230830,1
1257,2014,20230525,1
62,2015,20231009,1
1377,2016,20230509,1
1651,2017,20230225,1
813,2018,20230608,1
1477,2019,20231109,1
539,2020,20230225,1
1622,2021,20230304,1
959,2022,20230508,1
1712,2023,20230918,1
1699,2024,20230523,1
231,2025,20231217,1
1631,2026,20230418,1
1718,2027,20230316,1
73,2028,20230415,1
1950,2029,20230228,1
1040,2030,20230810,1
896,2031,20230331,1
1991,2032,20230813,1
579,2033,20231229,1
1789,2034,20230724,1
1605,2035,20230310,1
1403,2036,20230702,1
1171,2037,20230105,1
139,2038,20230502,1
983,2039,20230308,1
495,2040,20230225,1
1985,2041,20230327,1
1264,2042,20230403,1
853,2043,20230124,1
498,2044,20230906,1
296,2045,20230401,1
1146,2046,20230605,1
1660,2047,20231105,1
307,2048,20231211,1
608,2049,20231116,1
310,2050,20230125,1
1938,2051,20230505,1
1814,2052,20231024,1
1717,2053,20230611,1
506,2054,20231010,1
647,2055,20231022,1
500,2056,20230202,1
1716,2057,20231130,1
1666,2058,20230505,1
1864,2059,20230413,1
339,2060,20230908,1
1558,2061,20231028,1
1439,2062,20230605,1
62,2063,20230708,1
1794,2064,20230208,1
1542,2065,20230303,1
1899,2066,20231009,1
415,2067,20230507,1
1791,2068,20230318,1
689,2069,20230219,1
1400,2070,20230414,1
515,2071,20230702,1
507,2072,20231128,1
1877,2073,20230621,1
1280,2074,20231222,1
983,2075,20230219,1
1229,2076,20230701,1
1792,2077,20231106,1
1721,2078,20230713,1
19,2079,20230921,1
1738,2080,20230224,1
1821,2081,20230505,1
745,2082,20230228,1
1338,2083,20230105,1
1746,2084,20231226,1
386,2085,20230410,1
1251,2086,20231122,1
1467,2087,20230626,1
1237,2088,20231113,1
474,2089,20231129,1
1100,2090,20230825,1
974,2091,20230606,1
1079,2092,20230119,1
1282,2093,20230921,1
1334,2094,20230701,1
1470,2095,20230501,1
882,2096,20230930,1
1679,2097,20230313,1
765,2098,20230419,1
1507,2099,20230506,1
42,2100,20231009,1
266,2101,20231223,1
1085,2102,20230221,1
437,2103,20230312,1
1202,2104,20231029,1
1895,2105,20230629,1
13,2106,20230413,1
612,2107,20231117,1
778,2108,20230123,1
1838,2109,20230630,1
625,2110,20230626,1
421,2111,20230402,1
470,2112,20231202,1
832,2113,20230301,1
1071,2114,20230214,1
1684,2115,20230117,1
595,2116,20230920,1
105,2117,20231103,1
890,2118,20231106,1
1637,2119,20230513,1
165,2120,20230304,1
1066,2121,20230211,1
1207,2122,20230522,1
21,2123,20230919,1
1251,2124,20230319,1
1629,2125,20230808,1
714,2126,20231008,1
163,2127,20230213,1
971,2128,20230309,1
1761,2129,20230514,1
190,2130,20230306,1
1636,2131,20230731,1
1546,2132,20230119,1
1945,2133,20230811,1
456,2134,20230329,1
486,2135,20230205,1
961,2136,20230529,1
1800,2137,20231229,1
589,2138,20230523,1
728,2139,20230403,1
1455,2140,20230619,1
1157,2141,20230201,1
443,2142,20230814,1
1606,2143,20230314,1
286,2144,20230410,1
828,2145,20230701,1
1834,2146,20230411,1
1665,2147,20230505,1
456,2148,20230313,1
887,2149,20230222,1
962,2150,20230905,1
1821,2151,20230401,1
937,2152,20230728,1
294,2153,20230529,1
26,2154,20230417,1
688,2155,20230418,1
618,2156,20231013,1
860,2157,20231031,1
872,2158,20231116,1
1790,2159,20231029,1
801,2160,20230409,1
621,2161,20230415,1
1244,2162,20230628,1
994,2163,20230717,1
1289,2164,20230508,1
1751,2165,20230130,1
1999,2166,20230402,1
1163,2167,20231013,1
612,2168,20231011,1
1195,2169,20230130,1
477,2170,20231217,1
1610,2171,20230819,1
1195,2172,20230821,1
783,2173,20230115,1
949,2174,20230509,1
1704,2175,20230214,1
108,2176,20230220,1
952,2177,20231103,1
1732,2178,20230114,1
735,2179,20231128,1
500,2180,20230706,1
377,2181,20230222,1
1945,2182,20230716,1
107,2183,20230125,1
147,2184,20230917,1
1551,2185,20230319,1
714,2186,20231029,1
869,2187,20231015,1
988,2188,20230402,1
263,2189,20230321,1
597,2190,20231011,1
1068,2191,20231129,1
1437,2192,20231112,1
1373,2193,20230327,1
22,2194,20231015,1
586,2195,20230517,1
779,2196,20231013,1
1133,2197,20230901,1
364,2198,20230120,1
1203,2199,20230304,1
1884,2200,20230123,1
1784,2201,20231209,1
1425,2202,20230522,1
340,2203,20231224,1
71,2204,20230908,1
508,2205,20231110,1
1632,2206,20230202,1
750,2207,20230110,1
100,2208,20231026,1
304,2209,20231216,1
992,2210,20230520,1
1775,2211,20230613,1
418,2212,20230530,1
1706,2213,20231111,1
1440,2214,20230905,1
1854,2215,20231030,1
140,2216,20231025,1
861,2217,20230619,1
381,2218,20230909,1
1728,2219,20230618,1
1307,2220,20230207,1
472,2221,20230627,1
1353,2222,20230409,1
860,2223,20230716,1
1548,2224,20231221,1
1052,2225,20230723,1
707,2226,20230216,1
1669,2227,20231221,1
1453,2228,20230523,1
875,2229,20230603,1
1266,2230,20230415,1
1059,2231,20230111,1
1830,2232,20231005,1
694,2233,20230921,1
867,2234,20231109,1
519,2235,20230914,1
1515,2236,20230620,1
1027,2237,20230905,1
1807,2238,20230810,1
166,2239,20230825,1
392,2240,20230214,1
1958,2241,20230525,1
1123,2242,20231103,1
267,2243,20231028,1
472,2244,20230920,1
1480,2245,20231025,1
1540,2246,20231114,1
319,2247,20230616,1
893,2248,20230410,1
1278,2249,20230526,1
1884,2250,20230323,1
1503,2251,20230830,1
689,2252,20230719,1
1924,2253,20230712,1
1440,2254,20230624,1
1711,2255,20231130,1
1727,2256,20230404,1
1583,2257,20230114,1
263,2258,20231211,1
1239,2259,20231107,1
1075,2260,20230905,1
171,2261,20230623,1
203,2262,20230323,1
1082,2263,20230221,1
1919,2264,20231230,1
123,2265,20231205,1
24,2266,20231106,1
371,2267,20230223,1
1078,2268,20230701,1
1222,2269,20230511,1
1390,2270,20230830,1
1292,2271,20230419,1
1569,2272,20230601,1
1121,2273,20231020,1
815,2274,20230815,1
751,2275,20230318,1
1081,2276,20230204,1
1179,2277,20230404,1
1925,2278,20230329,1
935,2279,20230409,1
1614,2280,20230530,1
733,2281,20230122,1
896,2282,20230817,1
1313,2283,20230206,1
310,2284,20230220,1
981,2285,20230215,1
1667,2286,20230602,1
1496,2287,20230912,1
88,2288,20230722,1
884,2289,20230709,1
1288,2290,20230412,1
1664,2291,20230202,1
1155,2292,20230323,1
1429,2293,20230421,1
1467,2294,20231101,1
1034,2295,20230613,1
329,2296,20231021,1
1359,2297,20231115,1
382,2298,20230401,1
1979,2299,20231028,1
303,2300,20230502,1
363,2301,20231027,1
1727,2302,20230516,1
1022,2303,20230108,1
1646,2304,20230731,1
449,2305,20230624,1
871,2306,20231108,1
568,2307,20230421,1
179,2308,20230301,1
196,2309,20230720,1
1758,2310,20230213,1
945,2311,20230212,1
323,2312,20230122,1
710,2313,20230926,1
1369,2314,20230903,1
34,2315,20230819,1
1004,2316,20230319,1
1477,2317,20230726,1
323,2318,20230228,1
1513,2319,20230330,1
135,2320,20230918,1
1917,2321,20231218,1
1536,2322,20230101,1
1825,2323,20230508,1
1621,2324,20230827,1
528,2325,20231003,1
1556,2326,20230530,1
1076,2327,20231029,1
1499,2328,20231019,1
1800,2329,20230304,1
1492,2330,20230728,1
1731,2331,20230430,1
221,2332,20231117,1
920,2333,20230502,1
540,2334,20230911,1
276,2335,20230429,1
4,2336,20230622,1
1037,2337,20230728,1
484,2338,20231018,1
755,2339,20231208,1
905,2340,20230123,1
1777,2341,20230208,1
233,2342,20230210,1
536,2343,20230817,1
1053,2344,20230611,1
703,2345,20231012,1
1913,2346,20230622,1
65,2347,20230222,1
1610,2348,20230927,1
738,2349,20231123,1
1491,2350,20230906,1
262,2351,20230721,1
1949,2352,20230302,1
210,2353,20230908,1
561,2354,20230607,1
290,2355,20230511,1
380,2356,20230810,1
1172,2357,20230921,1
1126,2358,20230827,1
19,2359,20230505,1
871,2360,20230203,1
1498,2361,20230528,1
968,2362,20230112,1
592,2363,20230512,1
1277,2364,20230117,1
1954,2365,20230821,1
24,2366,20230923,1
1475,2367,20230510,1
99,2368,20230602,1
1557,2369,20230517,1
1867,2370,20230601,1
907,2371,20231213,1
1413,2372,20231006,1
1463,2373,20231107,1
1164,2374,20230602,1
1879,2375,20231005,1
1008,2376,20230917,1
90,2377,20230909,1
1560,2378,20230211,1
266,2379,20230426,1
396,2380,20230223,1
801,2381,20230320,1
1974,2382,20231122,1
238,2383,20230803,1
353,2384,20230805,1
1998,2385,20231106,1
834,2386,20231203,1
175,2387,20230226,1
496,2388,20230905,1
1428,2389,20230502,1
1430,2390,20230926,1
233,2391,20230510,1
1268,2392,20231206,1
561,2393,20231224,1
803,2394,20230315,1
1387,2395,20230108,1
604,2396,20230813,1
241,2397,20231226,1
1824,2398,20230505,1
1982,2399,20230608,1
243,2400,20230916,1
1012,2401,20230703,1
998,2402,20230929,1
1680,2403,20231126,1
1665,2404,20230219,1
743,2405,20230114,1
1816,2406,20230203,1
1815,2407,20230705,1
543,2408,20230429,1
568,2409,20230619,1
1047,2410,20230916,1
1588,2411,20230710,1
443,2412,20230805,1
1801,2413,20230413,1
1012,2414,20231009,1
600,2415,20230407,1
1663,2416,20231116,1
262,2417,20231203,1
478,2418,20230920,1
1554,2419,20231226,1
1781,2420,20230119,1
1858,2421,20231202,1
1206,2422,20230905,1
1046,2423,20230723,1
1901,2424,20230418,1
899,2425,20230108,1
542,2426,20231024,1
961,2427,20230611,1
1674,2428,20231120,1
1554,2429,20231119,1
1138,2430,20231128,1
10,2431,20231109,1
1270,2432,20231201,1
638,2433,20231211,1
700,2434,20230721,1
130,2435,20230112,1
429,2436,20231007,1
57,2437,20230804,1
847,2438,20230601,1
343,2439,20230917,1
922,2440,20231215,1
1387,2441,20230205,1
552,2442,20230628,1
388,2443,20230726,1
1258,2444,20231202,1
1365,2445,20231022,1
692,2446,20230508,1
160,2447,20230317,1
1743,2448,20230911,1
1171,2449,20231105,1
193,2450,20230225,1
1094,2451,20230310,1
876,2452,20231024,1
1095,2453,20230614,1
1817,2454,20230203,1
1181,2455,20231209,1
855,2456,20231002,1
732,2457,20230322,1
814,2458,20230326,1
688,2459,20230203,1
1145,2460,20231009,1
1707,2461,20230213,1
1055,2462,20231108,1
789,2463,20230615,1
444,2464,20230526,1
1262,2465,20230107,1
1378,2466,20230727,1
198,2467,20230423,1
15,2468,20230404,1
337,2469,20230119,1
443,2470,20230508,1
975,2471,20231218,1
162,2472,20230421,1
1037,2473,20230426,1
228,2474,20231014,1
753,2475,20230529,1
1853,2476,20230828,1
602,2477,20230327,1
1091,2478,20230704,1
171,2479,20230108,1
697,2480,20230213,1
1902,2481,20230407,1
1733,2482,20230804,1
1400,2483,20230513,1
672,2484,20230818,1
1951,2485,20231015,1
464,2486,20230828,1
1265,2487,20230116,1
999,2488,20230710,1
1954,2489,20230401,1
271,2490,20230223,1
233,2491,20230419,1
608,2492,20230331,1
520,2493,20230615,1
910,2494,20230721,1
829,2495,20230830,1
1109,2496,20230401,1
1140,2497,20230719,1
1584,2498,20231005,1
552,2499,20230729,1
883,2500,20230122,1
1601,2501,20230301,1
677,2502,20230525,1
945,2503,20230918,1
117,2504,20230725,1
1109,2505,20230226,1
422,2506,20230820,1
263,2507,20230124,1
302,2508,20230914,1
567,2509,20230731,1
293,2510,20230511,1
1898,2511,20230115,1
1188,2512,20230211,1
1013,2513,20230718,1
487,2514,20231130,1
430,2515,20230724,1
159,2516,20230516,1
340,2517,20230402,1
1662,2518,20231209,1
1861,2519,20230906,1
687,2520,20230313,1
667,2521,20230812,1
1794,2522,20230829,1
1728,2523,20231016,1
918,2524,20231216,1
388,2525,20231030,1
1136,2526,20230803,1
1142,2527,20230310,1
371,2528,20230926,1
1333,2529,20230310,1
425,2530,20230321,1
1554,2531,20231218,1
335,2532,20230204,1
1921,2533,20230701,1
532,2534,20230623,1
1507,2535,20230707,1
1369,2536,20231026,1
740,2537,20231208,1
656,2538,20230103,1
1071,2539,20230930,1
303,2540,20230114,1
714,2541,20231205,1
939,2542,20231115,1
478,2543,20230603,1
1277,2544,20230301,1
1307,2545,20230529,1
1523,2546,20230627,1
1177,2547,20231030,1
244,2548,20231206,1
1892,2549,20231021,1
293,2550,20230923,1
1888,2551,20230502,1
341,2552,20230101,1
693,2553,20230118,1
1213,2554,20230707,1
513,2555,20231009,1
857,2556,20230323,1
1593,2557,20231129,1
1896,2558,20230320,1
1550,2559,20231129,1
1249,2560,20230420,1
1451,2561,20231118,1
731,2562,20230905,1
1861,2563,20231010,1
702,2564,20230113,1
1254,2565,20230927,1
1463,2566,20230128,1
1952,2567,20230518,1
819,2568,20230929,1
1471,2569,20230105,1
193,2570,20230715,1
1154,2571,20230118,1
1608,2572,20230709,1
1608,2573,20230909,1
823,2574,20230825,1
1801,2575,20230612,1
1702,2576,20230619,1
1293,2577,20230504,1
577,2578,20230502,1
1867,2579,20231208,1
1972,2580,20230830,1
748,2581,20230729,1
346,2582,20230625,1
608,2583,20230625,1
309,2584,20230109,1
1806,2585,20231125,1
406,2586,20230417,1
212,2587,20230427,1
1309,2588,20230103,1
179,2589,20231208,1
1704,2590,20230523,1
1659,2591,20230410,1
678,2592,20230905,1
740,2593,20230119,1
1221,2594,20231020,1
1339,2595,20230505,1
828,2596,20230428,1
791,2597,20231102,1
1213,2598,20230804,1
845,2599,20230912,1
852,2600,20230801,1
1150,2601,20230201,1
1678,2602,20230809,1
708,2603,20230320,1
868,2604,20230905,1
186,2605,20230701,1
883,2606,20230803,1
136,2607,20230424,1
454,2608,20231119,1
1959,2609,20230623,1
86,2610,20230929,1
887,2611,20230425,1
845,2612,20231102,1
563,2613,20231220,1
1162,2614,20230613,1
129,2615,20230122,1
1195,2616,20230902,1
271,2617,20230304,1
493,2618,20230615,1
1986,2619,20230922,1
16,2620,20230430,1
1600,2621,20231117,1
1208,2622,20231214,1
280,2623,20230828,1
279,2624,20231014,1
230,2625,20230520,1
359,2626,20230222,1
376,2627,20230528,1
1401,2628,20230720,1
1227,2629,20230520,1
248,2630,20230210,1
1045,2631,20230412,1
1899,2632,20231228,1
1081,2633,20231112,1
1116,2634,20230119,1
174,2635,20230714,1
142,2636,20230113,1
1583,2637,20231010,1
1738,2638,20230430,1
1215,2639,20230728,1
52,2640,20230620,1
1498,2641,20231229,1
910,2642,20231220,1
515,2643,20230214,1
1883,2644,20230820,1
1860,2645,20230225,1
99,2646,20230915,1
530,2647,20231127,1
752,2648,20231013,1
905,2649,20230526,1
1890,2650,20231012,1
221,2651,20230107,1
1200,2652,20231217,1
1140,2653,20230723,1
724,2654,20230524,1
1032,2655,20230318,1
1764,2656,20230519,1
1815,2657,20231121,1
150,2658,20230730,1
1848,2659,20231126,1
847,2660,20230510,1
1908,2661,20230505,1
1606,2662,20230516,1
1931,2663,20231116,1
649,2664,20230920,1
492,2665,20231231,1
1972,2666,20230918,1
59,2667,20230304,1
1788,2668,20230628,1
967,2669,20230314,1
1362,2670,20230907,1
1464,2671,20230607,1
684,2672,20230625,1
684,2673,20230626,1
1722,2674,20230127,1
626,2675,20231101,1
441,2676,20231112,1
1632,2677,20230411,1
1562,2678,20231228,1
1503,2679,20230903,1
1879,2680,20230613,1
1612,2681,20230406,1
458,2682,20231208,1
806,2683,20230214,1
1926,2684,20230401,1
1312,2685,20230413,1
1683,2686,20230813,1
1333,2687,20230502,1
1255,2688,20230227,1
1039,2689,20231028,1
714,2690,20230511,1
1301,2691,20230907,1
1307,2692,20231208,1
618,2693,20230909,1
1146,2694,20230603,1
1011,2695,20230419,1
4,2696,20230716,1
1743,2697,20230428,1
207,2698,20230514,1
453,2699,20230520,1
576,2700,20231224,1
593,2701,20230125,1
1199,2702,20230124,1
1130,2703,20231211,1
1208,2704,20230427,1
1267,2705,20231126,1
1066,2706,20230820,1
551,2707,20231128,1
143,2708,20231212,1
1295,2709,20230618,1
481,2710,20230120,1
443,2711,20230112,1
1758,2712,20231130,1
650,2713,20230511,1
1278,2714,20230425,1
1293,2715,20230704,1
1217,2716,20230715,1
1030,2717,20230425,1
1486,2718,20230709,1
1653,2719,20230903,1
732,2720,20230723,1
1488,2721,20230407,1
587,2722,20230515,1
1702,2723,20230401,1
986,2724,20230420,1
413,2725,20230505,1
829,2726,20230215,1
355,2727,20230827,1
37,2728,20230404,1
331,2729,20230920,1
1239,2730,20231103,1
1939,2731,20231114,1
1412,2732,20231024,1
967,2733,20230915,1
1822,2734,20230101,1
1732,2735,20230421,1
1160,2736,20231108,1
1183,2737,20231008,1
1926,2738,20230121,1
1498,2739,20231110,1
290,2740,20230109,1
316,2741,20230803,1
48,2742,20230728,1
1368,2743,20230512,1
364,2744,20230301,1
891,2745,20230716,1
919,2746,20230527,1
1514,2747,20231212,1
1374,2748,20230701,1
603,2749,20230729,1
1422,2750,20230223,1
132,2751,20231021,1
313,2752,20230304,1
1717,2753,20230517,1
1084,2754,20230502,1
1959,2755,20230927,1
134,2756,20230506,1
1875,2757,20230106,1
7,2758,20231016,1
1309,2759,20230817,1
1053,2760,20230912,1
423,2761,20230515,1
657,2762,20230102,1
117,2763,20230330,1
1330,2764,20230201,1
620,2765,20230615,1
1591,2766,20230513,1
1873,2767,20230901,1
1305,2768,20230825,1
974,2769,20230909,1
1920,2770,20230315,1
1633,2771,20230126,1
310,2772,20230610,1
23,2773,20231104,1
1816,2774,20230412,1
10,2775,20230425,1
1378,2776,20230219,1
917,2777,20231003,1
77,2778,20230813,1
970,2779,20230415,1
1191,2780,20231210,1
1041,2781,20230914,1
948,2782,20230204,1
1593,2783,20230227,1
99,2784,20230530,1
1658,2785,20230324,1
618,2786,20230727,1
1259,2787,20231214,1
1806,2788,20230829,1
680,2789,20230330,1
1344,2790,20230622,1
99,2791,20230923,1
38,2792,20230507,1
1924,2793,20230608,1
1459,2794,20230627,1
1637,2795,20230416,1
1294,2796,20230920,1
333,2797,20230828,1
607,2798,20231116,1
99,2799,20231116,1
348,2800,20230109,1
352,2801,20230714,1
465,2802,20231013,1
318,2803,20230626,1
1453,2804,20230309,1
1139,2805,20230407,1
661,2806,20230306,1
1125,2807,20230505,1
410,2808,20230911,1
1114,2809,20231121,1
1150,2810,20230426,1
405,2811,20230408,1
642,2812,20230507,1
171,2813,20230401,1
1945,2814,20230903,1
1180,2815,20230502,1
1852,2816,20230923,1
736,2817,20231210,1
1562,2818,20230109,1
610,2819,20230824,1
422,2820,20230110,1
1895,2821,20230515,1
794,2822,20230213,1
628,2823,20230815,1
1303,2824,20230820,1
881,2825,20230816,1
1529,2826,20230418,1
1085,2827,20230208,1
242,2828,20230517,1
1378,2829,20231114,1
1936,2830,20231013,1
492,2831,20231214,1
714,2832,20230308,1
1948,2833,20230128,1
170,2834,20230406,1
1410,2835,20230209,1
1609,2836,20230422,1
542,2837,20231018,1
1066,2838,20230921,1
732,2839,20231129,1
94,2840,20230511,1
1597,2841,20230128,1
803,2842,20230224,1
687,2843,20230729,1
43,2844,20230606,1
836,2845,20231015,1
405,2846,20231114,1
1689,2847,20230219,1
790,2848,20231113,1
718,2849,20231014,1
1208,2850,20230108,1
1465,2851,20230923,1
1998,2852,20230625,1
1141,2853,20230924,1
249,2854,20230612,1
162,2855,20230129,1
1094,2856,20230211,1
249,2857,20230222,1
1001,2858,20230728,1
1925,2859,20230527,1
1335,2860,20231109,1
453,2861,20230703,1
760,2862,20230508,1
398,2863,20231015,1
612,2864,20231126,1
1032,2865,20231013,1
782,2866,20231223,1
1339,2867,20231129,1
1844,2868,20230715,1
1561,2869,20230413,1
928,2870,20230621,1
498,2871,20231107,1
899,2872,20230614,1
93,2873,20230603,1
1538,2874,20230606,1
627,2875,20230505,1
140,2876,20231016,1
651,2877,20230527,1
1822,2878,20230502,1
1946,2879,20230123,1
1396,2880,20230309,1
218,2881,20230923,1
1453,2882,20231103,1
1565,2883,20230311,1
1860,2884,20230605,1
256,2885,20230821,1
665,2886,20230131,1
848,2887,20230728,1
1224,2888,20230420,1
1412,2889,20230102,1
165,2890,20230507,1
1450,2891,20231025,1
247,2892,20230420,1
754,2893,20231025,1
488,2894,20231112,1
1884,2895,20230412,1
1084,2896,20230628,1
973,2897,20230730,1
1119,2898,20231229,1
278,2899,20230726,1
1960,2900,20231029,1
1692,2901,20230830,1
351,2902,20230718,1
579,2903,20230204,1
1827,2904,20230630,1
562,2905,20231211,1
131,2906,20230520,1
916,2907,20231213,1
810,2908,20230217,1
938,2909,20230410,1
1653,2910,20230713,1
1736,2911,20230811,1
1217,2912,20231010,1
1190,2913,20230403,1
1035,2914,20230115,1
14,2915,20231010,1
1849,2916,20230925,1
406,2917,20230628,1
1272,2918,20230319,1
127,2919,20230620,1
285,2920,20230911,1
1867,2921,20230131,1
3,2922,20230820,1
939,2923,20230906,1
1603,2924,20231120,1
1731,2925,20230704,1
206,2926,20231016,1
1459,2927,20230606,1
330,2928,20230118,1
1004,2929,20230129,1
1785,2930,20231105,1
1094,2931,20230915,1
819,2932,20231129,1
1955,2933,20230324,1
1515,2934,20230804,1
1608,2935,20230715,1
1065,2936,20231117,1
1814,2937,20230422,1
1269,2938,20230606,1
1545,2939,20230113,1
1938,2940,20231010,1
1016,2941,20230407,1
624,2942,20230422,1
767,2943,20230724,1
80,2944,20230727,1
1273,2945,20230602,1
1850,2946,20230411,1
1197,2947,20231010,1
787,2948,20231228,1
986,2949,20231206,1
117,2950,20230715,1
1556,2951,20230406,1
1147,2952,20231214,1
385,2953,20230625,1
21,2954,20231019,1
917,2955,20230509,1
1100,2956,20230929,1
1525,2957,20230422,1
820,2958,20230329,1
485,2959,20231003,1
1090,2960,20230315,1
964,2961,20230603,1
998,2962,20230628,1
1962,2963,20230822,1
1997,2964,20230509,1
1968,2965,20230925,1
476,2966,20230308,1
1201,2967,20230625,1
1652,2968,20230723,1
883,2969,20230217,1
1596,2970,20230129,1
1597,2971,20230707,1
704,2972,20230513,1
1460,2973,20231118,1
184,2974,20230419,1
933,2975,20230830,1
863,2976,20230908,1
1361,2977,20230109,1
210,2978,20230422,1
216,2979,20230728,1
1550,2980,20230809,1
1734,2981,20230915,1
1551,2982,20230409,1
1457,2983,20230126,1
974,2984,20230620,1
201,2985,20230108,1
1593,2986,20230222,1
182,2987,20230613,1
732,2988,20230329,1
1343,2989,20231017,1
947,2990,20230205,1
1964,2991,20231106,1
371,2992,20230617,1
958,2993,20230221,1
1826,2994,20230516,1
1753,2995,20230305,1
390,2996,20230902,1
936,2997,20231228,1
429,2998,20231027,1
652,2999,20230721,1
1511,3000,20230426,1
1740,3001,20230110,1
645,3002,20230219,1
641,3003,20230906,1
1019,3004,20230421,1
664,3005,20230208,1
1855,3006,20230630,1
1378,3007,20231215,1
409,3008,20230717,1
464,3009,20230916,1
1212,3010,20231231,1
1435,3011,20230421,1
1178,3012,20231016,1
1652,3013,20231105,1
1380,3014,20230127,1
936,3015,20230716,1
1222,3016,20230525,1
1166,3017,20230905,1
1055,3018,20231023,1
949,3019,20231224,1
1402,3020,20230703,1
52,3021,20230327,1
540,3022,20230803,1
451,3023,20230217,1
247,3024,20230923,1
555,3025,20230417,1
1999,3026,20230724,1
1201,3027,20230103,1
1770,3028,20230121,1
1007,3029,20230712,1
757,3030,20231123,1
1914,3031,20231105,1
1842,3032,20231025,1
1861,3033,20230401,1
1665,3034,20230227,1
1613,3035,20231210,1
459,3036,20230807,1
1003,3037,20230325,1
1691,3038,20230605,1
890,3039,20230830,1
107,3040,20231212,1
582,3041,20230906,1
121,3042,20230308,1
329,3043,20231022,1
1591,3044,20230312,1
1045,3045,20230730,1
1142,3046,20230119,1
1079,3047,20230528,1
212,3048,20231213,1
934,3049,20230527,1
130,3050,20230321,1
27,3051,20230715,1
1904,3052,20230802,1
530,3053,20231128,1
357,3054,20230119,1
1792,3055,20230523,1
1811,3056,20231224,1
931,3057,20230312,1
1548,3058,20231230,1
1362,3059,20230103,1
346,3060,20231028,1
1600,3061,20230506,1
724,3062,20230415,1
805,3063,20230108,1
1772,3064,20231214,1
213,3065,20230830,1
59,3066,20230328,1
1348,3067,20230815,1
1383,3068,20230819,1
17,3069,20230606,1
84,3070,20230627,1
1437,3071,20230818,1
697,3072,20230804,1
658,3073,20230210,1
865,3074,20230226,1
1245,3075,20230827,1
612,3076,20230802,1
206,3077,20231126,1
248,3078,20230516,1
1655,3079,20230618,1
1498,3080,20231102,1
1395,3081,20230706,1
1213,3082,20230208,1
945,3083,20230812,1
139,3084,20230416,1
528,3085,20231106,1
1343,3086,20230330,1
1931,3087,20231021,1
1686,3088,20231022,1
586,3089,20230422,1
1917,3090,20230529,1
1613,3091,20230201,1
368,3092,20230609,1
12,3093,20230712,1
479,3094,20230222,1
1822,3095,20230601,1
1520,3096,20230109,1
306,3097,20230710,1
428,3098,20230504,1
1177,3099,20230505,1
1262,3100,20230530,1
1244,3101,20230102,1
1013,3102,20230122,1
84,3103,20230119,1
381,3104,20231118,1
864,3105,20230606,1
475,3106,20230218,1
712,3107,20230206,1
745,3108,20230821,1
1821,3109,20230525,1
569,3110,20231119,1
1664,3111,20230308,1
1289,3112,20230228,1
575,3113,20230616,1
446,3114,20230825,1
364,3115,20230807,1
1346,3116,20230310,1
241,3117,20230905,1
1845,3118,20230112,1
1701,3119,20230516,1
903,3120,20230128,1
563,3121,20230202,1
1649,3122,20230315,1
598,3123,20230908,1
1842,3124,20231007,1
1032,3125,20230629,1
431,3126,20230213,1
47,3127,20230907,1
831,3128,20230823,1
67,3129,20230126,1
54,3130,20230222,1
166,3131,20230326,1
509,3132,20230908,1
1844,3133,20230412,1
1574,3134,20230810,1
1596,3135,20230507,1
1831,3136,20230824,1
1118,3137,20230217,1
904,3138,20230409,1
172,3139,20231028,1
689,3140,20230905,1
1379,3141,20230212,1
516,3142,20230724,1
368,3143,20231214,1
1399,3144,20230618,1
1556,3145,20230506,1
921,3146,20231004,1
1438,3147,20231026,1
1477,3148,20230616,1
404,3149,20231013,1
223,3150,20231014,1
673,3151,20231009,1
384,3152,20230907,1
1860,3153,20231225,1
863,3154,20230502,1
1878,3155,20230522,1
730,3156,20230115,1
614,3157,20230930,1
1138,3158,20231102,1
1607,3159,20231214,1
936,3160,20230510,1
1643,3161,20231007,1
293,3162,20230711,1
1196,3163,20230608,1
1074,3164,20230907,1
749,3165,20230507,1
1396,3166,20230125,1
1154,3167,20230530,1
607,3168,20230902,1
1373,3169,20230108,1
225,3170,20230914,1
362,3171,20230515,1
776,3172,20230519,1
1833,3173,20230711,1
1805,3174,20230615,1
1814,3175,20230929,1
1973,3176,20230512,1
308,3177,20230609,1
553,3178,20230501,1
122,3179,20230503,1
1088,3180,20230629,1
1390,3181,20231029,1
588,3182,20230217,1
400,3183,20230129,1
1543,3184,20231007,1
929,3185,20230322,1
1778,3186,20230915,1
942,3187,20230526,1
1471,3188,20230405,1
664,3189,20230228,1
13,3190,20230312,1
1880,3191,20230920,1
205,3192,20230709,1
1445,3193,20230516,1
565,3194,20230118,1
185,3195,20230217,1
466,3196,20230427,1
906,3197,20230816,1
83,3198,20230608,1
282,3199,20230407,1
1265,3200,20230204,1
199,3201,20230225,1
110,3202,20230707,1
694,3203,20231011,1
761,3204,20230216,1
1663,3205,20230504,1
1564,3206,20230828,1
297,3207,20230131,1
965,3208,20231101,1
1720,3209,20231111,1
1374,3210,20230307,1
810,3211,20230901,1
1407,3212,20230227,1
457,3213,20230415,1
1490,3214,20230803,1
1179,3215,20231222,1
1373,3216,20231005,1
732,3217,20230312,1
60,3218,20230110,1
1467,3219,20230201,1
1097,3220,20231107,1
1946,3221,20231005,1
664,3222,20230614,1
370,3223,20230305,1
805,3224,20230918,1
88,3225,20230130,1
1760,3226,20230318,1
1434,3227,20230524,1
331,3228,20230111,1
1140,3229,20230914,1
1389,3230,20230309,1
1076,3231,20231102,1
1400,3232,20231105,1
1329,3233,20230203,1
215,3234,20231110,1
186,3235,20230321,1
99,3236,20230929,1
1212,3237,20230705,1
312,3238,20230411,1
1567,3239,20230514,1
1047,3240,20230910,1
1724,3241,20230314,1
1822,3242,20230606,1
291,3243,20231117,1
337,3244,20230515,1
1766,3245,20231117,1
1574,3246,20230303,1
71,3247,20230519,1
599,3248,20230722,1
190,3249,20230305,1
177,3250,20230304,1
601,3251,20230630,1
867,3252,20230417,1
95,3253,20230815,1
780,3254,20230104,1
36,3255,20230926,1
345,3256,20230208,1
1280,3257,20230629,1
1159,3258,20230514,1
759,3259,20230624,1
749,3260,20230712,1
1113,3261,20231031,1
1717,3262,20231201,1
676,3263,20230309,1
756,3264,20230105,1
518,3265,20230111,1
208,3266,20230205,1
386,3267,20231215,1
444,3268,20231111,1
814,3269,20230515,1
192,3270,20231207,1
1729,3271,20231011,1
1096,3272,20230409,1
1042,3273,20231124,1
587,3274,20230202,1
538,3275,20231031,1
1741,3276,20230426,1
522,3277,20230326,1
1946,3278,20230420,1
267,3279,20231103,1
442,3280,20230911,1
834,3281,20230928,1
237,3282,20230128,1
870,3283,20230320,1
793,3284,20230910,1
1100,3285,20230704,1
1620,3286,20230911,1
558,3287,20230812,1
946,3288,20230713,1
1753,3289,20231013,1
391,3290,20230712,1
833,3291,20230721,1
1930,3292,20230917,1
1705,3293,20230226,1
1853,3294,20230114,1
229,3295,20231024,1
103,3296,20230529,1
809,3297,20230920,1
137,3298,20231208,1
700,3299,20230107,1
20,3300,20230919,1
665,3301,20230311,1
1092,3302,20230407,1
747,3303,20230524,1
792,3304,20230401,1
946,3305,20230913,1
1875,3306,20230118,1
1182,3307,20230512,1
662,3308,20230323,1
370,3309,20231029,1
1593,3310,20231010,1
1181,3311,20230405,1
1519,3312,20230331,1
1195,3313,20230829,1
150,3314,20230911,1
1361,3315,20230114,1
739,3316,20230509,1
1913,3317,20230624,1
1483,3318,20230430,1
848,3319,20230805,1
257,3320,20230801,1
1765,3321,20230606,1
1513,3322,20231107,1
10,3323,20231207,1
63,3324,20230803,1
763,3325,20231028,1
1232,3326,20230326,1
1890,3327,20230905,1
1986,3328,20230310,1
507,3329,20230925,1
1320,3330,20230514,1
773,3331,20231216,1
1299,3332,20230701,1
1815,3333,20230519,1
1969,3334,20230315,1
1991,3335,20230620,1
289,3336,20230127,1
460,3337,20230701,1
1180,3338,20230702,1
1952,3339,20231129,1
1667,3340,20230504,1
1899,3341,20231118,1
1118,3342,20230405,1
1645,3343,20230806,1
607,3344,20231215,1
329,3345,20230824,1
367,3346,20230424,1
2,3347,20231021,1
1182,3348,20230106,1
836,3349,20230614,1
101,3350,20230803,1
324,3351,20231104,1
1195,3352,20230904,1
489,3353,20231208,1
990,3354,20230617,1
438,3355,20230307,1
159,3356,20230728,1
570,3357,20231012,1
999,3358,20231206,1
226,3359,20230710,1
1911,3360,20231113,1
1550,3361,20231116,1
380,3362,20230610,1
1948,3363,20230529,1
974,3364,20230906,1
619,3365,20230305,1
727,3366,20230726,1
1746,3367,20231001,1
1957,3368,20231112,1
953,3369,20230820,1
295,3370,20230214,1
435,3371,20231011,1
1355,3372,20230517,1
1710,3373,20230107,1
1527,3374,20230308,1
1218,3375,20231201,1
588,3376,20230602,1
1631,3377,20230219,1
1986,3378,20230421,1
113,3379,20230325,1
1528,3380,20231227,1
1899,3381,20231218,1
476,3382,20230413,1
1651,3383,20230802,1
853,3384,20231002,1
46,3385,20230109,1
1259,3386,20230224,1
791,3387,20230907,1
1032,3388,20230503,1
1389,3389,20230527,1
1239,3390,20230530,1
186,3391,20230205,1
1739,3392,20231125,1
1222,3393,20230302,1
633,3394,20230312,1
1826,3395,20230309,1
1943,3396,20231023,1
1283,3397,20230125,1
1733,3398,20230804,1
413,3399,20230817,1
570,3400,20230116,1
1940,3401,20231128,1
1313,3402,20230220,1
1515,3403,20230421,1
1484,3404,20231008,1
106,3405,20231227,1
921,3406,20230523,1
1308,3407,20231201,1
1575,3408,20230312,1
67,3409,20230829,1
1237,3410,20230329,1
1690,3411,20230412,1
1981,3412,20230625,1
571,3413,20231217,1
233,3414,20231208,1
951,3415,20231217,1
79,3416,20231129,1
61,3417,20230924,1
1279,3418,20230812,1
1791,3419,20230209,1
736,3420,20230717,1
1586,3421,20230720,1
1902,3422,20230303,1
823,3423,20230205,1
1172,3424,20230531,1
618,3425,20231027,1
1276,3426,20230311,1
1893,3427,20231124,1
290,3428,20230816,1
467,3429,20231114,1
840,3430,20230119,1
640,3431,20230630,1
1192,3432,20230313,1
1994,3433,20230108,1
1010,3434,20230328,1
1899,3435,20230221,1
627,3436,20230717,1
1664,3437,20230701,1
755,3438,20230731,1
1160,3439,20231231,1
1816,3440,20230509,1
843,3441,20230805,1
947,3442,20230616,1
1268,3443,20230125,1
384,3444,20230621,1
729,3445,20230712,1
1233,3446,20231106,1
308,3447,20230122,1
621,3448,20230304,1
1307,3449,20231222,1
991,3450,20230412,1
283,3451,20230130,1
640,3452,20230610,1
474,3453,20231009,1
1919,3454,20230428,1
868,3455,20231110,1
1269,3456,20231226,1
200,3457,20230206,1
138,3458,20231206,1
436,3459,20231025,1
493,3460,20230930,1
1911,3461,20230501,1
1086,3462,20230928,1
1822,3463,20230528,1
1768,3464,20230721,1
945,3465,20230208,1
474,3466,20230623,1
752,3467,20230408,1
1584,3468,20230613,1
1666,3469,20230924,1
1930,3470,20230618,1
821,3471,20230422,1
171,3472,20231208,1
18,3473,20230320,1
740,3474,20230424,1
504,3475,20230330,1
770,3476,20230709,1
1953,3477,20231201,1
387,3478,20230601,1
1267,3479,20230412,1
1835,3480,20230827,1
1882,3481,20230903,1
887,3482,20231127,1
988,3483,20231222,1
407,3484,20230118,1
433,3485,20230416,1
1417,3486,20230822,1
25,3487,20230201,1
279,3488,20231016,1
1109,3489,20230523,1
583,3490,20230308,1
1831,3491,20230529,1
711,3492,20230709,1
828,3493,20230807,1
1116,3494,20230216,1
1343,3495,20231022,1
1155,3496,20230125,1
54,3497,20230824,1
1679,3498,20230725,1
825,3499,20230804,1
1403,3500,20230511,1
1417,3501,20230126,1
127,3502,20230820,1
1587,3503,20230110,1
166,3504,20230819,1
2000,3505,20230416,1
1510,3506,20230717,1
852,3507,20231018,1
255,3508,20230508,1
1018,3509,20230504,1
17,3510,20230806,1
83,3511,20231019,1
1039,3512,20230730,1
30,3513,20230131,1
204,3514,20231030,1
670,3515,20230905,1
62,3516,20230405,1
235,3517,20231206,1
515,3518,20230226,1
1476,3519,20230210,1
198,3520,20230222,1
1196,3521,20231027,1
1442,3522,20231217,1
1997,3523,20231129,1
1686,3524,20231017,1
803,3525,20230729,1
689,3526,20230209,1
42,3527,20230903,1
639,3528,20230730,1
625,3529,20230203,1
966,3530,20230926,1
132,3531,20231102,1
15,3532,20230205,1
167,3533,20230825,1
1347,3534,20230706,1
1490,3535,20230519,1
558,3536,20230316,1
673,3537,20230619,1
615,3538,20230210,1
1058,3539,20230628,1
1784,3540,20230214,1
3,3541,20230523,1
730,3542,20231204,1
1254,3543,20230703,1
397,3544,20231122,1
158,3545,20230526,1
1313,3546,20231031,1
367,3547,20230312,1
1245,3548,20230904,1
1769,3549,20231019,1
1158,3550,20230709,1
1830,3551,20230822,1
235,3552,20231016,1
482,3553,20230915,1
1615,3554,20230217,1
95,3555,20230605,1
1333,3556,20230709,1
1540,3557,20230201,1
63,3558,20230905,1
1062,3559,20231224,1
1041,3560,20230630,1
765,3561,20230519,1
90,3562,20230217,1
515,3563,20230925,1
893,3564,20230810,1
1893,3565,20231128,1
977,3566,20230210,1
932,3567,20230409,1
94,3568,20230801,1
1438,3569,20230714,1
1562,3570,20230401,1
502,3571,20230324,1
1330,3572,20231118,1
179,3573,20230615,1
1779,3574,20231109,1
1033,3575,20231225,1
1796,3576,20230115,1
1078,3577,20230826,1
1381,3578,20231219,1
989,3579,20230428,1
1684,3580,20230216,1
968,3581,20230621,1
449,3582,20230630,1
1464,3583,20230529,1
299,3584,20231224,1
381,3585,20231230,1
1572,3586,20230906,1
1743,3587,20231120,1
1215,3588,20230521,1
1957,3589,20231227,1
582,3590,20231129,1
983,3591,20230527,1
148,3592,20230808,1
133,3593,20230317,1
825,3594,20230721,1
959,3595,20230908,1
1986,3596,20231110,1
231,3597,20230325,1
1233,3598,20231203,1
1285,3599,20230619,1
801,3600,20230306,1
870,3601,20230808,1
1863,3602,20230810,1
1542,3603,20230524,1
871,3604,20230807,1
50,3605,20230604,1
1941,3606,20230331,1
526,3607,20230506,1
1224,3608,20231029,1
1291,3609,20230513,1
57,3610,20230418,1
633,3611,20230807,1
494,3612,20231230,1
1489,3613,20230703,1
631,3614,20230207,1
1452,3615,20230307,1
824,3616,20230314,1
613,3617,20230929,1
781,3618,20230911,1
1225,3619,20230115,1
419,3620,20230107,1
845,3621,20231231,1
162,3622,20231207,1
1145,3623,20230420,1
1110,3624,20230831,1
1741,3625,20230603,1
114,3626,20230603,1
1203,3627,20230716,1
779,3628,20230212,1
563,3629,20230523,1
465,3630,20231231,1
1385,3631,20231213,1
5,3632,20230131,1
900,3633,20230511,1
705,3634,20230210,1
525,3635,20231008,1
208,3636,20231209,1
707,3637,20230517,1
90,3638,20230113,1
997,3639,20230729,1
1859,3640,20231203,1
1714,3641,20230621,1
303,3642,20231214,1
1505,3643,20231210,1
427,3644,20230727,1
1947,3645,20230321,1
1493,3646,20230917,1
144,3647,20230319,1
908,3648,20230511,1
1970,3649,20230121,1
230,3650,20230725,1
1445,3651,20230629,1
1543,3652,20230303,1
226,3653,20230104,1
424,3654,20230104,1
1970,3655,20230422,1
1405,3656,20230711,1
354,3657,20231023,1
1113,3658,20230510,1
537,3659,20231222,1
1142,3660,20231027,1
295,3661,20230423,1
652,3662,20230127,1
947,3663,20230828,1
1390,3664,20230923,1
490,3665,20231128,1
587,3666,20230305,1
39,3667,20231209,1
144,3668,20230315,1
387,3669,20230616,1
425,3670,20230502,1
1577,3671,20230216,1
32,3672,20230725,1
977,3673,20230310,1
401,3674,20230427,1
923,3675,20230311,1
613,3676,20230204,1
1671,3677,20230806,1
571,3678,20230701,1
486,3679,20230819,1
34,3680,20230510,1
1032,3681,20230616,1
1137,3682,20230809,1
1390,3683,20231023,1
674,3684,20230311,1
353,3685,20230729,1
1981,3686,20230202,1
1118,3687,20230719,1
683,3688,20231124,1
672,3689,20230811,1
1547,3690,20230123,1
202,3691,20231214,1
501,3692,20230105,1
1180,3693,20230525,1
1328,3694,20230828,1
1508,3695,20230105,1
896,3696,20231111,1
1267,3697,20230818,1
992,3698,20230730,1
368,3699,20230904,1
1745,3700,20231009,1
1164,3701,20231106,1
744,3702,20230220,1
297,3703,20230105,1
99,3704,20231020,1
197,3705,20230215,1
991,3706,20230704,1
2000,3707,20231115,1
371,3708,20231116,1
1041,3709,20230331,1
1774,3710,20230223,1
1981,3711,20230918,1
1266,3712,20230504,1
285,3713,20231013,1
317,3714,20231008,1
1110,3715,20230320,1
1670,3716,20231216,1
1923,3717,20230502,1
866,3718,20230615,1
1096,3719,20230601,1
1039,3720,20230808,1
774,3721,20230608,1
766,3722,20231129,1
140,3723,20230410,1
1176,3724,20230209,1
1091,3725,20230510,1
797,3726,20230220,1
1401,3727,20230613,1
495,3728,20231007,1
1556,3729,20230518,1
349,3730,20230729,1
356,3731,20231119,1
1272,3732,20230929,1
258,3733,20230408,1
1160,3734,20230409,1
719,3735,20230825,1
689,3736,20231114,1
42,3737,20230527,1
754,3738,20230202,1
1060,3739,20231202,1
691,3740,20230414,1
554,3741,20230217,1
75,3742,20230405,1
32,3743,20230526,1
1320,3744,20230818,1
1275,3745,20230218,1
952,3746,20230510,1
1620,3747,20230529,1
1742,3748,20231024,1
530,3749,20230627,1
1853,3750,20231110,1
1195,3751,20230402,1
1090,3752,20230301,1
1867,3753,20230402,1
827,3754,20230817,1
835,3755,20230728,1
661,3756,20230514,1
1923,3757,20230707,1
90,3758,20230803,1
804,3759,20231030,1
1038,3760,20230711,1
757,3761,20230214,1
1852,3762,20231230,1
1858,3763,20230702,1
1930,3764,20230508,1
1865,3765,20230110,1
825,3766,20230330,1
210,3767,20230311,1
1522,3768,20230224,1
140,3769,20230704,1
110,3770,20231203,1
509,3771,20230920,1
1671,3772,20231016,1
1658,3773,20230518,1
288,3774,20230315,1
660,3775,20230118,1
1890,3776,20230321,1
1065,3777,20230615,1
328,3778,20231013,1
903,3779,20231212,1
1866,3780,20231124,1
1363,3781,20231118,1
1521,3782,20230116,1
1177,3783,20230601,1
573,3784,20230913,1
1789,3785,20230512,1
1698,3786,20230124,1
300,3787,20231005,1
684,3788,20230328,1
1960,3789,20230505,1
631,3790,20230428,1
539,3791,20230420,1
1371,3792,20230823,1
1311,3793,20230426,1
370,3794,20231226,1
884,3795,20231127,1
1212,3796,20231128,1
1720,3797,20230616,1
1840,3798,20230811,1
4,3799,20230211,1
542,3800,20231119,1
589,3801,20230216,1
318,3802,20230812,1
1656,3803,20230624,1
50,3804,20230124,1
1757,3805,20230109,1
225,3806,20230802,1
451,3807,20231025,1
1507,3808,20230305,1
781,3809,20230318,1
257,3810,20231016,1
1177,3811,20230412,1
1837,3812,20231111,1
211,3813,20230712,1
966,3814,20230922,1
1514,3815,20230912,1
1554,3816,20230710,1
1134,3817,20231120,1
603,3818,20231101,1
1076,3819,20230117,1
609,3820,20230806,1
491,3821,20231202,1
10,3822,20231110,1
510,3823,20230306,1
1025,3824,20231021,1
1848,3825,20230205,1
1458,3826,20230328,1
642,3827,20230916,1
1819,3828,20230301,1
899,3829,20231111,1
573,3830,20230512,1
748,3831,20231225,1
163,3832,20230422,1
512,3833,20230416,1
1826,3834,20231114,1
1384,3835,20230129,1
1516,3836,20231130,1
20,3837,20231208,1
558,3838,20230707,1
218,3839,20230525,1
347,3840,20230616,1
1115,3841,20230628,1
659,3842,20230627,1
745,3843,20231113,1
1894,3844,20230723,1
1648,3845,20231116,1
409,3846,20231226,1
1035,3847,20230726,1
482,3848,20230826,1
1032,3849,20230103,1
1190,3850,20231208,1
1342,3851,20231024,1
1262,3852,20230907,1
1698,3853,20230530,1
1929,3854,20230921,1
1311,3855,20230305,1
1188,3856,20231117,1
1771,3857,20231108,1
1266,3858,20230706,1
368,3859,20230601,1
1411,3860,20230227,1
1132,3861,20230110,1
1959,3862,20231016,1
214,3863,20231002,1
1463,3864,20230406,1
918,3865,20230125,1
1123,3866,20230217,1
1181,3867,20230120,1
1994,3868,20230114,1
1320,3869,20230325,1
403,3870,20231216,1
1508,3871,20230618,1
1103,3872,20230817,1
711,3873,20230505,1
333,3874,20231116,1
1012,3875,20230111,1
204,3876,20230407,1
1420,3877,20230331,1
1956,3878,20230714,1
760,3879,20231227,1
1093,3880,20230810,1
270,3881,20231013,1
266,3882,20230401,1
897,3883,20230620,1
1247,3884,20230516,1
1794,3885,20230422,1
737,3886,20230104,1
1643,3887,20230421,1
1329,3888,20230918,1
799,3889,20231023,1
842,3890,20230218,1
1357,3891,20230629,1
831,3892,20231004,1
648,3893,20230910,1
165,3894,20230701,1
1557,3895,20230819,1
260,3896,20230610,1
1471,3897,20230422,1
1737,3898,20231015,1
23,3899,20230407,1
1900,3900,20230604,1
1923,3901,20230625,1
1276,3902,20230729,1
521,3903,20230509,1
413,3904,20231027,1
1204,3905,20231124,1
636,3906,20231015,1
345,3907,20230926,1
1013,3908,20231029,1
70,3909,20230302,1
1473,3910,20231101,1
508,3911,20230901,1
1000,3912,20230529,1
1001,3913,20230313,1
895,3914,20231024,1
1941,3915,20230208,1
896,3916,20230724,1
908,3917,20230603,1
218,3918,20230620,1
1215,3919,20230505,1
1047,3920,20230109,1
256,3921,20231018,1
1906,3922,20230213,1
288,3923,20230907,1
41,3924,20231121,1
780,3925,20231014,1
1511,3926,20231019,1
288,3927,20230828,1
183,3928,20231210,1
1508,3929,20231110,1
1288,3930,20230504,1
1297,3931,20230823,1
878,3932,20230304,1
1483,3933,20231106,1
1998,3934,20230314,1
1232,3935,20230328,1
1366,3936,20230921,1
993,3937,20230409,1
1164,3938,20230521,1
578,3939,20230721,1
790,3940,20231126,1
1194,3941,20230502,1
1797,3942,20230804,1
182,3943,20230622,1
1680,3944,20230622,1
1078,3945,20231222,1
507,3946,20231202,1
1712,3947,20230201,1
1089,3948,20231020,1
1821,3949,20231228,1
640,3950,20230318,1
700,3951,20230701,1
1221,3952,20230217,1
840,3953,20230622,1
148,3954,20230721,1
1737,3955,20231112,1
1593,3956,20230209,1
1991,3957,20231130,1
89,3958,20230430,1
549,3959,20230118,1
777,3960,20230101,1
521,3961,20230707,1
982,3962,20231124,1
995,3963,20231209,1
1784,3964,20230214,1
888,3965,20231117,1
1909,3966,20230505,1
1897,3967,20231213,1
841,3968,20230121,1
746,3969,20230826,1
811,3970,20231101,1
1462,3971,20231205,1
57,3972,20230606,1
111,3973,20230103,1
328,3974,20231108,1
253,3975,20230531,1
232,3976,20230224,1
958,3977,20231016,1
1670,3978,20230205,1
1704,3979,20230114,1
213,3980,20230121,1
498,3981,20230204,1
277,3982,20230907,1
1551,3983,20230218,1
1827,3984,20231018,1
1790,3985,20230710,1
800,3986,20230411,1
1862,3987,20230610,1
892,3988,20230627,1
98,3989,20230224,1
1696,3990,20230509,1
210,3991,20230219,1
1986,3992,20230307,1
149,3993,20230912,1
1757,3994,20230316,1
663,3995,20230312,1
210,3996,20230822,1
1539,3997,20230515,1
1509,3998,20231022,1
1965,3999,20230527,1
1813,4000,20230126,1
42,4001,20230412,1
1197,4002,20230107,1
370,4003,20230911,1
99,4004,20230516,1
1220,4005,20231025,1
1735,4006,20231013,1
1188,4007,20231013,1
274,4008,20230803,1
1151,4009,20230516,1
745,4010,20230909,1
12,4011,20230309,1
15,4012,20231127,1
1076,4013,20230331,1
36,4014,20231101,1
1238,4015,20230927,1
251,4016,20231208,1
1683,4017,20230924,1
1503,4018,20230307,1
736,4019,20231026,1
1559,4020,20230521,1
781,4021,20230925,1
639,4022,20230408,1
1932,4023,20230226,1
391,4024,20230110,1
1367,4025,20230319,1
544,4026,20230427,1
1942,4027,20231104,1
1405,4028,20230809,1
1810,4029,20230613,1
1374,4030,20230622,1
1941,4031,20231028,1
1771,4032,20230622,1
1885,4033,20230926,1
1485,4034,20231126,1
1603,4035,20230211,1
1673,4036,20231006,1
550,4037,20230730,1
388,4038,20230602,1
74,4039,20231125,1
717,4040,20231007,1
912,4041,20230531,1
794,4042,20230803,1
802,4043,20230804,1
1219,4044,20230403,1
940,4045,20231205,1
1462,4046,20231030,1
527,4047,20230701,1
1919,4048,20230717,1
374,4049,20230830,1
248,4050,20231012,1
850,4051,20230811,1
474,4052,20230909,1
1953,4053,20230828,1
1177,4054,20231108,1
1881,4055,20230731,1
782,4056,20230511,1
1692,4057,20230304,1
602,4058,20231206,1
1827,4059,20231017,1
790,4060,20230519,1
334,4061,20230524,1
11,4062,20230721,1
1199,4063,20230812,1
661,4064,20231014,1
57,4065,20230913,1
116,4066,20231106,1
1051,4067,20230405,1
1282,4068,20231205,1
479,4069,20231019,1
1413,4070,20230427,1
1641,4071,20230619,1
833,4072,20230612,1
639,4073,20230606,1
1159,4074,20230203,1
530,4075,20231222,1
1130,4076,20230919,1
1048,4077,20230530,1
614,4078,20230318,1
1177,4079,20230912,1
693,4080,20230721,1
786,4081,20230316,1
799,4082,20230111,1
1356,4083,20231118,1
1242,4084,20231221,1
1047,4085,20231018,1
1417,4086,20230608,1
1494,4087,20230702,1
1958,4088,20230705,1
1607,4089,20230419,1
1820,4090,20230429,1
1683,4091,20231214,1
1089,4092,20230429,1
1036,4093,20231006,1
1437,4094,20230627,1
235,4095,20231009,1
623,4096,20231209,1
237,4097,20230311,1
1638,4098,20230201,1
334,4099,20231111,1
138,4100,20230602,1
1522,4101,20230409,1
615,4102,20230720,1
1568,4103,20230406,1
135,4104,20230721,1
1874,4105,20230816,1
888,4106,20230316,1
648,4107,20231130,1
1935,4108,20230405,1
263,4109,20230104,1
1874,4110,20230818,1
1339,4111,20230125,1
275,4112,20230605,1
480,4113,20230208,1
135,4114,20230419,1
881,4115,20230430,1
231,4116,20231213,1
1278,4117,20230423,1
1751,4118,20231002,1
71,4119,20231129,1
1718,4120,20231206,1
1221,4121,20230425,1
793,4122,20230714,1
239,4123,20231006,1
1577,4124,20230727,1
1684,4125,20231213,1
805,4126,20231102,1
1469,4127,20230418,1
842,4128,20231207,1
946,4129,20230815,1
290,4130,20231007,1
1929,4131,20231218,1
118,4132,20230514,1
983,4133,20231020,1
1024,4134,20230120,1
1063,4135,20230620,1
1185,4136,20230423,1
1851,4137,20230614,1
1836,4138,20230117,1
616,4139,20230622,1
1700,4140,20230318,1
985,4141,20230901,1
6,4142,20230829,1
1180,4143,20230415,1
552,4144,20230819,1
1313,4145,20230105,1
1484,4146,20230816,1
1668,4147,20231001,1
1104,4148,20230428,1
1686,4149,20231110,1
1423,4150,20230131,1
457,4151,20230313,1
1009,4152,20230810,1
913,4153,20230912,1
682,4154,20231208,1
843,4155,20231111,1
1825,4156,20230825,1
927,4157,20230614,1
1945,4158,20230106,1
1834,4159,20230617,1
479,4160,20231226,1
1826,4161,20230601,1
1396,4162,20231103,1
85,4163,20230521,1
1884,4164,20230225,1
245,4165,20230213,1
1562,4166,20230207,1
1879,4167,20230419,1
1486,4168,20230901,1
236,4169,20230302,1
423,4170,20230516,1
284,4171,20230228,1
1042,4172,20231216,1
1863,4173,20230922,1
782,4174,20230711,1
480,4175,20230526,1
1579,4176,20231002,1
1960,4177,20230816,1
1808,4178,20230831,1
890,4179,20231202,1
711,4180,20230712,1
1376,4181,20231002,1
410,4182,20230803,1
1138,4183,20230428,1
1593,4184,20231122,1
804,4185,20230225,1
1873,4186,20230107,1
1148,4187,20230416,1
658,4188,20230830,1
1504,4189,20230730,1
454,4190,20230609,1
1132,4191,20230626,1
1208,4192,20230628,1
1504,4193,20230608,1
1158,4194,20230509,1
1871,4195,20230427,1
1946,4196,20230405,1
1171,4197,20230319,1
1768,4198,20230531,1
1696,4199,20230802,1
1429,4200,20230424,1
557,4201,20230429,1
581,4202,20230918,1
632,4203,20230304,1
1794,4204,20230507,1
1320,4205,20230810,1
1562,4206,20230706,1
458,4207,20230411,1
1945,4208,20230630,1
1140,4209,20230602,1
1509,4210,20230918,1
1151,4211,20230215,1
954,4212,20230614,1
71,4213,20231228,1
687,4214,20231207,1
767,4215,20230411,1
1421,4216,20230606,1
1899,4217,20230122,1
1409,4218,20230626,1
1402,4219,20230420,1
1581,4220,20231228,1
1705,4221,20230420,1
189,4222,20230916,1
406,4223,20230116,1
652,4224,20230823,1
1258,4225,20230716,1
1121,4226,20231018,1
475,4227,20231015,1
713,4228,20230516,1
1582,4229,20230903,1
1016,4230,20230720,1
462,4231,20230906,1
239,4232,20230322,1
1545,4233,20230816,1
1923,4234,20230908,1
1035,4235,20230621,1
701,4236,20230504,1
294,4237,20230331,1
86,4238,20230725,1
1167,4239,20230111,1
828,4240,20230728,1
1513,4241,20231228,1
1358,4242,20230924,1
413,4243,20231114,1
1857,4244,20230106,1
1513,4245,20231215,1
139,4246,20231214,1
907,4247,20230913,1
1289,4248,20231117,1
1598,4249,20230611,1
330,4250,20230206,1
1083,4251,20230113,1
1781,4252,20230128,1
1315,4253,20230209,1
1966,4254,20230508,1
807,4255,20230821,1
517,4256,20231024,1
1073,4257,20230430,1
138,4258,20230706,1
647,4259,20230519,1
371,4260,20230710,1
238,4261,20230821,1
847,4262,20230302,1
1843,4263,20230913,1
92,4264,20230316,1
406,4265,20230330,1
1796,4266,20230905,1
1979,4267,20230715,1
36,4268,20230517,1
128,4269,20231110,1
673,4270,20230806,1
1841,4271,20230913,1
567,4272,20230116,1
345,4273,20230713,1
1493,4274,20231118,1
1252,4275,20230103,1
1994,4276,20231029,1
381,4277,20230214,1
1943,4278,20230312,1
788,4279,20230823,1
427,4280,20230116,1
479,4281,20231106,1
630,4282,20230511,1
1398,4283,20230427,1
294,4284,20230402,1
816,4285,20230716,1
319,4286,20230712,1
517,4287,20230303,1
480,4288,20230818,1
1365,4289,20231130,1
232,4290,20230801,1
19,4291,20230819,1
1199,4292,20231018,1
887,4293,20230930,1
756,4294,20230410,1
771,4295,20231028,1
1576,4296,20231128,1
1483,4297,20230811,1
101,4298,20231021,1
1198,4299,20230817,1
615,4300,20231014,1
1119,4301,20231106,1
260,4302,20230123,1
846,4303,20230525,1
1495,4304,20230811,1
786,4305,20231114,1
1335,4306,20230418,1
905,4307,20230513,1
1103,4308,20230125,1
1507,4309,20230106,1
1957,4310,20231013,1
1430,4311,20230319,1
1475,4312,20230420,1
560,4313,20230711,1
1091,4314,20231007,1
144,4315,20230516,1
551,4316,20230509,1
761,4317,20230904,1
1561,4318,20230406,1
218,4319,20231230,1
597,4320,20230526,1
179,4321,20230114,1
1718,4322,20230825,1
628,4323,20230402,1
1945,4324,20230923,1
350,4325,20230806,1
1066,4326,20230618,1
1617,4327,20230712,1
1261,4328,20230930,1
49,4329,20230919,1
22,4330,20230626,1
908,4331,20231008,1
858,4332,20230524,1
1105,4333,20230731,1
195,4334,20230608,1
1867,4335,20230707,1
1493,4336,20231231,1
324,4337,20230818,1
702,4338,20231004,1
1000,4339,20230420,1
535,4340,20230211,1
1319,4341,20230421,1
1293,4342,20230421,1
1591,4343,20231211,1
949,4344,20231210,1
1817,4345,20230624,1
1219,4346,20230129,1
87,4347,20230131,1
504,4348,20230621,1
1345,4349,20230801,1
1363,4350,20230123,1
355,4351,20230830,1
1596,4352,20231013,1
17,4353,20230222,1
783,4354,20230128,1
935,4355,20231222,1
993,4356,20231020,1
1569,4357,20230716,1
1179,4358,20230731,1
741,4359,20230301,1
1823,4360,20230921,1
327,4361,20230319,1
1412,4362,20231118,1
1304,4363,20231214,1
115,4364,20230214,1
1148,4365,20231107,1
1520,4366,20230308,1
904,4367,20230425,1
1950,4368,20231018,1
477,4369,20231120,1
644,4370,20230620,1
536,4371,20230922,1
876,4372,20231223,1
228,4373,20230508,1
1018,4374,20230107,1
567,4375,20230916,1
883,4376,20230902,1
1107,4377,20230920,1
378,4378,20230720,1
901,4379,20231023,1
1695,4380,20230507,1
1676,4381,20230118,1
1680,4382,20231211,1
954,4383,20230116,1
1542,4384,20230411,1
1979,4385,20230402,1
1400,4386,20230406,1
1197,4387,20230822,1
1763,4388,20230319,1
1957,4389,20230730,1
1464,4390,20231008,1
2,4391,20230404,1
1035,4392,20230517,1
1110,4393,20231023,1
922,4394,20231217,1
1259,4395,20230508,1
960,4396,20230113,1
1959,4397,20230113,1
1551,4398,20230516,1
1592,4399,20230705,1
559,4400,20230609,1
33,4401,20230406,1
1632,4402,20230522,1
1590,4403,20230922,1
1875,4404,20231021,1
1595,4405,20230909,1
860,4406,20231229,1
682,4407,20230614,1
1187,4408,20231007,1
106,4409,20230905,1
1825,4410,20230106,1
1396,4411,20230108,1
431,4412,20231212,1
349,4413,20230523,1
685,4414,20231110,1
103,4415,20230523,1
1802,4416,20230517,1
750,4417,20231221,1
1241,4418,20230503,1
51,4419,20230106,1
460,4420,20230315,1
98,4421,20230608,1
1536,4422,20230801,1
73,4423,20231122,1
1079,4424,20230910,1
300,4425,20230418,1
167,4426,20230701,1
1640,4427,20230813,1
855,4428,20230629,1
218,4429,20230628,1
866,4430,20231031,1
166,4431,20230512,1
121,4432,20230122,1
1749,4433,20230705,1
1473,4434,20231019,1
1502,4435,20230911,1
1389,4436,20230502,1
1977,4437,20230715,1
1839,4438,20230408,1
812,4439,20230617,1
958,4440,20230207,1
1123,4441,20230818,1
1653,4442,20230629,1
709,4443,20231103,1
76,4444,20230724,1
1749,4445,20230323,1
1208,4446,20230319,1
115,4447,20230223,1
1656,4448,20230413,1
1453,4449,20231011,1
101,4450,20230620,1
1103,4451,20230319,1
128,4452,20230125,1
1113,4453,20231031,1
1990,4454,20231020,1
362,4455,20230212,1
118,4456,20230430,1
485,4457,20230607,1
164,4458,20231102,1
271,4459,20230830,1
1592,4460,20230415,1
1596,4461,20230718,1
104,4462,20230526,1
1620,4463,20230222,1
1213,4464,20231116,1
558,4465,20230826,1
1804,4466,20231210,1
600,4467,20231121,1
1822,4468,20230610,1
760,4469,20230618,1
696,4470,20230406,1
1111,4471,20231221,1
1097,4472,20230814,1
1572,4473,20230428,1
1414,4474,20230304,1
1390,4475,20230820,1
129,4476,20230715,1
1954,4477,20230402,1
347,4478,20231105,1
835,4479,20230527,1
730,4480,20230604,1
425,4481,20231111,1
1696,4482,20231123,1
658,4483,20230410,1
519,4484,20230704,1
1071,4485,20230220,1
1034,4486,20230910,1
955,4487,20231217,1
712,4488,20230715,1
115,4489,20230514,1
826,4490,20230103,1
71,4491,20230521,1
903,4492,20230827,1
1462,4493,20230512,1
1763,4494,20230724,1
616,4495,20230215,1
153,4496,20230702,1
853,4497,20231113,1
1447,4498,20231219,1
1059,4499,20230412,1
994,4500,20231129,1
1756,4501,20230613,1
1669,4502,20230720,1
1439,4503,20230906,1
1690,4504,20230103,1
1989,4505,20230105,1
1044,4506,20230626,1
1660,4507,20230121,1
1150,4508,20230825,1
462,4509,20231010,1
1334,4510,20230331,1
106,4511,20230221,1
1290,4512,20230220,1
47,4513,20230310,1
728,4514,20230815,1
1419,4515,20230721,1
1763,4516,20230604,1
848,4517,20230120,1
553,4518,20230916,1
1270,4519,20230225,1
800,4520,20231128,1
1323,4521,20230205,1
695,4522,20230808,1
1625,4523,20231109,1
300,4524,20230125,1
736,4525,20230110,1
1434,4526,20230306,1
1658,4527,20230526,1
1848,4528,20230111,1
735,4529,20230227,1
1045,4530,20231205,1
981,4531,20230830,1
338,4532,20230224,1
1993,4533,20230629,1
870,4534,20230711,1
1243,4535,20231004,1
163,4536,20230424,1
1115,4537,20231110,1
1244,4538,20231111,1
1815,4539,20230407,1
368,4540,20231006,1
640,4541,20230210,1
1359,4542,20230401,1
591,4543,20230409,1
448,4544,20230504,1
358,4545,20231201,1
1770,4546,20230409,1
1083,4547,20230221,1
445,4548,20230625,1
1484,4549,20230709,1
993,4550,20230216,1
728,4551,20231214,1
1804,4552,20231208,1
571,4553,20230311,1
579,4554,20230709,1
664,4555,20231025,1
75,4556,20231003,1
140,4557,20230209,1
338,4558,20231004,1
1756,4559,20230529,1
543,4560,20231007,1
3,4561,20230423,1
469,4562,20230402,1
331,4563,20230826,1
523,4564,20230629,1
1716,4565,20230107,1
265,4566,20230711,1
1290,4567,20231128,1
144,4568,20231106,1
1949,4569,20230501,1
1500,4570,20230210,1
1865,4571,20230518,1
386,4572,20231018,1
192,4573,20230823,1
359,4574,20230703,1
1390,4575,20230415,1
1492,4576,20231010,1
1642,4577,20231014,1
518,4578,20230304,1
94,4579,20230701,1
821,4580,20230121,1
109,4581,20230922,1
374,4582,20230430,1
1012,4583,20231127,1
1423,4584,20230802,1
1947,4585,20230606,1
599,4586,20230624,1
309,4587,20230111,1
1918,4588,20230131,1
583,4589,20230503,1
467,4590,20230401,1
399,4591,20230405,1
336,4592,20230110,1
889,4593,20230405,1
1040,4594,20230609,1
676,4595,20230801,1
1629,4596,20230530,1
125,4597,20230120,1
447,4598,20231213,1
573,4599,20230913,1
507,4600,20231210,1
47,4601,20230420,1
1695,4602,20230113,1
1418,4603,20230103,1
1007,4604,20230923,1
1142,4605,20231202,1
1194,4606,20231104,1
767,4607,20231203,1
605,4608,20231129,1
618,4609,20230917,1
756,4610,20230731,1
1383,4611,20231217,1
840,4612,20231005,1
1732,4613,20230719,1
33,4614,20230204,1
477,4615,20230627,1
1971,4616,20230425,1
1066,4617,20230913,1
1738,4618,20231208,1
1246,4619,20230730,1
1973,4620,20231227,1
449,4621,20230801,1
562,4622,20230129,1
189,4623,20230224,1
1431,4624,20230420,1
1164,4625,20231023,1
665,4626,20230705,1
78,4627,20231217,1
590,4628,20231029,1
1335,4629,20230127,1
1692,4630,20230729,1
619,4631,20230929,1
1471,4632,20231027,1
899,4633,20230625,1
1546,4634,20230418,1
1206,4635,20230612,1
1229,4636,20230302,1
709,4637,20230225,1
363,4638,20230211,1
19,4639,20230225,1
1581,4640,20230309,1
1022,4641,20231109,1
901,4642,20230718,1
1841,4643,20230109,1
1907,4644,20230908,1
1142,4645,20231129,1
1232,4646,20231006,1
283,4647,20231214,1
1862,4648,20230802,1
903,4649,20230913,1
1362,4650,20230712,1
247,4651,20230304,1
298,4652,20230509,1
846,4653,20231212,1
711,4654,20230911,1
1863,4655,20231229,1
1934,4656,20231118,1
1863,4657,20230831,1
839,4658,20230128,1
322,4659,20230513,1
1857,4660,20230513,1
806,4661,20230320,1
290,4662,20230527,1
540,4663,20230628,1
1502,4664,20230706,1
523,4665,20230325,1
1075,4666,20230228,1
1,4667,20230917,1
995,4668,20230730,1
132,4669,20230918,1
58,4670,20230923,1
832,4671,20231214,1
986,4672,20230320,1
1466,4673,20230804,1
709,4674,20230112,1
1078,4675,20231231,1
352,4676,20230406,1
1517,4677,20230803,1
1231,4678,20230802,1
200,4679,20231023,1
763,4680,20231129,1
1463,4681,20231115,1
352,4682,20230206,1
264,4683,20230329,1
1309,4684,20230126,1
91,4685,20230605,1
1566,4686,20230904,1
648,4687,20230912,1
911,4688,20230908,1
302,4689,20230204,1
317,4690,20230917,1
635,4691,20231109,1
341,4692,20230512,1
398,4693,20230506,1
1986,4694,20231102,1
46,4695,20230502,1
1861,4696,20230501,1
971,4697,20231002,1
730,4698,20230803,1
411,4699,20231121,1
12,4700,20230206,1
325,4701,20230920,1
8,4702,20231104,1
139,4703,20230130,1
16,4704,20230617,1
1730,4705,20230319,1
1115,4706,20230222,1
1819,4707,20230903,1
1135,4708,20231208,1
1775,4709,20230712,1
1785,4710,20230530,1
437,4711,20230922,1
789,4712,20231125,1
1031,4713,20230710,1
1602,4714,20230404,1
972,4715,20231104,1
901,4716,20230606,1
1538,4717,20230831,1
607,4718,20230225,1
18,4719,20231024,1
1290,4720,20231221,1
882,4721,20230728,1
1196,4722,20230601,1
345,4723,20230306,1
848,4724,20230216,1
1127,4725,20230520,1
361,4726,20230521,1
976,4727,20231108,1
1589,4728,20230320,1
1179,4729,20231216,1
67,4730,20230710,1
364,4731,20230306,1
783,4732,20230809,1
1271,4733,20231212,1
1232,4734,20230720,1
1751,4735,20230226,1
1921,4736,20230324,1
38,4737,20230708,1
131,4738,20231124,1
180,4739,20230826,1
1321,4740,20230209,1
620,4741,20230513,1
780,4742,20230920,1
315,4743,20231120,1
1154,4744,20230927,1
1760,4745,20230930,1
860,4746,20231111,1
552,4747,20231228,1
1317,4748,20230708,1
103,4749,20230619,1
335,4750,20231121,1
1493,4751,20230330,1
123,4752,20231105,1
415,4753,20230528,1
1491,4754,20230914,1
19,4755,20230720,1
1019,4756,20230101,1
1145,4757,20230521,1
1031,4758,20230407,1
1846,4759,20230519,1
1536,4760,20230618,1
706,4761,20230202,1
1757,4762,20231117,1
801,4763,20231008,1
478,4764,20230507,1
1755,4765,20230304,1
1708,4766,20230202,1
1404,4767,20230416,1
1784,4768,20230831,1
1409,4769,20230426,1
1110,4770,20230223,1
170,4771,20230923,1
300,4772,20230314,1
682,4773,20231122,1
1181,4774,20230203,1
1448,4775,20230404,1
217,4776,20230810,1
917,4777,20230207,1
796,4778,20230508,1
1607,4779,20230313,1
507,4780,20231002,1
388,4781,20230102,1
746,4782,20231118,1
1494,4783,20231004,1
836,4784,20230320,1
950,4785,20230910,1
1812,4786,20230117,1
129,4787,20230819,1
1311,4788,20230731,1
1072,4789,20230509,1
629,4790,20231023,1
969,4791,20230928,1
509,4792,20230406,1
1753,4793,20231221,1
567,4794,20230929,1
991,4795,20230925,1
1273,4796,20230602,1
462,4797,20230404,1
1696,4798,20230607,1
1465,4799,20230414,1
82,4800,20231010,1
714,4801,20230522,1
1761,4802,20230706,1
828,4803,20231121,1
1563,4804,20231105,1
145,4805,20230724,1
984,4806,20230428,1
637,4807,20230213,1
493,4808,20230505,1
28,4809,20230322,1
93,4810,20230401,1
1833,4811,20230708,1
1965,4812,20230630,1
239,4813,20230825,1
1579,4814,20230803,1
1019,4815,20230515,1
1305,4816,20231009,1
325,4817,20230430,1
592,4818,20230705,1
184,4819,20231229,1
898,4820,20230503,1
96,4821,20230812,1
569,4822,20231109,1
184,4823,20230707,1
780,4824,20230220,1
1381,4825,20231005,1
1926,4826,20231102,1
1581,4827,20230522,1
121,4828,20231108,1
607,4829,20230729,1
1013,4830,20230816,1
701,4831,20231224,1
562,4832,20230610,1
1923,4833,20230720,1
759,4834,20230213,1
475,4835,20230326,1
163,4836,20231024,1
1187,4837,20231129,1
1027,4838,20230918,1
252,4839,20231203,1
1678,4840,20230730,1
1817,4841,20230408,1
658,4842,20230427,1
1085,4843,20231121,1
823,4844,20230222,1
1640,4845,20230417,1
1435,4846,20231201,1
1169,4847,20230517,1
929,4848,20230128,1
220,4849,20230103,1
528,4850,20230413,1
664,4851,20230914,1
1471,4852,20230922,1
1588,4853,20230124,1
150,4854,20230108,1
1726,4855,20230626,1
556,4856,20230423,1
995,4857,20230715,1
1561,4858,20231028,1
752,4859,20230105,1
1485,4860,20230313,1
1159,4861,20231006,1
84,4862,20231229,1
446,4863,20230422,1
548,4864,20230529,1
1265,4865,20230618,1
1325,4866,20230601,1
399,4867,20230415,1
1017,4868,20231031,1
605,4869,20230802,1
436,4870,20230621,1
343,4871,20230106,1
1337,4872,20230618,1
1342,4873,20230730,1
238,4874,20230302,1
416,4875,20230622,1
1312,4876,20230218,1
1298,4877,20230304,1
1924,4878,20230620,1
528,4879,20230705,1
559,4880,20230125,1
605,4881,20230419,1
566,4882,20231103,1
1781,4883,20230111,1
1560,4884,20230124,1
1363,4885,20231006,1
760,4886,20230915,1
168,4887,20230324,1
1406,4888,20230520,1
1422,4889,20231129,1
1239,4890,20230402,1
259,4891,20231130,1
47,4892,20230218,1
1139,4893,20230406,1
1368,4894,20230615,1
651,4895,20230329,1
100,4896,20230427,1
233,4897,20231223,1
9,4898,20230619,1
615,4899,20231107,1
1507,4900,20230628,1
1645,4901,20230109,1
1896,4902,20230530,1
465,4903,20230221,1
972,4904,20230124,1
961,4905,20230916,1
796,4906,20231014,1
1190,4907,20231221,1
908,4908,20231216,1
1431,4909,20230227,1
1296,4910,20230702,1
289,4911,20230529,1
56,4912,20230216,1
397,4913,20230107,1
1260,4914,20231201,1
1421,4915,20230113,1
1896,4916,20230115,1
700,4917,20230618,1
1372,4918,20231213,1
335,4919,20230919,1
1898,4920,20231010,1
420,4921,20230330,1
630,4922,20230502,1
414,4923,20230308,1
970,4924,20230225,1
1764,4925,20231018,1
1944,4926,20231017,1
943,4927,20230718,1
1791,4928,20231003,1
436,4929,20230928,1
627,4930,20230415,1
290,4931,20231202,1
532,4932,20231113,1
731,4933,20230201,1
1250,4934,20230211,1
1557,4935,20231122,1
517,4936,20230716,1
1210,4937,20230803,1
1422,4938,20230712,1
770,4939,20230306,1
593,4940,20230902,1
1975,4941,20230522,1
226,4942,20231211,1
773,4943,20230430,1
1433,4944,20230502,1
2000,4945,20231225,1
1787,4946,20230527,1
886,4947,20231011,1
1110,4948,20230926,1
566,4949,20230916,1
1951,4950,20230615,1
466,4951,20231227,1
1180,4952,20230307,1
119,4953,20231106,1
1101,4954,20231011,1
191,4955,20230727,1
1468,4956,20230528,1
1471,4957,20230622,1
1376,4958,20230609,1
999,4959,20230616,1
1175,4960,20230110,1
85,4961,20230529,1
1609,4962,20231228,1
982,4963,20230604,1
1696,4964,20230414,1
112,4965,20231226,1
137,4966,20230821,1
1411,4967,20230817,1
1856,4968,20230827,1
1511,4969,20230919,1
1103,4970,20230729,1
1094,4971,20230905,1
1049,4972,20230411,1
773,4973,20230301,1
1321,4974,20230517,1
314,4975,20230909,1
463,4976,20230502,1
1049,4977,20230211,1
99,4978,20230123,1
841,4979,20230420,1
520,4980,20230103,1
1346,4981,20230528,1
1629,4982,20230821,1
862,4983,20230111,1
1512,4984,20230523,1
519,4985,20230428,1
1612,4986,20231026,1
669,4987,20230407,1
263,4988,20231130,1
1608,4989,20231215,1
858,4990,20231117,1
479,4991,20230524,1
1423,4992,20230416,1
983,4993,20230705,1
902,4994,20230919,1
102,4995,20230216,1
126,4996,20230106,1
1487,4997,20230318,1
1921,4998,20230111,1
461,4999,20230101,1
969,5000,20231025,1
1172,5001,20230210,1
226,5002,20230621,1
574,5003,20230125,1
1822,5004,20230110,1
149,5005,20230126,1
1303,5006,20230415,1
1861,5007,20230208,1
380,5008,20230406,1
1877,5009,20230212,1
1664,5010,20230917,1
1160,5011,20230806,1
60,5012,20231113,1
391,5013,20230309,1
817,5014,20230208,1
1764,5015,20230201,1
1915,5016,20230826,1
476,5017,20231104,1
704,5018,20230828,1
1455,5019,20230415,1
1949,5020,20230302,1
1766,5021,20230919,1
1951,5022,20230714,1
1943,5023,20230302,1
974,5024,20231009,1
179,5025,20230515,1
1038,5026,20230904,1
789,5027,20231019,1
1755,5028,20230913,1
757,5029,20230505,1
1082,5030,20230829,1
1599,5031,20230120,1
463,5032,20230506,1
120,5033,20231126,1
1542,5034,20230318,1
363,5035,20230829,1
500,5036,20230330,1
1500,5037,20230328,1
1710,5038,20230705,1
1185,5039,20230414,1
827,5040,20230314,1
292,5041,20230510,1
1878,5042,20230826,1
1450,5043,20231020,1
1482,5044,20231028,1
156,5045,20231010,1
1727,5046,20230503,1
1347,5047,20231110,1
1031,5048,20230904,1
75,5049,20230927,1
1617,5050,20231226,1
897,5051,20230723,1
1921,5052,20230430,1
944,5053,20230624,1
1737,5054,20231001,1
61,5055,20231116,1
1606,5056,20231022,1
891,5057,20230609,1
490,5058,20231125,1
81,5059,20231009,1
1256,5060,20231019,1
231,5061,20231206,1
1272,5062,20230419,1
988,5063,20230426,1
784,5064,20230506,1
124,5065,20230625,1
1068,5066,20230916,1
703,5067,20230107,1
240,5068,20230731,1
1221,5069,20231217,1
1459,5070,20230114,1
410,5071,20230705,1
405,5072,20231122,1
1104,5073,20230401,1
1950,5074,20230331,1
858,5075,20230629,1
1250,5076,20230917,1
1203,5077,20230322,1
333,5078,20230225,1
1743,5079,20231126,1
1589,5080,20230526,1
1064,5081,20230520,1
297,5082,20230531,1
572,5083,20230816,1
468,5084,20231121,1
1144,5085,20231117,1
589,5086,20231213,1
93,5087,20230719,1
396,5088,20230703,1
555,5089,20230610,1
1374,5090,20230618,1
107,5091,20230112,1
1359,5092,20231014,1
1452,5093,20230319,1
272,5094,20230722,1
613,5095,20230916,1
706,5096,20230427,1
1219,5097,20231111,1
664,5098,20230319,1
1995,5099,20230326,1
1832,5100,20230831,1
1659,5101,20230606,1
1749,5102,20230227,1
1608,5103,20230526,1
1188,5104,20230713,1
199,5105,20230729,1
1658,5106,20230212,1
1356,5107,20230413,1
785,5108,20230717,1
1904,5109,20230922,1
852,5110,20230103,1
457,5111,20231231,1
1985,5112,20230803,1
281,5113,20230910,1
1478,5114,20231011,1
861,5115,20230615,1
1950,5116,20231016,1
533,5117,20230228,1
1404,5118,20230131,1
234,5119,20230714,1
506,5120,20231231,1
678,5121,20230228,1
486,5122,20230427,1
484,5123,20230729,1
1236,5124,20230818,1
1722,5125,20230106,1
1267,5126,20230423,1
703,5127,20230622,1
1426,5128,20230602,1
1890,5129,20230906,1
206,5130,20230118,1
661,5131,20231223,1
458,5132,20230619,1
1198,5133,20230118,1
1945,5134,20230504,1
1558,5135,20230108,1
813,5136,20230227,1
645,5137,20230731,1
63,5138,20230603,1
439,5139,20230924,1
583,5140,20230907,1
1898,5141,20231114,1
1803,5142,20230530,1
1893,5143,20230807,1
1946,5144,20230727,1
1,5145,20230416,1
798,5146,20230805,1
531,5147,20230822,1
875,5148,20230421,1
729,5149,20230823,1
927,5150,20231106,1
301,5151,20230714,1
680,5152,20230117,1
1801,5153,20231224,1
1179,5154,20230912,1
1901,5155,20230518,1
1735,5156,20231024,1
915,5157,20230808,1
1373,5158,20230122,1
1486,5159,20230905,1
165,5160,20230430,1
1741,5161,20231205,1
1981,5162,20230812,1
328,5163,20231113,1
372,5164,20230419,1
565,5165,20230204,1
1299,5166,20231113,1
158,5167,20230929,1
973,5168,20230329,1
1285,5169,20231117,1
1092,5170,20230915,1
1313,5171,20230623,1
1310,5172,20231214,1
973,5173,20230920,1
571,5174,20230511,1
1329,5175,20230119,1
820,5176,20231018,1
476,5177,20230120,1
69,5178,20230520,1
1886,5179,20231123,1
1999,5180,20231022,1
803,5181,20231024,1
1481,5182,20230423,1
973,5183,20230714,1
1134,5184,20230825,1
1221,5185,20231106,1
1253,5186,20230526,1
1634,5187,20230715,1
1582,5188,20230808,1
1555,5189,20231220,1
912,5190,20230212,1
1866,5191,20230204,1
337,5192,20230125,1
1811,5193,20230411,1
1697,5194,20230704,1
534,5195,20231111,1
1102,5196,20230310,1
1252,5197,20230809,1
1763,5198,20230616,1
560,5199,20230124,1
1502,5200,20230115,1
1225,5201,20230505,1
899,5202,20231214,1
1275,5203,20231104,1
84,5204,20231111,1
973,5205,20230601,1
1056,5206,20231207,1
1917,5207,20230919,1
761,5208,20231015,1
679,5209,20231102,1
1458,5210,20231118,1
876,5211,20230819,1
1779,5212,20230707,1
1152,5213,20230428,1
1379,5214,20230128,1
1150,5215,20231205,1
1053,5216,20231030,1
208,5217,20230406,1
434,5218,20230512,1
179,5219,20230803,1
46,5220,20230706,1
1041,5221,20230109,1
966,5222,20230921,1
1666,5223,20231130,1
400,5224,20231112,1
1725,5225,20230817,1
214,5226,20231214,1
207,5227,20231215,1
1880,5228,20230122,1
1097,5229,20231123,1
1264,5230,20230309,1
1630,5231,20230417,1
867,5232,20230410,1
1800,5233,20231007,1
40,5234,20230823,1
1759,5235,20230904,1
979,5236,20230331,1
1930,5237,20231230,1
277,5238,20230518,1
1120,5239,20231123,1
1897,5240,20231024,1
165,5241,20231226,1
1918,5242,20230916,1
757,5243,20230505,1
916,5244,20230505,1
1933,5245,20230314,1
1458,5246,20230104,1
232,5247,20230513,1
327,5248,20230125,1
1673,5249,20230408,1
668,5250,20230424,1
263,5251,20230228,1
1845,5252,20230730,1
1206,5253,20230127,1
314,5254,20230710,1
1143,5255,20230831,1
356,5256,20230711,1
1352,5257,20230211,1
531,5258,20230715,1
1535,5259,20230513,1
1688,5260,20230101,1
1526,5261,20230315,1
1476,5262,20230225,1
813,5263,20230225,1
597,5264,20230706,1
1112,5265,20230212,1
1369,5266,20230913,1
993,5267,20231123,1
1697,5268,20230708,1
1872,5269,20230710,1
1465,5270,20230327,1
1573,5271,20230411,1
725,5272,20230812,1
1380,5273,20231001,1
91,5274,20230711,1
1398,5275,20231003,1
304,5276,20230216,1
261,5277,20230121,1
1314,5278,20231224,1
1331,5279,20231106,1
787,5280,20231109,1
1560,5281,20230722,1
371,5282,20230406,1
883,5283,20230212,1
6,5284,20230119,1
870,5285,20231209,1
651,5286,20230428,1
279,5287,20230123,1
1735,5288,20230625,1
1944,5289,20230608,1
1889,5290,20230221,1
762,5291,20230407,1
1012,5292,20230316,1
1995,5293,20230803,1
1489,5294,20230920,1
1980,5295,20230824,1
1557,5296,20230427,1
1358,5297,20230818,1
1007,5298,20230111,1
1730,5299,20230718,1
1286,5300,20230906,1
1616,5301,20230330,1
646,5302,20231118,1
550,5303,20230403,1
22,5304,20230925,1
3,5305,20230909,1
1772,5306,20231017,1
1347,5307,20230402,1
516,5308,20230107,1
1351,5309,20231203,1
1269,5310,20230322,1
1326,5311,20230824,1
1062,5312,20230729,1
1457,5313,20230511,1
278,5314,20230216,1
378,5315,20231206,1
1670,5316,20230409,1
1659,5317,20230302,1
482,5318,20231203,1
1064,5319,20230117,1
755,5320,20230306,1
504,5321,20230531,1
1357,5322,20230402,1
113,5323,20231025,1
239,5324,20230809,1
1425,5325,20230507,1
1092,5326,20231014,1
1352,5327,20230828,1
919,5328,20230422,1
720,5329,20230523,1
193,5330,20230210,1
1177,5331,20230401,1
1608,5332,20230313,1
327,5333,20230301,1
1576,5334,20231122,1
618,5335,20230114,1
1624,5336,20231212,1
543,5337,20230925,1
183,5338,20230421,1
619,5339,20230605,1
966,5340,20230328,1
1006,5341,20230130,1
791,5342,20231020,1
1935,5343,20231028,1
1323,5344,20230523,1
322,5345,20230805,1
74,5346,20230802,1
1786,5347,20230822,1
1631,5348,20230725,1
1337,5349,20230416,1
1893,5350,20230506,1
1770,5351,20230405,1
1176,5352,20230122,1
1912,5353,20230919,1
1882,5354,20230618,1
219,5355,20230705,1
2000,5356,20230418,1
187,5357,20230406,1
1861,5358,20230405,1
557,5359,20230110,1
1207,5360,20230713,1
805,5361,20230601,1
677,5362,20231020,1
1793,5363,20231107,1
361,5364,20231012,1
1807,5365,20230405,1
1525,5366,20230413,1
1470,5367,20230131,1
965,5368,20231130,1
1520,5369,20230504,1
712,5370,20230204,1
1007,5371,20230405,1
437,5372,20231002,1
1351,5373,20230710,1
94,5374,20231225,1
1339,5375,20230824,1
1664,5376,20230216,1
1470,5377,20231126,1
1414,5378,20230412,1
1495,5379,20230301,1
1221,5380,20230906,1
43,5381,20231120,1
981,5382,20230324,1
1363,5383,20231211,1
1957,5384,20231111,1
531,5385,20230316,1
848,5386,20231113,1
761,5387,20230119,1
478,5388,20230309,1
406,5389,20230719,1
922,5390,20230828,1
1753,5391,20230908,1
1639,5392,20230609,1
1134,5393,20231216,1
59,5394,20230920,1
420,5395,20230622,1
681,5396,20230520,1
1350,5397,20230607,1
997,5398,20230131,1
1986,5399,20230522,1
541,5400,20230721,1
1713,5401,20230311,1
928,5402,20230302,1
1579,5403,20230620,1
1606,5404,20230405,1
1269,5405,20231218,1
712,5406,20231020,1
678,5407,20230325,1
1277,5408,20230529,1
1580,5409,20230428,1
1525,5410,20231004,1
1885,5411,20231020,1
807,5412,20230618,1
963,5413,20231211,1
469,5414,20231216,1
1390,5415,20230528,1
645,5416,20230718,1
495,5417,20230903,1
486,5418,20230816,1
1614,5419,20230329,1
1740,5420,20230530,1
107,5421,20231231,1
486,5422,20230819,1
818,5423,20230819,1
803,5424,20230712,1
65,5425,20230205,1
1049,5426,20230103,1
553,5427,20230502,1
809,5428,20230819,1
528,5429,20230103,1
1429,5430,20230406,1
1861,5431,20231108,1
322,5432,20230512,1
1223,5433,20230722,1
1703,5434,20230318,1
79,5435,20230829,1
1348,5436,20230715,1
1061,5437,20230119,1
1589,5438,20231018,1
251,5439,20231015,1
834,5440,20230518,1
582,5441,20231129,1
390,5442,20230504,1
689,5443,20230214,1
1006,5444,20231016,1
1012,5445,20230318,1
1510,5446,20230127,1
908,5447,20230922,1
188,5448,20230514,1
591,5449,20231122,1
1244,5450,20231012,1
168,5451,20230802,1
21,5452,20230315,1
1570,5453,20230517,1
1963,5454,20231218,1
914,5455,20230813,1
1817,5456,20230613,1
523,5457,20230708,1
1654,5458,20230120,1
1480,5459,20231204,1
236,5460,20231008,1
1174,5461,20231108,1
1777,5462,20230409,1
1728,5463,20230110,1
1964,5464,20230828,1
1083,5465,20230903,1
45,5466,20230425,1
136,5467,20231227,1
614,5468,20230217,1
632,5469,20230210,1
588,5470,20230907,1
1681,5471,20230816,1
464,5472,20230310,1
988,5473,20230604,1
127,5474,20230524,1
383,5475,20231030,1
1392,5476,20230413,1
1955,5477,20230301,1
857,5478,20231010,1
1102,5479,20230614,1
737,5480,20230923,1
1135,5481,20230706,1
933,5482,20231214,1
144,5483,20230218,1
1228,5484,20230214,1
1976,5485,20230312,1
1755,5486,20230705,1
101,5487,20231105,1
1217,5488,20231013,1
303,5489,20230704,1
1792,5490,20230914,1
249,5491,20230722,1
1897,5492,20231003,1
59,5493,20230627,1
1759,5494,20230130,1
1102,5495,20230820,1
1881,5496,20230721,1
1285,5497,20230602,1
582,5498,20231124,1
1878,5499,20230724,1
628,5500,20231226,1
282,5501,20230314,1
602,5502,20230305,1
442,5503,20231207,1
1989,5504,20231212,1
1075,5505,20230711,1
1455,5506,20231001,1
1250,5507,20230529,1
1405,5508,20230302,1
176,5509,20230324,1
734,5510,20230605,1
1337,5511,20230823,1
1301,5512,20231227,1
874,5513,20230122,1
1293,5514,20230205,1
635,5515,20230211,1
832,5516,20230606,1
868,5517,20231124,1
1841,5518,20230515,1
272,5519,20230112,1
422,5520,20230306,1
360,5521,20230111,1
1558,5522,20230414,1
185,5523,20231122,1
1114,5524,20230703,1
154,5525,20230708,1
347,5526,20230510,1
1747,5527,20230530,1
453,5528,20231019,1
586,5529,20230529,1
1244,5530,20230919,1
169,5531,20230830,1
241,5532,20230804,1
553,5533,20230623,1
1879,5534,20230620,1
170,5535,20231214,1
781,5536,20230109,1
1353,5537,20230721,1
1206,5538,20231126,1
499,5539,20231104,1
1830,5540,20231216,1
1566,5541,20230312,1
1361,5542,20230710,1
912,5543,20230212,1
480,5544,20230330,1
885,5545,20231030,1
639,5546,20230210,1
1826,5547,20230718,1
136,5548,20230725,1
469,5549,20231108,1
27,5550,20230614,1
1135,5551,20230119,1
677,5552,20230724,1
389,5553,20230706,1
1291,5554,20231121,1
355,5555,20230227,1
1416,5556,20230503,1
1357,5557,20231006,1
1359,5558,20230118,1
1939,5559,20231103,1
1525,5560,20231129,1
1836,5561,20231223,1
1438,5562,20230412,1
1479,5563,20230201,1
262,5564,20230921,1
484,5565,20231121,1
1386,5566,20230709,1
606,5567,20230201,1
1917,5568,20230331,1
1099,5569,20230414,1
148,5570,20230523,1
1881,5571,20230409,1
1272,5572,20230726,1
1920,5573,20231211,1
1649,5574,20230323,1
207,5575,20230723,1
924,5576,20230621,1
974,5577,20230531,1
1980,5578,20231002,1
1485,5579,20230114,1
820,5580,20231020,1
1792,5581,20231129,1
195,5582,20231121,1
51,5583,20230606,1
567,5584,20230410,1
1806,5585,20231114,1
1690,5586,20231205,1
533,5587,20230213,1
1255,5588,20231125,1
500,5589,20230515,1
680,5590,20230313,1
1206,5591,20230717,1
1221,5592,20230601,1
1566,5593,20230805,1
849,5594,20230124,1
1221,5595,20230801,1
836,5596,20231224,1
1667,5597,20230721,1
1755,5598,20230602,1
1448,5599,20230326,1
1906,5600,20230503,1
175,5601,20230207,1
1842,5602,20230729,1
1687,5603,20230119,1
989,5604,20231225,1
520,5605,20230518,1
583,5606,20230808,1
783,5607,20230824,1
1462,5608,20230125,1
1220,5609,20230817,1
1178,5610,20230227,1
974,5611,20230625,1
1796,5612,20230925,1
148,5613,20230719,1
1935,5614,20230630,1
1905,5615,20231207,1
1255,5616,20230216,1
1750,5617,20230814,1
349,5618,20230620,1
124,5619,20230422,1
1684,5620,20230107,1
1361,5621,20231002,1
516,5622,20230822,1
1412,5623,20230626,1
1761,5624,20231219,1
578,5625,20230323,1
508,5626,20230616,1
243,5627,20230907,1
462,5628,20230520,1
1031,5629,20231011,1
499,5630,20230715,1
640,5631,20231022,1
878,5632,20230822,1
804,5633,20230219,1
203,5634,20230506,1
1099,5635,20230330,1
454,5636,20231114,1
1525,5637,20230629,1
1221,5638,20231020,1
1534,5639,20231028,1
1627,5640,20230531,1
19,5641,20230914,1
1745,5642,20230713,1
833,5643,20230121,1
1078,5644,20230207,1
616,5645,20230306,1
570,5646,20230817,1
1775,5647,20231024,1
1164,5648,20230206,1
169,5649,20230609,1
1282,5650,20231218,1
769,5651,20230822,1
1340,5652,20230525,1
1217,5653,20230713,1
1521,5654,20230227,1
462,5655,20230815,1
1900,5656,20231028,1
1468,5657,20231110,1
506,5658,20230207,1
1359,5659,20230310,1
781,5660,20230914,1
1665,5661,20230706,1
1223,5662,20230808,1
806,5663,20230828,1
1294,5664,20230226,1
1530,5665,20230817,1
646,5666,20230215,1
885,5667,20230413,1
539,5668,20230328,1
698,5669,20230113,1
1578,5670,20230102,1
369,5671,20230330,1
1328,5672,20230215,1
1454,5673,20231031,1
372,5674,20230831,1
1562,5675,20231102,1
1308,5676,20230208,1
1524,5677,20230421,1
1213,5678,20230317,1
1889,5679,20230630,1
1067,5680,20230517,1
1388,5681,20230827,1
667,5682,20230411,1
441,5683,20230729,1
1893,5684,20230611,1
990,5685,20230121,1
703,5686,20230821,1
1852,5687,20230311,1
1627,5688,20230202,1
173,5689,20230222,1
537,5690,20231104,1
430,5691,20231019,1
197,5692,20230822,1
222,5693,20231012,1
1542,5694,20230302,1
1993,5695,20230322,1
909,5696,20231223,1
1043,5697,20230625,1
1355,5698,20230625,1
1841,5699,20231228,1
1197,5700,20230911,1
319,5701,20230225,1
1034,5702,20230205,1
1425,5703,20230213,1
867,5704,20231208,1
1046,5705,20230718,1
381,5706,20231102,1
1804,5707,20230102,1
1641,5708,20230220,1
1475,5709,20230210,1
1042,5710,20231102,1
37,5711,20230603,1
1478,5712,20230215,1
734,5713,20231023,1
1670,5714,20231110,1
21,5715,20230706,1
644,5716,20231003,1
601,5717,20231226,1
534,5718,20230513,1
1313,5719,20231010,1
969,5720,20230514,1
830,5721,20230627,1
489,5722,20230206,1
1264,5723,20230709,1
721,5724,20230523,1
1365,5725,20230326,1
463,5726,20231106,1
1226,5727,20231027,1
219,5728,20230601,1
619,5729,20230106,1
1580,5730,20231230,1
234,5731,20230815,1
1575,5732,20231018,1
1467,5733,20230503,1
782,5734,20230422,1
833,5735,20230710,1
1581,5736,20231227,1
433,5737,20230713,1
1536,5738,20230830,1
1289,5739,20230413,1
1263,5740,20230629,1
1806,5741,20231104,1
876,5742,20230810,1
1457,5743,20231226,1
1543,5744,20230316,1
254,5745,20230723,1
1856,5746,20231115,1
1452,5747,20231109,1
1315,5748,20230406,1
1638,5749,20230126,1
1071,5750,20230927,1
1145,5751,20230508,1
380,5752,20230714,1
947,5753,20230220,1
1600,5754,20231229,1
1632,5755,20231009,1
1191,5756,20230209,1
1615,5757,20230625,1
1017,5758,20231124,1
343,5759,20230224,1
1551,5760,20230321,1
1548,5761,20230709,1
1076,5762,20231002,1
130,5763,20230710,1
1230,5764,20230527,1
393,5765,20230810,1
79,5766,20230729,1
1308,5767,20230301,1
531,5768,20230212,1
250,5769,20230816,1
1418,5770,20230904,1
1554,5771,20230609,1
1124,5772,20230404,1
940,5773,20230529,1
1602,5774,20230601,1
1885,5775,20230826,1
1289,5776,20231227,1
173,5777,20230718,1
294,5778,20230513,1
650,5779,20230813,1
1325,5780,20230102,1
488,5781,20230805,1
1230,5782,20231225,1
40,5783,20230511,1
1909,5784,20231027,1
1129,5785,20230410,1
825,5786,20231207,1
2000,5787,20230216,1
1234,5788,20230625,1
785,5789,20231108,1
874,5790,20230925,1
361,5791,20230430,1
1339,5792,20230105,1
78,5793,20230319,1
110,5794,20230307,1
1529,5795,20230618,1
27,5796,20231229,1
1600,5797,20231106,1
1781,5798,20231119,1
550,5799,20231221,1
27,5800,20231215,1
942,5801,20231026,1
14,5802,20231208,1
1292,5803,20230511,1
1608,5804,20230812,1
1149,5805,20230211,1
1653,5806,20230103,1
635,5807,20231225,1
412,5808,20231013,1
50,5809,20230618,1
1037,5810,20230906,1
1952,5811,20230208,1
288,5812,20230225,1
441,5813,20230417,1
1840,5814,20231227,1
1278,5815,20230906,1
1440,5816,20230207,1
526,5817,20231229,1
583,5818,20231102,1
547,5819,20230112,1
105,5820,20231229,1
293,5821,20230610,1
1200,5822,20231209,1
1753,5823,20231206,1
955,5824,20230324,1
314,5825,20230205,1
1605,5826,20230113,1
566,5827,20230315,1
1229,5828,20230211,1
471,5829,20230412,1
941,5830,20231112,1
608,5831,20230720,1
1911,5832,20230516,1
1622,5833,20230925,1
863,5834,20231214,1
887,5835,20230320,1
1739,5836,20231227,1
249,5837,20230712,1
1203,5838,20230219,1
180,5839,20230407,1
667,5840,20230810,1
71,5841,20231127,1
1801,5842,20230410,1
1262,5843,20231221,1
1703,5844,20230404,1
535,5845,20230721,1
1979,5846,20230103,1
1209,5847,20231224,1
1541,5848,20231116,1
173,5849,20230424,1
799,5850,20231211,1
97,5851,20230415,1
621,5852,20230704,1
383,5853,20231126,1
1959,5854,20231021,1
754,5855,20231108,1
1174,5856,20230321,1
295,5857,20230510,1
330,5858,20231215,1
816,5859,20230614,1
1807,5860,20230612,1
444,5861,20231125,1
1639,5862,20230921,1
778,5863,20230820,1
498,5864,20230406,1
1094,5865,20230304,1
1788,5866,20231231,1
1210,5867,20231015,1
457,5868,20230911,1
1183,5869,20230106,1
1046,5870,20230311,1
110,5871,20230311,1
1625,5872,20230621,1
600,5873,20230315,1
562,5874,20230827,1
1872,5875,20230106,1
609,5876,20230628,1
568,5877,20231011,1
1595,5878,20230909,1
848,5879,20230512,1
707,5880,20230714,1
1320,5881,20231212,1
1832,5882,20231107,1
1808,5883,20231127,1
512,5884,20230422,1
520,5885,20230322,1
386,5886,20230626,1
1133,5887,20230630,1
359,5888,20230313,1
1271,5889,20230120,1
69,5890,20231014,1
1691,5891,20230920,1
157,5892,20230317,1
152,5893,20230609,1
1403,5894,20230207,1
387,5895,20231006,1
106,5896,20230416,1
48,5897,20230501,1
1812,5898,20231215,1
1313,5899,20230325,1
1079,5900,20230808,1
811,5901,20231030,1
453,5902,20231204,1
249,5903,20231224,1
789,5904,20230715,1
278,5905,20230228,1
12,5906,20230627,1
1410,5907,20230515,1
1300,5908,20230526,1
91,5909,20230420,1
317,5910,20231205,1
1032,5911,20230304,1
1825,5912,20231030,1
1035,5913,20230123,1
1156,5914,20230724,1
916,5915,20230113,1
387,5916,20230828,1
473,5917,20230921,1
336,5918,20230830,1
569,5919,20230720,1
510,5920,20230210,1
1497,5921,20230502,1
409,5922,20230510,1
1338,5923,20230315,1
23,5924,20230613,1
1556,5925,20230916,1
1406,5926,20230312,1
1925,5927,20231216,1
989,5928,20230902,1
632,5929,20231201,1
1164,5930,20230120,1
225,5931,20230606,1
1957,5932,20230610,1
162,5933,20231002,1
1465,5934,20230222,1
1667,5935,20230817,1
1218,5936,20230903,1
601,5937,20230119,1
1343,5938,20230206,1
1348,5939,20230418,1
398,5940,20230417,1
331,5941,20230225,1
1826,5942,20230716,1
185,5943,20230305,1
1315,5944,20230808,1
733,5945,20230318,1
1721,5946,20230622,1
1322,5947,20231124,1
1737,5948,20230823,1
806,5949,20230122,1
724,5950,20230926,1
1182,5951,20230811,1
1825,5952,20230914,1
328,5953,20230724,1
334,5954,20231226,1
891,5955,20230406,1
1977,5956,20231124,1
1543,5957,20230729,1
874,5958,20230602,1
1250,5959,20230901,1
98,5960,20230627,1
227,5961,20230806,1
212,5962,20230222,1
171,5963,20230609,1
1291,5964,20230201,1
144,5965,20230331,1
1623,5966,20230901,1
256,5967,20231117,1
1999,5968,20230714,1
1724,5969,20230630,1
669,5970,20230130,1
1268,5971,20231229,1
1488,5972,20230315,1
1621,5973,20231010,1
210,5974,20230204,1
572,5975,20230320,1
1328,5976,20230519,1
337,5977,20230424,1
1695,5978,20230327,1
1668,5979,20230202,1
179,5980,20230327,1
1176,5981,20230214,1
351,5982,20230801,1
1168,5983,20230420,1
13,5984,20230615,1
1494,5985,20230916,1
90,5986,20230618,1
752,5987,20230804,1
436,5988,20230405,1
401,5989,20231003,1
1730,5990,20230617,1
1245,5991,20230401,1
1673,5992,20230513,1
180,5993,20230923,1
1957,5994,20230321,1
1997,5995,20230315,1
697,5996,20230115,1
1527,5997,20230127,1
1036,5998,20230324,1
844,5999,20230527,1
1027,6000,20230918,1
