actor_user_key,post_key,interaction_date_key,interaction_type,interaction_count
1548,1658,20230522,Like,1
782,5912,20230430,Like,1
695,5854,20231205,Comment,1
1732,2806,20230111,Like,1
579,5746,20230722,Like,1
863,2070,20230105,Like,1
1675,3696,20231209,Like,1
713,5013,20230815,Like,1
188,4011,20230406,Comment,1
655,692,20230522,Share,1
186,4391,20231109,Like,1
1854,4002,20230415,Like,1
145,4137,20230508,Like,1
1027,3415,20230428,Like,1
1666,563,20230531,Like,1
533,2744,20230616,Comment,1
1628,2830,20230321,Like,1
358,581,20230422,Like,1
58,2251,20230325,Like,1
628,2371,20230104,Like,1
1282,5072,20230129,Share,1
1067,820,20230325,Like,1
188,1576,20230104,Like,1
113,1374,20231003,Like,1
78,1334,20230909,Like,1
875,4445,20231023,Like,1
174,1333,20230329,Comment,1
1440,3383,20230607,Comment,1
1623,4064,20230124,Comment,1
627,3977,20230209,Like,1
55,2379,20230408,Like,1
535,1124,20230120,Comment,1
959,2415,20230614,Like,1
113,5897,20230322,Like,1
1915,82,20230311,Like,1
1917,1730,20231117,Share,1
1884,4952,20230225,Like,1
1894,3225,20230424,Share,1
245,386,20230831,Like,1
1233,3113,20231221,Like,1
643,4108,20231024,Like,1
348,811,20230415,Share,1
1103,3428,20231124,Like,1
121,1443,20230217,Like,1
379,2514,20230110,Like,1
594,4199,20231102,Like,1
78,1746,20230624,Like,1
1037,5383,20231108,Like,1
288,1474,20230826,Like,1
813,4218,20230322,Like,1
1769,4963,20230305,Like,1
1480,5833,20230409,Share,1
822,5998,20230311,Share,1
289,4588,20230728,Like,1
1470,2937,20230609,Like,1
1875,2109,20230926,Comment,1
1855,3028,20230914,Like,1
488,4199,20230723,Share,1
287,5144,20230718,Like,1
222,4370,20230823,Like,1
672,3598,20231127,Like,1
311,3325,20230815,Like,1
617,1135,20230804,Share,1
1736,1658,20230914,Like,1
1063,2961,20231110,Like,1
1887,3400,20231122,Like,1
1500,4335,20230224,Comment,1
1216,2073,20230720,Like,1
1061,861,20231030,Like,1
1122,2120,20230123,Like,1
1709,2054,20231108,Comment,1
1232,2611,20231209,Like,1
1481,2858,20230416,Comment,1
219,409,20231119,Comment,1
839,1284,20230727,Like,1
1904,5396,20231122,Like,1
1254,3398,20230907,Like,1
1739,1121,20230708,Like,1
1445,5426,20230920,Like,1
1314,2009,20230320,Like,1
1211,4100,20231209,Like,1
1234,5270,20230827,Share,1
1262,5210,20230727,Like,1
48,446,20230216,Like,1
1187,3127,20231004,Like,1
783,3278,20230705,Comment,1
759,1155,20230911,Like,1
74,4941,20230915,Comment,1
1245,259,20231122,Like,1
111,3509,20230106,Like,1
757,5066,20230913,Like,1
1952,2919,20230802,Like,1
952,3633,20231123,Comment,1
1768,1585,20230601,Comment,1
143,5798,20230731,Comment,1
394,4168,20231024,Share,1
859,3700,20231022,Like,1
1675,673,20230925,Comment,1
506,2309,20230602,Like,1
16,1593,20231016,Like,1
742,2588,20230422,Like,1
1916,101,20230721,Like,1
1356,1147,20230724,Like,1
1662,1569,20230808,Like,1
738,1764,20230216,Like,1
658,2875,20230421,Like,1
924,5291,20230711,Like,1
248,4793,20230214,Like,1
1625,3018,20230312,Like,1
1482,4087,20230708,Like,1
1399,2990,20230331,Like,1
743,1805,20231031,Share,1
1041,1952,20230501,Like,1
820,662,20230612,Like,1
1040,3939,20230110,Like,1
1819,733,20230627,Like,1
64,5446,20230819,Like,1
1777,1312,20230305,Like,1
1222,4858,20230920,Like,1
1287,116,20230216,Like,1
696,4819,20230401,Like,1
1578,610,20230515,Like,1
1695,2458,20231231,Like,1
1258,1221,20230718,Like,1
599,4720,20230202,Like,1
568,2406,20230803,Like,1
1966,2984,20230220,Comment,1
1120,5410,20230808,Like,1
1167,3750,20230914,Like,1
729,5762,20230830,Like,1
641,4737,20231126,Like,1
144,1400,20230904,Like,1
804,2080,20230720,Like,1
1228,5915,20230224,Like,1
131,3101,20230112,Like,1
1193,3642,20230502,Like,1
1066,1394,20231212,Comment,1
746,359,20230718,Comment,1
825,3399,20230528,Share,1
1651,1822,20230727,Like,1
1420,4608,20231221,Like,1
29,3344,20230922,Like,1
305,3000,20231204,Like,1
1497,1147,20230318,Like,1
284,2314,20231229,Like,1
1387,413,20230114,Like,1
810,2056,20230622,Like,1
466,5254,20230908,Like,1
1814,5249,20230908,Like,1
1102,1350,20230906,Comment,1
504,1354,20231206,Like,1
1035,780,20230110,Like,1
739,363,20230504,Like,1
138,5740,20230222,Comment,1
1087,2705,20230609,Comment,1
678,3731,20230908,Like,1
458,4432,20230625,Like,1
1920,3800,20231230,Comment,1
1601,5608,20230613,Share,1
681,4416,20231120,Like,1
1097,3013,20230722,Like,1
1657,4695,20230318,Like,1
736,2343,20230703,Like,1
1873,1314,20230716,Share,1
344,2761,20230620,Like,1
158,1625,20230925,Like,1
754,1951,20230602,Like,1
977,2845,20230624,Like,1
803,5463,20231006,Share,1
1214,999,20230723,Like,1
1751,2912,20230131,Like,1
852,1616,20231202,Like,1
1182,5490,20231123,Like,1
1547,5606,20230918,Comment,1
550,4381,20230821,Like,1
682,2087,20231231,Like,1
222,1799,20230212,Like,1
1714,1138,20231212,Like,1
1891,5090,20230602,Comment,1
1663,4956,20231011,Comment,1
957,3733,20230919,Like,1
279,3232,20230227,Like,1
1800,2891,20230121,Like,1
691,4011,20230808,Share,1
1504,5047,20230317,Like,1
1618,3882,20231112,Like,1
1295,1386,20231007,Like,1
1960,2618,20230119,Like,1
1837,2415,20231012,Like,1
1370,5708,20230411,Like,1
1639,1376,20230623,Share,1
1510,1447,20230510,Comment,1
1104,5524,20231203,Comment,1
1675,2462,20231203,Like,1
1747,4585,20231119,Like,1
1068,5722,20231220,Like,1
1422,3347,20230722,Like,1
1686,496,20230909,Comment,1
1200,224,20231029,Share,1
844,5039,20230210,Like,1
608,2449,20231210,Share,1
368,1439,20230107,Like,1
419,593,20231120,Like,1
1759,4566,20230208,Like,1
1948,3145,20230617,Like,1
905,4951,20230623,Share,1
1467,5236,20230601,Comment,1
1446,1152,20231031,Comment,1
182,1448,20230926,Like,1
1348,1210,20230918,Like,1
1283,5871,20230927,Like,1
1391,3211,20230307,Like,1
1439,2528,20230608,Like,1
1641,1819,20230405,Comment,1
920,4139,20231117,Comment,1
1059,1131,20231231,Like,1
473,4074,20231011,Share,1
646,1317,20231214,Like,1
1808,1356,20231211,Like,1
1820,3159,20230213,Like,1
1524,2122,20230411,Like,1
1251,2771,20231120,Like,1
73,5622,20230216,Like,1
1739,1210,20230121,Like,1
227,5442,20230105,Share,1
1346,239,20230903,Like,1
1059,1370,20230327,Comment,1
638,4174,20230515,Like,1
24,2863,20230418,Like,1
160,539,20231005,Like,1
77,5512,20230625,Comment,1
1111,1209,20231025,Comment,1
1571,4598,20230518,Like,1
650,447,20231120,Like,1
1192,1389,20230501,Like,1
1985,282,20231030,Like,1
1723,5722,20230408,Share,1
421,3032,20230226,Comment,1
869,1423,20230606,Like,1
801,5257,20231129,Like,1
1313,5308,20230323,Like,1
949,2741,20230531,Like,1
1747,1735,20231120,Like,1
128,4930,20230805,Like,1
702,4969,20230627,Comment,1
314,1368,20231224,Like,1
1999,2686,20230323,Comment,1
918,3289,20230109,Like,1
1924,2145,20230906,Comment,1
1648,4366,20230212,Comment,1
947,5968,20230525,Like,1
1240,5575,20230108,Comment,1
1765,369,20230607,Share,1
367,4296,20230317,Like,1
1325,1432,20230628,Comment,1
1954,4921,20230115,Like,1
4,2402,20230117,Like,1
894,5279,20230208,Like,1
1460,4698,20230829,Comment,1
27,4786,20230524,Like,1
550,2925,20231106,Share,1
496,3479,20231030,Like,1
1910,3366,20230513,Like,1
1745,4960,20231110,Like,1
1871,5277,20230619,Like,1
19,5406,20231024,Like,1
226,4733,20231216,Like,1
284,2758,20230317,Share,1
452,3742,20230704,Share,1
1794,2150,20230305,Like,1
207,2253,20230213,Like,1
266,2149,20230430,Comment,1
1730,5043,20230518,Like,1
1509,2352,20230714,Like,1
1311,1623,20231117,Like,1
135,4130,20230723,Like,1
370,3791,20230227,Like,1
1728,2249,20231005,Share,1
286,4985,20230120,Like,1
1059,5035,20230807,Comment,1
658,1334,20231227,Like,1
839,2958,20230721,Comment,1
736,535,20230313,Like,1
1573,2208,20231030,Like,1
1916,5408,20230214,Share,1
698,1127,20230515,Like,1
220,3494,20230207,Share,1
1905,5327,20230917,Like,1
1569,4567,20230515,Like,1
1374,3178,20231005,Like,1
1930,5389,20230223,Like,1
363,3375,20230409,Like,1
503,468,20230414,Share,1
1109,5094,20230110,Like,1
909,4686,20231001,Like,1
1536,5113,20230627,Like,1
1039,4014,20230227,Like,1
1634,2409,20230701,Share,1
16,4742,20231109,Like,1
1546,2286,20230123,Like,1
1539,5111,20230409,Like,1
301,5817,20230328,Like,1
823,3516,20231206,Like,1
1619,5314,20230206,Like,1
1718,5849,20230307,Like,1
1580,3606,20230902,Like,1
1969,1559,20231009,Like,1
1921,1409,20231103,Share,1
672,5763,20231226,Like,1
1411,3395,20230214,Like,1
472,2293,20230126,Like,1
1029,1506,20231101,Like,1
1683,3668,20230217,Like,1
1359,5328,20230403,Like,1
1449,3567,20230410,Like,1
782,3694,20230827,Comment,1
524,2991,20230802,Comment,1
223,2176,20230401,Like,1
1339,1397,20230605,Like,1
1780,2996,20230507,Like,1
413,3084,20230504,Like,1
242,3277,20231029,Like,1
1669,3638,20230224,Comment,1
473,5470,20230621,Like,1
1965,5775,20230106,Like,1
1609,1255,20230627,Like,1
1893,1430,20230825,Like,1
582,2888,20230601,Like,1
1433,1606,20230530,Like,1
1477,414,20230624,Like,1
1127,4923,20230422,Like,1
156,4807,20230305,Comment,1
1230,304,20230527,Like,1
1061,1421,20231118,Like,1
367,2243,20230219,Like,1
1615,4066,20231013,Comment,1
1492,3813,20230718,Like,1
1417,251,20231106,Like,1
703,3755,20231014,Like,1
562,2783,20230207,Like,1
1071,1693,20230816,Like,1
791,4347,20230618,Like,1
1659,2561,20230521,Like,1
274,917,20230511,Like,1
345,967,20230408,Like,1
1407,2400,20230427,Share,1
1221,1566,20231222,Like,1
755,2141,20230427,Like,1
867,5919,20230106,Like,1
1465,307,20231125,Like,1
215,77,20230816,Like,1
1103,2226,20230220,Like,1
1034,3229,20231205,Share,1
1222,1190,20230813,Like,1
1481,3285,20230304,Comment,1
1055,2081,20230629,Share,1
775,1527,20230203,Like,1
96,1439,20230128,Like,1
1390,4233,20230416,Comment,1
1265,5684,20230228,Like,1
195,5974,20230404,Like,1
319,5921,20230925,Like,1
8,5431,20230518,Like,1
1350,810,20230625,Comment,1
696,4892,20231220,Like,1
591,1609,20230520,Share,1
1108,3129,20230419,Share,1
819,1156,20230607,Like,1
214,4975,20230730,Like,1
136,3842,20230506,Like,1
1741,5843,20230312,Like,1
1993,3913,20230115,Like,1
361,2004,20230108,Like,1
1501,1249,20230803,Like,1
7,3638,20231028,Comment,1
1141,1832,20230504,Like,1
305,4798,20230227,Like,1
1352,2962,20230130,Like,1
204,1600,20231024,Like,1
1658,3697,20231109,Like,1
53,1934,20230828,Like,1
280,4988,20231220,Like,1
229,2195,20230711,Like,1
839,3657,20230915,Share,1
1272,751,20230806,Share,1
187,992,20230305,Like,1
944,1277,20230203,Like,1
502,2393,20230117,Comment,1
1509,4193,20231017,Like,1
651,2241,20231127,Like,1
441,5835,20230912,Like,1
1604,256,20230521,Like,1
1556,1206,20230826,Like,1
629,3559,20231017,Like,1
1826,3752,20231020,Like,1
629,3353,20230302,Like,1
349,3860,20231214,Like,1
122,2913,20230530,Like,1
1290,2511,20230923,Like,1
363,4060,20231013,Like,1
1138,2909,20230121,Like,1
1832,1559,20230116,Share,1
204,763,20230111,Like,1
36,4687,20230914,Like,1
1792,2043,20230731,Comment,1
408,5496,20230902,Share,1
378,4155,20231020,Like,1
1706,5845,20230123,Like,1
1300,2329,20230119,Like,1
310,4949,20230914,Share,1
768,1546,20230517,Like,1
976,772,20230228,Like,1
1456,3756,20230830,Like,1
1360,4842,20230315,Like,1
1983,1949,20231220,Like,1
1684,5176,20230911,Like,1
507,2835,20230909,Comment,1
1813,5258,20230320,Like,1
871,2254,20230903,Like,1
1389,3362,20230112,Like,1
889,3695,20230321,Like,1
107,4469,20230615,Comment,1
584,4322,20230604,Like,1
994,3323,20230205,Like,1
1745,4262,20231213,Like,1
392,1351,20230725,Like,1
1431,1812,20230529,Comment,1
1862,644,20230913,Like,1
1259,5649,20231129,Like,1
1893,4717,20231225,Comment,1
1688,943,20230618,Like,1
773,769,20230216,Like,1
1946,2544,20230203,Like,1
1317,2987,20230603,Like,1
668,4363,20230406,Like,1
1353,3183,20231008,Like,1
627,5320,20230329,Comment,1
308,1040,20230620,Like,1
357,5872,20230408,Like,1
1753,2535,20230427,Share,1
598,2671,20231014,Comment,1
390,1468,20230816,Like,1
1311,2506,20230414,Share,1
167,485,20230713,Like,1
1514,1413,20230221,Like,1
1458,4688,20230314,Like,1
428,3748,20230606,Comment,1
241,219,20230723,Like,1
346,2438,20230821,Like,1
1110,5912,20230919,Share,1
753,3624,20230204,Like,1
371,4113,20230415,Like,1
674,4502,20230728,Comment,1
1352,5157,20230207,Like,1
1232,4429,20231111,Like,1
1463,2275,20230331,Like,1
1079,860,20230807,Like,1
1050,968,20231117,Like,1
737,1282,20231031,Comment,1
1187,29,20230415,Share,1
206,2413,20230904,Like,1
1594,5459,20230614,Like,1
360,4677,20230915,Like,1
437,3265,20230617,Share,1
35,744,20231015,Like,1
541,3216,20230620,Like,1
585,926,20230720,Like,1
792,5399,20230818,Like,1
898,2934,20230504,Comment,1
1220,2374,20230906,Like,1
844,3833,20230303,Like,1
1123,5970,20230328,Comment,1
598,2250,20230727,Like,1
1296,3044,20230325,Like,1
1227,5698,20230122,Like,1
382,947,20230606,Like,1
927,4720,20230526,Like,1
945,308,20230202,Share,1
1729,5716,20231121,Like,1
1947,2653,20231023,Like,1
752,788,20230915,Like,1
1944,3648,20230928,Like,1
81,2850,20230618,Like,1
672,5375,20230701,Like,1
1224,4897,20230812,Like,1
1681,2152,20230703,Like,1
1625,2157,20230503,Like,1
660,2849,20230219,Like,1
429,5799,20230316,Like,1
1669,1571,20230629,Like,1
684,532,20231217,Like,1
915,5567,20230928,Like,1
1716,1403,20230809,Like,1
595,2863,20230915,Share,1
1748,4148,20230606,Like,1
987,470,20230708,Like,1
545,2942,20230425,Like,1
221,4613,20231204,Like,1
1152,1953,20230115,Comment,1
500,4831,20230215,Like,1
366,3366,20230830,Like,1
453,2154,20230702,Like,1
1255,699,20230828,Comment,1
1903,1332,20231013,Like,1
103,428,20230712,Like,1
956,51,20231127,Like,1
1108,5790,20231002,Like,1
251,1126,20231216,Like,1
1405,3254,20230226,Like,1
1417,2440,20230825,Share,1
1240,1562,20230507,Share,1
1539,1604,20230612,Like,1
941,2482,20230913,Like,1
115,1441,20230202,Like,1
1202,472,20230902,Comment,1
1367,2224,20231104,Share,1
1869,819,20231002,Share,1
1395,3964,20230608,Like,1
1230,3562,20230601,Like,1
802,878,20230315,Comment,1
1993,3978,20230104,Like,1
1898,2950,20230321,Comment,1
1848,1478,20231019,Like,1
433,4973,20230806,Like,1
1819,3859,20230705,Like,1
457,3882,20230319,Like,1
1242,1816,20230702,Comment,1
146,2962,20230720,Like,1
773,512,20230617,Like,1
1463,1259,20230711,Like,1
940,2730,20231126,Like,1
694,955,20231207,Like,1
1777,254,20231203,Share,1
1048,1156,20230501,Comment,1
1303,1373,20230128,Comment,1
488,442,20231219,Comment,1
1981,2150,20230825,Like,1
1054,911,20230820,Comment,1
476,718,20230910,Comment,1
1281,3630,20230422,Share,1
1970,4445,20231120,Comment,1
448,3641,20230417,Like,1
1678,5731,20231222,Like,1
1796,2529,20230327,Like,1
1347,3369,20230901,Like,1
1338,3680,20230826,Like,1
1014,4611,20231225,Comment,1
306,3671,20230829,Like,1
473,4722,20231022,Like,1
1219,5871,20230914,Like,1
223,716,20230324,Like,1
214,106,20230714,Like,1
1656,5032,20230217,Like,1
1109,3309,20230321,Like,1
1056,5644,20230728,Comment,1
1534,3262,20230127,Like,1
349,4580,20230602,Like,1
850,320,20230124,Like,1
1403,2886,20231213,Like,1
1523,2712,20230307,Like,1
1005,4664,20230622,Comment,1
1123,646,20231013,Comment,1
1247,1770,20230804,Like,1
594,5650,20230114,Like,1
670,5490,20230806,Like,1
1778,5222,20230912,Like,1
783,1101,20230809,Like,1
745,902,20230605,Like,1
1919,2959,20230207,Like,1
255,41,20230523,Like,1
1167,817,20231115,Comment,1
1089,1355,20230926,Like,1
377,5804,20230310,Like,1
264,5125,20230126,Like,1
649,5963,20231019,Comment,1
1656,1655,20230306,Like,1
1888,2409,20231129,Like,1
1186,4683,20230907,Like,1
1118,5692,20230430,Comment,1
1638,3202,20230625,Comment,1
460,4476,20230305,Like,1
654,4137,20230117,Comment,1
1291,2805,20230830,Like,1
1006,3800,20231025,Comment,1
668,1524,20230905,Like,1
108,5042,20230421,Like,1
1761,4573,20230827,Comment,1
1662,5596,20230121,Like,1
463,5880,20230206,Like,1
1148,1889,20230910,Like,1
1975,5333,20230826,Like,1
279,4150,20230705,Like,1
1551,2936,20231018,Like,1
193,2139,20230128,Comment,1
470,5496,20230808,Like,1
1775,5229,20231029,Like,1
1407,3428,20230808,Share,1
1896,1741,20230103,Like,1
1450,881,20230803,Like,1
1395,250,20231208,Comment,1
1996,3596,20230912,Share,1
1161,273,20230104,Like,1
42,4743,20230707,Like,1
691,3637,20230615,Comment,1
1640,831,20230801,Share,1
1278,4640,20230724,Comment,1
713,1013,20230811,Like,1
429,5295,20230405,Like,1
1902,2049,20230215,Like,1
1018,4987,20231008,Like,1
1645,2023,20230904,Like,1
441,3092,20230206,Like,1
912,1777,20231130,Like,1
1879,1623,20230322,Share,1
1210,506,20230813,Share,1
773,3487,20230826,Like,1
1439,4410,20231122,Like,1
1457,5862,20231109,Like,1
19,3117,20231113,Like,1
153,1648,20230401,Like,1
1090,1205,20231115,Like,1
1114,2878,20230123,Like,1
152,4754,20231219,Like,1
1184,2603,20230519,Share,1
1760,3422,20231113,Like,1
510,5205,20230210,Like,1
899,14,20230706,Like,1
1887,2350,20230706,Share,1
1193,3811,20230818,Like,1
1837,136,20230221,Like,1
1376,5268,20230220,Comment,1
1385,5496,20230723,Like,1
1191,5476,20230203,Like,1
1340,1299,20230423,Like,1
1986,5398,20231226,Like,1
586,1516,20230729,Share,1
1181,1344,20230116,Like,1
464,4049,20231219,Comment,1
265,3825,20230316,Like,1
1148,2463,20230602,Like,1
1859,4685,20230809,Like,1
1401,2766,20231015,Comment,1
699,5255,20231114,Like,1
682,3949,20230124,Like,1
532,2180,20230412,Comment,1
1639,4388,20230930,Share,1
40,3485,20231111,Like,1
359,2399,20230227,Like,1
529,1345,20230119,Like,1
1953,1558,20231222,Like,1
1127,5266,20230804,Share,1
1463,2050,20230916,Share,1
966,5240,20231109,Comment,1
740,1715,20230626,Like,1
804,2538,20230308,Like,1
1951,4613,20230117,Like,1
1947,4000,20230723,Like,1
834,2511,20231014,Like,1
363,2285,20231025,Like,1
857,3751,20230326,Like,1
1705,526,20230414,Share,1
1703,5798,20231103,Like,1
402,425,20230803,Comment,1
1213,1266,20230101,Share,1
1454,3683,20231005,Like,1
1310,2347,20231217,Like,1
1775,2549,20230906,Like,1
1023,3554,20231108,Like,1
449,2216,20231103,Like,1
1171,2056,20230418,Like,1
361,3409,20230709,Like,1
480,1332,20230810,Like,1
633,4344,20231227,Share,1
1995,5120,20230409,Share,1
1071,3730,20230214,Like,1
1756,3493,20230101,Like,1
910,5816,20230310,Like,1
356,810,20230405,Like,1
1860,4115,20230425,Like,1
947,4278,20230311,Comment,1
1346,4746,20230521,Like,1
1466,4958,20230929,Like,1
734,3910,20230510,Like,1
172,2548,20231014,Like,1
1667,2103,20230626,Like,1
712,1164,20230830,Like,1
1584,4803,20231112,Like,1
1934,4577,20231212,Like,1
996,4722,20230325,Comment,1
1795,5841,20230120,Like,1
684,2483,20230310,Like,1
1207,822,20230523,Like,1
1981,5778,20230315,Like,1
1892,2512,20231102,Like,1
1799,3884,20230119,Like,1
1889,5333,20230502,Share,1
655,1271,20230614,Like,1
299,1221,20230827,Like,1
424,1016,20230806,Like,1
417,3871,20230711,Share,1
1226,5594,20231118,Comment,1
847,3642,20230328,Like,1
428,2769,20230225,Like,1
675,571,20230524,Comment,1
1846,4501,20231117,Like,1
313,1506,20230429,Like,1
894,2169,20231206,Like,1
1535,3226,20231215,Share,1
1300,2474,20230619,Comment,1
1009,2164,20230518,Like,1
1206,686,20230118,Comment,1
1960,4052,20230610,Like,1
177,106,20230105,Comment,1
236,3027,20230309,Like,1
1281,3902,20230224,Like,1
615,4490,20231126,Like,1
568,3499,20230220,Like,1
1930,4263,20230921,Like,1
995,2373,20230830,Like,1
1016,1167,20231103,Comment,1
983,3388,20231227,Like,1
641,3421,20231012,Share,1
21,2357,20230310,Comment,1
663,1001,20230823,Like,1
63,835,20230511,Like,1
380,5459,20230523,Like,1
1844,1731,20230802,Like,1
383,2586,20230730,Comment,1
506,1026,20231004,Like,1
1400,1266,20230423,Comment,1
1318,2378,20231130,Like,1
137,2595,20230507,Comment,1
1874,4819,20230119,Like,1
162,4463,20230314,Like,1
1508,586,20230304,Like,1
1324,4316,20230122,Share,1
1773,1118,20230519,Like,1
70,2664,20231213,Like,1
1372,5947,20230227,Like,1
426,38,20230829,Like,1
489,1045,20230627,Like,1
1446,2723,20230827,Like,1
889,5594,20230403,Comment,1
842,3498,20230127,Like,1
249,3351,20230927,Like,1
1524,4769,20230709,Comment,1
474,5147,20230515,Like,1
209,3525,20230630,Like,1
553,5175,20230924,Like,1
187,2590,20231116,Like,1
800,2101,20230321,Share,1
1265,4187,20230905,Like,1
250,4232,20230531,Like,1
317,4684,20230430,Like,1
524,4437,20230630,Like,1
369,5769,20231128,Comment,1
1430,4753,20230106,Share,1
1176,355,20230911,Share,1
853,5470,20230521,Like,1
1858,975,20231009,Like,1
786,5877,20230723,Like,1
266,1731,20230611,Like,1
1584,3544,20230720,Like,1
907,4103,20230722,Comment,1
1841,2710,20230512,Like,1
1947,3449,20230212,Share,1
86,1228,20230125,Like,1
1556,1786,20231230,Like,1
1524,5800,20230219,Like,1
698,1004,20230213,Like,1
1761,5354,20230722,Like,1
727,4235,20230514,Like,1
492,3755,20230907,Like,1
395,5643,20230602,Like,1
990,5169,20231217,Like,1
295,4341,20230723,Comment,1
1667,2984,20230517,Comment,1
1322,3387,20230630,Share,1
579,2170,20230918,Comment,1
177,1727,20231231,Comment,1
130,4307,20230407,Like,1
835,1918,20230905,Comment,1
1284,3994,20230210,Share,1
1072,4313,20231218,Like,1
771,2790,20231125,Like,1
1200,4631,20230616,Like,1
53,2965,20231219,Like,1
938,1322,20230323,Like,1
304,1839,20230123,Like,1
1764,794,20230119,Like,1
780,3127,20230517,Like,1
1801,4524,20231010,Like,1
1125,5104,20230127,Comment,1
925,4574,20230608,Like,1
509,2789,20230325,Like,1
50,1208,20230220,Like,1
1885,3834,20230430,Like,1
1634,2191,20231218,Like,1
1377,1432,20231006,Like,1
1670,5682,20230517,Comment,1
117,3159,20230301,Comment,1
1801,5022,20230209,Like,1
1142,3898,20230101,Share,1
404,2610,20230803,Like,1
581,2722,20230219,Like,1
408,1583,20230625,Like,1
828,4536,20230121,Like,1
1477,1797,20230227,Like,1
1435,2153,20230726,Share,1
1103,5594,20230603,Like,1
415,1248,20230317,Like,1
1480,2453,20230314,Like,1
420,4090,20230723,Like,1
825,2769,20231226,Like,1
1118,3696,20230212,Like,1
806,4670,20230714,Like,1
1582,1875,20230224,Like,1
1538,4246,20230703,Like,1
209,447,20231016,Like,1
1120,5218,20230316,Like,1
664,3135,20230128,Like,1
180,5745,20231202,Like,1
706,2584,20230211,Share,1
1558,3163,20230107,Like,1
1977,2239,20231108,Like,1
186,2514,20231118,Like,1
1888,213,20230818,Like,1
427,1830,20230611,Like,1
1437,3181,20230825,Like,1
1509,2344,20230814,Like,1
1005,4516,20230616,Comment,1
727,5445,20230531,Like,1
1548,5760,20231101,Like,1
359,4257,20230503,Like,1
827,754,20230814,Like,1
16,551,20230201,Like,1
1663,2748,20231218,Like,1
507,1747,20231203,Comment,1
1344,926,20230727,Like,1
745,5209,20230626,Like,1
1275,1914,20230315,Like,1
1175,4135,20230726,Like,1
425,4624,20230613,Like,1
1412,4334,20230408,Like,1
174,4828,20230430,Like,1
970,2756,20230911,Like,1
612,4317,20230828,Like,1
130,3675,20231007,Comment,1
1425,1211,20231014,Like,1
1074,4356,20230522,Like,1
695,2766,20230326,Like,1
1663,4819,20230216,Like,1
819,1085,20230530,Like,1
670,1342,20230719,Like,1
720,4841,20230525,Like,1
1726,3986,20230216,Share,1
531,2666,20230106,Comment,1
791,2275,20230212,Like,1
1681,4130,20230622,Like,1
863,2527,20231016,Like,1
595,1057,20230621,Comment,1
235,741,20230410,Comment,1
1986,1572,20230112,Share,1
1900,605,20230521,Comment,1
1855,1991,20231111,Like,1
1939,2533,20230917,Like,1
1935,2582,20230405,Comment,1
1213,4077,20230430,Like,1
1222,3872,20231202,Like,1
976,3941,20230715,Like,1
46,923,20230325,Comment,1
228,5539,20230803,Share,1
1593,2142,20230518,Share,1
744,1913,20231022,Like,1
1161,2426,20231021,Comment,1
873,563,20230403,Like,1
673,2749,20230401,Like,1
892,933,20231019,Like,1
855,2186,20230314,Like,1
1684,180,20230206,Like,1
230,5081,20230317,Like,1
1329,869,20230814,Like,1
1279,4649,20231227,Like,1
1392,5148,20230314,Comment,1
1763,5050,20230218,Like,1
1042,1089,20230128,Like,1
648,3378,20230523,Comment,1
853,5373,20230804,Share,1
1957,734,20231002,Like,1
140,2804,20230823,Comment,1
1660,3291,20230911,Like,1
1249,5111,20231111,Comment,1
901,5274,20230620,Like,1
268,1062,20231217,Share,1
1776,4258,20230528,Like,1
1215,1104,20230413,Like,1
783,1342,20230823,Share,1
1223,3900,20231126,Share,1
1715,4455,20230426,Like,1
1997,1268,20231230,Like,1
608,2147,20230325,Share,1
1899,1717,20231002,Like,1
1970,1649,20230716,Like,1
752,4592,20230706,Share,1
1560,5921,20230519,Like,1
1105,726,20230817,Share,1
1765,879,20231122,Like,1
1316,5376,20230803,Like,1
693,5292,20230402,Like,1
150,4948,20230715,Like,1
800,520,20230825,Share,1
292,4775,20230715,Like,1
1458,293,20231223,Like,1
772,4244,20231026,Comment,1
974,535,20230103,Like,1
1933,940,20230514,Like,1
518,4322,20230128,Like,1
1567,3167,20230929,Like,1
228,5249,20230715,Like,1
176,1981,20230405,Like,1
146,801,20230901,Comment,1
236,5972,20231004,Like,1
1729,1275,20230321,Like,1
722,2712,20230601,Like,1
1494,5034,20230903,Comment,1
479,4769,20230504,Like,1
37,2281,20230618,Like,1
1131,2125,20230429,Like,1
1901,3786,20230302,Like,1
565,4860,20230312,Like,1
979,5058,20230724,Like,1
1991,770,20230509,Share,1
240,416,20231006,Like,1
1424,3438,20230413,Like,1
973,873,20230422,Like,1
1021,3730,20230502,Like,1
249,1305,20230123,Like,1
30,5988,20230710,Like,1
547,1794,20230103,Comment,1
1417,906,20230310,Like,1
1105,3021,20230416,Comment,1
1145,49,20231122,Like,1
1006,639,20230227,Like,1
1589,841,20230530,Like,1
177,88,20230304,Like,1
50,92,20231110,Like,1
493,39,20230408,Like,1
421,5459,20230709,Like,1
1824,4335,20231214,Like,1
57,4443,20231216,Like,1
1047,5035,20230912,Like,1
815,4126,20231115,Like,1
1419,5733,20231202,Comment,1
948,2164,20231116,Comment,1
47,2006,20230502,Like,1
77,4576,20230503,Like,1
218,4911,20230220,Like,1
1843,4808,20230702,Like,1
884,4968,20230130,Like,1
928,3498,20230514,Like,1
1505,1347,20230805,Like,1
1603,2297,20230521,Like,1
189,5034,20230330,Like,1
1936,5484,20230613,Like,1
479,3456,20231221,Comment,1
1461,989,20230413,Comment,1
650,872,20230927,Like,1
66,3133,20230206,Share,1
545,1817,20231004,Like,1
952,1880,20230914,Like,1
605,3354,20230321,Like,1
1648,3563,20230704,Like,1
1495,3956,20230922,Like,1
1035,5520,20230828,Share,1
1860,129,20230305,Like,1
527,4517,20230727,Like,1
1812,5669,20230104,Like,1
879,5789,20230824,Like,1
226,592,20230314,Like,1
300,4527,20230829,Share,1
255,3255,20230419,Like,1
934,2335,20230209,Like,1
1231,5499,20230204,Like,1
1192,4616,20231129,Like,1
1237,5762,20230714,Like,1
309,1501,20230417,Share,1
929,1403,20230110,Like,1
275,5755,20231118,Like,1
913,199,20231205,Like,1
1409,4650,20230512,Like,1
1769,2568,20231019,Like,1
1807,5367,20230926,Like,1
1777,4396,20230502,Like,1
1807,1966,20230522,Like,1
346,1749,20231107,Like,1
587,4640,20230707,Like,1
1063,1087,20231114,Like,1
1907,2608,20230428,Like,1
611,351,20231018,Like,1
1019,4738,20230902,Like,1
173,4570,20230904,Comment,1
351,5707,20230607,Like,1
416,3877,20230626,Like,1
1192,43,20231020,Like,1
1969,3452,20230920,Like,1
442,2401,20231208,Like,1
1066,4499,20230525,Like,1
1283,3154,20230110,Share,1
904,1511,20230213,Like,1
1944,3154,20230815,Like,1
849,5683,20230823,Comment,1
626,2294,20230825,Like,1
1234,5567,20230531,Share,1
1145,442,20230728,Like,1
588,1330,20230217,Like,1
1369,164,20230505,Like,1
1862,3788,20230731,Share,1
1169,3950,20230313,Like,1
175,511,20230129,Like,1
1043,1657,20230223,Comment,1
561,1799,20230501,Comment,1
169,5558,20230429,Like,1
1341,2866,20230325,Like,1
1518,1682,20230909,Like,1
985,74,20230424,Like,1
1674,3256,20230530,Comment,1
1660,106,20230922,Like,1
727,3481,20231128,Like,1
1232,3881,20231107,Comment,1
1353,609,20230718,Like,1
1945,3530,20230421,Share,1
134,5926,20231218,Like,1
673,5022,20230324,Like,1
1917,3694,20230820,Like,1
367,1520,20230520,Like,1
492,4405,20230403,Like,1
306,2621,20230329,Like,1
1035,2521,20230227,Like,1
1924,4602,20230805,Like,1
1387,2495,20230418,Like,1
162,2544,20230502,Comment,1
383,1698,20230918,Like,1
148,5652,20230713,Like,1
52,4176,20230217,Like,1
1224,3184,20230918,Share,1
1848,4927,20230705,Share,1
1229,3004,20230812,Like,1
1559,1904,20230522,Like,1
884,862,20230215,Like,1
255,1869,20231215,Like,1
739,3559,20230511,Like,1
288,211,20230621,Comment,1
1899,3405,20230303,Like,1
398,3831,20230603,Like,1
403,187,20230814,Like,1
1742,1345,20231227,Like,1
1573,3591,20231219,Like,1
1739,1970,20230415,Like,1
382,4901,20231004,Like,1
127,3740,20231125,Like,1
1406,4648,20231110,Comment,1
63,2559,20231227,Like,1
937,5199,20230801,Like,1
1119,5860,20230122,Like,1
1539,2760,20230607,Like,1
202,2782,20230609,Like,1
1117,444,20230818,Like,1
738,4597,20230722,Like,1
1736,1053,20230405,Comment,1
856,4355,20230828,Like,1
137,4535,20230607,Like,1
1671,548,20231122,Like,1
655,1742,20230828,Like,1
1474,1335,20230722,Like,1
472,2254,20230723,Like,1
1307,929,20230813,Share,1
1264,1990,20231128,Like,1
1282,466,20230407,Comment,1
18,2960,20231011,Comment,1
649,4134,20231231,Share,1
859,2521,20230924,Like,1
1045,5219,20230426,Like,1
75,1744,20231115,Like,1
861,4817,20231125,Like,1
921,1471,20230520,Like,1
1337,5692,20230513,Like,1
1019,801,20230623,Share,1
405,1654,20230918,Like,1
963,5508,20231014,Like,1
152,766,20230814,Like,1
1414,729,20230328,Comment,1
765,2009,20230123,Like,1
406,5922,20230216,Like,1
803,473,20231220,Like,1
545,3985,20230902,Like,1
625,2122,20231128,Like,1
1518,918,20230522,Like,1
1383,2533,20231105,Like,1
1020,3314,20231114,Like,1
1224,1131,20230113,Like,1
1941,2095,20230613,Like,1
1930,1482,20231104,Comment,1
296,5135,20230120,Like,1
201,128,20230924,Comment,1
530,3597,20230812,Like,1
656,4664,20230805,Like,1
999,2133,20230226,Like,1
1533,377,20231001,Like,1
1268,2245,20231118,Like,1
1228,1794,20230401,Like,1
1730,95,20230425,Like,1
1597,254,20231111,Like,1
940,5400,20230604,Like,1
356,2702,20230111,Like,1
1694,3211,20230423,Like,1
113,4622,20231126,Like,1
1831,4845,20230412,Share,1
550,746,20230603,Like,1
1172,5452,20231020,Like,1
1808,5498,20231212,Like,1
1029,176,20230415,Like,1
38,2496,20230804,Like,1
1157,5597,20231209,Like,1
1505,101,20230915,Comment,1
269,5547,20230118,Share,1
1731,4072,20230703,Like,1
9,5310,20230801,Like,1
423,5875,20230307,Comment,1
1043,392,20231015,Comment,1
591,397,20230606,Like,1
512,5919,20230827,Like,1
1564,4141,20230105,Like,1
992,2339,20230119,Comment,1
1404,4640,20231112,Comment,1
649,4682,20231007,Share,1
387,3324,20230505,Comment,1
1683,1405,20231211,Like,1
1079,4350,20230110,Like,1
370,2878,20230905,Share,1
1218,1126,20230919,Like,1
995,4230,20230715,Comment,1
1543,5127,20231129,Like,1
100,2478,20230812,Like,1
1638,3518,20230915,Like,1
1452,3601,20230720,Like,1
1557,754,20230219,Comment,1
1680,407,20230202,Comment,1
584,2116,20230409,Like,1
101,4145,20230617,Like,1
99,4571,20231101,Like,1
798,314,20231023,Comment,1
1105,2808,20230813,Like,1
108,1807,20230503,Like,1
90,2436,20231202,Like,1
782,2421,20230630,Like,1
293,4671,20230629,Like,1
1532,780,20230215,Like,1
617,3691,20231211,Comment,1
1905,910,20231116,Like,1
404,2484,20230430,Like,1
321,503,20231017,Comment,1
202,2613,20230119,Like,1
1675,993,20230128,Like,1
1169,1248,20231121,Like,1
968,1356,20230710,Share,1
1866,2455,20230819,Like,1
568,2980,20230515,Like,1
1164,3113,20230424,Like,1
1414,760,20230313,Like,1
1762,2611,20230818,Like,1
343,5855,20230901,Like,1
696,992,20231225,Like,1
1452,1072,20230615,Like,1
1126,534,20230320,Like,1
1403,3402,20230405,Like,1
787,5357,20230606,Comment,1
1450,1947,20230309,Comment,1
1626,3,20230922,Comment,1
762,4322,20231005,Like,1
1952,1723,20230613,Like,1
1888,2773,20231216,Share,1
124,3188,20231223,Like,1
655,4052,20230328,Like,1
65,367,20231206,Comment,1
124,4899,20230808,Like,1
1180,32,20230529,Like,1
643,1539,20230915,Comment,1
230,3926,20230622,Comment,1
375,312,20230714,Like,1
1866,4270,20230131,Like,1
1068,2986,20230107,Like,1
1810,3450,20230921,Like,1
1130,95,20230507,Like,1
747,1644,20230816,Like,1
839,4979,20230613,Like,1
1718,4332,20230108,Comment,1
1038,4482,20230217,Like,1
1827,797,20230509,Like,1
1751,2366,20231002,Like,1
1006,4940,20230307,Like,1
218,2582,20230725,Like,1
1607,2342,20230528,Like,1
452,944,20230604,Comment,1
592,3266,20231230,Like,1
321,4295,20230307,Like,1
513,2479,20230330,Like,1
1714,3765,20231106,Like,1
1351,3015,20230812,Like,1
1961,1634,20230525,Like,1
1917,2087,20230125,Like,1
394,1641,20230606,Like,1
1023,1283,20230930,Like,1
654,5606,20230525,Like,1
52,4623,20231217,Like,1
595,2039,20230223,Like,1
1833,5351,20230415,Like,1
630,4289,20231202,Like,1
1409,2511,20230916,Comment,1
949,629,20230307,Comment,1
1534,3716,20230323,Like,1
844,1683,20230927,Like,1
1923,2117,20230810,Like,1
508,4954,20230921,Comment,1
1092,4661,20230910,Like,1
1929,1667,20231120,Like,1
1147,4832,20231005,Like,1
885,3501,20230518,Like,1
506,73,20230801,Comment,1
1226,2374,20230408,Comment,1
1938,134,20230410,Like,1
549,5124,20230101,Share,1
877,4111,20230904,Comment,1
357,5870,20230228,Like,1
741,1700,20230724,Comment,1
1933,5757,20230117,Like,1
1814,1311,20230224,Like,1
1333,467,20231101,Like,1
369,2193,20230115,Comment,1
368,1681,20230827,Like,1
921,4744,20230810,Like,1
1783,2956,20230203,Like,1
1562,5360,20230821,Comment,1
964,5406,20231109,Like,1
1261,5750,20230411,Comment,1
1617,3975,20230421,Comment,1
1768,654,20230304,Like,1
1120,559,20230508,Comment,1
957,905,20230529,Like,1
467,798,20230814,Share,1
1779,5644,20230114,Like,1
1993,4236,20230409,Share,1
549,2337,20230823,Like,1
1398,1034,20231213,Comment,1
689,3615,20231125,Comment,1
1094,5670,20230121,Comment,1
1670,4798,20230301,Like,1
38,3537,20230808,Like,1
1067,4554,20230930,Like,1
1685,1790,20230924,Like,1
997,1932,20230602,Share,1
1132,5783,20231202,Like,1
1730,2648,20231230,Like,1
1563,1357,20230720,Like,1
884,860,20230102,Like,1
1887,1446,20230526,Like,1
201,5889,20230219,Like,1
1967,3961,20230904,Like,1
1021,1778,20231124,Like,1
436,2355,20230413,Like,1
849,5394,20230805,Share,1
1338,586,20230927,Like,1
358,3549,20231220,Like,1
579,3363,20231208,Like,1
693,5460,20230820,Like,1
671,4024,20231123,Like,1
1274,15,20230112,Like,1
1830,3887,20231218,Share,1
261,213,20230429,Like,1
1171,4269,20231127,Like,1
1483,2367,20230919,Like,1
685,4007,20230302,Like,1
983,1754,20230614,Like,1
363,1722,20230218,Like,1
1242,98,20231227,Like,1
1716,2657,20230627,Like,1
260,1683,20230328,Like,1
1426,4238,20230719,Like,1
783,4957,20230907,Like,1
731,5309,20230626,Like,1
643,3182,20230215,Like,1
80,922,20230726,Comment,1
941,1020,20230304,Comment,1
1727,2962,20230127,Like,1
1835,4469,20230715,Like,1
1271,4166,20230514,Comment,1
553,3000,20230428,Like,1
1966,1944,20230324,Like,1
1678,5828,20230605,Like,1
329,411,20230916,Like,1
1947,4747,20230224,Like,1
815,1425,20230715,Like,1
1971,4185,20230823,Comment,1
51,1498,20230303,Like,1
1667,5973,20230331,Like,1
1017,4339,20230210,Like,1
109,3324,20230613,Like,1
1482,1517,20230717,Comment,1
1235,644,20231104,Like,1
1170,2913,20230528,Like,1
1100,2426,20230309,Like,1
31,4738,20230120,Like,1
795,3468,20230518,Like,1
462,5191,20230213,Like,1
1554,1110,20230124,Like,1
1061,1262,20231205,Comment,1
1175,5795,20230316,Share,1
36,4157,20230815,Like,1
1815,2199,20231201,Like,1
199,517,20230301,Like,1
1992,617,20230208,Like,1
1164,5639,20231106,Like,1
831,4539,20230220,Like,1
711,3890,20230327,Like,1
203,3041,20230114,Comment,1
320,2176,20231111,Share,1
831,1167,20230412,Like,1
1406,2818,20230503,Like,1
1348,12,20231120,Like,1
1865,1122,20230302,Share,1
1221,2117,20230829,Like,1
350,4820,20230801,Like,1
1594,3652,20230521,Like,1
230,932,20231231,Like,1
370,5191,20230601,Comment,1
271,5812,20231017,Like,1
434,5765,20230516,Like,1
718,1580,20231129,Share,1
564,1337,20230226,Like,1
210,2666,20231118,Like,1
1070,4956,20231115,Share,1
1592,5897,20230613,Comment,1
1338,4260,20231113,Like,1
1912,2829,20230628,Like,1
1293,3386,20230114,Comment,1
1589,3671,20230426,Like,1
705,5334,20230709,Like,1
309,5295,20230320,Like,1
1074,5840,20230106,Like,1
1614,5972,20231230,Like,1
573,5386,20230604,Like,1
1495,3501,20231210,Like,1
837,5307,20231210,Like,1
316,5485,20230820,Like,1
1889,3801,20230604,Like,1
341,5884,20230221,Like,1
1907,584,20230827,Comment,1
631,4670,20230509,Comment,1
262,2618,20230819,Comment,1
1872,1266,20231210,Like,1
1278,2194,20230414,Like,1
1943,4597,20230805,Like,1
1426,2787,20230703,Like,1
626,1963,20231223,Comment,1
913,1268,20231221,Like,1
51,3837,20230113,Comment,1
587,5357,20231130,Share,1
1028,1098,20230829,Comment,1
446,3463,20231219,Like,1
144,3627,20231116,Comment,1
1334,1509,20230211,Comment,1
428,1075,20230305,Like,1
1182,3520,20231226,Like,1
268,1948,20230720,Like,1
160,1922,20230119,Like,1
1073,5548,20231111,Like,1
979,1437,20230731,Comment,1
1107,5321,20230108,Share,1
1559,2277,20230104,Like,1
32,2346,20230221,Like,1
1289,5074,20230527,Like,1
5,2523,20230306,Like,1
1587,4875,20230511,Like,1
106,3826,20231015,Like,1
1351,4599,20230220,Like,1
1472,4797,20230827,Like,1
267,3731,20231023,Comment,1
1250,5425,20231215,Like,1
379,4732,20230319,Like,1
1522,483,20231005,Comment,1
864,5304,20231117,Like,1
1958,3556,20231027,Like,1
1068,464,20230409,Like,1
233,4600,20230303,Like,1
1963,3282,20231112,Like,1
216,4024,20230714,Like,1
988,5928,20230617,Like,1
735,1964,20231225,Like,1
1105,3060,20230120,Like,1
1511,744,20230926,Like,1
979,4342,20230828,Like,1
546,5883,20230806,Like,1
1698,3733,20230923,Like,1
987,4556,20230612,Share,1
1242,2876,20230207,Like,1
712,2717,20230414,Like,1
1370,633,20230123,Like,1
1257,96,20231115,Comment,1
1647,2623,20230503,Comment,1
1182,4351,20231002,Like,1
1992,1295,20231018,Like,1
1786,2238,20231105,Like,1
420,4256,20231210,Like,1
1512,5861,20231224,Comment,1
1671,224,20230407,Comment,1
1655,3377,20230308,Like,1
313,2598,20230222,Like,1
1336,5164,20230329,Like,1
1926,2172,20230524,Like,1
270,427,20230528,Share,1
1880,4107,20230522,Like,1
1019,2923,20230517,Like,1
926,2530,20230101,Like,1
195,2882,20230918,Like,1
325,1657,20230421,Like,1
138,5626,20231213,Like,1
655,2070,20231106,Like,1
874,2482,20230718,Like,1
1469,910,20231011,Like,1
846,4938,20230504,Like,1
592,3777,20230825,Like,1
324,237,20230211,Like,1
1226,492,20230820,Like,1
255,5836,20230926,Comment,1
699,25,20231201,Like,1
1240,1045,20230410,Like,1
640,5188,20230929,Like,1
617,3979,20230525,Like,1
636,297,20230303,Like,1
1010,576,20230313,Like,1
1483,201,20230829,Like,1
450,3696,20230315,Like,1
1999,1045,20230725,Like,1
281,1003,20230209,Like,1
1420,942,20230603,Share,1
109,813,20230410,Like,1
177,1323,20230105,Like,1
1892,4530,20230925,Like,1
1914,5324,20231025,Like,1
1091,1523,20231210,Like,1
1257,5868,20231114,Like,1
127,904,20230315,Like,1
1829,1077,20230805,Share,1
273,5231,20230928,Like,1
721,4989,20230825,Like,1
1390,4597,20230505,Like,1
129,3709,20230304,Like,1
1170,5636,20231218,Like,1
1147,2278,20230112,Comment,1
1506,1688,20230905,Like,1
1827,1506,20230415,Like,1
1288,2674,20230216,Like,1
1342,5002,20230905,Like,1
1106,1817,20230525,Like,1
320,690,20230401,Like,1
1442,3627,20230429,Comment,1
644,1999,20230224,Share,1
1840,2747,20230422,Comment,1
168,4432,20231219,Like,1
446,3819,20231116,Like,1
1006,4455,20230111,Like,1
1428,6,20230324,Like,1
243,5175,20230915,Comment,1
1405,5729,20231128,Comment,1
1464,4028,20230328,Share,1
1538,2978,20230821,Comment,1
1570,5762,20230311,Like,1
476,4161,20231106,Like,1
1182,5539,20231023,Comment,1
313,2522,20231116,Like,1
888,3633,20231206,Like,1
322,5929,20230317,Like,1
511,3750,20230210,Like,1
720,1664,20230531,Like,1
1069,4097,20231217,Comment,1
1446,4356,20231009,Like,1
1474,1526,20230916,Like,1
1235,1943,20230830,Like,1
107,983,20231224,Like,1
490,2643,20231109,Like,1
874,758,20230803,Like,1
1004,3640,20230416,Like,1
1149,4270,20230806,Like,1
1880,1590,20230219,Like,1
962,4936,20230912,Share,1
204,4593,20230630,Comment,1
726,2141,20231220,Like,1
859,232,20230331,Like,1
135,251,20230409,Like,1
462,2855,20230920,Like,1
1639,369,20230118,Comment,1
1854,3377,20231201,Like,1
371,1446,20230814,Share,1
1152,2675,20230406,Like,1
1553,1254,20230817,Like,1
112,5358,20230815,Like,1
367,2383,20231017,Like,1
1526,4383,20230313,Share,1
1323,2110,20230220,Like,1
1627,3623,20230311,Comment,1
234,282,20231201,Like,1
257,1377,20230715,Like,1
1609,1879,20230725,Like,1
147,5027,20230831,Like,1
113,5626,20231219,Like,1
1871,76,20230318,Like,1
1265,5964,20230921,Like,1
1438,1271,20230310,Like,1
1885,2190,20231208,Share,1
513,886,20230721,Like,1
1791,1906,20231226,Comment,1
1645,5371,20230516,Comment,1
1043,3032,20230822,Like,1
1202,2666,20231010,Like,1
1883,5841,20231229,Like,1
1380,5201,20230824,Like,1
1606,5965,20230503,Like,1
1917,3072,20230815,Comment,1
221,2159,20230424,Like,1
855,4080,20230820,Like,1
675,2974,20230306,Like,1
1953,2552,20230601,Like,1
1157,5406,20230702,Comment,1
1174,5222,20230428,Like,1
1533,198,20230418,Like,1
1877,3093,20230527,Comment,1
1536,1412,20230601,Like,1
1617,2397,20231029,Like,1
1765,3255,20230907,Like,1
1934,4979,20230305,Like,1
1684,743,20230901,Like,1
48,734,20230907,Share,1
411,844,20230704,Like,1
1074,1661,20231229,Like,1
1523,2022,20230511,Comment,1
1274,942,20230428,Like,1
1635,3360,20230507,Like,1
1197,3820,20230310,Like,1
534,1661,20231223,Like,1
1625,2249,20230308,Like,1
996,4643,20230116,Comment,1
150,662,20230914,Share,1
1288,4564,20230805,Like,1
736,1379,20231208,Like,1
1443,1261,20231016,Like,1
1211,5351,20230329,Like,1
1412,4002,20230629,Like,1
571,2193,20230124,Share,1
1553,2667,20231007,Like,1
678,2625,20230225,Like,1
581,320,20231113,Like,1
1205,102,20230507,Like,1
482,3461,20230731,Like,1
1276,3620,20230218,Like,1
1265,5840,20230314,Like,1
1847,153,20231109,Comment,1
41,4498,20231123,Share,1
689,364,20231219,Like,1
1061,898,20230926,Like,1
231,1764,20231022,Comment,1
1417,3262,20230605,Like,1
532,2416,20231004,Comment,1
1762,109,20230529,Like,1
1694,1097,20230529,Comment,1
1844,1253,20231031,Like,1
457,3522,20230925,Like,1
1892,2866,20230515,Like,1
1704,2815,20230905,Like,1
772,5547,20230408,Like,1
1993,1174,20231006,Like,1
683,3615,20230105,Comment,1
1522,2360,20230204,Like,1
744,2041,20230329,Like,1
645,1503,20231225,Comment,1
1170,2084,20231201,Comment,1
1864,2236,20230308,Comment,1
1134,5520,20230930,Like,1
1833,3266,20230904,Like,1
355,217,20230802,Like,1
1715,2586,20230130,Comment,1
344,3595,20230428,Share,1
11,2864,20230506,Like,1
1550,849,20230119,Share,1
542,2052,20230729,Like,1
1783,2412,20230202,Like,1
1941,4029,20230522,Like,1
265,2415,20230413,Like,1
1377,3140,20230812,Like,1
581,2154,20230331,Like,1
1830,5721,20230714,Like,1
450,3263,20230121,Like,1
213,4715,20230821,Like,1
1422,3484,20231205,Like,1
1479,3458,20230209,Comment,1
824,4091,20230208,Like,1
959,3551,20230221,Like,1
433,3120,20230507,Like,1
213,5211,20231119,Like,1
1842,3003,20230314,Share,1
908,2384,20230622,Like,1
24,3560,20230812,Like,1
259,163,20231014,Comment,1
660,4102,20230505,Like,1
89,656,20231109,Like,1
610,1172,20230717,Like,1
1150,74,20231004,Like,1
1204,5902,20230322,Like,1
1921,737,20231007,Like,1
1081,1397,20231026,Like,1
1097,3669,20230329,Like,1
1116,1734,20230217,Share,1
239,634,20230920,Like,1
216,5218,20231022,Like,1
1004,1460,20230611,Like,1
1611,3062,20231130,Like,1
495,1262,20230912,Like,1
1754,1118,20230209,Share,1
654,836,20230719,Like,1
316,387,20230114,Like,1
1214,3600,20230131,Like,1
382,285,20230730,Like,1
1215,5020,20231223,Like,1
1045,755,20231001,Like,1
1053,1727,20230908,Like,1
54,5912,20230618,Like,1
992,2248,20230115,Share,1
1778,2443,20230924,Like,1
307,5776,20230202,Like,1
441,3227,20230912,Like,1
630,1393,20230212,Like,1
1209,3858,20230615,Comment,1
1178,3980,20230728,Like,1
1164,2542,20231102,Like,1
15,755,20230315,Comment,1
1355,3154,20230905,Like,1
1946,3674,20230821,Like,1
907,5539,20230122,Like,1
556,2654,20230614,Like,1
104,486,20231006,Like,1
1238,780,20231118,Comment,1
509,5194,20230315,Comment,1
1243,163,20230622,Comment,1
460,323,20230302,Like,1
1397,2277,20230912,Like,1
652,425,20230821,Like,1
575,1259,20230924,Like,1
1405,95,20230915,Like,1
95,5347,20231109,Like,1
1378,706,20231015,Like,1
44,4596,20231221,Like,1
1618,1162,20231122,Like,1
1141,32,20230803,Like,1
441,3538,20230918,Like,1
812,1721,20230616,Like,1
559,3745,20231223,Comment,1
106,299,20230521,Share,1
7,3391,20230801,Share,1
1889,3013,20230903,Like,1
1091,4336,20230906,Like,1
397,2103,20230904,Like,1
591,5688,20230707,Like,1
190,5309,20230917,Comment,1
1953,563,20231116,Like,1
261,4676,20230927,Like,1
643,4373,20230629,Like,1
710,4499,20230406,Like,1
375,2499,20230916,Share,1
1421,3488,20231020,Comment,1
1991,3058,20230101,Like,1
757,265,20230425,Comment,1
67,3109,20230204,Comment,1
1484,666,20230809,Like,1
1085,3401,20230201,Comment,1
179,3100,20231130,Like,1
1581,1003,20230625,Like,1
1861,5813,20230130,Like,1
1645,215,20230720,Like,1
790,1906,20230528,Like,1
762,1719,20230811,Like,1
1479,4213,20230729,Like,1
663,436,20230407,Like,1
1294,1930,20230504,Like,1
1726,2239,20230124,Like,1
1018,2593,20230512,Like,1
1420,1813,20230704,Like,1
501,452,20231228,Like,1
1700,169,20230131,Comment,1
1826,4302,20231028,Like,1
1718,4096,20230420,Like,1
1875,5998,20230401,Like,1
679,632,20230721,Like,1
1016,4778,20230327,Share,1
1093,1067,20230209,Like,1
444,3711,20230413,Share,1
727,4365,20230630,Like,1
1201,5222,20230801,Comment,1
1855,614,20230825,Comment,1
1775,4711,20230607,Like,1
1895,3176,20231225,Like,1
641,1557,20230614,Like,1
440,5069,20231123,Comment,1
1092,830,20230701,Comment,1
604,791,20230507,Comment,1
1947,2470,20230323,Share,1
426,598,20230210,Like,1
1900,3647,20231127,Comment,1
265,111,20231004,Like,1
1764,348,20230416,Like,1
1152,3240,20230409,Comment,1
1429,2867,20231128,Like,1
1929,3617,20230418,Comment,1
537,2049,20230524,Like,1
1788,1158,20230224,Like,1
430,389,20230905,Like,1
1207,4957,20230707,Share,1
618,3302,20230317,Like,1
1579,4486,20230509,Like,1
1767,3247,20230117,Like,1
1400,3608,20230111,Like,1
943,824,20230516,Like,1
1048,1356,20230522,Comment,1
667,2799,20230304,Comment,1
1870,1628,20230831,Like,1
551,2579,20230917,Share,1
1816,567,20230801,Comment,1
1566,1678,20230603,Like,1
808,4778,20230116,Like,1
1349,5470,20231121,Like,1
777,2832,20230328,Like,1
540,3315,20230517,Share,1
1549,4677,20230327,Like,1
1931,2076,20230416,Like,1
266,1838,20230210,Like,1
1427,2830,20230522,Like,1
1915,4256,20230811,Comment,1
161,1279,20230316,Like,1
1629,1589,20230525,Like,1
1021,2344,20230208,Like,1
842,5543,20231030,Like,1
662,4357,20230212,Like,1
1768,2611,20230925,Like,1
380,2976,20230815,Like,1
432,4984,20230611,Like,1
1997,1951,20230620,Like,1
646,5013,20230727,Comment,1
1112,817,20230318,Like,1
990,1763,20230714,Comment,1
1092,831,20231225,Like,1
867,733,20230610,Like,1
1166,675,20231028,Like,1
741,2340,20230823,Like,1
1432,2513,20230909,Like,1
766,2208,20230713,Like,1
979,5125,20230412,Like,1
1615,3345,20230807,Like,1
1017,1675,20230907,Share,1
127,2394,20230813,Like,1
1230,3958,20230719,Like,1
1920,588,20230211,Like,1
265,4721,20230512,Like,1
1312,5559,20230728,Like,1
173,1417,20230226,Share,1
912,4936,20231017,Like,1
80,638,20230418,Like,1
732,3579,20230325,Comment,1
223,2165,20231028,Comment,1
186,871,20231121,Comment,1
1362,5968,20230704,Comment,1
157,3246,20230121,Like,1
841,1533,20230510,Comment,1
220,2050,20230130,Like,1
514,5660,20230624,Like,1
22,323,20230822,Comment,1
600,4425,20230202,Like,1
1835,3519,20230411,Share,1
377,1710,20230225,Comment,1
1430,3860,20230421,Like,1
1818,2481,20230211,Share,1
1292,4433,20231004,Like,1
1859,679,20231213,Share,1
1615,1758,20231027,Share,1
1896,4201,20231224,Like,1
440,3939,20230808,Like,1
1984,1646,20230719,Like,1
1084,2405,20230212,Like,1
915,2049,20230609,Like,1
1925,3884,20230521,Like,1
1688,913,20230515,Like,1
779,3069,20230401,Like,1
111,1401,20230920,Like,1
1329,2713,20230324,Like,1
947,4071,20230221,Comment,1
205,2239,20230916,Share,1
1362,974,20230324,Like,1
69,902,20230731,Like,1
662,3453,20230125,Like,1
833,3502,20231001,Like,1
1110,2791,20230726,Comment,1
147,5755,20231110,Comment,1
42,1913,20230626,Like,1
1647,5403,20230108,Like,1
750,2443,20230618,Share,1
152,1986,20230414,Like,1
914,4310,20230712,Like,1
1282,2098,20230822,Like,1
1387,4760,20230129,Like,1
1091,3021,20230109,Like,1
720,3814,20231227,Like,1
331,3099,20231210,Comment,1
1766,3065,20231001,Share,1
1200,93,20230827,Like,1
1349,652,20230424,Like,1
1976,396,20230127,Share,1
508,3743,20230903,Like,1
1952,5375,20230418,Like,1
69,4251,20231107,Like,1
1267,4158,20230308,Like,1
1753,2616,20231230,Like,1
85,848,20231025,Like,1
594,2122,20230728,Like,1
372,3020,20230923,Like,1
1691,3830,20230912,Like,1
1129,5489,20230807,Like,1
1453,4961,20230724,Like,1
1158,1300,20231102,Like,1
72,1595,20230928,Like,1
558,2946,20230826,Comment,1
1813,1546,20231107,Like,1
796,5471,20230328,Like,1
146,4511,20230905,Like,1
1685,1890,20230510,Like,1
771,5591,20230814,Share,1
1245,42,20230620,Like,1
1925,1910,20231214,Like,1
1563,3717,20231112,Comment,1
1109,3942,20230519,Like,1
1802,1131,20230927,Like,1
63,100,20230110,Like,1
1122,158,20230516,Like,1
70,4767,20230613,Like,1
890,2152,20230819,Like,1
1134,1579,20230512,Like,1
1900,5394,20230607,Like,1
171,4937,20230412,Like,1
419,367,20230424,Comment,1
185,2521,20230520,Like,1
455,2388,20230309,Like,1
461,1711,20231028,Like,1
1906,625,20231208,Like,1
1820,1203,20230916,Like,1
1073,1916,20230502,Comment,1
895,703,20231113,Like,1
858,4846,20230529,Like,1
155,1709,20230425,Like,1
636,932,20230812,Like,1
1494,1896,20230728,Like,1
1483,92,20230528,Like,1
1069,5615,20231011,Like,1
149,2650,20230107,Like,1
1955,5451,20230124,Like,1
1887,5435,20230223,Like,1
1147,5099,20231002,Like,1
948,863,20230906,Like,1
477,3116,20230101,Like,1
278,4673,20230903,Like,1
411,652,20231119,Like,1
287,1777,20230322,Like,1
1684,2111,20231106,Comment,1
166,5269,20230824,Like,1
1578,2964,20230702,Comment,1
1485,281,20230514,Like,1
756,5402,20231109,Comment,1
1139,3426,20230618,Like,1
45,5737,20230805,Comment,1
595,3559,20230414,Comment,1
566,4590,20231008,Like,1
1630,4409,20230409,Like,1
846,44,20230114,Share,1
1753,3101,20230818,Like,1
1851,551,20231106,Like,1
306,2252,20231014,Like,1
1135,264,20231121,Like,1
1501,2518,20230204,Comment,1
997,628,20231229,Like,1
1533,2591,20230702,Like,1
1640,4205,20230427,Share,1
1507,3802,20230626,Like,1
1859,2675,20230122,Like,1
793,4475,20231112,Like,1
638,5604,20230208,Like,1
1466,1885,20231109,Like,1
1253,2799,20230628,Like,1
662,5748,20231216,Like,1
1904,4989,20230310,Comment,1
1091,3394,20230613,Comment,1
828,3355,20231024,Like,1
846,4218,20230619,Like,1
945,88,20231215,Share,1
441,4162,20230111,Share,1
1859,4174,20230528,Like,1
81,1874,20230721,Like,1
124,3928,20230116,Like,1
1279,4998,20230516,Share,1
559,4386,20230526,Comment,1
1277,5823,20230908,Like,1
221,3537,20231114,Like,1
1185,1669,20230527,Comment,1
1975,683,20230901,Like,1
1589,4149,20230606,Comment,1
1070,3707,20231225,Like,1
245,3054,20230224,Like,1
1875,888,20230627,Like,1
1974,2459,20230707,Like,1
518,4933,20230128,Like,1
448,939,20230718,Like,1
1629,2025,20230105,Like,1
400,4885,20231212,Like,1
1341,4861,20230709,Comment,1
482,5072,20230926,Like,1
1691,2797,20230623,Like,1
1621,1773,20230318,Like,1
1605,3460,20230723,Like,1
1125,2530,20230917,Comment,1
1864,4950,20230228,Like,1
1744,3161,20230729,Like,1
1228,5143,20230306,Like,1
708,804,20230424,Comment,1
645,2816,20230516,Like,1
1352,2781,20230525,Like,1
490,3111,20230606,Like,1
652,5056,20231211,Like,1
361,3568,20230422,Comment,1
1624,2972,20230206,Like,1
382,2018,20231212,Share,1
1920,3349,20230517,Like,1
1912,907,20231110,Comment,1
667,659,20231104,Like,1
1807,284,20230914,Comment,1
1376,3287,20230201,Like,1
1793,1294,20230210,Like,1
362,5399,20231022,Like,1
880,252,20230913,Comment,1
1310,3076,20230324,Share,1
680,4529,20230117,Like,1
785,3318,20230401,Like,1
477,4050,20230424,Like,1
1476,1853,20230519,Like,1
114,5313,20230111,Like,1
1604,1384,20231128,Like,1
1406,4873,20230214,Like,1
1209,40,20230424,Comment,1
1652,902,20230927,Share,1
237,2035,20230325,Like,1
1940,1815,20230716,Like,1
1607,3150,20230316,Comment,1
877,156,20230310,Like,1
1983,4279,20230608,Like,1
1606,4504,20230520,Like,1
526,2877,20230912,Like,1
2,2993,20230219,Like,1
273,2304,20230320,Like,1
970,4494,20230605,Like,1
1440,5404,20230212,Like,1
1199,5956,20230419,Like,1
1901,3269,20230217,Like,1
1775,2156,20230514,Like,1
1189,2034,20231120,Like,1
667,2927,20230718,Like,1
801,2636,20231202,Like,1
1906,683,20230501,Like,1
1576,3444,20230916,Like,1
254,3196,20231227,Like,1
70,995,20230128,Like,1
450,2676,20230129,Share,1
1434,4466,20230912,Like,1
1336,2993,20230619,Like,1
1192,1418,20231212,Like,1
540,806,20231231,Like,1
458,394,20231119,Comment,1
1512,2362,20230311,Share,1
75,4443,20230930,Like,1
976,3949,20230502,Like,1
482,459,20230317,Like,1
1546,2786,20231002,Like,1
1314,5850,20230213,Like,1
331,3085,20230419,Like,1
61,2853,20230616,Like,1
1128,807,20230628,Like,1
523,5070,20231103,Comment,1
65,3322,20230414,Like,1
325,3438,20231111,Like,1
116,3199,20230105,Comment,1
1847,3433,20230929,Comment,1
1676,3680,20231228,Like,1
519,1470,20231230,Like,1
368,774,20230714,Share,1
1664,5156,20230215,Like,1
114,2903,20230620,Like,1
459,2295,20230525,Comment,1
1801,927,20230804,Share,1
1514,77,20230209,Comment,1
645,4821,20230721,Share,1
1350,3177,20230905,Like,1
1491,4494,20231023,Like,1
1753,366,20230109,Like,1
437,4226,20230614,Like,1
1141,4899,20230204,Like,1
1067,4412,20230827,Like,1
1713,2830,20230504,Like,1
879,5926,20230806,Like,1
1168,1821,20231116,Like,1
1643,1930,20231221,Like,1
360,3513,20230102,Like,1
913,1681,20230404,Like,1
580,3651,20230805,Like,1
532,5583,20231212,Like,1
730,2110,20230827,Comment,1
97,3977,20230703,Like,1
1981,5204,20231108,Like,1
463,3157,20231012,Like,1
290,548,20231226,Like,1
1517,915,20230817,Like,1
198,2388,20230321,Like,1
643,3264,20230903,Like,1
769,2064,20230911,Like,1
1573,5424,20230811,Like,1
1841,5840,20230327,Like,1
587,1201,20230716,Like,1
1558,2439,20231217,Share,1
55,1988,20231218,Like,1
427,3925,20230626,Share,1
1741,2140,20230401,Like,1
150,3824,20230102,Like,1
11,3668,20230801,Like,1
87,3800,20231011,Comment,1
1415,2511,20230923,Like,1
3,2590,20230326,Comment,1
306,4154,20230315,Like,1
313,3756,20230130,Comment,1
1230,3467,20230205,Like,1
497,393,20230123,Like,1
1457,1494,20231126,Like,1
503,1165,20230428,Share,1
848,2040,20230201,Like,1
775,1015,20230721,Like,1
41,4114,20230211,Like,1
1235,1798,20231030,Like,1
291,2924,20230811,Like,1
1744,271,20230705,Like,1
1685,5017,20230321,Like,1
36,3757,20230908,Like,1
678,4726,20230114,Like,1
1337,5611,20230527,Like,1
262,5697,20230329,Like,1
1089,2467,20230429,Share,1
1743,1322,20230702,Like,1
1403,4286,20231003,Comment,1
1877,4580,20230328,Like,1
1530,5165,20230203,Comment,1
217,1419,20230629,Comment,1
166,5629,20230402,Comment,1
826,2744,20230426,Comment,1
1746,4819,20230930,Share,1
114,86,20230113,Like,1
1810,2758,20230703,Like,1
1505,3813,20230910,Comment,1
355,4754,20230422,Like,1
1081,5155,20230912,Share,1
1619,4269,20230301,Like,1
675,2586,20230608,Like,1
1178,1688,20231222,Like,1
1507,4505,20230515,Comment,1
517,3239,20230404,Like,1
650,5986,20230520,Like,1
1328,4325,20231107,Like,1
667,1828,20230514,Like,1
727,3316,20230207,Share,1
826,1708,20231006,Like,1
1413,489,20230509,Share,1
1750,2543,20230820,Like,1
427,5250,20230307,Like,1
656,578,20231117,Comment,1
406,1889,20230710,Comment,1
723,4117,20231029,Like,1
6,324,20231004,Share,1
814,4154,20230725,Like,1
1324,5305,20230621,Share,1
341,736,20230410,Like,1
447,2025,20231207,Like,1
1995,5393,20230915,Like,1
1308,4574,20230628,Share,1
699,4598,20230629,Like,1
680,5962,20231116,Like,1
325,2084,20230924,Comment,1
913,1683,20230627,Like,1
1812,5171,20231204,Like,1
1072,2755,20230508,Like,1
1768,5810,20231025,Comment,1
1388,2377,20230411,Like,1
1789,2797,20230824,Like,1
1652,5134,20231101,Comment,1
543,1085,20230820,Like,1
130,5539,20230712,Like,1
297,3977,20231229,Comment,1
1078,4942,20231213,Share,1
338,4871,20230104,Like,1
100,1648,20230624,Like,1
1623,5147,20230102,Comment,1
463,3438,20230218,Like,1
301,2625,20231121,Comment,1
1584,4000,20230224,Like,1
1612,5767,20230601,Like,1
611,3396,20231109,Like,1
1755,4624,20231014,Like,1
908,3763,20230623,Comment,1
1175,5825,20230407,Like,1
1532,4851,20231002,Like,1
1962,3277,20230811,Like,1
806,2342,20230406,Like,1
1438,2854,20230504,Like,1
363,2595,20230909,Like,1
1512,2819,20230604,Like,1
849,2896,20231014,Share,1
1042,5911,20230212,Like,1
735,4593,20231115,Like,1
1382,3713,20230525,Comment,1
1380,17,20230617,Like,1
268,4641,20230624,Like,1
966,5458,20230706,Like,1
1647,5599,20230124,Like,1
8,4511,20231011,Like,1
1616,3126,20230618,Like,1
601,2552,20231025,Comment,1
224,4985,20231003,Like,1
848,5994,20231028,Like,1
532,284,20231210,Like,1
1463,981,20230206,Comment,1
1285,4054,20230728,Like,1
1031,4688,20231116,Like,1
1399,4377,20230830,Like,1
67,1548,20231204,Like,1
1116,1984,20230524,Like,1
364,4985,20231207,Like,1
1823,1456,20230514,Like,1
462,3516,20231129,Comment,1
205,788,20230126,Like,1
142,2779,20230422,Like,1
1847,4575,20230320,Comment,1
1878,5226,20230924,Like,1
1566,4601,20230422,Like,1
974,4913,20230708,Like,1
56,1611,20230409,Comment,1
286,2795,20230420,Share,1
40,3453,20231001,Like,1
1649,1835,20230818,Like,1
503,3623,20230811,Like,1
482,3911,20230827,Like,1
1486,718,20230622,Like,1
1530,4719,20230808,Like,1
398,3003,20230419,Comment,1
1929,4525,20230913,Like,1
106,5483,20231117,Comment,1
1728,1306,20230301,Like,1
396,843,20230717,Like,1
852,4465,20230105,Share,1
408,2193,20231226,Like,1
390,426,20231120,Like,1
770,5591,20231102,Like,1
247,3009,20230615,Like,1
1109,5503,20230204,Comment,1
300,743,20230219,Comment,1
1223,1536,20231219,Comment,1
1047,1514,20231117,Comment,1
887,3574,20230714,Like,1
352,3586,20230610,Like,1
870,4614,20230503,Like,1
1432,937,20230803,Share,1
506,5275,20230929,Share,1
913,3111,20230820,Share,1
1876,309,20230111,Comment,1
684,3364,20230811,Comment,1
716,1585,20230117,Like,1
680,2474,20230119,Comment,1
59,5731,20230620,Share,1
1089,3725,20230720,Like,1
1915,2723,20230512,Like,1
997,2313,20231231,Like,1
128,3271,20230830,Like,1
1145,4455,20230621,Like,1
835,4202,20231011,Like,1
1067,1443,20230708,Like,1
1103,3827,20230217,Like,1
903,5553,20230729,Comment,1
1217,100,20231224,Like,1
1078,259,20230713,Comment,1
1692,5998,20230209,Like,1
12,1704,20230920,Like,1
1934,3702,20230902,Like,1
1673,1663,20230126,Like,1
13,1414,20230620,Like,1
1916,3337,20230310,Like,1
1024,323,20230326,Like,1
578,5439,20230103,Like,1
914,3931,20231213,Like,1
522,3731,20230811,Like,1
1364,1168,20230521,Like,1
1080,1684,20230614,Comment,1
306,4003,20230918,Like,1
806,3669,20230513,Like,1
731,5557,20230402,Like,1
727,5807,20230831,Like,1
1901,2739,20230927,Like,1
1843,2413,20230512,Like,1
235,3974,20230101,Like,1
1651,5021,20230911,Like,1
305,2630,20230315,Like,1
266,369,20230615,Like,1
762,5893,20230622,Like,1
1908,613,20230930,Share,1
219,742,20230430,Like,1
104,4232,20230616,Like,1
1261,1895,20230923,Like,1
1258,345,20231231,Comment,1
1739,461,20231004,Like,1
133,5415,20230413,Like,1
830,4061,20230626,Like,1
1016,2959,20230326,Like,1
1937,4161,20230820,Like,1
480,3215,20230704,Like,1
86,1796,20230729,Share,1
858,2259,20230712,Like,1
1230,837,20230320,Like,1
1059,4053,20230621,Like,1
302,5610,20230921,Share,1
1634,3381,20231119,Like,1
564,2119,20231210,Like,1
1587,2188,20230816,Like,1
633,909,20231229,Share,1
1745,5327,20231120,Like,1
762,298,20230425,Like,1
1513,1615,20230508,Like,1
556,372,20231002,Like,1
1155,1460,20230906,Like,1
635,5349,20230701,Like,1
857,295,20230322,Like,1
1381,876,20230514,Share,1
326,2689,20230515,Like,1
1937,409,20231119,Like,1
659,353,20231030,Like,1
1848,2745,20231225,Like,1
91,2712,20231001,Like,1
831,3380,20230619,Like,1
384,4185,20231011,Like,1
1831,2530,20231016,Like,1
1311,5472,20230515,Share,1
782,2640,20230211,Like,1
371,5655,20230610,Like,1
149,742,20230910,Like,1
634,1092,20230712,Comment,1
797,2692,20230913,Comment,1
564,274,20230919,Like,1
247,3261,20230518,Like,1
884,1425,20231211,Like,1
951,5492,20230525,Comment,1
1088,3922,20230106,Like,1
71,473,20230103,Like,1
1448,1878,20230809,Like,1
1738,4973,20231022,Share,1
1253,3737,20231022,Like,1
810,3899,20230405,Share,1
1687,1053,20230529,Like,1
109,1686,20230412,Like,1
1293,4712,20230311,Like,1
1757,3213,20230929,Comment,1
674,4855,20230623,Comment,1
732,1104,20231123,Like,1
1636,5675,20230204,Comment,1
1879,4542,20231010,Like,1
126,1842,20231029,Comment,1
546,4339,20231223,Like,1
622,1589,20231102,Like,1
1815,5683,20230819,Comment,1
285,1105,20230731,Like,1
1796,2414,20230827,Comment,1
1041,4445,20230912,Like,1
1990,4320,20230913,Like,1
858,1462,20230803,Like,1
695,2684,20230123,Like,1
46,4541,20230702,Like,1
530,1523,20230503,Like,1
1449,3000,20231128,Like,1
1206,1734,20230419,Like,1
1196,2080,20230720,Comment,1
637,1941,20230309,Like,1
719,726,20230328,Share,1
175,3499,20230821,Comment,1
175,5273,20230620,Like,1
1343,5511,20230516,Comment,1
1716,5995,20230623,Like,1
1759,2701,20231128,Comment,1
1703,303,20230327,Like,1
1648,1291,20231212,Like,1
1419,3742,20231025,Comment,1
1024,5536,20230210,Like,1
1262,3010,20231216,Like,1
1919,2577,20230815,Like,1
1163,122,20230313,Like,1
749,2815,20231126,Share,1
1873,2003,20231114,Like,1
980,5124,20230802,Like,1
34,3248,20231011,Like,1
843,4608,20230205,Like,1
154,4073,20231029,Like,1
1334,1627,20231029,Like,1
751,2465,20231205,Like,1
785,472,20230427,Like,1
587,1079,20231230,Like,1
1882,4362,20230724,Like,1
239,5052,20230817,Like,1
1383,547,20230411,Like,1
73,4168,20230525,Like,1
1756,4843,20230817,Share,1
208,1122,20230117,Like,1
226,4295,20230318,Like,1
1619,179,20230124,Like,1
407,3749,20231105,Comment,1
1207,3302,20230214,Like,1
1948,2289,20230315,Like,1
330,4409,20231017,Like,1
46,5744,20230228,Like,1
1222,3149,20231115,Like,1
1197,1378,20230915,Comment,1
1563,4120,20230529,Like,1
489,2966,20230419,Like,1
500,1548,20231027,Like,1
1767,2427,20230625,Like,1
874,5588,20230709,Share,1
1297,3148,20230323,Like,1
1812,4174,20230222,Like,1
570,1286,20230701,Comment,1
33,4643,20231018,Like,1
502,3662,20230801,Like,1
1144,4899,20230617,Like,1
1536,2193,20230615,Like,1
221,5849,20230225,Like,1
518,248,20231025,Like,1
1189,3170,20230419,Share,1
1494,5113,20231101,Like,1
126,2634,20230525,Like,1
56,2614,20230803,Like,1
914,3869,20231218,Comment,1
1701,3720,20230430,Like,1
841,301,20231124,Like,1
674,3324,20231223,Like,1
604,5528,20230406,Like,1
1147,1006,20230827,Share,1
1172,3832,20230603,Like,1
166,3306,20230714,Like,1
74,3410,20230524,Like,1
1757,4903,20231018,Like,1
1168,4142,20230116,Comment,1
1626,2102,20230802,Like,1
787,3596,20230412,Comment,1
1694,380,20231127,Like,1
966,4033,20230201,Like,1
1760,1245,20230430,Like,1
1716,4941,20230603,Comment,1
705,5392,20230910,Like,1
525,618,20231207,Like,1
76,222,20230109,Like,1
1395,620,20230916,Like,1
517,1803,20230217,Like,1
53,5059,20231010,Like,1
1245,797,20230616,Comment,1
1419,4890,20230304,Like,1
1764,5973,20230209,Like,1
962,4652,20230305,Like,1
643,4685,20230511,Like,1
1134,3872,20230315,Like,1
207,5452,20230904,Like,1
1267,2151,20230330,Comment,1
648,5334,20230528,Like,1
283,2845,20230816,Like,1
446,4376,20231230,Like,1
100,1155,20231129,Share,1
327,5659,20230303,Like,1
820,5464,20230803,Like,1
586,5550,20230420,Like,1
557,4633,20230222,Like,1
1516,1055,20231126,Like,1
754,1958,20230127,Like,1
1824,1306,20230814,Like,1
1163,4929,20230407,Like,1
1857,2939,20230804,Like,1
406,441,20231211,Like,1
1957,3044,20230902,Like,1
1233,5016,20230508,Like,1
643,5220,20230221,Like,1
1047,4423,20230731,Like,1
1344,409,20230126,Comment,1
1901,300,20231127,Like,1
1043,2544,20231220,Like,1
1154,2204,20231120,Like,1
317,181,20230304,Like,1
792,5287,20230630,Like,1
141,3095,20230423,Share,1
372,3757,20230729,Like,1
686,3399,20230311,Share,1
1026,2900,20231206,Like,1
1988,4517,20230830,Like,1
293,4326,20230216,Like,1
493,3893,20230324,Like,1
993,5493,20231017,Like,1
1213,5066,20230324,Like,1
1987,3022,20230322,Share,1
1351,1559,20231120,Share,1
1001,3414,20230711,Like,1
1777,4336,20230720,Like,1
669,776,20230424,Share,1
850,4631,20230705,Share,1
678,3736,20230502,Like,1
1528,2831,20231205,Like,1
208,1814,20230810,Comment,1
1457,1738,20230917,Like,1
660,817,20230414,Like,1
1294,4344,20230221,Like,1
1960,2485,20230308,Like,1
1667,4229,20230524,Like,1
224,4553,20230508,Like,1
1310,3345,20230929,Like,1
1377,1502,20230808,Like,1
1585,1159,20230227,Like,1
119,3185,20230308,Share,1
987,5457,20230409,Like,1
51,4556,20230921,Like,1
1324,1862,20230719,Like,1
102,2921,20230708,Like,1
109,5845,20230715,Like,1
1732,4430,20231112,Like,1
1405,5835,20230510,Share,1
1754,2509,20230408,Like,1
602,1916,20230330,Like,1
486,1005,20230512,Like,1
1031,5849,20231231,Like,1
36,3594,20230222,Like,1
1703,5068,20231206,Like,1
675,2219,20230921,Like,1
1679,3585,20230910,Share,1
1230,5321,20230305,Like,1
592,3423,20230105,Like,1
925,4484,20231024,Like,1
726,4205,20231003,Share,1
1744,3870,20231007,Like,1
601,324,20231223,Like,1
369,3317,20230416,Comment,1
1619,4730,20230910,Comment,1
696,1210,20230415,Comment,1
301,329,20231222,Like,1
1140,291,20230919,Like,1
1354,1946,20231112,Like,1
1688,4359,20230225,Like,1
68,3574,20230628,Like,1
1204,1624,20230215,Like,1
582,2528,20230904,Like,1
171,4211,20230519,Like,1
278,428,20230108,Like,1
1262,4928,20230324,Like,1
4,350,20230527,Share,1
673,5394,20231114,Like,1
1872,231,20230428,Like,1
1062,5832,20230328,Like,1
998,2634,20231116,Like,1
150,5776,20230423,Like,1
1986,1333,20231105,Like,1
189,4707,20230218,Like,1
357,5782,20230902,Like,1
758,859,20231228,Share,1
695,5301,20230518,Like,1
372,1402,20230118,Like,1
1244,4372,20230826,Like,1
941,2931,20230328,Comment,1
1924,525,20230812,Like,1
304,463,20231103,Comment,1
198,830,20231004,Comment,1
731,4919,20230612,Comment,1
1876,927,20230921,Like,1
185,3866,20230421,Like,1
1110,316,20230901,Like,1
408,3832,20230824,Like,1
15,3990,20230729,Like,1
1627,3438,20230224,Like,1
262,2630,20230711,Like,1
435,3483,20230803,Like,1
1424,4180,20230704,Like,1
1566,4105,20230807,Like,1
1794,4540,20230516,Like,1
814,3971,20230523,Like,1
1226,4472,20231102,Share,1
229,3114,20230519,Comment,1
1388,5471,20231011,Like,1
613,2386,20230728,Like,1
293,4607,20231206,Share,1
1385,5766,20230223,Like,1
1487,3106,20230307,Like,1
126,2091,20230318,Comment,1
1752,2125,20230323,Like,1
136,1778,20230125,Like,1
816,1017,20230420,Like,1
1013,4764,20231223,Like,1
174,1234,20231003,Share,1
1447,4181,20230728,Share,1
1513,460,20230331,Like,1
1425,4261,20230807,Share,1
837,2731,20230811,Like,1
316,5095,20231216,Like,1
1967,3236,20231214,Comment,1
567,1313,20230225,Comment,1
774,5395,20230803,Like,1
616,1642,20230808,Like,1
101,448,20230603,Like,1
480,2356,20231204,Like,1
1592,4849,20230203,Comment,1
1033,4098,20231208,Share,1
1889,5127,20230228,Share,1
975,2963,20230206,Like,1
1276,5795,20230417,Like,1
1191,5773,20231029,Like,1
657,978,20231114,Like,1
320,2672,20230330,Like,1
831,179,20231214,Like,1
927,3306,20231116,Like,1
1240,5624,20230310,Like,1
666,487,20230331,Comment,1
1682,4780,20230812,Comment,1
1613,5673,20230811,Like,1
1834,1130,20230525,Like,1
1041,1566,20230413,Like,1
1393,2992,20231231,Like,1
479,353,20230409,Comment,1
1382,4152,20230413,Like,1
824,5840,20230514,Like,1
242,3028,20230304,Like,1
1846,243,20231004,Comment,1
860,5695,20231019,Share,1
334,4525,20231019,Like,1
1433,494,20230414,Like,1
421,4627,20231109,Like,1
1817,3221,20230509,Like,1
1841,708,20230626,Like,1
1318,4595,20230213,Like,1
1877,4191,20230720,Like,1
1735,3354,20230405,Like,1
367,1439,20230216,Share,1
824,5892,20230323,Comment,1
101,529,20230912,Like,1
356,5008,20230701,Comment,1
1708,4219,20230816,Like,1
979,3050,20231010,Like,1
1934,450,20231025,Like,1
650,5190,20230509,Share,1
1007,5201,20231111,Comment,1
1158,5556,20231122,Share,1
1332,307,20230529,Like,1
66,3804,20230624,Share,1
1848,4132,20230216,Like,1
911,1913,20230627,Like,1
41,3080,20230916,Like,1
870,3279,20230415,Like,1
176,3132,20230413,Comment,1
69,3003,20230824,Like,1
486,14,20230711,Like,1
152,5486,20230807,Like,1
165,911,20230518,Like,1
678,1725,20230911,Like,1
1522,248,20230105,Like,1
1743,4876,20231201,Share,1
1870,786,20230624,Like,1
1983,4287,20230423,Share,1
879,4466,20231209,Comment,1
1609,4198,20230813,Share,1
1124,1008,20230917,Comment,1
1614,619,20230905,Like,1
1123,5200,20230514,Share,1
1746,4949,20230802,Share,1
682,2867,20230626,Like,1
1969,3400,20230616,Like,1
743,1075,20230814,Like,1
1952,1121,20231123,Like,1
1150,5942,20230920,Like,1
162,22,20230410,Comment,1
603,3278,20230301,Share,1
1685,5648,20231224,Like,1
117,1908,20230610,Comment,1
869,2273,20230219,Like,1
751,1283,20230122,Like,1
770,359,20230224,Like,1
171,665,20231226,Like,1
737,5603,20230823,Share,1
255,4459,20230827,Comment,1
1599,99,20230217,Like,1
1308,5188,20230323,Share,1
1167,1356,20230725,Like,1
446,831,20230722,Like,1
1526,1880,20231016,Like,1
568,422,20231012,Like,1
2000,2033,20230615,Like,1
492,3007,20231223,Like,1
731,5316,20230108,Like,1
575,5260,20230308,Comment,1
1203,4088,20230704,Like,1
680,3523,20230823,Like,1
1175,3868,20231227,Comment,1
826,2934,20230624,Like,1
93,3510,20230916,Like,1
1814,1809,20231205,Like,1
304,4251,20231226,Like,1
1382,5067,20230814,Like,1
1171,2234,20230512,Like,1
1451,4916,20230629,Like,1
23,4585,20231031,Comment,1
1113,4501,20231115,Like,1
860,5164,20231008,Like,1
560,4176,20231111,Comment,1
904,3317,20230819,Like,1
1247,2531,20230723,Comment,1
814,1096,20230222,Like,1
443,5438,20230224,Like,1
145,5915,20230111,Like,1
881,5038,20231003,Like,1
645,3008,20231203,Like,1
1455,5287,20230723,Like,1
1786,812,20231014,Like,1
1794,5654,20230521,Like,1
604,3300,20230122,Comment,1
1238,4064,20231013,Like,1
1999,5839,20230923,Like,1
316,1602,20231107,Like,1
1515,4218,20231211,Like,1
934,4566,20230827,Like,1
562,2315,20231103,Like,1
461,2083,20230622,Share,1
47,1442,20231220,Like,1
1412,1831,20230308,Like,1
589,5625,20230617,Comment,1
1420,2438,20230130,Like,1
226,3536,20231017,Like,1
374,1533,20230617,Like,1
1577,5590,20231123,Like,1
1278,5394,20230510,Like,1
552,1731,20230510,Like,1
1328,4000,20230506,Like,1
78,4490,20231229,Like,1
1954,161,20230304,Like,1
531,2797,20230309,Like,1
639,4642,20231109,Like,1
247,5910,20230724,Comment,1
266,5001,20230702,Like,1
1540,2945,20230907,Like,1
1529,1997,20230608,Like,1
1497,1480,20230831,Like,1
1277,3794,20230930,Share,1
1359,3783,20230501,Share,1
597,1376,20231025,Like,1
1527,509,20230924,Share,1
1880,3464,20230704,Share,1
329,1174,20230127,Like,1
1352,3291,20230603,Share,1
452,2377,20230521,Like,1
1576,4428,20230524,Like,1
97,5897,20230225,Like,1
938,1353,20230123,Like,1
123,2491,20231010,Like,1
1593,3957,20230429,Like,1
699,253,20230914,Comment,1
1170,5711,20230701,Like,1
1721,276,20230320,Like,1
331,3368,20230708,Like,1
522,2064,20231208,Like,1
962,5194,20231124,Like,1
1097,2228,20230923,Like,1
278,5550,20230809,Like,1
1430,231,20230712,Like,1
1935,742,20230113,Like,1
1202,5156,20230707,Like,1
1825,1374,20230404,Like,1
1444,3428,20230712,Like,1
869,3399,20230429,Like,1
1714,1268,20230824,Like,1
677,1796,20231021,Like,1
595,4774,20231030,Like,1
1277,3608,20230917,Like,1
1890,1739,20230528,Share,1
1276,4994,20230923,Share,1
1178,1819,20230805,Like,1
774,3708,20230922,Like,1
586,1755,20230724,Like,1
1369,1492,20230924,Like,1
77,951,20231027,Like,1
1853,1555,20230107,Like,1
1032,5343,20230705,Like,1
631,3278,20231029,Like,1
191,3862,20230602,Like,1
873,747,20230726,Share,1
1849,4965,20230703,Like,1
334,1222,20230303,Like,1
959,2617,20230421,Like,1
968,2882,20231229,Like,1
687,473,20231220,Like,1
1672,2316,20230812,Like,1
228,2635,20230914,Like,1
1614,4078,20231122,Like,1
491,2487,20230206,Like,1
121,62,20230226,Like,1
202,1475,20230417,Comment,1
1576,568,20230802,Like,1
781,1552,20230408,Like,1
563,5107,20230628,Like,1
1028,2997,20230831,Like,1
40,3993,20231231,Like,1
1963,5332,20230829,Like,1
566,2056,20230810,Comment,1
25,969,20230630,Like,1
302,936,20231028,Like,1
1277,760,20230626,Like,1
1777,1437,20230901,Like,1
1326,1395,20230819,Share,1
913,778,20230209,Like,1
1835,4592,20230724,Comment,1
1522,5239,20230908,Like,1
1850,3112,20230921,Like,1
1822,2256,20231001,Like,1
235,3035,20230912,Like,1
1478,3182,20230623,Share,1
1353,4060,20230606,Like,1
1439,2037,20230127,Like,1
19,3670,20230614,Like,1
929,225,20230511,Comment,1
1727,5426,20230113,Share,1
28,4006,20230423,Share,1
1332,836,20231206,Like,1
564,2225,20230502,Like,1
43,1918,20230327,Like,1
1255,1679,20230316,Like,1
174,788,20230605,Comment,1
425,1030,20230119,Like,1
1856,3576,20231204,Comment,1
95,548,20231127,Like,1
1012,2882,20230425,Like,1
1017,1126,20231029,Comment,1
1514,5856,20231231,Comment,1
1790,4069,20230411,Share,1
949,2652,20230704,Like,1
793,4116,20231229,Comment,1
304,1216,20231002,Like,1
1309,5891,20230910,Like,1
830,3607,20230418,Like,1
13,1629,20231122,Like,1
761,1356,20230213,Comment,1
913,3797,20230320,Like,1
450,1631,20231231,Like,1
815,1129,20230112,Like,1
261,2146,20231110,Like,1
1616,1815,20230725,Like,1
1617,832,20231231,Like,1
530,119,20230426,Share,1
214,4481,20231007,Like,1
81,4921,20231126,Like,1
670,2993,20230706,Like,1
1478,4456,20230319,Like,1
1311,3760,20231222,Like,1
1668,5951,20230426,Comment,1
1251,1215,20230906,Like,1
1758,5995,20230403,Like,1
1851,4395,20230324,Share,1
486,4573,20231205,Like,1
405,4993,20230828,Like,1
937,1498,20230502,Share,1
1820,36,20230510,Like,1
30,3153,20230329,Like,1
1945,2728,20230225,Like,1
667,5775,20230120,Like,1
1897,3252,20230731,Share,1
815,389,20230707,Like,1
890,3103,20230111,Like,1
1302,4178,20230930,Like,1
182,3204,20231208,Comment,1
1606,5851,20230501,Like,1
1336,5366,20230603,Like,1
108,5871,20231222,Like,1
323,5942,20230619,Share,1
782,3567,20231121,Like,1
297,2654,20230512,Like,1
1784,2600,20230514,Like,1
1331,638,20230814,Comment,1
1162,4064,20230829,Like,1
1530,4243,20230712,Comment,1
307,3720,20230106,Like,1
5,2651,20230127,Like,1
943,4721,20230306,Comment,1
506,4187,20230209,Comment,1
1034,4045,20231230,Like,1
214,4304,20230121,Like,1
944,3012,20230528,Comment,1
78,781,20231207,Like,1
1937,3790,20230205,Share,1
375,372,20231206,Like,1
1981,5928,20231117,Like,1
812,5708,20230126,Like,1
1556,1888,20230426,Like,1
263,3050,20231217,Like,1
406,1920,20230330,Comment,1
1125,309,20230216,Like,1
656,3241,20230917,Comment,1
1719,995,20230329,Like,1
1291,713,20230911,Like,1
828,5719,20231214,Like,1
1132,2656,20231124,Share,1
351,4143,20230107,Like,1
1408,162,20230528,Like,1
361,4344,20231014,Like,1
1828,490,20231220,Like,1
1421,4032,20231201,Like,1
469,828,20231004,Share,1
275,1837,20230402,Like,1
1253,837,20230710,Like,1
69,4024,20230819,Like,1
589,5230,20230301,Like,1
457,762,20231110,Like,1
1188,4322,20230923,Like,1
1727,4243,20230728,Share,1
387,3324,20230815,Like,1
766,5552,20230125,Like,1
1976,1866,20230104,Like,1
700,3631,20230409,Like,1
851,317,20230422,Like,1
219,3436,20230926,Like,1
1650,5236,20230626,Like,1
1583,3549,20231022,Comment,1
979,828,20231028,Comment,1
1129,1794,20230508,Like,1
1530,5243,20230911,Like,1
262,500,20230506,Like,1
55,2052,20230804,Like,1
1884,2226,20230707,Share,1
23,1485,20230925,Like,1
1107,634,20230425,Comment,1
1478,1070,20230817,Like,1
1017,4248,20231209,Like,1
1193,2402,20230312,Like,1
908,4698,20230707,Comment,1
1794,5229,20231101,Like,1
528,1464,20231027,Like,1
81,2744,20231126,Like,1
144,771,20231029,Like,1
279,1611,20231120,Like,1
289,5820,20231228,Like,1
1567,2058,20230524,Like,1
1679,1015,20230501,Like,1
631,291,20230704,Share,1
968,1908,20230904,Like,1
907,5011,20231007,Like,1
1183,715,20230910,Like,1
925,3839,20230702,Like,1
1685,1337,20230703,Like,1
886,340,20230321,Share,1
355,2463,20230823,Comment,1
210,4086,20230404,Like,1
1637,2005,20230731,Share,1
1232,4749,20230529,Like,1
1426,866,20230712,Like,1
1330,1519,20230216,Comment,1
1386,3490,20231227,Like,1
132,973,20230831,Like,1
710,4884,20230107,Like,1
29,2889,20230719,Like,1
708,2332,20230718,Comment,1
585,3150,20231224,Like,1
46,525,20230717,Like,1
925,2845,20230516,Like,1
225,1773,20230628,Like,1
344,744,20231111,Like,1
1291,1996,20230507,Like,1
1678,327,20230821,Like,1
1447,4071,20230410,Like,1
737,4547,20230925,Like,1
478,4637,20230328,Like,1
892,1725,20230218,Like,1
1200,2634,20231129,Like,1
865,5334,20230727,Like,1
60,2701,20230605,Like,1
1877,1010,20230815,Like,1
1287,5855,20231122,Like,1
879,3319,20231219,Share,1
1702,219,20230703,Like,1
1002,5689,20230414,Like,1
422,748,20230530,Like,1
1044,1982,20230201,Like,1
125,355,20230530,Like,1
1530,530,20230102,Like,1
890,4703,20231130,Like,1
1996,40,20230408,Like,1
1879,3815,20231120,Like,1
1108,2816,20230727,Like,1
456,5520,20230929,Share,1
1991,1957,20230501,Like,1
1113,4627,20230121,Like,1
1327,3355,20231227,Like,1
267,995,20231129,Comment,1
194,865,20230626,Comment,1
601,2927,20230612,Like,1
1441,5393,20230811,Like,1
1365,2139,20230215,Like,1
1887,2182,20230321,Like,1
1651,3786,20230529,Comment,1
1448,2699,20230714,Like,1
1611,181,20230826,Like,1
537,1982,20230604,Like,1
1781,3083,20230512,Like,1
434,5768,20230514,Comment,1
119,5156,20230326,Like,1
16,3923,20230220,Like,1
261,4364,20230506,Share,1
671,2714,20231201,Like,1
1519,4722,20230323,Like,1
1303,1398,20231206,Like,1
804,638,20231208,Like,1
1685,5952,20230303,Share,1
1736,5156,20231114,Like,1
549,4958,20230419,Like,1
1270,5604,20230426,Like,1
1355,2229,20230614,Like,1
1357,1079,20231130,Like,1
15,2404,20230204,Like,1
257,1490,20230714,Like,1
1083,5844,20230725,Like,1
751,2671,20230913,Like,1
711,1639,20230913,Like,1
222,280,20230603,Like,1
581,5432,20230804,Share,1
237,3441,20231020,Share,1
476,3637,20230121,Like,1
1175,5585,20231014,Like,1
1457,3576,20230118,Like,1
1686,2483,20230208,Like,1
1988,1738,20231119,Like,1
169,4015,20230326,Like,1
1980,840,20230331,Like,1
1147,2257,20231113,Like,1
1842,2514,20230827,Like,1
1872,786,20230410,Like,1
1087,4198,20230412,Like,1
1434,641,20231003,Like,1
306,4815,20230717,Like,1
693,11,20230410,Like,1
111,458,20230401,Like,1
1641,5088,20230312,Like,1
546,5417,20231004,Like,1
1386,3842,20230704,Like,1
238,3707,20231113,Share,1
73,4915,20230328,Like,1
1936,5800,20230521,Like,1
1151,5914,20230628,Like,1
1558,4959,20230514,Like,1
49,912,20230823,Like,1
1303,909,20230507,Like,1
1499,964,20230311,Comment,1
1901,805,20230410,Like,1
899,27,20230707,Like,1
9,5202,20230803,Like,1
1442,4799,20230314,Like,1
1304,1993,20230218,Like,1
476,5876,20230321,Like,1
1852,5947,20230222,Like,1
1266,3344,20230123,Share,1
1238,3418,20230622,Comment,1
236,60,20230723,Like,1
328,4689,20230208,Comment,1
11,5967,20231109,Like,1
1699,2814,20230321,Like,1
1283,96,20230825,Like,1
870,4202,20230601,Like,1
955,343,20231225,Like,1
1649,3915,20230528,Like,1
224,795,20230226,Like,1
1162,323,20230803,Like,1
896,428,20230606,Like,1
1582,498,20230202,Like,1
1406,5469,20230312,Like,1
1846,3360,20231102,Like,1
1344,2173,20230814,Like,1
1809,4061,20230309,Like,1
1917,3271,20231204,Like,1
763,4847,20231011,Like,1
503,656,20231122,Like,1
1950,719,20231123,Like,1
1120,4343,20231028,Like,1
938,1306,20231009,Comment,1
153,2061,20230122,Like,1
1940,5733,20230111,Like,1
1709,5864,20230628,Like,1
41,1756,20230625,Like,1
581,1604,20231026,Like,1
441,320,20230209,Like,1
119,3886,20230721,Like,1
1991,3635,20230209,Share,1
1131,1799,20230811,Like,1
1270,175,20230822,Like,1
359,3398,20230915,Like,1
1742,4747,20230610,Like,1
1798,5145,20231002,Like,1
1048,3056,20230717,Like,1
275,1991,20231124,Like,1
1,2494,20230516,Like,1
502,3315,20230901,Like,1
1804,640,20230916,Like,1
376,2155,20231104,Like,1
1858,5643,20230706,Like,1
164,2134,20230321,Like,1
656,1354,20230831,Like,1
1249,5774,20230705,Like,1
1375,3498,20230606,Like,1
1529,1935,20231106,Like,1
1764,2024,20230218,Like,1
1319,5666,20230502,Comment,1
1051,191,20231120,Like,1
1103,455,20230801,Like,1
1501,5117,20230613,Like,1
1837,876,20230927,Like,1
576,5717,20230110,Share,1
1582,105,20230809,Like,1
1346,5528,20230329,Like,1
1985,2463,20231029,Like,1
845,62,20230730,Like,1
1948,2714,20231113,Like,1
1988,2042,20230127,Like,1
3,1996,20230218,Like,1
293,341,20230711,Comment,1
637,4271,20230907,Like,1
650,5891,20231215,Like,1
233,3873,20230515,Share,1
306,1620,20230525,Comment,1
222,5115,20230913,Like,1
1581,5571,20230704,Like,1
1099,810,20231226,Like,1
322,2711,20230704,Like,1
1454,1173,20231219,Like,1
27,854,20230221,Like,1
1430,5361,20230707,Like,1
978,2997,20231220,Comment,1
1341,4932,20230304,Like,1
892,1585,20230120,Like,1
300,2604,20230124,Like,1
1891,2546,20230206,Like,1
972,3334,20230524,Like,1
763,2290,20230311,Share,1
1885,5290,20230415,Like,1
1802,310,20230611,Like,1
212,4077,20230801,Like,1
50,4993,20230615,Like,1
450,2982,20230207,Like,1
1199,669,20230331,Like,1
583,3951,20231130,Like,1
1066,3614,20230301,Comment,1
1982,744,20231202,Share,1
1848,4988,20230225,Like,1
441,3920,20230529,Comment,1
100,5373,20231201,Like,1
396,2015,20230925,Like,1
1617,3497,20230602,Like,1
1192,1158,20230704,Like,1
1812,351,20230729,Like,1
462,2862,20230829,Like,1
1882,5054,20231223,Comment,1
1110,1707,20230209,Like,1
999,4133,20230821,Like,1
324,5451,20231013,Comment,1
1974,2812,20230413,Comment,1
1093,2814,20231213,Like,1
1706,565,20230823,Like,1
305,4988,20230825,Share,1
1620,2211,20230106,Like,1
1579,3751,20230103,Share,1
1579,5305,20230922,Like,1
1647,927,20230726,Like,1
56,2398,20231010,Like,1
973,4501,20230524,Like,1
451,2873,20231102,Comment,1
1228,36,20230907,Comment,1
1952,1708,20230619,Like,1
66,285,20230511,Like,1
1814,3683,20230226,Like,1
1315,4437,20230203,Like,1
1835,1294,20231223,Like,1
444,420,20230318,Like,1
1072,1499,20230704,Like,1
252,2465,20230402,Like,1
443,3484,20230606,Comment,1
1162,742,20230905,Comment,1
1173,1615,20230306,Like,1
1942,3129,20230415,Like,1
870,4093,20230120,Share,1
12,4682,20231012,Like,1
1042,2256,20231117,Like,1
521,2633,20231101,Like,1
815,4238,20230817,Like,1
124,130,20230420,Like,1
414,3497,20230426,Like,1
779,5305,20230928,Like,1
1961,2273,20230518,Like,1
236,2490,20230815,Comment,1
1487,2628,20231107,Like,1
1658,3965,20231226,Like,1
837,697,20231030,Like,1
420,532,20230608,Share,1
1222,5003,20231002,Like,1
33,3635,20230820,Like,1
384,5610,20230627,Like,1
436,5192,20230226,Share,1
649,3840,20230917,Like,1
1015,4066,20230312,Like,1
44,5193,20230209,Like,1
1626,2970,20230909,Comment,1
639,2310,20230909,Like,1
617,2077,20230502,Like,1
1525,819,20230526,Like,1
1466,3631,20231001,Like,1
1455,3510,20230111,Share,1
541,129,20231104,Like,1
147,701,20230514,Share,1
1584,5176,20230528,Like,1
986,3587,20230805,Like,1
38,4142,20231109,Like,1
63,1031,20230328,Like,1
771,2548,20230115,Like,1
1352,4594,20230911,Share,1
251,2103,20230820,Like,1
1010,3172,20230516,Like,1
558,5922,20230924,Like,1
81,2462,20231112,Like,1
1147,415,20230703,Like,1
784,5853,20231017,Share,1
55,4697,20230410,Like,1
1169,4732,20230613,Like,1
770,1752,20230825,Share,1
606,2999,20231103,Like,1
1161,3497,20230518,Like,1
1734,3931,20230127,Like,1
1161,2981,20231202,Like,1
1808,4736,20230413,Like,1
1296,2012,20230629,Comment,1
1612,3905,20230203,Like,1
1221,4190,20230621,Comment,1
1013,479,20231110,Like,1
1236,1794,20230713,Like,1
1424,544,20231018,Like,1
270,748,20230318,Like,1
1247,3570,20231210,Like,1
1201,1878,20230610,Comment,1
367,3238,20230114,Comment,1
364,1493,20230201,Like,1
237,14,20230420,Like,1
166,1343,20230827,Like,1
707,528,20230701,Like,1
716,5806,20230402,Like,1
206,2773,20230912,Share,1
685,5042,20230227,Like,1
978,1751,20231010,Comment,1
365,1376,20230609,Like,1
1809,1622,20230212,Like,1
1741,42,20230313,Like,1
1385,3554,20230905,Like,1
1830,3828,20231007,Like,1
6,5672,20231022,Like,1
1531,3358,20230614,Like,1
717,25,20230722,Share,1
1406,3832,20230331,Like,1
1388,4304,20230214,Like,1
1119,5339,20230524,Comment,1
1437,1157,20231007,Like,1
824,1125,20230323,Like,1
255,4604,20231224,Like,1
660,3710,20230401,Like,1
598,357,20230221,Like,1
565,3588,20231212,Comment,1
967,4429,20230916,Share,1
849,848,20230119,Like,1
293,1599,20230522,Like,1
268,802,20230326,Like,1
1712,159,20230616,Like,1
1285,3637,20230724,Like,1
553,3120,20230913,Comment,1
671,3552,20230415,Share,1
1751,3059,20231220,Comment,1
356,2861,20230218,Share,1
1304,2149,20230216,Like,1
1516,4623,20230526,Like,1
1411,452,20230303,Like,1
1190,4355,20230625,Comment,1
666,175,20230104,Comment,1
1194,317,20230601,Like,1
687,6,20230829,Like,1
66,2094,20231215,Comment,1
419,1667,20230221,Like,1
1930,4701,20230715,Like,1
508,2431,20230819,Like,1
1992,2268,20231008,Like,1
34,5887,20231101,Like,1
1862,3364,20230924,Like,1
457,3015,20230903,Like,1
1305,5353,20230109,Like,1
824,3041,20230209,Like,1
402,4037,20231023,Like,1
675,2577,20230808,Like,1
160,2927,20231028,Comment,1
100,3210,20231114,Like,1
1414,5815,20230105,Comment,1
1265,2330,20230428,Like,1
1489,2735,20230209,Like,1
304,5943,20231017,Like,1
1332,4598,20230528,Share,1
700,249,20230528,Share,1
100,4289,20230615,Like,1
294,2854,20230812,Like,1
1684,1799,20230705,Like,1
363,1290,20230929,Like,1
880,5277,20230717,Like,1
118,3219,20230816,Like,1
1464,1532,20230803,Like,1
571,4059,20230628,Like,1
1534,1353,20230302,Like,1
901,898,20230505,Like,1
1695,2027,20230519,Like,1
810,3428,20230930,Like,1
968,3522,20230212,Like,1
1743,5031,20230421,Comment,1
1095,5979,20230702,Like,1
355,3588,20230613,Like,1
305,5176,20230203,Like,1
1227,2973,20230305,Like,1
1233,2655,20231204,Like,1
146,4208,20230727,Share,1
731,2792,20230123,Like,1
1382,1668,20230908,Like,1
1302,3295,20230720,Like,1
1139,2467,20230112,Like,1
975,3034,20231026,Comment,1
417,5987,20231206,Like,1
346,1843,20230626,Like,1
1532,2804,20231003,Like,1
1750,4685,20230121,Like,1
378,2808,20231003,Share,1
1570,5641,20230427,Like,1
331,1649,20230727,Comment,1
1865,3786,20231111,Like,1
593,1242,20231024,Like,1
509,5012,20231219,Like,1
794,145,20230423,Like,1
1664,3293,20231201,Like,1
183,460,20230620,Like,1
373,5970,20230304,Like,1
1719,5339,20231220,Like,1
1139,2024,20230607,Like,1
1306,4083,20230330,Comment,1
81,246,20230208,Like,1
1356,53,20230918,Like,1
1683,592,20230604,Like,1
961,2067,20230723,Like,1
1815,734,20230506,Like,1
874,2669,20230717,Like,1
847,5702,20230806,Comment,1
658,4174,20230502,Like,1
1605,3018,20230414,Like,1
349,1436,20230530,Like,1
577,4171,20230118,Like,1
803,1737,20230831,Like,1
578,4365,20230204,Like,1
1439,2015,20231124,Like,1
806,1843,20231122,Like,1
642,567,20230419,Like,1
319,1204,20231001,Comment,1
1194,2920,20230206,Like,1
1443,236,20230515,Like,1
1302,3199,20230924,Like,1
916,4122,20231119,Like,1
1233,2614,20230927,Share,1
936,326,20230324,Like,1
279,3392,20230825,Like,1
451,4217,20230613,Comment,1
179,210,20230126,Share,1
1836,3123,20230110,Like,1
458,807,20231210,Share,1
161,3002,20231027,Like,1
532,2992,20231116,Like,1
462,5073,20231125,Like,1
321,1955,20231117,Like,1
1447,4257,20230127,Comment,1
421,3419,20230606,Comment,1
1403,995,20230524,Comment,1
750,5133,20231206,Comment,1
378,4420,20230721,Comment,1
548,4558,20230212,Like,1
1861,4459,20230613,Like,1
1967,3635,20230528,Like,1
898,2423,20230325,Like,1
925,2922,20230922,Like,1
1833,4713,20230107,Share,1
1496,3298,20230428,Like,1
1651,4839,20230716,Like,1
1130,5663,20231230,Comment,1
1888,2485,20230909,Share,1
541,2659,20230810,Comment,1
235,3561,20231226,Like,1
1207,3871,20230115,Like,1
617,3521,20230323,Like,1
1878,4170,20230116,Comment,1
122,1436,20230112,Share,1
524,3765,20230119,Comment,1
1583,3824,20231027,Like,1
10,2278,20230618,Share,1
1160,2935,20230404,Comment,1
84,1999,20230108,Like,1
1178,222,20230108,Like,1
1625,1579,20230120,Like,1
1860,3719,20230109,Like,1
1193,3692,20231229,Like,1
319,546,20230707,Like,1
1958,1420,20230124,Like,1
648,2373,20230317,Like,1
1199,671,20230326,Like,1
712,5250,20231222,Like,1
1717,2262,20230517,Like,1
694,3723,20230226,Like,1
1198,5980,20230720,Like,1
379,4275,20230111,Like,1
1363,5716,20230721,Like,1
1812,230,20230407,Share,1
421,2802,20230523,Like,1
1834,3452,20231213,Like,1
1927,323,20231203,Like,1
167,4380,20230119,Share,1
1047,1399,20230727,Like,1
964,4662,20230814,Like,1
52,1110,20230424,Comment,1
1487,353,20230829,Like,1
887,4042,20230211,Like,1
1910,134,20231029,Comment,1
69,959,20230324,Like,1
416,2254,20230516,Like,1
1263,5342,20230507,Like,1
615,2224,20230325,Like,1
1318,4598,20230429,Like,1
599,2721,20230730,Like,1
1845,3274,20230724,Like,1
889,3247,20230308,Like,1
1158,1863,20230306,Comment,1
1911,5461,20231030,Comment,1
860,1980,20230728,Like,1
439,3985,20230901,Like,1
398,1106,20230508,Like,1
1837,4776,20230213,Like,1
1522,5891,20231110,Share,1
1528,2807,20230801,Like,1
1674,5590,20231102,Share,1
396,4185,20230228,Like,1
74,4056,20230419,Like,1
700,1684,20230224,Like,1
1033,3777,20231215,Comment,1
452,3840,20230417,Like,1
1287,5993,20230627,Like,1
1929,749,20230413,Like,1
1478,2070,20230414,Share,1
777,5850,20230222,Comment,1
302,746,20230203,Like,1
390,1180,20231127,Share,1
899,922,20230922,Like,1
2000,3278,20230429,Comment,1
27,3475,20230109,Like,1
1613,2003,20231204,Like,1
895,1408,20230411,Like,1
1172,1703,20231017,Like,1
1281,514,20231009,Like,1
1818,1530,20230718,Like,1
957,1742,20230113,Share,1
127,1206,20230625,Like,1
3,3842,20231221,Comment,1
1280,52,20230312,Like,1
1009,4078,20230424,Like,1
1775,2238,20230423,Like,1
85,2952,20231002,Like,1
1926,331,20230108,Like,1
1349,5283,20230123,Like,1
570,439,20230322,Like,1
943,4404,20231029,Like,1
1538,1914,20230120,Like,1
1254,4072,20230619,Like,1
439,1098,20230421,Like,1
16,4881,20230907,Like,1
1886,5076,20230624,Share,1
1933,4716,20230716,Share,1
148,3950,20231024,Like,1
761,4562,20230413,Like,1
1498,3749,20230113,Like,1
23,405,20230213,Like,1
1779,3242,20230514,Comment,1
391,2923,20231029,Like,1
1654,1985,20230222,Like,1
546,4508,20230513,Like,1
725,4151,20230809,Like,1
1660,5927,20230818,Like,1
1075,1471,20231125,Like,1
1146,4916,20230406,Like,1
144,3301,20230428,Like,1
6,1465,20230719,Comment,1
125,2401,20230301,Comment,1
439,378,20230506,Like,1
149,2211,20230806,Like,1
1556,5038,20230721,Like,1
309,5387,20230226,Like,1
453,1925,20231003,Like,1
1219,3670,20231225,Comment,1
124,1077,20230109,Like,1
114,359,20230923,Like,1
1613,982,20231206,Like,1
197,1611,20230731,Like,1
1052,1445,20230403,Comment,1
804,1588,20231001,Like,1
1615,578,20230423,Like,1
1429,3025,20230320,Share,1
295,565,20230826,Like,1
1105,4950,20230406,Comment,1
4,1019,20230114,Like,1
188,5192,20231011,Like,1
1637,372,20230309,Like,1
479,3279,20231209,Comment,1
1866,2701,20230214,Share,1
917,297,20230609,Comment,1
1940,5000,20231127,Like,1
15,5180,20230623,Like,1
1315,2061,20230401,Like,1
453,2176,20231022,Like,1
1130,4422,20230502,Like,1
89,2354,20231212,Comment,1
1114,2189,20231224,Like,1
1942,4818,20230124,Like,1
153,523,20231112,Like,1
1551,2441,20230318,Like,1
1966,5342,20230812,Like,1
1716,878,20230109,Share,1
29,1526,20230118,Like,1
1784,4480,20231125,Comment,1
711,2094,20230405,Like,1
578,1086,20231022,Like,1
1245,5306,20230925,Like,1
595,4593,20230513,Like,1
1860,1603,20230802,Like,1
658,3945,20230326,Like,1
42,834,20230713,Like,1
888,5630,20231209,Share,1
342,3069,20230502,Like,1
1940,3197,20230510,Share,1
117,1030,20230630,Like,1
1941,3328,20230928,Like,1
1749,5222,20230718,Comment,1
1600,2244,20230816,Like,1
208,2562,20230907,Like,1
1926,2134,20230624,Like,1
1988,1397,20231101,Share,1
1250,233,20231029,Like,1
588,269,20230421,Like,1
1873,639,20230721,Like,1
1424,3436,20231108,Like,1
313,5866,20230509,Like,1
199,4561,20230819,Like,1
771,5954,20231229,Like,1
1521,5950,20230311,Comment,1
1173,2976,20231025,Like,1
1255,1428,20230122,Comment,1
102,2259,20230404,Like,1
384,1868,20230501,Share,1
1300,5318,20230117,Comment,1
720,2133,20230923,Like,1
19,1131,20230304,Like,1
1646,1066,20231013,Like,1
1484,1619,20230712,Like,1
1011,737,20230126,Like,1
157,4651,20230711,Like,1
485,980,20231126,Like,1
1791,5073,20230508,Like,1
1310,2013,20230615,Like,1
1534,2445,20231126,Comment,1
944,3255,20231008,Like,1
458,3770,20231010,Share,1
469,5767,20230428,Comment,1
576,3963,20230826,Like,1
304,3738,20230514,Like,1
1245,5958,20231010,Like,1
732,4487,20230528,Like,1
400,5371,20230421,Comment,1
438,268,20230825,Like,1
1983,4559,20230915,Like,1
190,2833,20230814,Like,1
405,1848,20231112,Like,1
488,2147,20230826,Like,1
233,503,20231002,Like,1
1967,1164,20230703,Comment,1
1225,3224,20230327,Like,1
1543,4799,20230907,Like,1
455,883,20230221,Like,1
976,1958,20230805,Comment,1
1091,3317,20230916,Like,1
316,732,20230425,Like,1
682,4115,20230102,Share,1
1961,2115,20230225,Like,1
773,4654,20230422,Comment,1
810,159,20230517,Like,1
179,1777,20230714,Like,1
451,3748,20231203,Like,1
1037,2469,20230914,Like,1
1176,2079,20231019,Like,1
1497,3761,20230617,Like,1
370,5845,20231005,Like,1
881,3620,20231021,Like,1
1060,5152,20230206,Like,1
1073,5753,20230827,Comment,1
358,832,20230305,Like,1
217,1132,20230827,Like,1
1695,301,20231217,Like,1
359,5901,20230728,Like,1
129,1749,20230804,Like,1
1359,2978,20230131,Like,1
1102,1959,20231006,Like,1
353,2084,20230930,Like,1
1128,2172,20231122,Like,1
597,40,20231126,Share,1
1061,985,20230909,Like,1
958,4005,20230902,Like,1
581,1337,20231209,Like,1
81,1632,20230430,Like,1
422,778,20230101,Comment,1
1220,3151,20231124,Like,1
427,3001,20230925,Comment,1
213,5940,20230605,Share,1
964,3105,20230821,Like,1
570,343,20230626,Like,1
97,5591,20231113,Like,1
770,779,20230712,Like,1
831,3663,20231231,Like,1
372,2565,20231106,Like,1
248,4694,20230418,Like,1
1790,1596,20230629,Like,1
1643,2923,20230720,Share,1
1647,1896,20231107,Comment,1
605,2478,20231126,Like,1
1929,4737,20230205,Like,1
38,1640,20230328,Comment,1
274,4598,20231221,Share,1
797,5290,20230906,Like,1
827,5107,20230612,Like,1
1797,1861,20230113,Like,1
260,1707,20231001,Comment,1
1205,537,20231005,Like,1
1823,1575,20230714,Like,1
856,4446,20230702,Like,1
1695,2632,20231030,Like,1
1119,3940,20230715,Like,1
1654,3480,20230721,Share,1
349,3740,20230916,Comment,1
1922,1960,20230624,Share,1
129,3370,20230127,Like,1
1006,5699,20231021,Like,1
1534,5024,20230702,Like,1
1501,3735,20231012,Comment,1
1442,1197,20230112,Comment,1
818,3422,20230409,Like,1
536,3235,20230531,Like,1
463,5890,20230505,Share,1
1709,1907,20230805,Like,1
185,2245,20230323,Like,1
781,4061,20231008,Like,1
386,1953,20230107,Comment,1
493,4264,20230313,Like,1
1184,270,20230928,Comment,1
1036,1966,20230502,Like,1
186,986,20231026,Comment,1
941,722,20230826,Share,1
359,660,20230912,Like,1
103,2951,20230919,Like,1
929,2578,20230612,Like,1
970,3714,20230416,Like,1
1973,4002,20230117,Like,1
1308,5335,20231117,Like,1
1851,5826,20230617,Like,1
1857,1781,20230421,Like,1
687,3220,20230224,Like,1
1816,4067,20230904,Like,1
1896,133,20230928,Like,1
1076,697,20230606,Like,1
922,1664,20230520,Like,1
1864,4080,20230213,Like,1
1041,5452,20230530,Like,1
455,3040,20230407,Like,1
1217,1441,20230525,Like,1
852,1419,20230619,Like,1
527,5055,20230814,Like,1
1354,5613,20231103,Like,1
1865,4748,20231112,Like,1
1553,4497,20230824,Like,1
1831,3196,20230905,Like,1
1173,5361,20230914,Like,1
296,5999,20230506,Like,1
67,3996,20230701,Like,1
1874,4886,20230814,Like,1
1266,4677,20230717,Like,1
1509,411,20231124,Like,1
1677,5193,20230203,Like,1
1840,222,20231105,Like,1
1744,4477,20230127,Comment,1
1093,4724,20230919,Like,1
359,2238,20230715,Like,1
660,3028,20231129,Like,1
1488,1795,20230119,Like,1
613,716,20230109,Like,1
274,4333,20231222,Like,1
1072,2302,20231124,Like,1
992,2646,20230104,Like,1
943,1676,20230110,Like,1
903,5780,20231205,Like,1
261,5782,20231212,Like,1
1542,793,20230728,Comment,1
600,1449,20230210,Like,1
1880,5673,20230620,Like,1
1442,5103,20231218,Like,1
1449,3185,20230514,Share,1
1195,2024,20230703,Like,1
1882,3463,20230331,Like,1
666,2599,20231103,Comment,1
115,356,20230123,Like,1
946,3139,20230114,Like,1
938,5458,20231209,Comment,1
1615,4068,20230816,Like,1
1344,4249,20231220,Share,1
870,2665,20230330,Like,1
865,167,20231020,Like,1
103,1033,20231221,Like,1
1887,4159,20230822,Like,1
1706,4476,20230716,Like,1
1575,1387,20231016,Comment,1
1720,1828,20230117,Like,1
947,1378,20230526,Like,1
1456,403,20230523,Comment,1
1140,5360,20230929,Like,1
770,1184,20231230,Like,1
462,3546,20230904,Like,1
1733,3108,20230311,Comment,1
1174,4002,20231007,Comment,1
175,1346,20230514,Like,1
1566,4371,20230724,Like,1
1213,1555,20230718,Like,1
183,4543,20230105,Like,1
1263,2293,20230212,Like,1
671,5386,20230516,Comment,1
237,2767,20230516,Like,1
1612,5701,20230706,Like,1
143,1709,20230130,Like,1
1706,136,20230717,Like,1
1988,560,20230317,Like,1
989,4677,20230403,Like,1
292,5350,20231020,Like,1
455,3163,20230903,Like,1
1832,3192,20230616,Like,1
1229,2000,20230330,Comment,1
1378,30,20230112,Like,1
578,3437,20230312,Share,1
1343,3044,20230502,Like,1
1664,4259,20231107,Like,1
46,5932,20231219,Like,1
590,4156,20231219,Like,1
1550,243,20231021,Share,1
135,2162,20230703,Share,1
1069,2094,20230518,Comment,1
734,3004,20230403,Like,1
918,989,20230721,Like,1
1174,351,20230612,Like,1
1938,5667,20230703,Comment,1
1963,3427,20231027,Like,1
565,2934,20230801,Like,1
373,1407,20230612,Share,1
163,684,20230321,Like,1
1296,1120,20230506,Like,1
1333,604,20230707,Comment,1
140,4309,20231008,Like,1
471,844,20230928,Like,1
974,4441,20231130,Like,1
1726,100,20230724,Like,1
846,3329,20230219,Like,1
58,4897,20230710,Like,1
12,1759,20230102,Comment,1
710,1789,20231208,Like,1
1400,220,20230610,Like,1
443,3801,20230421,Like,1
1236,1954,20230430,Comment,1
223,4767,20230601,Like,1
1132,5014,20231105,Like,1
1719,4075,20230611,Like,1
1352,4709,20230211,Share,1
572,2611,20230310,Comment,1
523,2778,20230918,Comment,1
995,1079,20231013,Like,1
812,382,20230608,Comment,1
253,4059,20230911,Like,1
245,134,20230411,Comment,1
1354,2182,20231106,Comment,1
866,5862,20230125,Like,1
692,3362,20230808,Like,1
557,1019,20230727,Like,1
1738,5017,20230123,Comment,1
1731,5612,20230106,Like,1
775,5371,20230417,Like,1
1471,2498,20230519,Like,1
1015,1317,20230917,Like,1
1795,1787,20230809,Like,1
1474,4913,20230402,Like,1
1268,4952,20231011,Like,1
137,3108,20231112,Like,1
527,648,20231204,Like,1
456,75,20231024,Like,1
884,2451,20230720,Comment,1
90,2651,20230220,Like,1
915,1733,20231107,Share,1
25,5166,20231221,Like,1
1091,4518,20231026,Like,1
676,3876,20230614,Like,1
733,1884,20230702,Like,1
264,61,20230101,Like,1
954,953,20230814,Like,1
1283,4526,20231124,Like,1
235,4378,20230219,Like,1
1253,3833,20230428,Like,1
541,5875,20230604,Share,1
1865,3155,20230806,Like,1
1503,4601,20230715,Like,1
1177,3384,20230407,Comment,1
80,2056,20230329,Share,1
529,5789,20230108,Like,1
552,4011,20230904,Like,1
542,4871,20231103,Like,1
289,928,20230915,Like,1
394,2553,20230824,Comment,1
1052,3653,20230706,Comment,1
591,216,20230411,Like,1
19,4328,20230714,Share,1
1502,3396,20231129,Like,1
214,1801,20231205,Like,1
1527,3322,20230705,Like,1
1634,5065,20230828,Comment,1
1928,2418,20230325,Like,1
1941,4242,20230305,Like,1
234,1697,20230901,Like,1
682,1866,20230326,Like,1
792,558,20230719,Like,1
342,5768,20231103,Like,1
1412,1830,20231217,Share,1
1328,3915,20230507,Comment,1
1954,539,20230512,Like,1
482,78,20230506,Like,1
632,211,20230603,Like,1
854,5718,20231112,Like,1
1174,3593,20230214,Like,1
888,4542,20230201,Like,1
668,336,20230128,Share,1
701,509,20230717,Like,1
217,2073,20230109,Like,1
817,4947,20230206,Like,1
67,108,20230101,Share,1
633,2468,20231007,Like,1
1573,158,20230322,Comment,1
1348,4896,20231106,Like,1
220,3491,20230705,Comment,1
1500,5823,20230304,Like,1
693,3959,20230416,Like,1
1223,5384,20230511,Like,1
540,1127,20230810,Comment,1
1623,3260,20230716,Like,1
1539,2379,20230629,Like,1
266,239,20231222,Share,1
1306,5774,20230622,Like,1
1468,759,20231225,Share,1
801,4773,20230418,Like,1
1554,5733,20231028,Like,1
1568,3514,20230606,Like,1
427,4400,20230620,Like,1
1970,4040,20230405,Like,1
320,5617,20230120,Like,1
1228,5210,20230106,Comment,1
1246,3814,20231123,Like,1
1593,5672,20230124,Like,1
748,1967,20231221,Like,1
293,1933,20230831,Comment,1
1434,5389,20230620,Like,1
404,4490,20230407,Like,1
1247,2932,20230518,Like,1
35,4415,20230723,Like,1
758,2955,20230423,Like,1
589,695,20231223,Like,1
1684,321,20230314,Like,1
929,1044,20230110,Like,1
1462,4191,20230429,Like,1
506,4066,20230313,Like,1
721,4230,20230807,Comment,1
1911,844,20231208,Like,1
1106,4435,20230606,Like,1
121,2482,20231004,Like,1
1962,2048,20231219,Like,1
1075,5925,20230307,Like,1
815,5968,20230703,Like,1
210,5801,20230510,Like,1
151,2384,20230415,Like,1
807,2328,20230111,Like,1
1312,3343,20230406,Like,1
1999,1079,20231012,Like,1
1295,2456,20230208,Like,1
318,5198,20230309,Comment,1
1749,5238,20230407,Like,1
106,898,20230928,Like,1
597,2500,20230321,Like,1
222,510,20231203,Like,1
1295,4409,20230810,Share,1
1634,3874,20230326,Comment,1
1873,5555,20230322,Like,1
769,1398,20231123,Like,1
836,3406,20230411,Share,1
1926,1589,20230321,Like,1
1567,3957,20230925,Like,1
205,984,20230530,Like,1
1420,2804,20231218,Like,1
680,4015,20231225,Comment,1
1319,2016,20230518,Like,1
630,2135,20231009,Like,1
1416,2997,20230322,Like,1
741,2085,20231226,Like,1
1212,5164,20231006,Like,1
973,5744,20230817,Like,1
684,1411,20230614,Like,1
1599,2695,20231219,Like,1
1425,1175,20230511,Share,1
225,3987,20230106,Like,1
1406,1029,20230521,Like,1
141,3646,20230210,Like,1
662,1385,20230403,Like,1
1923,5564,20230705,Like,1
547,2154,20230629,Like,1
1805,2895,20230612,Like,1
19,508,20231216,Like,1
182,1335,20230706,Like,1
1060,5438,20230724,Like,1
1897,2873,20230423,Like,1
1615,5959,20230909,Like,1
310,5243,20231214,Like,1
1087,776,20230809,Like,1
82,1124,20230110,Like,1
15,4596,20230221,Like,1
1271,3689,20231221,Like,1
442,3507,20230819,Like,1
340,3539,20231026,Like,1
1932,3876,20230713,Like,1
1562,2787,20231117,Like,1
94,2489,20230702,Like,1
98,5235,20231114,Like,1
1508,26,20230328,Like,1
1409,5724,20231001,Share,1
1260,5673,20231226,Comment,1
529,1715,20230522,Like,1
1520,5315,20230723,Like,1
608,2895,20230310,Like,1
1739,4537,20230420,Like,1
1277,2881,20231103,Like,1
1858,5687,20231207,Comment,1
909,1413,20230901,Like,1
650,4706,20231125,Share,1
643,5732,20230608,Like,1
626,3383,20230826,Like,1
1413,3002,20230129,Like,1
66,2556,20230120,Like,1
1950,2543,20230524,Comment,1
1675,3879,20230730,Like,1
1629,1262,20230506,Like,1
659,3830,20231023,Like,1
1217,3027,20230414,Share,1
340,5600,20230208,Like,1
1190,1362,20230915,Like,1
1777,4807,20230228,Like,1
573,5911,20230302,Like,1
1488,607,20231206,Like,1
979,635,20230623,Like,1
1388,612,20231109,Like,1
932,5480,20230310,Like,1
1583,4808,20230507,Like,1
940,5301,20230522,Comment,1
1020,4078,20230219,Like,1
21,4683,20230705,Like,1
241,1038,20230610,Comment,1
553,5646,20230731,Like,1
1031,516,20231205,Like,1
19,5798,20230103,Like,1
879,4473,20230712,Share,1
678,4418,20231105,Like,1
103,2562,20230912,Comment,1
200,5565,20230511,Like,1
1377,857,20230510,Like,1
1256,1532,20230701,Like,1
77,5931,20230818,Like,1
998,2042,20230129,Like,1
178,166,20231206,Like,1
1572,1095,20231213,Like,1
1413,1917,20230416,Like,1
170,1339,20230626,Share,1
1486,3132,20230718,Like,1
1859,2571,20230818,Share,1
406,5160,20230508,Like,1
1318,2158,20230711,Like,1
372,646,20230411,Like,1
1712,4668,20230529,Like,1
583,886,20231108,Like,1
684,33,20230524,Like,1
123,3446,20230805,Like,1
442,1779,20230415,Like,1
658,3630,20231028,Like,1
925,4289,20231222,Like,1
46,2339,20231228,Comment,1
1709,3629,20230825,Like,1
124,4686,20230707,Like,1
1512,864,20230926,Like,1
494,828,20231026,Like,1
1614,1664,20231225,Like,1
1350,5122,20230213,Comment,1
1287,3069,20230122,Like,1
179,3236,20230406,Comment,1
154,193,20231119,Like,1
94,5140,20231004,Like,1
1322,1463,20230410,Like,1
1693,502,20231016,Like,1
1217,1200,20231214,Like,1
1769,2266,20230604,Like,1
1647,4520,20230206,Like,1
320,4740,20231212,Like,1
339,1565,20230413,Like,1
624,3950,20230817,Like,1
1046,4117,20231209,Like,1
390,2973,20230817,Like,1
1067,5473,20230821,Like,1
384,1437,20230811,Like,1
522,3254,20230505,Like,1
1955,4994,20230710,Like,1
1629,2871,20231118,Like,1
438,5988,20230113,Comment,1
501,3681,20230801,Like,1
1410,5931,20230426,Comment,1
1257,3450,20230809,Comment,1
1226,4242,20231025,Like,1
1342,4647,20231016,Like,1
994,1886,20231205,Comment,1
1215,4165,20230307,Like,1
1024,1380,20231019,Like,1
767,1665,20231205,Like,1
396,5086,20230127,Share,1
1259,3067,20230511,Share,1
142,5692,20230201,Share,1
134,970,20230218,Comment,1
1473,3293,20230116,Like,1
1105,2670,20230324,Like,1
431,4781,20230715,Like,1
230,4096,20230805,Like,1
858,4177,20230623,Like,1
620,963,20230617,Like,1
984,675,20230612,Share,1
37,4172,20230828,Share,1
1275,2543,20230311,Like,1
998,5039,20230128,Like,1
1460,3185,20230519,Like,1
78,4840,20231116,Like,1
1158,1863,20231107,Like,1
1473,4881,20230213,Comment,1
1505,5926,20230105,Like,1
1957,4656,20230505,Share,1
960,3284,20231226,Like,1
815,5735,20230306,Comment,1
616,2698,20230824,Comment,1
1777,4899,20230906,Like,1
286,5045,20230212,Like,1
1738,1271,20230413,Like,1
1330,4829,20230805,Comment,1
1429,5025,20230309,Share,1
1080,1818,20230726,Like,1
981,977,20230429,Comment,1
1719,1823,20230816,Like,1
536,1512,20230802,Like,1
1882,5083,20230925,Like,1
1139,519,20231006,Like,1
1122,2207,20231003,Like,1
422,4982,20231221,Like,1
1577,2400,20231210,Like,1
59,5667,20230513,Comment,1
513,699,20231109,Like,1
1547,4815,20230510,Comment,1
1312,3825,20230724,Like,1
232,5675,20231209,Comment,1
623,2671,20230624,Like,1
98,3054,20230624,Share,1
1169,1689,20230114,Like,1
1515,2790,20230907,Share,1
1804,1288,20230220,Like,1
1161,5715,20230604,Like,1
1750,4604,20231108,Share,1
1666,536,20230701,Like,1
317,2579,20230729,Like,1
74,5884,20230210,Like,1
755,2325,20230725,Like,1
1299,171,20230623,Like,1
633,1551,20230402,Like,1
1086,4365,20231005,Like,1
752,3856,20230226,Share,1
1667,3564,20230808,Like,1
1830,5023,20231018,Comment,1
1975,3781,20230822,Like,1
987,5630,20231013,Comment,1
1208,4925,20231101,Like,1
759,708,20230825,Like,1
764,904,20231228,Like,1
1940,3837,20230830,Like,1
1200,5792,20230531,Like,1
1526,2896,20231230,Like,1
1290,2988,20231228,Comment,1
870,5266,20230221,Like,1
1975,5519,20230321,Comment,1
29,1791,20230222,Like,1
319,2607,20230811,Comment,1
1944,3365,20230624,Like,1
1214,5337,20230410,Like,1
1345,2304,20230827,Like,1
852,983,20231126,Comment,1
1099,5182,20230802,Share,1
1065,1025,20231204,Comment,1
1777,3012,20231201,Like,1
83,4851,20230914,Comment,1
735,352,20230629,Like,1
946,3365,20230105,Like,1
43,437,20230606,Like,1
1218,3699,20230418,Like,1
670,4830,20231206,Like,1
436,3187,20230827,Share,1
1405,5688,20230327,Like,1
1955,1237,20230724,Like,1
965,2898,20230624,Like,1
1268,3927,20230412,Like,1
473,1598,20230202,Like,1
411,1138,20230524,Share,1
1266,3169,20230108,Like,1
978,4654,20231208,Like,1
1523,4664,20230516,Like,1
808,3184,20230120,Like,1
179,2410,20230421,Like,1
209,2365,20230519,Like,1
1464,2392,20230419,Like,1
1308,5472,20231220,Like,1
1583,4303,20231213,Like,1
920,4581,20230331,Like,1
760,2970,20230817,Share,1
878,771,20230607,Like,1
1867,3936,20230821,Share,1
1867,2575,20231109,Share,1
1212,3683,20230312,Comment,1
1149,693,20230111,Like,1
638,1801,20230801,Like,1
113,276,20231003,Like,1
354,1863,20230626,Comment,1
1099,2368,20231107,Comment,1
889,1112,20230125,Comment,1
500,2717,20230629,Like,1
828,3439,20230614,Like,1
743,5485,20231206,Like,1
868,2534,20231004,Share,1
1014,47,20230804,Like,1
1528,4243,20230103,Like,1
949,210,20230203,Comment,1
1757,1170,20230314,Like,1
111,5909,20231130,Like,1
220,653,20230929,Like,1
377,2979,20230324,Comment,1
356,3197,20231107,Like,1
955,1713,20231231,Like,1
654,3565,20230312,Comment,1
816,469,20230722,Like,1
885,230,20231025,Like,1
937,157,20230615,Like,1
83,3973,20230411,Like,1
1616,3829,20231009,Like,1
711,5877,20230617,Comment,1
200,392,20230719,Comment,1
1037,2116,20230730,Share,1
1516,878,20231005,Like,1
521,5811,20230815,Like,1
1898,5642,20230220,Like,1
1648,2725,20230612,Like,1
1978,5850,20230201,Like,1
1158,3425,20231231,Like,1
294,1191,20230430,Like,1
107,2501,20231221,Like,1
226,1535,20230901,Like,1
1632,3620,20230730,Share,1
1232,5162,20230506,Like,1
1345,1211,20230117,Like,1
1145,3754,20230202,Like,1
1169,4982,20230310,Comment,1
1561,1989,20230121,Like,1
1431,2217,20230916,Like,1
434,921,20230701,Like,1
1415,5901,20230222,Like,1
1198,3257,20230421,Like,1
468,5953,20230318,Like,1
1124,2562,20230423,Like,1
29,3859,20230920,Like,1
1935,4492,20230430,Like,1
1388,5939,20230418,Like,1
333,4087,20230809,Comment,1
111,5687,20231001,Comment,1
721,5456,20230221,Share,1
1885,1236,20230209,Like,1
33,3634,20230521,Comment,1
1844,2902,20230416,Like,1
1304,1584,20230722,Like,1
1242,2840,20230331,Like,1
1725,723,20231112,Share,1
165,4474,20230221,Comment,1
1520,4233,20230321,Comment,1
1838,3735,20230708,Like,1
1271,2956,20230617,Like,1
85,4724,20230919,Like,1
1035,4358,20231208,Like,1
331,292,20230501,Like,1
1362,5987,20231214,Like,1
1649,1963,20230118,Comment,1
1709,1643,20231208,Like,1
275,5314,20230604,Like,1
626,4452,20230207,Like,1
360,2178,20230206,Share,1
579,5728,20230128,Like,1
1031,3792,20230416,Like,1
959,1175,20230125,Like,1
215,3226,20230327,Like,1
1810,4784,20230813,Like,1
1643,3603,20230424,Like,1
622,3372,20230718,Like,1
422,4740,20230107,Share,1
561,2584,20230509,Comment,1
1721,890,20230616,Comment,1
1813,224,20230530,Like,1
1320,2874,20230829,Like,1
1992,1045,20230402,Comment,1
1543,1088,20230927,Like,1
1713,42,20230120,Like,1
216,1235,20231015,Like,1
1903,3279,20230209,Like,1
402,5436,20231109,Like,1
799,275,20230324,Share,1
1872,4406,20230415,Like,1
579,1917,20230812,Like,1
696,712,20230523,Like,1
1585,956,20230916,Like,1
1882,2013,20230314,Like,1
381,4680,20230308,Like,1
515,1611,20230711,Like,1
1400,2827,20230710,Like,1
92,2803,20230128,Like,1
1931,4236,20230404,Comment,1
108,4815,20231014,Share,1
470,2548,20231102,Like,1
333,2713,20230908,Like,1
1582,1754,20230220,Like,1
1203,728,20230106,Like,1
959,5937,20230306,Like,1
1895,4557,20230317,Like,1
128,5239,20231117,Like,1
531,3523,20231218,Like,1
179,454,20231120,Like,1
728,1225,20230119,Like,1
489,4395,20231010,Like,1
41,2383,20230529,Share,1
567,2118,20230626,Like,1
775,4272,20231228,Like,1
329,4337,20230516,Like,1
771,810,20230911,Comment,1
966,3505,20230609,Like,1
422,673,20230612,Like,1
1933,259,20230831,Like,1
968,248,20230713,Like,1
167,2537,20231121,Comment,1
189,5364,20231203,Like,1
172,4325,20230207,Share,1
1223,5358,20231102,Like,1
780,1204,20230115,Like,1
325,1878,20230917,Like,1
751,559,20230628,Share,1
1580,4718,20231009,Like,1
1571,700,20230115,Like,1
1632,1271,20231030,Like,1
1973,3684,20230130,Like,1
1285,3827,20231202,Comment,1
36,3626,20231026,Like,1
1279,1459,20230813,Like,1
586,1203,20231024,Like,1
992,439,20231030,Like,1
1687,4714,20231226,Like,1
1459,3007,20231124,Like,1
617,4883,20230630,Share,1
802,974,20230206,Like,1
400,3060,20230908,Like,1
484,5427,20231104,Like,1
1267,3633,20230830,Like,1
1397,5785,20231130,Like,1
1569,1069,20230926,Comment,1
1198,1379,20230910,Like,1
425,2776,20230206,Like,1
1541,5661,20231218,Like,1
662,937,20231120,Like,1
1562,1742,20230105,Like,1
1638,4744,20230410,Like,1
1681,870,20230529,Like,1
1752,3358,20230930,Comment,1
1843,2768,20230311,Comment,1
377,922,20230313,Comment,1
483,3215,20231129,Like,1
262,1393,20230310,Like,1
730,5699,20230306,Like,1
1633,1852,20230930,Like,1
132,3957,20230503,Like,1
1716,1888,20230724,Comment,1
628,1158,20230210,Comment,1
320,3637,20230318,Like,1
1374,3554,20231006,Comment,1
39,5819,20230923,Like,1
1926,777,20230918,Like,1
609,4441,20231004,Comment,1
530,3901,20230603,Share,1
1658,3116,20230307,Like,1
505,2003,20230309,Comment,1
973,203,20231128,Comment,1
212,424,20231115,Like,1
196,1098,20230403,Like,1
1293,4474,20230626,Like,1
1318,147,20230429,Share,1
1718,2275,20230626,Like,1
160,5977,20230426,Like,1
494,43,20231223,Like,1
1867,479,20230206,Comment,1
1444,1644,20230618,Comment,1
251,843,20231112,Like,1
146,5925,20230330,Share,1
679,2629,20230902,Like,1
257,3188,20230523,Like,1
1400,2866,20230403,Like,1
1828,2728,20231217,Like,1
987,1435,20231110,Share,1
1043,5593,20231028,Like,1
635,913,20230630,Comment,1
40,2238,20231021,Share,1
1818,2779,20230728,Like,1
837,5449,20230620,Like,1
312,866,20231117,Like,1
324,5547,20231118,Like,1
1019,4588,20230114,Like,1
93,2978,20230326,Like,1
1214,5631,20230401,Like,1
643,2722,20230710,Like,1
113,2095,20231022,Comment,1
1161,2045,20230805,Like,1
411,5634,20230104,Like,1
1481,2803,20230716,Like,1
1936,5957,20230603,Like,1
1144,5383,20230721,Like,1
1157,3873,20231010,Like,1
279,4527,20231108,Share,1
148,5210,20230119,Like,1
853,322,20230815,Like,1
1489,5005,20230522,Like,1
1541,2226,20231010,Like,1
576,2323,20230127,Like,1
44,3853,20231226,Like,1
1553,5392,20230218,Share,1
1219,973,20230725,Like,1
944,1872,20231002,Comment,1
224,2075,20230104,Like,1
1959,2558,20230711,Share,1
1621,2764,20230308,Like,1
1582,1777,20230926,Like,1
1976,2587,20230606,Share,1
971,5077,20230514,Like,1
139,1301,20231113,Like,1
1866,4240,20231203,Comment,1
1375,5099,20230218,Like,1
20,5482,20230224,Share,1
1948,785,20231020,Like,1
1047,774,20230515,Comment,1
534,1227,20231125,Like,1
4,932,20230515,Like,1
1337,3055,20230131,Like,1
66,3488,20231108,Like,1
455,5960,20230725,Comment,1
1869,2224,20230729,Like,1
1064,6,20230509,Share,1
794,1710,20230918,Like,1
370,3387,20231022,Like,1
1720,441,20230704,Share,1
954,4624,20231126,Like,1
576,3365,20230623,Like,1
314,5190,20230315,Like,1
1052,292,20230220,Like,1
850,2836,20230429,Like,1
1670,563,20231008,Like,1
589,4534,20230130,Like,1
80,252,20230702,Like,1
424,3669,20230925,Like,1
363,883,20230307,Like,1
614,5203,20230121,Like,1
1397,4262,20230215,Like,1
1050,959,20230114,Like,1
65,903,20230810,Comment,1
623,3985,20230214,Like,1
1358,4692,20230924,Like,1
639,3199,20230405,Like,1
1860,4834,20230421,Like,1
738,4608,20230830,Like,1
465,632,20231114,Share,1
649,536,20230112,Like,1
1058,5389,20230513,Like,1
157,3292,20231023,Comment,1
1651,4966,20231208,Like,1
963,980,20230314,Like,1
196,4269,20231022,Comment,1
1524,1292,20230430,Comment,1
317,904,20230719,Like,1
1803,5037,20230312,Like,1
429,2339,20230505,Like,1
1385,2557,20231115,Like,1
508,5573,20230816,Like,1
303,5118,20231230,Like,1
1208,961,20230225,Like,1
1916,4701,20230524,Comment,1
1074,850,20231203,Like,1
1118,5293,20230601,Comment,1
456,1235,20230424,Like,1
1269,814,20230911,Like,1
1171,1270,20231113,Like,1
927,3556,20230815,Like,1
311,1757,20231213,Comment,1
649,797,20230330,Like,1
36,2226,20230312,Like,1
814,5058,20231210,Comment,1
1750,304,20230808,Like,1
1229,387,20230804,Like,1
162,1473,20230623,Share,1
798,1562,20230920,Like,1
580,4853,20231110,Like,1
1548,5103,20230308,Like,1
461,3739,20230211,Like,1
193,698,20231118,Like,1
1259,3579,20230916,Like,1
1266,2287,20230316,Share,1
419,2140,20230405,Like,1
1092,3370,20230226,Comment,1
1325,2024,20230828,Like,1
608,2370,20230205,Like,1
409,357,20230911,Like,1
974,5089,20230825,Share,1
1197,1325,20230901,Like,1
114,3895,20230610,Like,1
1547,3136,20230307,Like,1
380,5575,20230819,Share,1
1363,4782,20230211,Share,1
47,5027,20231009,Like,1
1790,2474,20230312,Like,1
489,1554,20230114,Like,1
1254,4458,20230718,Like,1
1739,3903,20230408,Comment,1
485,2535,20230804,Share,1
1024,4553,20230625,Comment,1
350,2074,20230126,Like,1
409,3281,20230908,Like,1
754,5323,20230817,Share,1
673,179,20230608,Like,1
1544,135,20230625,Like,1
829,5734,20230802,Like,1
1877,3857,20231105,Share,1
1179,3597,20231108,Share,1
408,1993,20230207,Like,1
1821,3985,20230305,Like,1
1740,5499,20231017,Comment,1
732,4098,20231111,Like,1
406,2472,20230826,Like,1
1904,3806,20231202,Like,1
778,2589,20230422,Like,1
1018,2092,20230128,Like,1
1325,5857,20230530,Like,1
822,1535,20230922,Share,1
1277,4682,20231121,Like,1
1247,2935,20230709,Like,1
1050,5017,20230614,Comment,1
724,794,20231020,Like,1
1183,4597,20230211,Like,1
39,644,20230201,Like,1
1440,3776,20230902,Like,1
1742,1970,20231202,Comment,1
678,4492,20231019,Like,1
373,5477,20230121,Like,1
1397,4951,20230107,Comment,1
1195,523,20230812,Like,1
1205,820,20230530,Like,1
1064,2101,20230214,Like,1
942,2147,20230407,Share,1
1993,3123,20231204,Like,1
1288,2491,20230202,Share,1
1840,4020,20231214,Like,1
605,2505,20230713,Comment,1
962,3691,20231012,Comment,1
1461,3941,20231202,Comment,1
404,1232,20230928,Like,1
636,3197,20231113,Like,1
238,247,20230227,Share,1
335,5301,20230916,Like,1
1769,5457,20231013,Like,1
1900,5376,20230125,Like,1
709,2533,20230423,Like,1
734,1470,20231109,Share,1
1455,1628,20230707,Like,1
211,4008,20230124,Like,1
392,2942,20230617,Like,1
1347,5683,20231221,Comment,1
393,5418,20230111,Like,1
880,293,20231217,Like,1
971,1841,20230822,Share,1
991,488,20230624,Like,1
115,5670,20230218,Share,1
881,1130,20230624,Like,1
536,3710,20230313,Share,1
1425,3543,20230625,Comment,1
1543,4877,20230819,Like,1
1486,3286,20231115,Share,1
955,2866,20231224,Like,1
622,2077,20231020,Like,1
1572,3833,20230628,Share,1
913,1036,20230706,Like,1
1191,3705,20230914,Share,1
941,1968,20230104,Like,1
890,5392,20230226,Like,1
1893,3628,20231109,Like,1
1038,2748,20231110,Like,1
1019,3627,20230802,Like,1
1720,1765,20230303,Share,1
1015,3941,20231007,Like,1
102,4013,20230420,Share,1
653,978,20230409,Comment,1
1121,3662,20230331,Like,1
238,3771,20230128,Like,1
1383,153,20230726,Like,1
3,3438,20230208,Like,1
1253,4543,20231019,Like,1
918,4020,20230722,Like,1
220,370,20230307,Share,1
555,1414,20230101,Like,1
1821,2225,20230904,Like,1
1756,1964,20230923,Like,1
1938,4906,20230620,Comment,1
52,4787,20231219,Like,1
1877,5562,20230125,Like,1
565,1852,20230130,Like,1
1461,4606,20230218,Like,1
1553,231,20230328,Like,1
194,4402,20231201,Like,1
1227,5706,20230215,Like,1
196,3824,20231122,Like,1
896,659,20230725,Comment,1
442,1656,20230818,Like,1
410,3591,20231208,Like,1
1910,4595,20231023,Like,1
885,3621,20230402,Comment,1
1943,816,20231029,Comment,1
1013,4638,20231025,Like,1
1919,787,20231118,Like,1
644,3684,20230630,Like,1
1791,2953,20230914,Like,1
809,2983,20230927,Like,1
1500,4477,20231011,Share,1
438,2360,20230215,Comment,1
1847,21,20231218,Like,1
1774,2695,20231018,Like,1
21,5813,20230603,Comment,1
53,3866,20230911,Like,1
872,2414,20230207,Like,1
1754,5477,20230215,Like,1
1008,5013,20230917,Like,1
1287,4963,20230905,Like,1
1535,731,20230522,Like,1
922,3214,20230302,Like,1
1639,332,20230408,Comment,1
1720,2381,20230510,Like,1
1356,4373,20230208,Share,1
1552,3375,20231205,Like,1
1865,3561,20231122,Like,1
1629,4860,20231204,Like,1
1372,1069,20230414,Like,1
118,2640,20230818,Like,1
1749,5163,20230110,Like,1
905,4926,20230831,Like,1
1202,1191,20230311,Like,1
1165,673,20230828,Like,1
1625,3258,20230228,Like,1
747,2427,20230421,Like,1
767,5033,20230622,Like,1
186,3560,20230329,Comment,1
1703,5572,20230327,Like,1
689,3981,20230426,Like,1
971,2265,20230207,Like,1
1496,948,20230409,Like,1
262,3342,20230116,Comment,1
1833,2470,20231228,Comment,1
43,3142,20231225,Like,1
1943,4509,20231117,Like,1
569,5653,20230321,Like,1
128,2396,20230604,Like,1
973,5022,20230914,Like,1
160,264,20230510,Like,1
1459,5943,20230429,Like,1
1808,2438,20231009,Like,1
498,25,20231116,Like,1
1685,3249,20230928,Like,1
1010,3676,20230206,Comment,1
223,4360,20230709,Like,1
19,3502,20231228,Like,1
1542,1500,20230513,Like,1
1738,1494,20230910,Comment,1
946,346,20230825,Like,1
961,5509,20230407,Comment,1
258,4972,20230928,Comment,1
1277,5194,20230715,Comment,1
1375,2411,20230220,Comment,1
692,4494,20230209,Like,1
74,2305,20230716,Like,1
7,4500,20230315,Like,1
934,680,20230912,Like,1
49,2012,20231028,Like,1
1304,539,20230924,Like,1
572,2302,20230929,Like,1
1092,158,20230717,Like,1
795,997,20230613,Like,1
487,3481,20231127,Like,1
1390,4116,20230114,Comment,1
1745,117,20230208,Like,1
561,11,20230725,Comment,1
387,5963,20230514,Share,1
622,60,20231026,Like,1
147,5501,20230616,Share,1
549,3542,20230330,Like,1
1466,1307,20231219,Like,1
868,4187,20231105,Like,1
939,982,20230304,Like,1
1527,5808,20230719,Like,1
563,2632,20230422,Like,1
1393,3273,20231009,Share,1
1236,3038,20230831,Like,1
290,5954,20230117,Like,1
1740,4565,20231206,Like,1
519,740,20230926,Like,1
678,2861,20231114,Like,1
348,2153,20230204,Like,1
535,133,20230207,Like,1
307,138,20230806,Like,1
1712,5643,20231213,Like,1
1959,5810,20230628,Comment,1
81,2521,20230410,Like,1
1026,837,20230408,Like,1
221,5305,20230723,Like,1
1659,4241,20230821,Like,1
1023,4811,20230114,Like,1
1043,114,20230526,Comment,1
409,1840,20230717,Like,1
1678,4042,20230222,Like,1
1850,1527,20230819,Like,1
1218,2700,20230305,Like,1
597,1208,20230101,Like,1
594,4210,20230730,Like,1
60,4181,20230328,Like,1
1506,3975,20230902,Like,1
1372,3834,20230529,Like,1
1147,5371,20230310,Like,1
974,878,20230501,Like,1
163,5142,20230202,Like,1
191,714,20230620,Like,1
1040,4294,20230618,Share,1
1214,5384,20230120,Like,1
564,2206,20230102,Like,1
994,4897,20230416,Like,1
1578,2557,20231218,Like,1
340,1198,20231112,Like,1
1610,4225,20230908,Like,1
857,3,20230317,Comment,1
1175,3056,20230909,Like,1
753,4782,20230517,Like,1
262,4287,20230507,Like,1
442,4110,20230516,Share,1
1896,1783,20230823,Like,1
1722,3139,20230713,Comment,1
614,4441,20230625,Like,1
1616,3716,20230318,Like,1
1860,4835,20230309,Like,1
103,2034,20231223,Like,1
1688,2956,20230909,Comment,1
979,1786,20230521,Like,1
878,3937,20231009,Like,1
1016,5202,20230714,Comment,1
626,4971,20230106,Like,1
1542,5820,20230627,Like,1
562,3571,20230420,Like,1
294,2130,20230512,Like,1
47,5019,20230401,Share,1
307,5108,20230301,Comment,1
380,2901,20230322,Like,1
1625,2381,20231203,Like,1
689,4780,20230612,Share,1
1595,78,20230123,Like,1
1500,259,20230911,Like,1
252,2660,20230122,Like,1
238,5015,20230902,Like,1
1239,2593,20230213,Share,1
70,2301,20230628,Like,1
110,1255,20230114,Like,1
927,2064,20230214,Comment,1
244,3655,20230913,Like,1
1774,5699,20231025,Like,1
1378,1535,20231015,Comment,1
1986,2531,20230808,Like,1
1604,264,20230811,Comment,1
977,754,20230804,Like,1
1206,4449,20231227,Like,1
1104,643,20231018,Like,1
255,813,20230609,Like,1
380,3346,20231116,Like,1
1835,2645,20230801,Like,1
1254,962,20230403,Like,1
941,5761,20230215,Like,1
282,5507,20230918,Like,1
1616,1096,20230205,Share,1
1951,3803,20230921,Like,1
1503,3542,20230811,Like,1
1784,1727,20230809,Comment,1
53,3681,20230406,Like,1
1684,3539,20230929,Like,1
1059,1618,20231113,Comment,1
1904,4065,20231113,Comment,1
356,5299,20231007,Like,1
1934,2041,20231022,Like,1
812,5836,20230709,Like,1
387,1805,20230827,Comment,1
142,4668,20230510,Like,1
1138,3213,20230209,Like,1
322,940,20231014,Like,1
1055,4390,20230831,Like,1
1350,1018,20230717,Like,1
1618,5678,20230819,Like,1
1827,4462,20230807,Like,1
476,1626,20230107,Like,1
1076,1212,20231124,Like,1
1386,4208,20231114,Like,1
383,2538,20230306,Like,1
1923,2037,20230606,Comment,1
444,4446,20230902,Like,1
1777,2251,20231002,Like,1
514,2548,20230422,Like,1
853,5047,20230409,Comment,1
860,4238,20230615,Comment,1
495,1298,20230305,Like,1
750,1296,20230819,Comment,1
1943,5028,20230420,Like,1
1864,2486,20230424,Like,1
729,2872,20230616,Comment,1
1854,4683,20230610,Share,1
1121,5675,20231125,Like,1
646,4443,20230907,Like,1
634,4041,20230807,Comment,1
1503,18,20230716,Like,1
1466,5079,20230328,Comment,1
781,5693,20231204,Like,1
1222,3039,20230614,Like,1
1025,1159,20230419,Like,1
1502,903,20230613,Comment,1
549,2495,20230923,Like,1
788,3542,20230326,Like,1
704,2699,20231123,Like,1
1072,4703,20230228,Like,1
211,2858,20231011,Comment,1
957,1737,20230818,Like,1
1703,2869,20230520,Comment,1
1287,489,20230727,Like,1
1892,2647,20231108,Like,1
1298,943,20230508,Comment,1
661,4979,20231224,Like,1
1161,5917,20230614,Like,1
184,1615,20230521,Comment,1
1946,252,20230704,Like,1
525,528,20230628,Like,1
354,1141,20230530,Comment,1
955,614,20230822,Share,1
1194,4676,20230430,Like,1
1572,615,20230828,Comment,1
1371,3272,20231208,Like,1
1966,4230,20230701,Like,1
1371,5004,20230802,Like,1
56,4105,20231022,Comment,1
844,3521,20230224,Share,1
1417,5488,20231007,Share,1
609,3394,20230608,Share,1
1132,4860,20230514,Like,1
519,3557,20231011,Share,1
1827,3153,20230124,Like,1
24,2114,20230225,Like,1
250,5454,20230106,Like,1
663,182,20230126,Like,1
1282,3762,20230609,Comment,1
489,2345,20230609,Like,1
1576,3686,20231201,Comment,1
1523,2960,20231115,Like,1
1443,3067,20230907,Like,1
485,463,20231011,Like,1
429,4038,20230831,Like,1
339,4218,20230607,Like,1
1198,364,20230211,Like,1
1924,1094,20230822,Comment,1
187,2519,20230114,Like,1
569,1069,20230605,Like,1
469,5477,20230520,Comment,1
1794,3435,20231214,Comment,1
851,3335,20231210,Like,1
795,2662,20230605,Like,1
645,2437,20230910,Like,1
1173,3690,20230819,Comment,1
1915,212,20231104,Like,1
1839,5176,20230809,Like,1
1744,3769,20230306,Like,1
1936,4589,20230612,Like,1
57,3967,20230103,Like,1
1185,5170,20230905,Comment,1
1419,817,20230705,Like,1
156,5243,20230105,Like,1
1096,2797,20231114,Like,1
1505,5150,20231229,Share,1
798,3973,20230620,Comment,1
1661,3356,20230420,Like,1
673,2972,20231008,Like,1
1355,5398,20230313,Like,1
1421,4178,20230925,Like,1
631,2077,20230205,Like,1
974,4503,20231024,Like,1
1171,2214,20230327,Share,1
675,5440,20230831,Like,1
115,4690,20230415,Like,1
681,2814,20230228,Share,1
81,3879,20230419,Like,1
1427,486,20230727,Like,1
327,2743,20231211,Like,1
996,3653,20231128,Comment,1
988,5624,20230828,Like,1
1005,5814,20230203,Like,1
1590,2325,20230823,Like,1
871,4969,20230203,Like,1
429,2985,20231123,Like,1
1900,1919,20230524,Like,1
116,762,20231126,Like,1
761,5161,20230728,Comment,1
1800,1269,20230925,Like,1
1188,5952,20230922,Share,1
733,1829,20230706,Like,1
1572,148,20230402,Like,1
1125,1011,20230605,Like,1
1699,1658,20230922,Share,1
1572,1959,20230619,Like,1
1855,1978,20231005,Like,1
1782,4216,20230226,Like,1
1326,2660,20230911,Like,1
461,5843,20230409,Comment,1
868,3230,20231126,Comment,1
652,3336,20230812,Like,1
1134,2108,20231228,Like,1
1677,3155,20231017,Like,1
619,4575,20230130,Comment,1
649,3817,20230627,Like,1
1573,1044,20230413,Like,1
583,4661,20230701,Share,1
422,2528,20230210,Like,1
779,1913,20231002,Like,1
653,2541,20230808,Comment,1
1959,3477,20231124,Like,1
913,904,20230112,Comment,1
1110,4884,20230116,Share,1
924,412,20231028,Like,1
1158,2324,20230629,Like,1
1516,1101,20230412,Share,1
232,5846,20230820,Like,1
1318,2105,20230423,Like,1
1603,3244,20230818,Comment,1
498,4168,20230202,Like,1
49,5999,20231123,Share,1
1960,3624,20230612,Like,1
578,125,20231019,Like,1
539,1195,20231219,Share,1
492,742,20230717,Like,1
705,1883,20230801,Like,1
1079,2639,20230725,Like,1
355,4388,20231210,Comment,1
1812,3039,20230518,Like,1
399,5728,20230824,Like,1
509,5299,20230919,Like,1
672,656,20231210,Like,1
1124,251,20230129,Like,1
438,1710,20230824,Like,1
1555,4035,20230723,Share,1
482,2407,20230205,Like,1
558,4333,20231214,Like,1
159,3529,20230806,Like,1
688,1355,20230508,Like,1
335,5045,20230201,Like,1
760,4785,20230630,Like,1
447,3912,20231205,Like,1
981,437,20230414,Like,1
1886,810,20230207,Comment,1
1110,3078,20230818,Share,1
860,394,20231218,Like,1
167,2820,20230203,Comment,1
300,962,20231224,Like,1
148,3922,20230522,Share,1
931,5373,20230915,Like,1
1850,3297,20230711,Comment,1
1116,4998,20230112,Like,1
396,3759,20230410,Like,1
233,2066,20230401,Share,1
384,3620,20230122,Share,1
970,879,20230227,Share,1
1486,3160,20230718,Like,1
1499,2165,20230118,Like,1
544,4015,20230503,Like,1
1343,5314,20230630,Like,1
1808,2757,20230508,Like,1
1260,1735,20231110,Comment,1
1176,4937,20230407,Like,1
513,3447,20230624,Like,1
1286,1598,20231129,Like,1
166,3093,20230904,Like,1
1013,2472,20230901,Share,1
1980,1973,20230725,Comment,1
837,3794,20230929,Like,1
1287,2828,20230928,Like,1
400,5256,20230412,Like,1
270,2846,20231210,Like,1
974,5303,20231219,Like,1
707,4356,20230414,Like,1
1868,2597,20231208,Like,1
727,3794,20230731,Like,1
1516,4434,20230822,Like,1
1162,4490,20231219,Like,1
285,3080,20230419,Like,1
201,602,20230806,Like,1
1470,4144,20230130,Like,1
1433,1652,20230228,Like,1
1967,126,20230121,Comment,1
1098,1306,20230414,Like,1
1415,4671,20230211,Like,1
1804,3353,20230329,Share,1
12,2300,20230915,Share,1
701,1370,20230308,Like,1
255,2410,20230324,Like,1
1197,418,20230427,Like,1
1993,69,20230426,Like,1
856,5719,20230315,Like,1
282,561,20230518,Like,1
1122,4029,20230204,Like,1
474,1993,20231126,Like,1
167,235,20230722,Like,1
1260,5995,20230316,Like,1
788,1,20230808,Like,1
269,3699,20230107,Like,1
56,2111,20230608,Like,1
1367,1025,20230726,Like,1
35,1531,20230129,Like,1
1056,1019,20230218,Like,1
1503,5604,20230520,Share,1
200,3247,20230224,Like,1
860,5546,20230815,Like,1
886,4407,20230712,Like,1
422,61,20231208,Like,1
1049,4964,20230728,Like,1
16,4532,20231001,Like,1
611,1461,20230502,Share,1
418,980,20230301,Like,1
875,1592,20230628,Like,1
471,2451,20230805,Like,1
157,546,20230523,Share,1
1574,2303,20231027,Like,1
1425,162,20231008,Like,1
1975,2609,20230415,Like,1
1716,1179,20230605,Like,1
978,2520,20230308,Like,1
969,1453,20230513,Like,1
1568,3765,20230315,Comment,1
1921,5741,20230222,Like,1
109,3455,20230316,Like,1
1547,4778,20230413,Like,1
1490,5054,20230307,Share,1
284,1469,20230418,Like,1
1344,1834,20231202,Like,1
768,625,20230602,Comment,1
1563,132,20231209,Like,1
1655,4704,20230128,Like,1
1882,5892,20230805,Share,1
948,3973,20230704,Share,1
1900,494,20230704,Like,1
1596,1594,20230217,Comment,1
1428,670,20230724,Like,1
1208,1808,20231021,Share,1
1545,3070,20231209,Like,1
671,2034,20231201,Like,1
1593,9,20230604,Like,1
1577,356,20230126,Like,1
1006,213,20230416,Like,1
435,1791,20230630,Like,1
1366,4085,20230510,Like,1
1518,688,20230305,Share,1
595,1247,20230725,Like,1
591,5816,20230306,Like,1
80,2052,20230716,Like,1
1936,4787,20230309,Like,1
752,374,20230928,Like,1
658,3837,20230312,Like,1
1050,1738,20230503,Like,1
1286,4324,20230202,Like,1
643,534,20230628,Comment,1
1728,442,20230828,Like,1
1008,5416,20231111,Like,1
882,344,20230720,Like,1
680,2053,20230111,Share,1
358,3742,20231004,Like,1
726,535,20231007,Like,1
1782,2292,20230106,Like,1
1600,2115,20230527,Comment,1
802,1609,20230723,Like,1
1922,192,20231005,Comment,1
935,5817,20231107,Like,1
354,4627,20231227,Comment,1
1686,574,20230812,Like,1
273,991,20230225,Comment,1
853,1253,20230820,Like,1
1512,4927,20231110,Like,1
707,5494,20231220,Like,1
1490,2738,20230320,Like,1
120,2442,20230407,Like,1
718,2534,20231208,Like,1
1171,3592,20230629,Comment,1
1893,2961,20231017,Comment,1
1976,2137,20230205,Like,1
569,1568,20230310,Like,1
1598,5574,20230531,Like,1
1715,1795,20230227,Like,1
816,134,20230815,Like,1
1388,1342,20230414,Share,1
732,5765,20230109,Like,1
1889,4061,20231103,Like,1
1957,3660,20230712,Share,1
1465,2114,20230630,Comment,1
495,3263,20230914,Like,1
732,144,20230107,Like,1
238,5434,20230627,Like,1
1040,3566,20230815,Like,1
1556,1779,20230630,Like,1
1321,2606,20231013,Like,1
1868,4507,20230210,Like,1
151,5686,20231001,Like,1
414,1056,20231219,Like,1
229,3440,20230213,Comment,1
108,2270,20230728,Comment,1
386,2939,20230914,Comment,1
36,4500,20230426,Like,1
51,2756,20230614,Like,1
34,2589,20230608,Like,1
1407,4170,20231111,Like,1
1972,1424,20230216,Like,1
985,4813,20231107,Like,1
1395,5282,20231124,Like,1
1538,4024,20230413,Comment,1
1206,2315,20230925,Like,1
189,5751,20230425,Like,1
1341,4775,20230923,Comment,1
625,1628,20231026,Like,1
1313,2996,20231024,Like,1
1575,4254,20231209,Like,1
620,5547,20231218,Like,1
1322,4349,20230707,Comment,1
1308,1540,20231222,Like,1
1387,959,20230914,Like,1
945,931,20230805,Comment,1
888,3230,20230414,Like,1
1531,1835,20230302,Like,1
818,5469,20230708,Like,1
1626,773,20231009,Like,1
1748,98,20230917,Like,1
1010,1860,20230708,Comment,1
513,502,20230412,Like,1
1688,5094,20230611,Like,1
766,2603,20230518,Like,1
387,817,20230901,Comment,1
1546,4880,20230508,Comment,1
1093,2162,20230214,Like,1
148,3433,20230831,Like,1
1064,3130,20230206,Like,1
1419,1578,20230728,Comment,1
1596,2421,20231006,Comment,1
948,2702,20230121,Like,1
770,2980,20231215,Like,1
1454,1491,20231227,Comment,1
1221,842,20231020,Like,1
1625,3604,20231205,Comment,1
1053,779,20230308,Share,1
1663,3864,20230620,Comment,1
929,3567,20230326,Like,1
711,4615,20230731,Like,1
1935,1231,20230606,Like,1
748,1523,20230129,Comment,1
1822,2757,20230428,Like,1
1981,3682,20230627,Comment,1
1210,932,20230829,Like,1
843,5082,20230622,Like,1
1612,3626,20230619,Like,1
1334,373,20230703,Like,1
1234,833,20230727,Like,1
1883,2693,20230410,Comment,1
1638,2450,20230808,Comment,1
1025,512,20231231,Like,1
91,1964,20230323,Like,1
222,1097,20231222,Comment,1
737,2621,20230713,Like,1
1460,2901,20230510,Like,1
371,3867,20230902,Like,1
1928,3739,20231224,Like,1
876,1528,20230626,Share,1
60,3853,20231008,Like,1
1955,2015,20230331,Like,1
122,5668,20230809,Like,1
1907,4347,20230519,Like,1
1265,938,20231012,Like,1
1042,429,20230702,Like,1
784,4298,20230528,Like,1
34,170,20230421,Like,1
414,3738,20230724,Comment,1
1254,4194,20231019,Comment,1
218,760,20230226,Like,1
695,2364,20230101,Like,1
1165,1247,20230203,Like,1
266,5161,20231120,Like,1
658,2298,20230502,Like,1
1000,1243,20231209,Share,1
325,3395,20230509,Like,1
1865,5264,20230105,Comment,1
1733,1777,20230420,Like,1
553,5973,20230520,Like,1
1085,4036,20231030,Share,1
1452,5090,20230104,Like,1
214,5233,20230122,Like,1
301,2909,20230909,Like,1
1998,3705,20231202,Like,1
497,2604,20230629,Like,1
925,165,20231124,Share,1
1934,142,20231006,Like,1
1974,5870,20230331,Like,1
1223,3970,20231228,Comment,1
1983,5005,20230709,Comment,1
458,1549,20230301,Comment,1
1800,2737,20230118,Like,1
1491,5506,20231113,Share,1
1282,1426,20231110,Like,1
1834,3334,20230525,Like,1
1054,358,20230213,Like,1
1824,3137,20230619,Like,1
617,5378,20231110,Like,1
683,3746,20230324,Share,1
659,3008,20230411,Comment,1
575,3820,20230710,Like,1
507,1918,20230729,Like,1
1935,683,20231202,Comment,1
1189,2115,20231129,Share,1
613,3675,20230810,Like,1
821,3265,20231208,Like,1
477,4394,20231215,Like,1
1622,3193,20230319,Like,1
717,3134,20230409,Like,1
1261,2084,20231226,Like,1
1385,4873,20230523,Comment,1
1167,1492,20230528,Like,1
1343,957,20230515,Like,1
1174,1894,20230908,Like,1
1875,241,20231106,Like,1
1781,516,20230507,Share,1
96,666,20230430,Like,1
1922,1855,20231117,Like,1
153,1868,20230603,Comment,1
1212,2211,20230415,Like,1
1308,5242,20230519,Like,1
335,5575,20230602,Like,1
1866,276,20231016,Like,1
6,2022,20230506,Like,1
1649,5228,20231120,Like,1
1326,4876,20230227,Share,1
1063,2208,20230410,Like,1
1941,1713,20230213,Like,1
1607,5243,20231214,Like,1
553,3399,20230919,Like,1
1362,3982,20230903,Like,1
1788,690,20231028,Share,1
667,4961,20230201,Like,1
640,5455,20231117,Like,1
168,1495,20230912,Like,1
1238,785,20230826,Like,1
927,151,20230226,Like,1
708,24,20230618,Like,1
1014,5424,20231116,Like,1
1015,808,20231026,Like,1
175,1573,20230817,Like,1
658,1079,20231105,Share,1
1734,2479,20230302,Comment,1
99,5013,20231018,Like,1
1971,2985,20231212,Like,1
160,1771,20230125,Like,1
853,1116,20230329,Like,1
612,4278,20230718,Like,1
108,1202,20230601,Like,1
437,3052,20230826,Like,1
939,4030,20231003,Like,1
829,4888,20230606,Like,1
1918,1653,20230126,Like,1
622,305,20230518,Comment,1
1122,1115,20231125,Like,1
1795,5508,20230519,Like,1
1278,3946,20230603,Like,1
1581,2547,20230701,Share,1
350,4332,20230914,Like,1
598,2566,20230818,Like,1
1813,1225,20230823,Share,1
835,1963,20231119,Comment,1
359,2681,20230311,Like,1
531,4172,20230821,Like,1
1165,2349,20231103,Like,1
236,1447,20231124,Like,1
748,156,20230318,Like,1
933,2677,20230709,Share,1
1829,1528,20230430,Share,1
965,1612,20230730,Like,1
547,5490,20230731,Like,1
957,1909,20230416,Share,1
1878,4623,20230401,Like,1
1430,2794,20230626,Comment,1
807,637,20230611,Like,1
1027,4443,20230214,Like,1
590,3590,20231218,Share,1
1600,4756,20231104,Like,1
492,5508,20230628,Like,1
936,5586,20230624,Like,1
672,3089,20230620,Like,1
20,4389,20230805,Like,1
1571,1838,20230824,Like,1
460,5747,20231118,Comment,1
1205,2688,20231106,Like,1
1705,1906,20230328,Like,1
1195,1556,20231018,Like,1
705,4301,20231029,Like,1
1799,3408,20231016,Like,1
1995,4340,20230820,Like,1
843,861,20230625,Like,1
1532,5999,20230612,Like,1
522,3613,20230731,Like,1
437,3280,20231031,Like,1
1102,4897,20230521,Like,1
516,2336,20231001,Like,1
571,1348,20231007,Like,1
76,4566,20230515,Like,1
1843,4733,20230828,Like,1
543,3645,20230524,Like,1
82,3469,20230424,Like,1
1602,1598,20231219,Like,1
1364,5855,20230524,Share,1
1873,5458,20230502,Like,1
473,524,20230223,Like,1
1988,384,20231018,Like,1
736,3082,20230830,Comment,1
1971,4381,20230330,Share,1
1041,2962,20231123,Like,1
1981,1984,20231120,Like,1
1683,4150,20231208,Like,1
938,4872,20231027,Comment,1
153,4942,20230811,Like,1
1093,3552,20231229,Comment,1
947,2517,20231129,Like,1
1234,2488,20230116,Like,1
1596,599,20230922,Like,1
1831,4386,20230418,Comment,1
1329,5311,20231012,Like,1
662,1695,20230307,Share,1
1987,3101,20231009,Like,1
1595,662,20231001,Comment,1
998,2129,20230913,Like,1
1894,1205,20230727,Comment,1
1066,603,20230518,Share,1
972,2594,20231214,Like,1
1086,2071,20230107,Share,1
334,3911,20230625,Like,1
1038,5302,20230716,Like,1
1418,552,20231113,Like,1
1840,3542,20230508,Comment,1
542,2368,20230404,Like,1
172,3518,20231120,Share,1
1423,4501,20231008,Comment,1
799,3291,20230803,Like,1
1536,2816,20231016,Like,1
960,5220,20230831,Like,1
1518,1429,20230121,Like,1
681,5641,20231211,Like,1
1323,2549,20231027,Like,1
1079,3037,20230609,Like,1
1537,3432,20231113,Like,1
400,597,20230405,Like,1
929,4213,20231024,Like,1
476,2729,20231231,Like,1
946,4699,20230311,Comment,1
1300,682,20230708,Share,1
772,212,20231205,Like,1
124,3191,20230530,Share,1
1653,340,20230925,Share,1
397,1450,20230916,Like,1
175,3071,20230609,Like,1
1578,2842,20231009,Like,1
1563,5339,20230615,Like,1
1380,906,20230404,Like,1
623,295,20230330,Share,1
687,1347,20231225,Like,1
1363,3724,20231125,Comment,1
1471,3186,20230428,Share,1
1230,623,20230214,Like,1
557,434,20230406,Like,1
1886,1579,20230219,Like,1
1632,3472,20230911,Comment,1
1903,1393,20230826,Like,1
713,3545,20230331,Comment,1
399,2513,20230130,Like,1
1828,4257,20230123,Like,1
1827,5685,20231212,Share,1
671,757,20231210,Like,1
1848,4064,20230405,Share,1
806,1459,20230227,Like,1
1791,4709,20230422,Like,1
966,1541,20230223,Like,1
181,264,20230715,Comment,1
1216,753,20230509,Like,1
1485,1620,20230422,Like,1
917,5749,20231203,Like,1
477,4390,20231021,Like,1
1128,3407,20230420,Share,1
1267,5236,20230109,Comment,1
226,4847,20231009,Like,1
1864,3928,20230923,Like,1
1598,137,20231004,Like,1
59,5898,20231231,Comment,1
427,3186,20230204,Comment,1
803,899,20230223,Like,1
219,3516,20230118,Like,1
280,2092,20230201,Like,1
1536,4269,20230820,Comment,1
659,1125,20230728,Like,1
1763,1507,20230703,Like,1
681,3546,20230710,Like,1
1652,4895,20231102,Like,1
1909,5020,20230903,Like,1
1645,1008,20230902,Like,1
1724,2820,20230215,Like,1
1942,93,20230614,Like,1
136,3426,20230630,Like,1
545,960,20230929,Like,1
1876,5648,20230107,Like,1
675,4968,20230720,Like,1
1916,4810,20230610,Comment,1
403,4361,20230703,Comment,1
574,484,20230811,Like,1
1266,4496,20230912,Like,1
1489,4176,20230610,Comment,1
1816,2666,20230529,Like,1
720,664,20230707,Like,1
89,5857,20231026,Like,1
604,2468,20230531,Like,1
2000,5959,20230514,Share,1
550,2272,20230217,Share,1
349,1847,20231025,Like,1
1825,2561,20230912,Like,1
1752,5610,20230831,Comment,1
52,3660,20231117,Like,1
1251,99,20230526,Like,1
1116,1994,20230502,Like,1
1308,2109,20231211,Share,1
788,3652,20230113,Like,1
310,346,20230118,Like,1
969,261,20230821,Like,1
1354,329,20230425,Share,1
1692,1997,20230109,Like,1
1687,3342,20231218,Like,1
1074,3576,20231216,Like,1
36,2503,20231021,Share,1
196,5808,20230429,Like,1
1034,3399,20230328,Like,1
1149,5544,20230531,Like,1
175,784,20230329,Like,1
103,2579,20231014,Share,1
1834,3383,20230504,Like,1
612,49,20230909,Like,1
24,5779,20230214,Like,1
1963,695,20230916,Like,1
574,1835,20230117,Comment,1
337,1927,20230225,Like,1
766,2506,20230620,Like,1
310,5680,20231008,Like,1
1107,1926,20230310,Comment,1
261,239,20230812,Like,1
1306,5005,20231117,Like,1
255,1439,20230830,Share,1
5,4154,20230328,Like,1
304,3177,20230717,Like,1
146,1918,20230101,Like,1
452,4741,20231113,Like,1
301,391,20230202,Like,1
882,1238,20230422,Comment,1
1711,3944,20230312,Like,1
1978,5574,20231203,Share,1
1206,1405,20230407,Comment,1
867,4441,20231219,Like,1
58,1249,20230622,Share,1
1756,2525,20230422,Like,1
1026,2349,20231228,Like,1
1487,636,20231003,Like,1
905,306,20230809,Like,1
1830,2240,20230819,Like,1
1621,4606,20230731,Like,1
1853,2763,20230221,Like,1
1093,1503,20230513,Like,1
192,513,20230130,Comment,1
1160,2314,20230202,Like,1
1635,3073,20230111,Like,1
1825,1261,20230317,Like,1
1311,268,20230911,Like,1
535,563,20230216,Like,1
1809,5340,20231009,Like,1
1691,4558,20230914,Like,1
1996,225,20230607,Like,1
357,1692,20230129,Comment,1
785,5275,20231208,Like,1
665,4241,20231108,Like,1
578,2087,20230323,Like,1
309,4608,20230709,Like,1
1739,4875,20230602,Like,1
949,421,20230928,Like,1
830,3075,20230529,Like,1
1981,279,20230520,Comment,1
1564,2514,20230828,Like,1
975,5824,20230724,Like,1
344,2120,20230417,Like,1
1897,1069,20231015,Like,1
1251,3450,20230614,Like,1
60,4484,20230415,Comment,1
734,705,20230601,Like,1
1821,1725,20230102,Like,1
1245,4861,20230707,Like,1
878,3363,20230601,Like,1
602,5312,20230925,Share,1
284,5702,20230216,Like,1
1701,5,20230114,Like,1
1146,4862,20231222,Like,1
872,5765,20231228,Like,1
1139,4882,20230811,Like,1
794,1022,20230916,Like,1
1324,5562,20231118,Like,1
406,3086,20231222,Like,1
378,5317,20231010,Like,1
1281,1722,20230831,Like,1
1199,3612,20230106,Comment,1
1628,3285,20230523,Like,1
603,4327,20230301,Like,1
1192,3426,20230319,Share,1
908,1074,20231020,Like,1
1381,2915,20230923,Like,1
1215,2206,20231117,Like,1
823,3175,20230522,Like,1
101,5252,20230316,Comment,1
429,840,20230726,Like,1
203,1151,20231204,Like,1
1239,4760,20231229,Comment,1
830,4092,20230821,Like,1
362,4561,20230116,Like,1
234,5430,20230130,Comment,1
956,262,20230628,Like,1
1476,1374,20230713,Like,1
295,4900,20231109,Like,1
270,4456,20231112,Like,1
1230,1397,20230417,Like,1
1561,1261,20230328,Share,1
1955,2423,20230719,Like,1
1505,4724,20230324,Like,1
1673,1763,20230214,Like,1
1302,1618,20230120,Like,1
1908,2477,20230201,Like,1
1371,2671,20231003,Share,1
1798,959,20230121,Like,1
1198,3612,20230121,Like,1
122,4345,20230511,Like,1
1244,771,20230416,Like,1
853,1706,20230604,Like,1
1853,3110,20231030,Like,1
925,1287,20230729,Like,1
375,1339,20230222,Like,1
883,2106,20230422,Share,1
1339,3617,20230722,Like,1
1211,2680,20230409,Share,1
1972,1012,20230308,Like,1
54,2434,20231014,Like,1
1830,5509,20231206,Like,1
1396,2685,20230709,Like,1
1931,5846,20230606,Like,1
837,1323,20231228,Like,1
827,548,20230905,Share,1
1160,4435,20231114,Like,1
65,4753,20230224,Comment,1
1029,3540,20230426,Like,1
99,5293,20230701,Like,1
570,5155,20230108,Share,1
620,3889,20230123,Like,1
1327,3878,20230629,Like,1
1714,2,20230317,Like,1
1024,4452,20231109,Comment,1
313,5725,20231206,Share,1
123,2261,20230902,Comment,1
494,2002,20230327,Like,1
1407,4887,20230223,Share,1
62,649,20231223,Comment,1
1702,136,20231020,Comment,1
1594,1892,20230913,Like,1
372,4035,20230818,Like,1
1756,5029,20230314,Share,1
1183,4871,20231225,Comment,1
166,1825,20231203,Comment,1
1937,5316,20230530,Like,1
1995,5279,20231221,Like,1
83,5192,20230218,Like,1
89,391,20230518,Like,1
1621,5712,20231222,Like,1
1456,4339,20231002,Share,1
741,4080,20230227,Like,1
1743,3668,20230715,Like,1
1053,2840,20230417,Like,1
185,568,20230901,Like,1
1488,4994,20230815,Like,1
1335,1483,20230418,Like,1
1633,5332,20230609,Like,1
83,4028,20230905,Share,1
535,3312,20231216,Like,1
1689,2561,20230703,Like,1
721,2354,20231010,Comment,1
1280,987,20231216,Like,1
746,266,20231127,Like,1
138,3296,20230331,Comment,1
1240,2964,20230809,Share,1
1881,3477,20230529,Like,1
1574,4826,20230209,Like,1
127,1847,20231217,Like,1
1161,4017,20231121,Like,1
459,3676,20230204,Like,1
1485,2381,20231204,Like,1
798,3788,20230126,Comment,1
373,1208,20230830,Like,1
1948,2417,20230616,Like,1
1734,4919,20230912,Like,1
555,3903,20230819,Comment,1
722,2488,20231122,Like,1
197,4564,20230611,Comment,1
635,1074,20231224,Like,1
1134,4552,20230123,Share,1
670,1394,20230503,Like,1
1158,25,20230630,Like,1
1780,5258,20230202,Like,1
300,1476,20231104,Like,1
889,2192,20230618,Like,1
991,4173,20230628,Like,1
730,2394,20230401,Like,1
1020,1895,20231025,Like,1
98,1329,20230503,Comment,1
1101,2798,20230324,Comment,1
454,3954,20231020,Like,1
845,4204,20230216,Like,1
1136,2888,20231123,Like,1
1278,1759,20230903,Like,1
279,5875,20231114,Like,1
397,3761,20231019,Share,1
1595,1307,20230630,Like,1
1039,564,20231007,Comment,1
1712,3831,20230815,Share,1
1727,2866,20230223,Like,1
36,433,20230913,Like,1
1575,4063,20230929,Like,1
377,1599,20230909,Like,1
1017,3726,20230328,Share,1
185,4265,20231209,Like,1
1280,2617,20230505,Like,1
1397,4628,20230101,Comment,1
227,1351,20230704,Share,1
450,2107,20230604,Like,1
3,4739,20230101,Like,1
1300,580,20231029,Like,1
428,83,20230122,Like,1
1493,4298,20230602,Like,1
1142,1101,20230429,Like,1
1637,3451,20231010,Like,1
1254,5446,20230708,Like,1
1769,2825,20230331,Like,1
934,5660,20230424,Like,1
1952,5818,20231228,Like,1
1267,4038,20230419,Comment,1
1623,3144,20230410,Like,1
631,2601,20230318,Like,1
519,2505,20230522,Like,1
1874,5635,20230226,Like,1
1873,662,20231123,Like,1
1837,1815,20231220,Like,1
1943,2347,20230130,Like,1
899,3654,20230126,Like,1
1509,5010,20231019,Like,1
977,3056,20231114,Like,1
14,3736,20231219,Like,1
477,508,20230417,Like,1
1331,1688,20231218,Like,1
281,3838,20231218,Like,1
484,3864,20230811,Comment,1
1747,3594,20230708,Share,1
1766,3145,20230301,Share,1
441,2021,20230102,Like,1
932,5186,20230728,Comment,1
713,3780,20230505,Like,1
1080,4219,20231211,Comment,1
1024,1494,20230529,Like,1
1727,5189,20230311,Like,1
656,3937,20230322,Like,1
1230,5594,20230610,Like,1
736,841,20231105,Like,1
125,1625,20230215,Like,1
1811,5986,20230428,Like,1
784,2510,20230315,Like,1
1355,5400,20230215,Share,1
1379,4540,20230817,Like,1
545,3772,20231116,Like,1
562,3833,20230923,Like,1
1751,3296,20230909,Share,1
817,4355,20230109,Like,1
1652,1801,20230504,Like,1
1576,4792,20230211,Like,1
1221,3369,20230528,Comment,1
1327,4078,20230503,Like,1
938,4643,20230315,Like,1
831,200,20230826,Comment,1
1493,4479,20230425,Like,1
454,3076,20230916,Comment,1
42,1220,20230516,Like,1
70,5686,20230804,Like,1
1632,5591,20231224,Like,1
619,4998,20231231,Like,1
1583,5888,20231231,Like,1
340,2514,20230302,Like,1
1369,2252,20230321,Like,1
193,5959,20230116,Like,1
736,3424,20230504,Like,1
2,3685,20230220,Share,1
290,1695,20230905,Like,1
385,1715,20230210,Like,1
1313,4256,20230412,Like,1
1897,629,20230804,Comment,1
614,3714,20230404,Share,1
1172,1384,20230920,Like,1
1895,1667,20231214,Like,1
1128,1980,20230125,Like,1
725,3976,20231219,Comment,1
915,5490,20231227,Like,1
716,3401,20230721,Like,1
475,1614,20230621,Like,1
573,2680,20230629,Like,1
468,831,20230714,Like,1
1425,2643,20230531,Like,1
102,3601,20230618,Comment,1
1999,5038,20230907,Like,1
210,4526,20230513,Like,1
623,3814,20230712,Like,1
1277,5440,20231126,Like,1
1241,632,20231020,Comment,1
1838,1228,20230706,Like,1
1795,4857,20231218,Like,1
1785,4039,20231125,Share,1
1223,4539,20230127,Like,1
700,2948,20230626,Like,1
1840,37,20230122,Share,1
1705,2733,20231209,Like,1
1264,4391,20231103,Comment,1
1782,3639,20230624,Like,1
588,3558,20230123,Comment,1
1401,4619,20230204,Like,1
1585,2552,20230918,Like,1
1190,4095,20231224,Comment,1
550,1131,20230605,Like,1
715,5135,20230926,Like,1
164,1672,20230425,Like,1
1972,5370,20231024,Share,1
1117,2354,20231015,Share,1
1619,2239,20231211,Comment,1
33,3327,20230720,Comment,1
216,933,20230618,Like,1
549,26,20230331,Like,1
1295,4462,20230626,Like,1
1285,5537,20230602,Like,1
1792,687,20230316,Like,1
195,1687,20230121,Like,1
638,1354,20230517,Like,1
1048,5545,20230313,Like,1
30,4197,20231009,Like,1
1527,2684,20230922,Like,1
1635,2666,20231011,Like,1
1035,1186,20230625,Share,1
758,247,20230124,Like,1
739,5670,20231004,Share,1
1090,4482,20230315,Like,1
635,4369,20230518,Like,1
1957,5389,20230903,Share,1
1881,4620,20230516,Like,1
50,2580,20230223,Like,1
727,3994,20230602,Like,1
794,1027,20231112,Share,1
688,5674,20230901,Like,1
886,4837,20230804,Comment,1
1560,153,20230319,Like,1
558,3548,20230504,Share,1
174,2579,20231114,Like,1
1935,910,20230822,Like,1
536,1692,20230523,Comment,1
471,5697,20230323,Like,1
581,4176,20230124,Like,1
570,1437,20230124,Like,1
333,1105,20231009,Like,1
754,1152,20230729,Like,1
944,3349,20231204,Comment,1
1643,4332,20231124,Comment,1
6,779,20230103,Like,1
1845,4509,20230513,Like,1
169,968,20230827,Like,1
1678,3769,20230126,Like,1
48,928,20231020,Like,1
1711,3416,20230821,Like,1
863,1312,20230828,Share,1
2,3581,20230624,Like,1
340,5064,20230406,Like,1
723,5735,20230528,Like,1
685,824,20230719,Like,1
1245,2418,20230722,Share,1
358,1722,20231210,Share,1
298,2818,20230920,Comment,1
1891,5661,20230425,Like,1
1878,5481,20230818,Share,1
834,5715,20230518,Like,1
1759,5970,20231220,Share,1
1044,3772,20230715,Like,1
423,5663,20230919,Like,1
1209,3995,20231205,Like,1
739,1681,20231124,Share,1
1879,2170,20231221,Like,1
1538,2470,20230603,Like,1
1881,2659,20230723,Like,1
890,5281,20231113,Like,1
1496,1006,20230419,Comment,1
1503,5272,20231003,Like,1
1111,1594,20231225,Like,1
485,4426,20230630,Comment,1
429,2150,20230512,Comment,1
1053,2678,20230623,Like,1
1174,2063,20230623,Like,1
463,2110,20230324,Comment,1
1390,2513,20230407,Comment,1
1450,3977,20230409,Share,1
149,4837,20230507,Like,1
924,757,20230901,Like,1
346,2546,20230901,Comment,1
25,2827,20230425,Like,1
603,2425,20230109,Like,1
57,3174,20230509,Like,1
353,1849,20230312,Like,1
1133,5061,20230819,Like,1
1924,2152,20230913,Like,1
452,5007,20230526,Like,1
334,1866,20230502,Comment,1
91,4432,20231220,Like,1
1173,4209,20230503,Share,1
1886,5151,20231202,Comment,1
1826,3379,20230403,Comment,1
1202,5600,20230219,Like,1
816,334,20230625,Like,1
786,5626,20230618,Like,1
220,4725,20231208,Comment,1
155,2120,20231226,Like,1
1192,2386,20231003,Share,1
960,2274,20230213,Like,1
325,2978,20230108,Like,1
480,5833,20230317,Like,1
130,2542,20230209,Comment,1
477,5723,20231017,Like,1
558,5883,20230914,Like,1
1827,3724,20230427,Comment,1
976,5617,20230109,Like,1
359,2135,20231220,Like,1
271,3743,20230814,Like,1
862,5131,20231128,Like,1
1531,2541,20231229,Comment,1
168,5468,20230816,Like,1
1427,5338,20230408,Like,1
561,1264,20230316,Like,1
1417,5408,20230606,Comment,1
269,5590,20230110,Like,1
941,5049,20230831,Like,1
1652,3918,20231205,Like,1
1429,1460,20231121,Like,1
712,1044,20231024,Comment,1
1070,2604,20230319,Comment,1
1707,106,20230405,Like,1
790,3518,20231026,Comment,1
1624,4355,20231017,Share,1
698,2828,20230805,Like,1
435,3318,20231128,Like,1
1704,1059,20230122,Like,1
180,1888,20230207,Like,1
1545,3862,20230223,Like,1
186,2647,20230406,Like,1
1652,5307,20230826,Like,1
1014,1549,20230309,Like,1
1052,2374,20231214,Like,1
916,5172,20231218,Like,1
696,4293,20230914,Like,1
27,5708,20230507,Share,1
532,1752,20230929,Like,1
184,1780,20230516,Like,1
1303,127,20230426,Like,1
512,4306,20230121,Comment,1
934,4362,20230804,Like,1
1566,799,20230414,Like,1
774,885,20230101,Like,1
1201,2349,20230702,Comment,1
1745,233,20230313,Like,1
479,3108,20230720,Like,1
1893,1436,20230805,Like,1
1386,5747,20230805,Comment,1
853,3288,20230305,Like,1
938,2635,20230830,Like,1
1006,2564,20230223,Like,1
1092,4990,20230126,Like,1
1055,761,20230519,Like,1
1005,1627,20231127,Like,1
669,1999,20231201,Share,1
1214,27,20231105,Like,1
673,3762,20231216,Like,1
603,272,20230428,Like,1
1405,1848,20230207,Like,1
1333,590,20230823,Like,1
1977,1729,20231111,Like,1
231,3323,20230309,Like,1
639,283,20230111,Like,1
420,2969,20230114,Share,1
1675,1885,20231129,Like,1
1266,5665,20231023,Like,1
499,3890,20230906,Like,1
1918,867,20230414,Share,1
1445,613,20230510,Like,1
1348,4135,20230925,Like,1
265,1685,20231008,Like,1
856,2594,20231016,Like,1
451,941,20230516,Comment,1
877,2443,20230611,Like,1
175,5439,20231206,Like,1
1980,5374,20230321,Like,1
1169,1681,20230920,Share,1
969,1719,20230509,Comment,1
1485,3644,20231225,Share,1
1846,5549,20230727,Like,1
14,4732,20230909,Like,1
1942,2059,20230217,Comment,1
1908,1378,20231216,Like,1
1505,763,20230811,Like,1
1686,326,20231201,Like,1
1241,318,20230624,Like,1
1398,685,20230216,Like,1
1455,2833,20230202,Like,1
418,551,20230814,Share,1
1360,4226,20231014,Like,1
564,2404,20230413,Like,1
153,2412,20230921,Like,1
1584,3604,20231231,Like,1
1690,5729,20230615,Like,1
1658,294,20230601,Share,1
1691,4441,20230803,Like,1
1849,4666,20231015,Share,1
1825,5075,20230408,Like,1
664,4833,20230722,Like,1
1599,4792,20230904,Comment,1
1143,2638,20230601,Like,1
1196,662,20230204,Like,1
895,3534,20231206,Like,1
1058,2853,20230429,Comment,1
879,2153,20230117,Comment,1
1236,2867,20230505,Like,1
1016,1159,20230203,Like,1
523,4895,20230506,Share,1
860,2286,20230716,Like,1
447,3713,20230418,Like,1
597,2051,20231027,Share,1
963,483,20231022,Like,1
571,4702,20231103,Like,1
1848,4914,20231117,Like,1
1837,1071,20230713,Comment,1
401,731,20230309,Like,1
514,348,20230904,Like,1
1090,5943,20230826,Comment,1
203,1494,20231115,Like,1
1583,3014,20230719,Like,1
1857,938,20230316,Share,1
692,2185,20231111,Like,1
1131,941,20230505,Like,1
1472,1887,20230322,Like,1
856,5595,20230507,Like,1
1530,91,20231226,Like,1
974,4051,20231220,Like,1
1759,5377,20230326,Comment,1
135,2189,20230729,Like,1
986,4254,20230805,Like,1
967,5435,20230630,Like,1
1120,1458,20231020,Like,1
1536,3373,20230607,Like,1
305,2709,20230326,Like,1
488,5564,20230914,Like,1
1939,5214,20230320,Share,1
517,1885,20230709,Like,1
670,2759,20231229,Like,1
705,5443,20230225,Like,1
789,5414,20231224,Like,1
1877,3334,20230519,Like,1
399,1957,20230326,Like,1
489,3790,20230701,Like,1
1825,5108,20230515,Share,1
855,1595,20230318,Like,1
960,4448,20231202,Like,1
1932,1911,20230907,Comment,1
1992,2818,20231009,Like,1
83,5805,20230731,Comment,1
526,1892,20230710,Like,1
695,399,20231221,Comment,1
1986,252,20230410,Like,1
621,2120,20230410,Comment,1
561,4272,20230115,Like,1
519,4548,20230913,Comment,1
1589,410,20230407,Comment,1
511,4786,20230513,Like,1
99,2304,20230825,Comment,1
359,4811,20231201,Like,1
223,2164,20230221,Like,1
249,3899,20230515,Comment,1
1324,1003,20230731,Like,1
814,1770,20230209,Like,1
1227,175,20230731,Like,1
246,1211,20230324,Comment,1
1386,350,20230502,Like,1
1187,2725,20230327,Like,1
1295,4042,20230323,Share,1
520,5172,20230715,Share,1
718,3205,20230120,Share,1
833,3852,20230324,Like,1
117,308,20230920,Share,1
591,4581,20230427,Like,1
1168,636,20231218,Share,1
1288,5692,20230908,Share,1
188,4596,20230515,Like,1
670,1325,20230724,Like,1
1869,5379,20230201,Like,1
1214,773,20231128,Like,1
242,256,20230419,Like,1
1585,66,20231101,Like,1
1565,2939,20231004,Like,1
1078,1092,20230409,Like,1
339,2679,20230921,Share,1
865,1417,20230731,Like,1
908,4441,20230921,Like,1
1319,4080,20230327,Share,1
96,3840,20230209,Like,1
1493,4623,20230316,Like,1
513,11,20231203,Like,1
513,2341,20231009,Like,1
201,2996,20231015,Like,1
1615,3679,20230223,Comment,1
1832,5954,20230127,Share,1
849,2059,20231206,Comment,1
1537,5227,20231130,Like,1
586,5539,20230531,Like,1
381,1690,20231218,Share,1
686,1288,20230918,Share,1
637,2829,20231202,Like,1
1428,2003,20231001,Like,1
169,5807,20230814,Like,1
1188,1850,20231027,Comment,1
371,5353,20231228,Like,1
1876,2254,20230818,Comment,1
72,5112,20230402,Share,1
1884,1857,20230902,Like,1
1881,1409,20230514,Like,1
418,2488,20230711,Comment,1
1129,5301,20230523,Like,1
1046,3715,20230329,Like,1
543,4402,20230407,Like,1
787,2778,20230828,Like,1
339,4780,20230627,Comment,1
139,2882,20230523,Like,1
476,5300,20230510,Like,1
635,4296,20230111,Comment,1
1965,4478,20230417,Like,1
374,949,20230102,Like,1
232,5472,20230622,Like,1
1606,1296,20231123,Like,1
1096,4062,20230105,Like,1
600,1376,20230331,Share,1
328,623,20230518,Like,1
522,5779,20230812,Like,1
1098,888,20231007,Like,1
1878,5878,20230316,Share,1
1327,940,20230919,Like,1
836,4535,20231023,Like,1
1647,5550,20231119,Comment,1
1822,5478,20230407,Like,1
474,4239,20230213,Like,1
1883,3327,20230828,Like,1
955,952,20230302,Like,1
1327,4379,20231102,Like,1
250,5799,20230812,Like,1
868,904,20230929,Share,1
407,1951,20230903,Share,1
539,2392,20230730,Like,1
1801,2837,20230128,Like,1
1351,549,20231029,Like,1
1566,1588,20230826,Like,1
1362,706,20230603,Like,1
734,5265,20230915,Share,1
1894,372,20231014,Like,1
658,2154,20230822,Like,1
163,1992,20230527,Like,1
1479,2029,20231013,Like,1
264,5980,20230820,Like,1
1133,4374,20230315,Like,1
712,1944,20230808,Like,1
1372,1802,20230304,Like,1
432,2488,20230426,Comment,1
1173,4636,20231209,Like,1
1135,2579,20230725,Like,1
365,1478,20231115,Like,1
1880,2687,20231018,Comment,1
1375,470,20231028,Like,1
164,2764,20230718,Like,1
371,5313,20230628,Like,1
1490,2841,20231224,Like,1
1513,4769,20230304,Like,1
112,3845,20230608,Share,1
509,5608,20231210,Like,1
1428,3731,20230919,Like,1
1964,5623,20230401,Like,1
1467,1027,20231101,Like,1
1211,1336,20230306,Share,1
1836,3669,20230519,Like,1
294,2732,20230805,Like,1
109,4384,20231120,Like,1
1232,3429,20230117,Comment,1
441,1976,20230810,Like,1
269,1225,20230323,Comment,1
1740,731,20230829,Like,1
1050,5533,20230828,Share,1
1555,3795,20230621,Like,1
25,483,20230605,Comment,1
804,3039,20230114,Like,1
1187,5571,20230527,Like,1
443,3833,20230131,Like,1
1089,5592,20231126,Comment,1
254,138,20230223,Like,1
1868,3475,20230706,Like,1
750,944,20230801,Comment,1
397,4652,20231120,Share,1
943,468,20230504,Like,1
311,4334,20230621,Like,1
513,2214,20230406,Like,1
676,4645,20230120,Like,1
1638,1207,20230714,Like,1
1796,5246,20230810,Comment,1
393,4603,20230223,Like,1
1612,3113,20230621,Like,1
64,3823,20230827,Like,1
944,2523,20230326,Comment,1
123,4412,20230223,Share,1
192,4863,20230531,Like,1
59,1565,20231020,Like,1
1815,1832,20230820,Like,1
1488,3683,20230601,Like,1
234,3801,20230408,Like,1
691,4700,20231228,Like,1
1501,2209,20230221,Like,1
1594,5169,20230430,Like,1
1149,5263,20230226,Like,1
1703,382,20230706,Like,1
1478,4889,20230316,Like,1
1842,4854,20231119,Like,1
548,5950,20230212,Share,1
1722,1881,20230530,Comment,1
1974,4522,20230719,Like,1
1673,5316,20230612,Like,1
1151,5469,20230803,Like,1
1590,2886,20230317,Like,1
1103,1319,20231205,Like,1
135,28,20230411,Like,1
1197,3652,20230801,Like,1
1475,1990,20230615,Like,1
1353,5123,20230709,Comment,1
921,1139,20230603,Share,1
321,360,20231109,Share,1
795,3787,20230828,Like,1
1150,2298,20230530,Comment,1
695,40,20230101,Comment,1
377,5379,20230821,Like,1
1656,687,20230829,Like,1
213,686,20231008,Like,1
1383,2371,20230225,Comment,1
1896,4079,20231217,Share,1
1085,695,20230822,Like,1
790,603,20230503,Like,1
1948,1529,20230720,Like,1
455,5745,20230213,Comment,1
972,3539,20230607,Comment,1
1807,2212,20231217,Like,1
671,1861,20231225,Comment,1
1326,4877,20230718,Like,1
1093,2536,20231209,Like,1
1269,3771,20230929,Like,1
1624,373,20230122,Like,1
1856,4360,20230307,Share,1
885,5531,20230328,Like,1
1348,5867,20230109,Share,1
260,5710,20230709,Like,1
820,1497,20230218,Like,1
1435,5153,20231114,Like,1
836,756,20231109,Like,1
1595,1793,20230322,Like,1
884,1307,20230708,Like,1
947,3830,20230717,Comment,1
1001,5397,20230807,Comment,1
1089,3985,20231010,Comment,1
1452,3110,20230823,Like,1
1140,1977,20231208,Like,1
1329,981,20231123,Like,1
1349,1583,20231207,Like,1
1204,5786,20230919,Share,1
532,2758,20230322,Share,1
1826,1710,20231013,Share,1
294,5076,20230525,Like,1
993,5564,20230218,Share,1
1735,4635,20230830,Like,1
706,2595,20230115,Like,1
343,3418,20230516,Like,1
1375,265,20230908,Like,1
1964,3423,20230506,Like,1
1143,27,20230917,Comment,1
1463,3533,20231224,Like,1
1520,5889,20231226,Like,1
3,814,20230425,Like,1
911,344,20230418,Like,1
475,5528,20230401,Like,1
631,4614,20230822,Like,1
1419,5496,20230208,Like,1
1026,2564,20230605,Like,1
1299,5200,20230616,Like,1
79,4044,20230205,Like,1
1920,459,20230414,Comment,1
652,399,20230427,Like,1
1191,2058,20230723,Like,1
1530,4879,20230324,Comment,1
1172,4490,20230805,Like,1
1182,4482,20230913,Like,1
1580,4361,20231110,Like,1
591,1559,20230813,Like,1
635,2863,20230824,Like,1
809,5694,20230518,Like,1
1714,907,20230624,Like,1
374,1561,20230809,Like,1
508,1515,20231116,Like,1
668,355,20230509,Like,1
456,5495,20230603,Like,1
516,4371,20230601,Comment,1
1742,3530,20231124,Like,1
1261,1781,20230717,Like,1
511,261,20230206,Comment,1
1374,3793,20230519,Like,1
755,2696,20230913,Share,1
404,5009,20231211,Like,1
727,1407,20231123,Like,1
1166,5498,20230428,Like,1
999,1379,20230507,Like,1
1122,156,20230724,Like,1
307,3754,20230504,Share,1
878,790,20231013,Like,1
1002,1671,20231226,Like,1
484,2340,20230103,Like,1
628,1803,20231225,Share,1
1439,3271,20230626,Share,1
1883,4751,20230512,Like,1
250,35,20230819,Like,1
1250,496,20230817,Like,1
936,1187,20230917,Like,1
981,1113,20231012,Comment,1
905,106,20230509,Like,1
51,4041,20230905,Like,1
34,2513,20231217,Like,1
1423,1222,20230901,Like,1
1272,3791,20231124,Like,1
1559,850,20231106,Like,1
650,5972,20230117,Like,1
715,4522,20230721,Like,1
1051,687,20230826,Like,1
18,4474,20230902,Comment,1
1094,3107,20230305,Like,1
374,3581,20231028,Like,1
912,1140,20230423,Comment,1
1605,4499,20230930,Like,1
1838,3841,20230914,Comment,1
1180,2966,20231210,Like,1
1635,329,20230818,Share,1
21,3813,20231025,Like,1
1829,176,20230322,Like,1
1138,1731,20231010,Like,1
1455,2034,20230328,Like,1
1849,1937,20230321,Like,1
794,2929,20230911,Comment,1
1737,2059,20230428,Comment,1
668,3896,20230216,Like,1
1008,5511,20230123,Like,1
833,252,20231219,Like,1
191,1803,20231231,Like,1
474,192,20230707,Comment,1
682,4144,20230512,Like,1
644,5535,20230604,Like,1
153,3691,20231006,Comment,1
1620,4772,20230114,Like,1
457,4618,20230831,Comment,1
1813,361,20230911,Like,1
714,1786,20230608,Like,1
1675,4766,20230901,Like,1
1029,2176,20230627,Like,1
1466,3428,20231129,Like,1
601,3760,20231210,Like,1
890,2623,20230529,Like,1
1486,4833,20230806,Like,1
1605,3221,20230107,Like,1
221,2330,20230916,Comment,1
558,4719,20230110,Like,1
150,5167,20230219,Like,1
1563,4488,20230512,Like,1
252,5560,20230728,Like,1
780,4354,20230116,Like,1
1588,1292,20230315,Share,1
221,4017,20230212,Like,1
1787,2282,20230430,Like,1
1698,579,20230216,Like,1
722,4939,20230306,Like,1
983,732,20230819,Like,1
262,1403,20230106,Like,1
1358,4925,20230309,Like,1
1893,973,20230804,Like,1
93,4272,20230808,Comment,1
898,516,20230313,Like,1
1147,4558,20230205,Like,1
24,5845,20230111,Like,1
297,1883,20230716,Like,1
436,1365,20230905,Share,1
737,583,20230404,Like,1
257,3054,20230605,Like,1
1852,3363,20231124,Share,1
907,3509,20230704,Like,1
1599,1788,20230506,Like,1
1783,2347,20230418,Like,1
695,4262,20230708,Share,1
1302,4446,20230714,Like,1
1556,1794,20230312,Comment,1
617,1819,20230902,Like,1
289,2231,20231031,Like,1
1342,2331,20230104,Like,1
619,5879,20230706,Like,1
1636,290,20230329,Like,1
897,3837,20230602,Like,1
681,1748,20230210,Like,1
1056,1097,20230410,Like,1
115,2628,20230823,Like,1
168,3829,20230321,Like,1
558,5109,20230614,Like,1
624,956,20230212,Like,1
158,1857,20230916,Like,1
864,5694,20230318,Like,1
1445,3067,20230812,Like,1
397,3368,20230719,Like,1
1855,5271,20230709,Like,1
1486,5226,20230203,Like,1
1231,1004,20230215,Like,1
1314,5980,20231216,Like,1
198,709,20230428,Share,1
351,4190,20230108,Like,1
75,1061,20230115,Like,1
1190,4751,20230131,Like,1
925,1055,20230318,Like,1
719,3343,20231111,Like,1
101,1189,20230807,Like,1
1103,1409,20230613,Like,1
272,1175,20230520,Like,1
851,656,20230323,Like,1
1143,2689,20230529,Like,1
519,1954,20231104,Like,1
1986,4692,20230401,Like,1
339,5507,20230214,Like,1
1954,2392,20231120,Comment,1
1951,2644,20230428,Share,1
77,2769,20230411,Like,1
1457,1466,20230915,Like,1
493,310,20231114,Like,1
272,3703,20230803,Like,1
495,5176,20230802,Like,1
402,3949,20230925,Like,1
158,5867,20231027,Like,1
1029,1369,20230205,Like,1
1788,1641,20230731,Comment,1
1611,3363,20230131,Like,1
456,283,20230709,Like,1
123,2635,20230808,Like,1
974,3649,20230422,Like,1
1158,1177,20230510,Like,1
281,1701,20230127,Share,1
944,1950,20230415,Like,1
1437,5936,20230125,Share,1
1219,2026,20230520,Like,1
815,5631,20230118,Like,1
228,5381,20230618,Like,1
1921,1764,20230403,Like,1
1509,1764,20230611,Like,1
1309,4524,20231223,Like,1
1700,899,20230108,Like,1
920,2192,20231113,Like,1
427,2793,20230817,Like,1
720,3365,20230521,Like,1
1957,3711,20230322,Like,1
1167,4372,20230405,Like,1
1400,2488,20230430,Like,1
895,4051,20231003,Share,1
1677,4113,20230124,Like,1
126,2580,20230325,Like,1
359,832,20230316,Like,1
203,2160,20230223,Like,1
808,1020,20231107,Comment,1
888,2209,20230420,Like,1
1546,4649,20230725,Comment,1
54,4974,20230115,Like,1
655,1884,20230514,Comment,1
709,2809,20230624,Like,1
221,315,20231021,Like,1
766,2125,20230415,Like,1
502,4118,20230617,Like,1
406,359,20230818,Like,1
1991,2103,20230721,Like,1
185,2495,20230925,Like,1
559,2095,20230518,Comment,1
354,5829,20230928,Like,1
1384,3073,20231111,Like,1
1909,3365,20230715,Like,1
501,1410,20230228,Like,1
713,5857,20230914,Like,1
1331,4024,20230205,Like,1
461,692,20230624,Like,1
79,4331,20231230,Like,1
926,4034,20230218,Like,1
1958,5185,20230409,Like,1
612,5853,20230213,Like,1
1181,2013,20230305,Like,1
1846,1088,20230511,Like,1
101,1024,20230524,Like,1
1638,5197,20230128,Like,1
1867,3726,20230810,Comment,1
310,576,20230305,Like,1
1157,3251,20230920,Comment,1
962,1550,20231026,Like,1
371,3052,20231113,Like,1
100,1117,20231013,Comment,1
1197,1690,20230312,Like,1
568,4586,20230415,Like,1
1625,5449,20230217,Like,1
694,906,20230723,Like,1
617,4037,20231111,Like,1
1139,5763,20230724,Like,1
222,3347,20231231,Like,1
1091,5111,20230108,Like,1
1763,2459,20230519,Like,1
1739,1024,20231129,Like,1
1756,5891,20230201,Like,1
572,748,20231006,Like,1
150,3237,20230412,Like,1
944,4106,20230724,Like,1
1813,2089,20230405,Like,1
43,960,20231216,Like,1
783,4465,20231206,Like,1
168,5853,20230609,Like,1
1902,4852,20231203,Like,1
1696,736,20231214,Like,1
395,5549,20230809,Share,1
2000,636,20230101,Like,1
1038,4094,20230214,Like,1
425,1126,20231229,Share,1
1332,259,20230523,Like,1
1031,1249,20230709,Like,1
1382,4866,20231124,Like,1
1335,1582,20230907,Like,1
1076,3969,20230305,Like,1
1315,1557,20231017,Like,1
1029,990,20231218,Like,1
1839,355,20230319,Comment,1
1160,3928,20230707,Like,1
744,1270,20230824,Like,1
1855,1093,20230512,Like,1
1027,4724,20230731,Like,1
1442,3974,20230502,Like,1
1911,3213,20231214,Like,1
1829,639,20230727,Like,1
1307,1779,20231102,Like,1
877,4482,20231209,Like,1
1180,777,20230207,Share,1
1836,1530,20230328,Comment,1
309,3244,20230502,Comment,1
1930,4113,20230802,Like,1
991,5803,20230907,Like,1
284,520,20230221,Share,1
29,4633,20230930,Like,1
1194,3684,20230619,Like,1
840,1236,20230709,Comment,1
820,408,20230401,Like,1
886,1973,20230623,Share,1
1434,3998,20230828,Like,1
1417,3504,20230505,Comment,1
863,5208,20231102,Comment,1
1360,2476,20230830,Like,1
775,5209,20230124,Comment,1
906,3983,20231217,Share,1
198,3249,20231015,Like,1
986,4258,20230108,Like,1
1286,3407,20230320,Share,1
1666,3051,20230911,Like,1
941,4333,20230327,Like,1
385,3885,20231102,Like,1
1385,4669,20230112,Like,1
631,1536,20230520,Like,1
1394,682,20230622,Like,1
108,1266,20230106,Like,1
899,4969,20231120,Like,1
496,4526,20230325,Like,1
1700,1375,20230528,Like,1
273,3120,20230327,Like,1
1235,4782,20230422,Like,1
903,1679,20230203,Share,1
268,4419,20230806,Comment,1
867,2221,20230728,Like,1
946,1310,20230113,Like,1
1814,2849,20230704,Like,1
369,3457,20230309,Like,1
312,2622,20230503,Like,1
1389,2844,20230820,Like,1
1548,2650,20230709,Like,1
721,1574,20230615,Share,1
342,1841,20231218,Like,1
1328,1014,20230722,Comment,1
797,5729,20230824,Like,1
1420,5785,20230129,Share,1
1597,2894,20230311,Like,1
457,2973,20230520,Like,1
203,98,20230926,Share,1
1654,3283,20231125,Like,1
293,3523,20231214,Comment,1
1957,1994,20230302,Like,1
315,713,20230830,Like,1
282,1978,20230107,Like,1
1173,567,20230131,Like,1
409,4423,20231008,Comment,1
1954,795,20231120,Like,1
363,4613,20230803,Like,1
1519,5931,20230512,Like,1
1488,804,20231020,Like,1
1363,1605,20230928,Like,1
24,1356,20231012,Like,1
1300,1183,20230227,Comment,1
1220,4564,20230418,Like,1
561,1594,20230902,Like,1
1371,311,20230416,Like,1
1066,4263,20230608,Like,1
133,2179,20230310,Like,1
1296,1595,20230211,Share,1
1538,5330,20230527,Like,1
1017,4759,20230814,Like,1
1178,2310,20230302,Like,1
1179,5069,20231209,Like,1
1158,3877,20230703,Like,1
1220,5938,20230531,Comment,1
1616,2485,20230725,Share,1
1844,2480,20231029,Comment,1
1946,4753,20230129,Like,1
1,5655,20230207,Like,1
995,2206,20230925,Like,1
1913,1861,20230521,Like,1
1411,4446,20230416,Comment,1
1124,5561,20230327,Share,1
154,1092,20230421,Like,1
1365,4474,20230127,Like,1
836,3704,20230327,Comment,1
1362,5243,20230325,Comment,1
1829,1952,20230903,Comment,1
1646,5407,20230212,Comment,1
1295,1038,20230809,Like,1
330,5010,20230913,Like,1
314,5125,20231105,Like,1
1003,1060,20231013,Like,1
858,2305,20230627,Like,1
1201,4613,20230901,Comment,1
219,358,20230824,Like,1
1414,3115,20231122,Like,1
1509,3220,20230823,Comment,1
478,2437,20230902,Like,1
1960,1600,20230111,Like,1
1920,4213,20230128,Like,1
301,2763,20230315,Like,1
1939,1483,20230607,Like,1
307,4527,20230615,Comment,1
90,1128,20231101,Share,1
1792,3466,20230909,Like,1
540,2883,20231010,Like,1
438,5160,20230315,Like,1
280,4150,20230606,Share,1
667,87,20231104,Like,1
840,5086,20230221,Like,1
337,1800,20230202,Share,1
1034,3986,20230720,Share,1
1711,4410,20230921,Like,1
1133,4603,20230116,Like,1
340,2014,20231016,Like,1
323,3049,20230610,Comment,1
1349,996,20230510,Like,1
1933,4357,20230613,Like,1
663,5143,20230111,Like,1
1915,2637,20230625,Like,1
1762,2235,20230623,Comment,1
627,4769,20230113,Like,1
1677,4248,20230317,Comment,1
588,4917,20230831,Share,1
636,2769,20230712,Like,1
1940,5371,20230615,Like,1
1441,2278,20230908,Like,1
679,5301,20231001,Like,1
333,1904,20231002,Like,1
109,4656,20230215,Share,1
396,2817,20230813,Comment,1
1486,5395,20230901,Like,1
24,282,20230215,Like,1
1173,4195,20230905,Like,1
1029,960,20230610,Like,1
1501,5326,20230801,Like,1
3,1045,20230222,Share,1
997,1758,20230714,Comment,1
1897,4440,20230711,Like,1
517,3689,20230915,Like,1
643,5666,20231225,Like,1
904,412,20231019,Like,1
1932,886,20231228,Share,1
1607,3828,20230918,Comment,1
915,2598,20230831,Like,1
558,5760,20230616,Like,1
733,4621,20230812,Like,1
475,1912,20231120,Comment,1
1433,2646,20230801,Like,1
1361,1298,20230629,Like,1
901,4042,20231103,Like,1
1434,3001,20230721,Like,1
1896,4166,20230819,Like,1
1437,5490,20230617,Like,1
806,60,20231107,Like,1
359,5283,20231111,Like,1
1651,4274,20230302,Like,1
1054,5569,20230125,Like,1
982,2230,20231209,Like,1
1890,5427,20230606,Like,1
1515,4069,20230524,Like,1
1148,3138,20230215,Like,1
469,3534,20230920,Like,1
1128,770,20230225,Like,1
865,5015,20230809,Like,1
184,4497,20230321,Like,1
144,2159,20231121,Like,1
1625,3706,20231011,Comment,1
276,2985,20231103,Like,1
1148,1163,20231017,Like,1
639,1875,20230227,Like,1
962,2840,20230420,Like,1
472,2041,20230702,Like,1
1612,158,20230426,Like,1
287,4559,20230114,Like,1
1634,1319,20230318,Like,1
712,3533,20231214,Like,1
1893,5169,20230510,Comment,1
1859,1313,20230309,Share,1
775,4443,20230720,Like,1
1761,4256,20230320,Like,1
776,2518,20230712,Like,1
260,131,20230216,Like,1
909,4012,20230408,Like,1
356,5490,20230118,Like,1
116,3386,20230419,Like,1
1521,4551,20231022,Like,1
1843,1644,20231013,Share,1
1335,1653,20230706,Like,1
737,901,20230503,Comment,1
736,960,20230721,Share,1
131,787,20230521,Like,1
1916,3155,20231117,Like,1
28,2645,20230307,Like,1
1624,4439,20230819,Like,1
1950,5154,20230117,Comment,1
560,4008,20230910,Like,1
979,2126,20231207,Share,1
502,719,20230715,Comment,1
931,3119,20230624,Like,1
1954,5682,20230501,Comment,1
1079,3238,20231015,Like,1
1177,1931,20230307,Like,1
993,5428,20230725,Comment,1
1845,1581,20230416,Like,1
171,3355,20230809,Like,1
429,821,20230523,Like,1
218,793,20230921,Like,1
1067,5125,20230915,Share,1
215,2311,20230206,Like,1
217,192,20230501,Like,1
932,1828,20231207,Like,1
218,3347,20230614,Comment,1
1825,688,20230303,Comment,1
275,2051,20231018,Like,1
1669,1380,20230402,Like,1
254,982,20230304,Like,1
1044,1010,20230428,Like,1
421,5478,20230201,Comment,1
414,979,20231213,Like,1
782,1323,20230516,Comment,1
1429,1460,20230406,Like,1
127,1925,20230426,Like,1
763,2504,20231014,Like,1
167,208,20231126,Like,1
421,2763,20230213,Like,1
1856,5254,20231110,Comment,1
1770,4846,20230924,Like,1
1831,4796,20230224,Like,1
73,1512,20231017,Like,1
1253,5076,20230405,Like,1
519,2324,20230510,Comment,1
1489,4995,20230801,Like,1
1050,122,20230605,Like,1
395,2306,20230519,Comment,1
831,5964,20231111,Comment,1
1176,250,20230203,Like,1
193,974,20230217,Like,1
548,275,20230612,Like,1
563,2578,20230902,Comment,1
398,2632,20230405,Like,1
11,4108,20230204,Like,1
252,1691,20230915,Share,1
1823,4295,20230430,Like,1
156,539,20231221,Comment,1
656,1337,20230120,Like,1
318,1142,20230504,Like,1
601,5685,20230904,Like,1
1392,4392,20230324,Like,1
162,5194,20230623,Comment,1
1240,4649,20231104,Like,1
1129,552,20230313,Like,1
107,3137,20230305,Like,1
419,3933,20230104,Like,1
633,1778,20230524,Like,1
1088,4028,20230201,Like,1
433,4089,20231030,Like,1
1269,3569,20230225,Like,1
1868,4159,20231020,Like,1
1084,2570,20230406,Like,1
1215,4273,20230523,Like,1
564,3674,20231222,Like,1
1701,4385,20231230,Like,1
652,5862,20230610,Comment,1
347,1132,20230621,Like,1
384,2663,20231014,Like,1
969,4726,20230302,Share,1
1772,3671,20230425,Like,1
72,3973,20230501,Comment,1
1938,3676,20230825,Like,1
1737,4751,20230710,Share,1
1980,3235,20230626,Like,1
408,4153,20230616,Like,1
1697,2986,20230320,Share,1
411,866,20230321,Comment,1
652,2887,20230316,Comment,1
1782,5554,20231123,Like,1
694,3453,20230305,Like,1
1780,269,20230209,Comment,1
938,4517,20230529,Comment,1
1682,5519,20230510,Like,1
56,2008,20230908,Like,1
1763,3795,20230918,Like,1
1868,3297,20230720,Like,1
776,2103,20231220,Like,1
1628,4696,20230120,Comment,1
270,2195,20230104,Comment,1
1838,2164,20230112,Comment,1
254,2261,20231009,Like,1
1468,4626,20230317,Like,1
60,1738,20231211,Like,1
1963,1307,20230221,Like,1
500,1352,20230928,Like,1
312,135,20230604,Like,1
711,4009,20230115,Comment,1
935,604,20231016,Like,1
1854,4721,20230226,Like,1
1231,2070,20231203,Like,1
1761,5581,20230214,Like,1
1304,4236,20231221,Like,1
71,3133,20230216,Like,1
1709,5029,20230304,Like,1
1277,589,20230223,Like,1
1021,2524,20230917,Like,1
751,551,20230809,Like,1
1730,523,20230912,Comment,1
395,5681,20230823,Share,1
854,1507,20230612,Like,1
1291,2903,20230702,Like,1
1675,3775,20231020,Share,1
1917,3874,20230419,Like,1
350,1151,20230102,Like,1
89,2059,20230925,Like,1
994,2451,20230312,Comment,1
284,3596,20230411,Comment,1
1376,591,20230622,Like,1
597,2111,20230307,Share,1
762,4838,20230326,Comment,1
1614,446,20230906,Comment,1
462,3559,20230329,Like,1
1616,5130,20230801,Like,1
482,5237,20231220,Comment,1
1273,2485,20230128,Like,1
932,3858,20230909,Comment,1
1620,2829,20230118,Comment,1
1078,1339,20230313,Like,1
1032,981,20230410,Comment,1
391,4967,20230430,Like,1
1431,1336,20231113,Like,1
407,5262,20231015,Like,1
908,4097,20231001,Share,1
1459,3947,20230621,Like,1
1599,3213,20230402,Like,1
224,3450,20230513,Like,1
1111,2059,20230504,Like,1
1354,3238,20230625,Like,1
189,2810,20230528,Like,1
1068,536,20230202,Like,1
542,1237,20231110,Like,1
432,3086,20230705,Share,1
943,79,20231004,Like,1
122,2410,20230513,Like,1
655,4482,20231203,Like,1
1569,5922,20230203,Share,1
1447,1032,20230610,Like,1
685,5057,20230216,Like,1
1834,4327,20230321,Share,1
1675,2234,20230228,Comment,1
214,501,20230317,Like,1
1095,3062,20230902,Like,1
1940,439,20230730,Like,1
1397,2771,20230117,Like,1
1988,2969,20230208,Like,1
1059,5397,20230714,Share,1
1456,4244,20231217,Like,1
1448,97,20230417,Like,1
241,4070,20230123,Like,1
39,3744,20230801,Like,1
710,5325,20230611,Comment,1
593,4114,20230729,Like,1
1293,236,20231231,Like,1
178,5724,20230224,Comment,1
1643,4521,20230903,Like,1
1524,3270,20230506,Like,1
1654,656,20230707,Share,1
981,1163,20230507,Like,1
1305,1903,20230330,Like,1
794,4948,20230627,Like,1
335,463,20230316,Like,1
627,318,20230813,Share,1
1025,1900,20230306,Like,1
884,3477,20230505,Like,1
1528,1278,20230214,Share,1
1758,4967,20230126,Like,1
1980,902,20230507,Like,1
934,4876,20230504,Like,1
1382,4318,20230412,Like,1
1182,2370,20230825,Like,1
963,2913,20231030,Like,1
472,2993,20230227,Like,1
447,5750,20230114,Like,1
1877,2630,20230811,Comment,1
320,694,20230929,Share,1
813,337,20230403,Like,1
173,262,20230322,Like,1
14,5927,20230124,Like,1
1647,4970,20230403,Like,1
1969,1815,20231130,Like,1
1531,5447,20231005,Comment,1
1211,2063,20230618,Like,1
453,5838,20230417,Like,1
504,951,20230201,Like,1
844,3568,20230104,Like,1
1362,1979,20230203,Like,1
1795,5844,20230623,Like,1
144,5380,20230706,Comment,1
1299,3704,20230408,Comment,1
274,2423,20230707,Like,1
1257,2856,20231112,Like,1
1970,5253,20230402,Like,1
1135,1895,20230701,Share,1
1376,4103,20230513,Like,1
1486,1140,20230722,Like,1
1059,5124,20230430,Like,1
600,3387,20230430,Like,1
322,800,20230403,Share,1
631,3113,20230820,Comment,1
1741,1753,20231213,Like,1
334,4271,20230616,Like,1
358,1677,20231212,Like,1
724,3952,20231227,Like,1
1533,5069,20230103,Like,1
787,1906,20231022,Share,1
1421,3773,20230303,Like,1
24,3149,20231226,Like,1
866,2836,20230716,Like,1
794,40,20230204,Like,1
1361,2073,20230807,Like,1
811,2410,20230307,Like,1
1146,3630,20230605,Like,1
1534,1272,20231123,Like,1
1437,5486,20230131,Like,1
625,58,20230614,Like,1
1594,3855,20231113,Like,1
1950,3507,20231110,Like,1
852,2547,20230509,Like,1
240,2020,20231018,Like,1
1412,2859,20230501,Like,1
632,1691,20230615,Comment,1
488,42,20230424,Like,1
1179,5216,20230910,Share,1
903,5074,20230226,Like,1
906,4040,20230915,Like,1
185,412,20230727,Like,1
458,4994,20230203,Like,1
1016,2646,20230318,Like,1
1197,4236,20230728,Like,1
4,1331,20231006,Like,1
1826,2948,20231208,Like,1
1377,5003,20230102,Comment,1
1644,5572,20231110,Comment,1
1270,4163,20231009,Like,1
1833,760,20230828,Like,1
1210,3889,20230813,Like,1
1906,487,20230207,Like,1
1075,1940,20231026,Like,1
349,3455,20231205,Like,1
1923,5429,20230426,Comment,1
1578,62,20230302,Like,1
1015,5298,20230908,Like,1
790,3240,20230325,Like,1
649,3452,20230514,Like,1
1718,5915,20231215,Comment,1
1898,2478,20230608,Like,1
900,1188,20230408,Comment,1
154,5354,20230815,Share,1
1475,1592,20231101,Share,1
1929,4036,20231211,Comment,1
629,680,20231015,Like,1
761,5359,20230116,Comment,1
46,1280,20231012,Share,1
1761,3822,20230426,Comment,1
1129,578,20230928,Like,1
1548,5165,20230615,Comment,1
233,1276,20230502,Like,1
1819,926,20230319,Like,1
1138,5204,20230128,Like,1
959,1499,20230622,Like,1
45,541,20230420,Like,1
1555,5753,20231210,Like,1
1575,4249,20230730,Like,1
1224,61,20230822,Share,1
1741,3017,20230414,Like,1
1524,2868,20231027,Like,1
1181,1926,20231022,Share,1
72,1489,20230823,Comment,1
228,4267,20231109,Like,1
64,2330,20230328,Like,1
127,4319,20230724,Share,1
479,3877,20230920,Like,1
1664,3741,20230319,Comment,1
1306,5668,20230523,Like,1
1894,726,20230120,Like,1
1924,5307,20231104,Like,1
161,4479,20230331,Like,1
1988,5227,20230323,Share,1
89,4674,20230529,Like,1
1159,5803,20230921,Like,1
1255,3834,20230907,Comment,1
1628,1595,20231008,Like,1
477,1249,20230916,Share,1
723,5952,20230728,Like,1
307,1094,20230922,Like,1
1833,5717,20231212,Like,1
1033,4208,20230628,Share,1
1671,2966,20231019,Like,1
529,5333,20231204,Like,1
1377,1812,20231106,Share,1
951,2049,20230220,Like,1
278,3516,20230609,Comment,1
267,1695,20230109,Comment,1
958,684,20230204,Like,1
484,374,20230317,Like,1
1185,5095,20230922,Like,1
923,5278,20231007,Like,1
1553,4412,20230612,Like,1
1255,4022,20230929,Comment,1
471,943,20230105,Like,1
1822,4111,20231203,Like,1
307,1896,20230212,Like,1
155,4953,20231031,Like,1
1146,1076,20230606,Like,1
437,5156,20230826,Like,1
873,4845,20230713,Comment,1
1832,3224,20231212,Share,1
1614,4020,20230623,Comment,1
100,4818,20230830,Comment,1
178,2406,20230502,Like,1
692,4253,20230902,Like,1
376,5573,20231110,Comment,1
1765,743,20230417,Like,1
839,4664,20230326,Like,1
1878,4908,20230328,Like,1
355,1425,20230524,Like,1
370,222,20230704,Like,1
760,5808,20230513,Like,1
775,4309,20230202,Like,1
36,2900,20231120,Comment,1
205,1563,20230312,Like,1
985,5057,20230314,Like,1
659,3931,20230924,Like,1
307,3752,20230227,Like,1
1536,5703,20230204,Like,1
1523,3088,20231113,Like,1
593,2905,20231011,Like,1
1500,2717,20230405,Like,1
1910,2838,20230715,Like,1
1580,144,20231119,Like,1
1530,2348,20230208,Like,1
214,3415,20230608,Like,1
793,3029,20230210,Like,1
379,2354,20230221,Like,1
1864,3863,20230910,Like,1
578,3237,20230212,Like,1
1976,1543,20231029,Like,1
1092,995,20230418,Like,1
1138,3151,20230406,Like,1
439,2804,20231008,Like,1
280,1293,20230508,Comment,1
1806,5776,20230308,Like,1
783,4003,20230523,Like,1
1782,5003,20231015,Like,1
836,2066,20230624,Comment,1
689,3559,20230512,Share,1
1297,2337,20230925,Like,1
841,439,20230713,Like,1
1836,3835,20231009,Like,1
665,1076,20230705,Like,1
200,5572,20230730,Like,1
190,4522,20231214,Comment,1
156,3558,20230325,Like,1
407,2161,20230107,Like,1
471,2806,20230428,Like,1
1240,325,20230104,Like,1
1703,4911,20230106,Like,1
1586,2886,20230917,Like,1
1605,4030,20230427,Like,1
323,3373,20230311,Like,1
524,1905,20231029,Like,1
32,1725,20230506,Share,1
1382,1149,20230522,Like,1
692,4031,20230302,Like,1
1175,4578,20230904,Like,1
1342,2494,20230913,Like,1
1075,1530,20230713,Like,1
1212,5883,20230808,Like,1
976,685,20231203,Like,1
72,2014,20230828,Like,1
1082,187,20230403,Like,1
1502,2918,20230423,Like,1
888,1527,20230110,Like,1
1100,5910,20230812,Like,1
1786,5578,20230402,Like,1
1431,3604,20231113,Share,1
923,1245,20230730,Share,1
500,1020,20230804,Like,1
1810,5294,20230325,Share,1
325,5550,20230412,Like,1
1293,281,20230901,Like,1
1080,5873,20230603,Like,1
1810,4536,20230830,Like,1
1933,5902,20230110,Share,1
1191,3857,20230512,Comment,1
963,2509,20230131,Like,1
565,5109,20230614,Like,1
1924,1630,20231015,Like,1
1532,3145,20230920,Like,1
478,3811,20230325,Comment,1
1187,1698,20230910,Like,1
1668,5220,20231026,Like,1
708,5058,20230924,Like,1
1225,4616,20231024,Like,1
1117,5387,20230307,Like,1
911,2285,20230605,Like,1
746,4796,20230522,Like,1
1375,5473,20230809,Like,1
296,1204,20231207,Like,1
416,1425,20230401,Like,1
611,441,20231224,Like,1
1630,5346,20230522,Share,1
1734,3614,20231212,Like,1
1300,578,20230208,Like,1
671,5762,20230910,Like,1
1834,4197,20231123,Like,1
1308,2787,20230226,Like,1
1795,1101,20230210,Like,1
1816,5545,20231124,Share,1
1325,4493,20231002,Share,1
737,4625,20231107,Like,1
1879,5763,20230527,Like,1
1769,3571,20230326,Like,1
1335,3519,20230309,Comment,1
995,2772,20230217,Comment,1
789,2872,20230623,Like,1
1415,1594,20230207,Comment,1
1050,902,20231112,Like,1
1048,5807,20230119,Share,1
1351,1533,20230401,Share,1
615,3418,20231021,Like,1
1444,3180,20231112,Like,1
1673,5115,20231115,Comment,1
1929,1972,20231128,Comment,1
388,3608,20230823,Like,1
1372,2683,20230410,Like,1
467,2561,20230121,Like,1
1969,4462,20230711,Like,1
666,1900,20230502,Share,1
585,3290,20230813,Like,1
1146,1195,20230521,Like,1
350,5471,20230524,Like,1
428,3408,20230829,Like,1
1477,3546,20231106,Like,1
1245,5688,20230819,Like,1
1470,4141,20231216,Like,1
1441,5992,20230915,Like,1
1477,286,20230206,Like,1
861,2365,20230713,Comment,1
1740,5445,20230505,Like,1
226,1703,20231111,Like,1
1871,5526,20230603,Share,1
1934,931,20231121,Share,1
1073,1331,20231025,Like,1
1464,1976,20230701,Comment,1
785,675,20230901,Share,1
1012,3128,20230416,Like,1
258,975,20230908,Like,1
1589,1015,20231023,Like,1
250,4627,20230129,Share,1
1533,5320,20231122,Like,1
1277,1887,20230712,Like,1
1788,4823,20230618,Comment,1
1488,5244,20230624,Like,1
618,3116,20231121,Like,1
1684,1883,20230827,Like,1
1188,2968,20230910,Like,1
729,978,20230215,Like,1
1105,5290,20230630,Like,1
1177,2773,20231214,Comment,1
17,1848,20230623,Like,1
1264,830,20231216,Like,1
548,4315,20230423,Share,1
870,2131,20230722,Like,1
1671,2277,20230621,Like,1
1034,3194,20230723,Like,1
1254,3950,20231227,Comment,1
468,2173,20230825,Like,1
1,3869,20230411,Like,1
902,1621,20230822,Like,1
1793,5461,20230712,Comment,1
715,336,20230708,Share,1
616,5304,20230513,Share,1
1109,1731,20230713,Comment,1
1315,2353,20230613,Like,1
361,1705,20230307,Like,1
1701,1827,20230710,Like,1
1738,5120,20230121,Like,1
969,723,20230829,Like,1
1063,4434,20230830,Like,1
1242,3700,20230522,Like,1
1878,1546,20230622,Like,1
1902,3300,20230208,Like,1
688,1586,20230212,Like,1
1803,1867,20230210,Like,1
950,2100,20230121,Comment,1
709,4263,20230228,Like,1
381,5037,20231013,Like,1
1199,5742,20230922,Like,1
1198,519,20230619,Like,1
1229,1537,20230712,Share,1
1176,2133,20230320,Comment,1
506,2110,20230101,Like,1
580,986,20231213,Like,1
589,2166,20231123,Like,1
1956,714,20230928,Like,1
812,3470,20230515,Share,1
1598,5075,20230527,Like,1
1023,5965,20230617,Like,1
17,5103,20230415,Like,1
522,4347,20230830,Like,1
97,4310,20231107,Like,1
1814,4570,20231003,Like,1
1695,5197,20231210,Like,1
1961,762,20231105,Like,1
1389,481,20231018,Like,1
1527,4122,20231108,Share,1
512,3740,20230714,Like,1
1988,3900,20230410,Share,1
1453,3240,20230806,Like,1
1362,4566,20230824,Like,1
1579,542,20230108,Like,1
1446,4740,20230803,Comment,1
249,5934,20231128,Like,1
1448,3995,20230417,Like,1
1310,4678,20230820,Like,1
1638,2126,20230309,Comment,1
1243,4121,20230415,Like,1
1320,4862,20231212,Like,1
917,2726,20230531,Like,1
933,4642,20230605,Like,1
1707,342,20230623,Share,1
615,1296,20230604,Like,1
1563,4803,20230210,Like,1
1519,4033,20231031,Share,1
1348,4121,20230531,Like,1
652,1838,20230106,Share,1
402,76,20231209,Comment,1
217,5253,20231126,Like,1
398,4770,20231022,Like,1
1962,5126,20230626,Like,1
710,1015,20230730,Like,1
723,5841,20230506,Like,1
1016,2111,20231019,Like,1
636,1743,20230308,Like,1
1347,2152,20231022,Comment,1
912,4579,20230409,Like,1
1847,1976,20230103,Comment,1
1261,5800,20231002,Like,1
828,1864,20231117,Like,1
1619,2400,20231004,Like,1
1325,1567,20230427,Like,1
1219,4068,20231203,Like,1
1288,3551,20230125,Like,1
579,2044,20230219,Like,1
1921,3766,20231125,Like,1
1658,2608,20230222,Like,1
592,4203,20231114,Like,1
740,3255,20230119,Like,1
899,849,20231206,Like,1
96,5850,20230111,Share,1
1369,3548,20230904,Like,1
1785,2589,20230815,Like,1
272,2363,20230203,Comment,1
123,5248,20230306,Like,1
1428,1670,20230624,Like,1
717,3166,20231005,Comment,1
1527,3982,20230507,Like,1
1467,1772,20230823,Like,1
66,4472,20230321,Like,1
1508,3792,20230320,Like,1
1501,3480,20231112,Comment,1
520,4932,20230917,Like,1
447,5115,20231224,Share,1
1545,4739,20230606,Like,1
1867,4981,20230524,Like,1
1843,4680,20231207,Like,1
1665,3444,20230318,Like,1
236,1732,20231119,Like,1
778,5942,20230223,Comment,1
854,1915,20231010,Like,1
1535,278,20230610,Like,1
245,3510,20230724,Like,1
143,4708,20230425,Comment,1
179,1638,20230921,Like,1
605,631,20230820,Like,1
986,2816,20230716,Comment,1
1645,4375,20230211,Like,1
1496,4091,20230219,Like,1
165,353,20231127,Share,1
84,5926,20231030,Like,1
566,969,20230311,Comment,1
216,4099,20230720,Share,1
1482,98,20230123,Like,1
1359,4248,20230507,Like,1
1096,2329,20231222,Comment,1
468,2808,20231212,Like,1
839,5868,20230629,Like,1
949,1397,20230418,Like,1
62,897,20231015,Like,1
1673,3351,20230803,Share,1
1630,3930,20230517,Like,1
581,2077,20230816,Like,1
585,487,20231118,Comment,1
692,4960,20230926,Like,1
894,3546,20230127,Like,1
1552,642,20230109,Like,1
1046,3182,20230610,Like,1
314,2622,20230401,Comment,1
1356,1355,20230104,Like,1
1483,3427,20230215,Like,1
466,2639,20230606,Like,1
374,4544,20231102,Share,1
1242,2652,20230512,Like,1
794,1676,20230416,Like,1
36,500,20230213,Comment,1
1519,4365,20230403,Like,1
719,5917,20230813,Like,1
952,5705,20230827,Share,1
427,5172,20230402,Like,1
370,3977,20230505,Comment,1
1287,3502,20231123,Like,1
1506,4792,20230906,Like,1
1618,4874,20230103,Like,1
1656,1884,20230810,Like,1
380,4682,20230925,Like,1
905,5525,20230324,Comment,1
855,1290,20230518,Like,1
423,1920,20231114,Comment,1
445,5533,20230606,Share,1
797,3438,20230504,Like,1
1850,851,20230905,Comment,1
1943,4242,20231115,Like,1
65,1330,20230628,Like,1
744,3406,20230113,Like,1
254,3937,20230724,Like,1
815,4847,20230808,Like,1
124,5578,20230428,Like,1
649,3318,20231019,Share,1
1815,4139,20230310,Like,1
25,3115,20231107,Share,1
1899,5662,20230520,Share,1
1087,968,20231218,Like,1
927,5318,20230429,Like,1
961,4934,20230423,Like,1
1734,2805,20230506,Like,1
1590,5271,20231105,Like,1
583,3931,20230506,Like,1
679,166,20230414,Like,1
1324,5745,20231205,Like,1
1687,2350,20230709,Like,1
469,3198,20230427,Like,1
948,1040,20230724,Comment,1
361,2741,20230526,Comment,1
1815,3085,20230719,Like,1
1151,5869,20230410,Like,1
798,1236,20230806,Like,1
1266,4286,20230403,Like,1
51,3822,20230715,Share,1
13,998,20230908,Share,1
513,3143,20231217,Like,1
405,5622,20230320,Like,1
150,2575,20230621,Like,1
171,3613,20230211,Share,1
1709,5119,20230124,Share,1
748,1678,20231223,Like,1
1555,2737,20230206,Like,1
1906,4434,20230610,Like,1
1895,5543,20230902,Share,1
1376,2633,20230101,Like,1
481,766,20231124,Like,1
1706,4081,20230911,Comment,1
508,1095,20230213,Like,1
1448,3909,20230702,Like,1
1858,773,20231205,Like,1
855,523,20231026,Like,1
628,2245,20230102,Like,1
1058,3426,20230208,Like,1
1062,134,20231115,Comment,1
82,4499,20230516,Comment,1
910,5317,20230928,Like,1
387,4566,20230830,Comment,1
304,1052,20230716,Comment,1
1120,4113,20231022,Comment,1
1603,1985,20230508,Like,1
1456,5684,20230517,Like,1
1103,5416,20230507,Like,1
479,5475,20231029,Like,1
233,5528,20231103,Comment,1
1503,1876,20231111,Like,1
1099,1957,20230808,Like,1
1764,4669,20231201,Share,1
1802,4442,20230712,Like,1
1466,2812,20230125,Like,1
1911,572,20230520,Like,1
1104,2843,20230319,Like,1
1490,4928,20230909,Share,1
714,5619,20230602,Like,1
1563,455,20230724,Like,1
1355,763,20230521,Like,1
1031,2128,20230606,Share,1
169,4281,20230414,Comment,1
1882,1913,20230510,Comment,1
148,1131,20231019,Like,1
1407,4585,20231222,Like,1
165,4134,20230119,Share,1
740,916,20230813,Comment,1
1416,3268,20230426,Like,1
952,1395,20231114,Like,1
1157,4143,20230709,Share,1
1567,810,20230519,Like,1
983,3824,20230208,Like,1
501,3983,20230626,Like,1
23,137,20231013,Like,1
1632,2189,20230914,Comment,1
907,5406,20230706,Like,1
1557,358,20230702,Like,1
946,3720,20231124,Like,1
1332,5184,20230625,Comment,1
702,5821,20230411,Like,1
656,2146,20230820,Like,1
1307,3679,20230609,Comment,1
406,522,20230611,Share,1
306,2001,20230112,Like,1
737,2210,20230330,Like,1
1075,3458,20230724,Like,1
1955,3981,20231207,Like,1
57,210,20230111,Like,1
1054,1702,20230726,Comment,1
126,1656,20230803,Like,1
153,5694,20230822,Like,1
1160,5125,20231004,Comment,1
691,4741,20230524,Like,1
1432,3895,20230722,Like,1
1129,4495,20231018,Comment,1
246,4859,20231126,Comment,1
1597,4909,20231025,Like,1
1973,5118,20230524,Like,1
421,1949,20230412,Share,1
755,3817,20230323,Share,1
1891,742,20230120,Like,1
1430,2644,20230801,Like,1
154,2341,20230822,Like,1
35,1564,20230627,Like,1
161,1581,20230811,Like,1
868,4145,20231210,Share,1
1404,2355,20230202,Like,1
273,3859,20231114,Comment,1
1270,3819,20230216,Comment,1
949,5111,20230903,Like,1
1242,2173,20230727,Like,1
1507,607,20231028,Like,1
504,614,20230323,Share,1
1440,4105,20230322,Like,1
1675,4528,20231208,Comment,1
1174,761,20230130,Like,1
764,2342,20230308,Like,1
36,5694,20230317,Like,1
1050,4916,20230206,Like,1
1637,4635,20230301,Like,1
1828,2447,20230318,Like,1
691,4622,20230219,Comment,1
1626,3430,20230914,Like,1
1825,5181,20230120,Share,1
1081,2773,20230811,Like,1
1728,3421,20230103,Like,1
1150,2782,20230928,Like,1
1152,1549,20231010,Like,1
677,380,20230107,Like,1
1978,1915,20231119,Comment,1
1181,1059,20230427,Share,1
32,238,20231026,Comment,1
492,2229,20230915,Share,1
1477,590,20230503,Like,1
887,1504,20230614,Like,1
1376,2677,20231103,Like,1
567,4306,20231222,Like,1
769,4137,20230216,Like,1
144,4428,20230314,Like,1
565,910,20230119,Like,1
1939,2931,20230204,Like,1
1145,4371,20231105,Like,1
1952,5765,20230213,Like,1
1922,5080,20231004,Like,1
1738,5616,20231023,Like,1
124,5538,20231008,Like,1
1381,93,20230925,Like,1
1462,4415,20230403,Like,1
905,739,20230117,Like,1
1762,1457,20230314,Like,1
440,787,20230520,Like,1
806,3626,20231116,Like,1
1348,5248,20230714,Like,1
1302,2235,20231019,Like,1
145,5247,20230714,Like,1
1653,4005,20231011,Like,1
146,3914,20230620,Comment,1
1863,1478,20231127,Like,1
608,109,20230111,Like,1
1584,3847,20230716,Comment,1
371,1190,20231204,Comment,1
1023,3056,20231014,Like,1
405,4267,20231211,Like,1
1792,985,20230301,Like,1
1454,2481,20231224,Like,1
486,4277,20230530,Like,1
1995,3868,20231001,Share,1
1370,1662,20230804,Comment,1
1748,506,20231206,Comment,1
969,5690,20231121,Like,1
117,972,20230717,Like,1
541,4765,20231102,Like,1
1338,110,20230202,Like,1
377,1230,20230616,Like,1
1290,5570,20231113,Comment,1
1266,11,20230705,Like,1
1357,2003,20230719,Like,1
299,4449,20230529,Like,1
1488,5171,20230906,Like,1
1888,5710,20231009,Like,1
683,1169,20230210,Like,1
1301,3194,20230315,Like,1
1002,2978,20231011,Like,1
1216,1056,20230105,Like,1
1010,4406,20231109,Comment,1
495,3592,20230731,Share,1
1248,1264,20230328,Like,1
1020,84,20230514,Comment,1
55,160,20230623,Like,1
1801,569,20231208,Comment,1
1865,959,20230801,Like,1
1247,4027,20230503,Like,1
285,5429,20230613,Comment,1
1408,3955,20230502,Like,1
967,1876,20230629,Like,1
1277,4704,20230224,Share,1
1085,503,20230501,Comment,1
888,4343,20230112,Comment,1
428,4287,20230322,Like,1
1489,3285,20231205,Share,1
1385,1215,20230808,Like,1
1247,927,20230723,Like,1
372,3295,20231219,Like,1
663,4024,20230421,Comment,1
854,3666,20230803,Like,1
899,4107,20230305,Like,1
809,646,20230926,Like,1
641,3441,20231212,Like,1
1206,2148,20230814,Comment,1
1236,3659,20231223,Like,1
1986,1290,20230705,Like,1
974,5739,20231227,Like,1
1303,713,20230903,Like,1
1579,4898,20231109,Like,1
1235,1402,20230630,Like,1
1710,1196,20230121,Comment,1
1307,5558,20230908,Like,1
1979,4733,20230315,Share,1
1615,1655,20230813,Comment,1
555,535,20230109,Like,1
401,353,20230405,Like,1
54,4498,20230528,Like,1
1610,5608,20230822,Share,1
1741,1467,20230519,Like,1
1800,2218,20230909,Like,1
1535,2062,20230613,Like,1
1043,5167,20230728,Share,1
686,1496,20230310,Like,1
835,1487,20230328,Like,1
1937,2249,20230312,Like,1
1456,3380,20230501,Like,1
1490,3973,20230529,Like,1
596,1967,20231116,Like,1
382,5578,20230731,Like,1
1010,2190,20230630,Like,1
115,5704,20230214,Like,1
370,2331,20231112,Like,1
62,2466,20230325,Comment,1
1341,3054,20230919,Like,1
1576,4895,20231026,Like,1
665,2888,20231207,Like,1
1092,3478,20231211,Like,1
1834,4246,20230612,Like,1
1746,1024,20230125,Share,1
188,3006,20231004,Like,1
933,2547,20231121,Like,1
1262,1143,20231222,Like,1
1781,5371,20230410,Like,1
1089,179,20230103,Like,1
1109,771,20231210,Comment,1
83,595,20230804,Like,1
109,1951,20230510,Like,1
1892,3372,20231110,Like,1
853,5967,20231229,Like,1
1468,5473,20230912,Like,1
1874,4698,20231227,Share,1
310,240,20230206,Like,1
312,3771,20230618,Comment,1
1950,4937,20230515,Share,1
87,4463,20230605,Like,1
980,2086,20230924,Like,1
1464,627,20230820,Comment,1
1783,960,20230704,Share,1
890,4530,20231106,Like,1
398,1274,20231201,Like,1
747,2421,20230315,Like,1
1202,5615,20230331,Like,1
634,23,20230908,Like,1
56,5068,20230607,Like,1
1895,5346,20230616,Like,1
866,1969,20231215,Like,1
1221,4088,20231214,Like,1
803,3031,20230516,Like,1
571,611,20231107,Like,1
1338,1681,20230912,Like,1
327,3259,20231203,Like,1
1082,3539,20230929,Like,1
364,5286,20230824,Like,1
665,991,20230415,Like,1
1468,4260,20230521,Comment,1
1401,5775,20230415,Comment,1
715,2454,20230314,Like,1
938,5090,20231223,Share,1
1660,1101,20231021,Like,1
1182,3842,20230422,Like,1
624,307,20230119,Comment,1
1870,4369,20230129,Like,1
326,2637,20230509,Like,1
772,1009,20231006,Share,1
407,1542,20230414,Comment,1
188,1020,20230125,Like,1
580,2201,20231020,Like,1
1363,5364,20230630,Like,1
1746,1042,20231120,Like,1
1231,1388,20231002,Like,1
1734,5262,20231213,Like,1
1119,5572,20230726,Share,1
126,2479,20231013,Like,1
914,1991,20230123,Like,1
1399,2835,20230227,Like,1
1083,1996,20230805,Share,1
873,1992,20230310,Share,1
1117,5133,20230811,Like,1
469,4014,20231127,Like,1
1101,3323,20230527,Like,1
464,146,20230905,Like,1
1726,1719,20230605,Like,1
1657,546,20231120,Like,1
1292,4751,20231217,Like,1
1923,1732,20230406,Like,1
318,5112,20230423,Like,1
1215,2746,20230121,Like,1
1108,3534,20231002,Like,1
1127,5941,20231128,Like,1
279,550,20230725,Comment,1
947,35,20230523,Share,1
1668,718,20230112,Like,1
1943,5742,20230129,Like,1
283,3352,20230707,Like,1
511,2698,20230713,Like,1
692,5004,20230505,Like,1
1606,1032,20230115,Like,1
1822,4029,20230405,Like,1
705,4940,20230926,Like,1
435,5234,20230617,Like,1
141,433,20230301,Like,1
1938,5838,20230126,Comment,1
206,5307,20230105,Like,1
841,289,20230115,Like,1
1627,341,20230511,Like,1
452,3011,20230227,Like,1
1480,67,20230122,Like,1
1171,3522,20230828,Like,1
635,5434,20230501,Like,1
1047,4605,20230702,Like,1
617,1704,20231010,Like,1
1240,3876,20230920,Like,1
1404,3844,20231113,Like,1
1712,2433,20230911,Like,1
1280,5860,20231013,Like,1
1,195,20230329,Comment,1
1150,602,20230321,Like,1
534,296,20230916,Like,1
1889,497,20231004,Share,1
277,4332,20230714,Share,1
281,1391,20230525,Like,1
1202,1957,20230913,Like,1
1132,3493,20230612,Like,1
1283,1296,20230202,Like,1
211,133,20231229,Like,1
1696,5123,20230429,Like,1
495,5105,20230131,Like,1
1101,4603,20230408,Share,1
1699,4219,20230313,Like,1
1145,2738,20230507,Like,1
1530,1015,20231022,Share,1
309,333,20230212,Like,1
985,848,20230314,Like,1
1444,164,20230423,Comment,1
1863,4974,20231118,Comment,1
568,2408,20230104,Share,1
1595,3550,20230907,Like,1
1527,2927,20230203,Like,1
646,5572,20230729,Like,1
1748,1834,20230503,Like,1
819,438,20230302,Like,1
555,1883,20230314,Like,1
1188,4663,20231030,Comment,1
766,4286,20230620,Like,1
1252,3323,20230418,Like,1
1310,5208,20230311,Comment,1
1827,5212,20231205,Like,1
1559,1159,20230104,Like,1
205,4417,20230620,Like,1
485,277,20230417,Like,1
23,2423,20231213,Like,1
1607,5805,20230518,Like,1
1203,2509,20231021,Like,1
1090,2453,20231115,Comment,1
1135,5979,20230130,Share,1
640,5215,20230629,Like,1
12,278,20230925,Like,1
315,403,20230430,Like,1
432,2222,20231027,Like,1
1194,4700,20230728,Like,1
506,3196,20231004,Like,1
1312,1160,20231212,Like,1
212,3416,20230116,Like,1
1928,1722,20230902,Comment,1
1130,2981,20230121,Like,1
982,4934,20230921,Like,1
192,5870,20230206,Like,1
341,766,20230907,Like,1
144,2210,20230211,Like,1
359,4405,20230712,Like,1
508,2517,20231030,Like,1
1978,3662,20230627,Like,1
1639,5461,20230731,Share,1
227,1675,20230607,Like,1
1186,716,20230504,Like,1
1063,599,20230831,Like,1
49,1832,20230720,Like,1
181,5933,20230115,Like,1
1703,2428,20230214,Like,1
1557,4362,20230207,Like,1
958,2849,20230214,Like,1
80,5693,20230618,Like,1
1774,4474,20230929,Like,1
1387,5562,20230111,Like,1
396,2087,20231018,Comment,1
937,1148,20230719,Like,1
438,3099,20230813,Like,1
1905,2551,20230216,Like,1
345,1844,20230930,Like,1
616,4152,20230407,Like,1
1158,646,20230327,Comment,1
489,4316,20231019,Like,1
1073,996,20230101,Like,1
1635,1939,20230121,Comment,1
1078,4559,20231201,Like,1
1647,5058,20231101,Like,1
805,998,20230713,Comment,1
429,1879,20230114,Comment,1
1399,579,20231224,Like,1
705,4830,20230703,Share,1
890,3356,20230629,Like,1
374,223,20230222,Like,1
1025,4792,20230908,Like,1
1196,3083,20230104,Like,1
437,4068,20230418,Comment,1
660,2764,20230707,Comment,1
65,582,20230508,Like,1
763,1821,20230222,Like,1
959,4018,20231129,Share,1
931,2679,20231119,Like,1
1538,4867,20230707,Like,1
722,581,20230106,Like,1
1148,976,20230826,Like,1
63,219,20231128,Share,1
1531,106,20230223,Comment,1
1035,4743,20230328,Like,1
1636,5703,20230609,Like,1
714,2656,20230907,Like,1
11,5455,20230804,Share,1
318,1505,20230401,Like,1
378,1864,20230630,Share,1
1590,4064,20230529,Like,1
1589,4952,20231001,Like,1
1201,370,20231007,Like,1
1907,2192,20230429,Like,1
410,741,20230716,Like,1
614,572,20231126,Like,1
1685,4166,20231118,Comment,1
859,3562,20230618,Like,1
1240,1204,20231122,Like,1
663,3403,20230725,Like,1
974,3674,20230803,Comment,1
785,4010,20230907,Like,1
935,2222,20230131,Like,1
51,662,20230324,Share,1
1222,5371,20230406,Like,1
1878,5871,20231122,Comment,1
405,3800,20231023,Like,1
405,4348,20230131,Comment,1
579,5618,20230914,Like,1
1247,695,20230426,Like,1
1733,4760,20231014,Like,1
1443,4793,20230220,Like,1
1354,1671,20231021,Like,1
336,4034,20230903,Comment,1
1459,3897,20230925,Like,1
1610,2954,20230111,Like,1
1669,3075,20231005,Like,1
1110,5941,20230902,Like,1
1980,424,20231121,Share,1
1139,1436,20231018,Comment,1
373,94,20230417,Like,1
415,931,20231026,Like,1
1002,2450,20230330,Like,1
1013,478,20230807,Like,1
1841,1953,20231217,Share,1
1613,5472,20230618,Like,1
1359,2048,20231107,Like,1
984,3529,20230921,Like,1
586,476,20231030,Comment,1
573,203,20231111,Like,1
1260,3553,20231108,Comment,1
290,4141,20231118,Like,1
1395,2815,20230216,Like,1
74,2949,20230112,Share,1
1284,3436,20230617,Like,1
546,2650,20230603,Like,1
1511,2260,20230118,Comment,1
1171,1715,20230518,Comment,1
825,1237,20230824,Share,1
1581,2171,20231219,Like,1
1791,2777,20230908,Share,1
283,5864,20230114,Share,1
1902,3003,20230721,Comment,1
1309,1874,20231109,Like,1
752,4657,20231101,Comment,1
1574,1097,20230903,Like,1
1765,2625,20230630,Comment,1
316,1234,20230330,Comment,1
866,2776,20230810,Share,1
555,1098,20230104,Like,1
326,2524,20231112,Like,1
173,1142,20230801,Like,1
87,4555,20231124,Like,1
619,3213,20231115,Like,1
87,5243,20231106,Comment,1
534,2392,20231225,Like,1
1285,4001,20230718,Like,1
1656,4127,20230819,Like,1
1626,4636,20230814,Comment,1
88,5297,20230219,Like,1
102,982,20230517,Like,1
265,2834,20231029,Like,1
129,5387,20230406,Like,1
29,1746,20231016,Like,1
1170,262,20231111,Share,1
750,3409,20230912,Share,1
464,2828,20230925,Like,1
1266,5957,20230817,Like,1
805,5134,20230921,Comment,1
1489,4965,20230801,Like,1
1939,267,20230526,Like,1
1856,3898,20231202,Share,1
1884,4762,20230205,Like,1
1228,3616,20230302,Like,1
1562,2856,20231202,Like,1
1107,2127,20231120,Like,1
462,3086,20230705,Like,1
68,2923,20230623,Share,1
538,5092,20230406,Like,1
113,3604,20230130,Comment,1
768,1763,20230804,Like,1
973,2846,20231211,Like,1
1711,2014,20230205,Share,1
1273,4362,20230129,Like,1
1453,1705,20230904,Share,1
1892,5993,20230509,Like,1
1028,20,20230111,Share,1
109,2937,20230401,Like,1
1475,5055,20230522,Like,1
377,4973,20230428,Like,1
1576,4025,20230618,Like,1
85,1749,20230714,Like,1
461,67,20230504,Comment,1
196,1436,20230512,Like,1
1090,1801,20231203,Like,1
1966,3557,20230425,Comment,1
740,3792,20230628,Comment,1
141,1838,20230316,Like,1
605,1578,20231214,Like,1
1795,5430,20230914,Comment,1
1771,4206,20231223,Like,1
374,472,20231102,Share,1
1088,89,20230209,Like,1
111,3472,20230523,Like,1
1065,2136,20230918,Share,1
1936,4352,20231117,Like,1
1518,3134,20230904,Share,1
1344,5110,20230827,Like,1
1690,3343,20230822,Like,1
1231,1513,20230426,Comment,1
79,60,20230101,Like,1
926,1746,20230729,Share,1
1579,4510,20230406,Like,1
1845,1407,20230123,Share,1
6,3955,20231003,Share,1
1346,2678,20231004,Comment,1
820,3658,20231020,Like,1
1949,2855,20230308,Like,1
61,4438,20231107,Like,1
1150,3251,20230407,Like,1
1261,3047,20230616,Like,1
1178,4326,20230922,Comment,1
1986,4190,20231025,Share,1
87,5594,20231003,Like,1
86,3827,20231125,Like,1
1742,5592,20230204,Comment,1
1726,3069,20231113,Like,1
561,5890,20230710,Like,1
1288,5088,20230804,Like,1
1099,4317,20230408,Like,1
1047,2015,20230319,Like,1
1144,2524,20230129,Like,1
991,2609,20230418,Like,1
594,1825,20230403,Like,1
1471,1685,20230419,Share,1
793,4981,20230623,Like,1
465,2219,20230919,Like,1
705,383,20231014,Like,1
637,40,20230329,Like,1
1935,545,20230628,Like,1
469,1550,20230130,Like,1
700,5336,20230610,Like,1
1708,2048,20230203,Like,1
1613,79,20230909,Comment,1
1280,255,20230219,Share,1
673,1173,20231214,Share,1
123,5718,20230926,Like,1
456,3961,20230607,Like,1
698,5279,20230225,Like,1
1885,2471,20230803,Like,1
1502,2429,20230511,Comment,1
1884,2156,20231009,Like,1
1196,3805,20230120,Like,1
100,4189,20230703,Like,1
1022,5402,20230405,Like,1
884,1040,20230712,Like,1
578,634,20231011,Like,1
1195,2946,20230130,Like,1
1471,1319,20231008,Like,1
189,4693,20230204,Comment,1
292,365,20230418,Like,1
393,3008,20230511,Like,1
231,3438,20230828,Like,1
1822,3816,20231203,Like,1
1353,3331,20231204,Share,1
1549,1276,20230804,Like,1
1433,3756,20230326,Like,1
59,5544,20230709,Share,1
1091,4452,20230602,Like,1
1902,3324,20230409,Share,1
1867,925,20230214,Comment,1
878,1357,20230611,Share,1
1525,1707,20230213,Like,1
211,3921,20231103,Like,1
1946,2191,20230909,Like,1
78,2211,20230401,Like,1
1516,1686,20231203,Like,1
1314,5752,20230526,Like,1
115,1025,20230427,Like,1
1857,4409,20230129,Share,1
1389,284,20230522,Like,1
1679,5242,20230129,Like,1
58,1731,20230815,Like,1
1046,1369,20230704,Like,1
1593,296,20230203,Like,1
1424,4901,20230629,Like,1
434,3636,20230323,Comment,1
992,2688,20230620,Like,1
983,4221,20230521,Like,1
1149,2055,20230420,Like,1
1675,3667,20231114,Like,1
1513,5343,20230721,Like,1
1767,3905,20230906,Like,1
730,2607,20230205,Like,1
465,1300,20230612,Comment,1
1674,5334,20230912,Like,1
883,4426,20230823,Like,1
1213,3149,20230618,Like,1
72,4069,20231017,Like,1
1734,5987,20231207,Like,1
1523,3163,20230116,Comment,1
865,168,20230222,Comment,1
85,3108,20230814,Share,1
1588,1974,20230404,Share,1
64,4202,20230620,Comment,1
1027,998,20230405,Like,1
1118,4137,20230103,Like,1
1310,3272,20231129,Like,1
1573,2357,20230703,Comment,1
1344,3117,20231215,Like,1
120,5033,20230128,Like,1
764,4583,20230305,Like,1
528,1305,20231218,Comment,1
1650,486,20230612,Like,1
1054,1528,20230226,Like,1
1021,5400,20230110,Like,1
845,1728,20230514,Like,1
1805,3049,20230309,Comment,1
296,4860,20230512,Like,1
886,4357,20230203,Share,1
134,1670,20230902,Like,1
569,2112,20230608,Like,1
819,5909,20230408,Share,1
861,2616,20231213,Like,1
1144,3049,20230810,Like,1
564,4882,20230423,Like,1
698,5950,20230406,Comment,1
593,2022,20230812,Like,1
446,2751,20230405,Like,1
1553,5747,20230419,Like,1
362,476,20231118,Like,1
1017,4890,20230607,Comment,1
310,1072,20230501,Like,1
1393,3979,20231001,Like,1
1048,633,20231004,Like,1
927,4310,20230324,Share,1
1271,4244,20230702,Like,1
1765,4293,20230420,Like,1
286,2824,20230203,Comment,1
1638,444,20231219,Like,1
13,3112,20230408,Like,1
1393,2418,20230215,Like,1
709,386,20230208,Like,1
1016,2186,20230228,Like,1
1281,3615,20230303,Like,1
671,1141,20230902,Like,1
1489,26,20230204,Like,1
1625,4101,20230903,Like,1
947,155,20230808,Like,1
175,4581,20230217,Like,1
29,5858,20230828,Like,1
1359,1233,20230713,Comment,1
1222,5646,20230517,Comment,1
1953,3690,20230407,Like,1
1230,5327,20230912,Comment,1
162,5159,20230724,Like,1
1672,1776,20230425,Like,1
912,2516,20231212,Like,1
1338,1075,20230611,Like,1
922,3635,20231215,Share,1
1636,3455,20230815,Comment,1
514,5051,20231216,Like,1
1918,5134,20230221,Like,1
1001,1319,20231029,Comment,1
1018,776,20230711,Share,1
1573,4483,20230926,Like,1
858,1638,20230711,Like,1
1285,4775,20231103,Like,1
263,2303,20230413,Comment,1
416,2217,20230110,Like,1
788,5898,20230227,Share,1
516,3797,20230827,Like,1
234,1137,20230501,Like,1
264,736,20230426,Like,1
243,1932,20230210,Share,1
1364,5602,20230814,Like,1
1866,5641,20230328,Comment,1
165,5435,20230508,Comment,1
458,2977,20230830,Like,1
1601,5143,20230621,Like,1
1660,5636,20230114,Like,1
25,3749,20231016,Like,1
1582,4260,20230521,Like,1
1139,3178,20230226,Comment,1
512,2549,20231201,Like,1
508,3511,20230808,Like,1
1369,933,20230603,Like,1
1613,1898,20230116,Like,1
104,66,20230611,Like,1
114,5178,20231015,Like,1
509,1762,20230606,Share,1
1026,2577,20230516,Like,1
1876,1008,20230625,Like,1
565,5605,20231118,Like,1
253,5322,20230115,Like,1
873,3106,20230303,Like,1
1234,678,20230905,Like,1
327,4652,20231107,Like,1
943,4302,20230430,Like,1
733,5671,20230214,Like,1
1031,5978,20230104,Like,1
1518,130,20230422,Share,1
1803,947,20231208,Like,1
1779,1825,20231127,Share,1
1040,4798,20231119,Like,1
1313,312,20230228,Like,1
1255,5102,20230222,Like,1
165,3400,20230521,Like,1
842,1765,20230630,Share,1
830,5196,20230928,Share,1
443,5725,20231214,Comment,1
1039,4050,20231223,Like,1
1624,290,20230831,Like,1
1854,4320,20230930,Like,1
285,2780,20230901,Like,1
896,4600,20230109,Like,1
1995,1194,20230503,Like,1
1382,2592,20230113,Like,1
718,1850,20230201,Like,1
1849,731,20231018,Comment,1
1508,2521,20231224,Like,1
64,4925,20230425,Like,1
1685,1838,20230821,Share,1
887,150,20230124,Like,1
127,5759,20230801,Like,1
1367,1325,20231019,Like,1
511,1161,20230418,Like,1
1497,5439,20231124,Comment,1
1957,1765,20230825,Like,1
919,254,20230312,Comment,1
138,1227,20230104,Like,1
1611,5074,20230504,Like,1
1640,148,20231222,Like,1
1782,5540,20231222,Like,1
792,1801,20230419,Comment,1
1559,137,20230828,Like,1
983,2218,20231222,Like,1
720,3427,20230326,Like,1
211,5949,20230426,Like,1
589,2480,20230105,Like,1
1711,2813,20230824,Like,1
749,2693,20230329,Like,1
1953,3782,20230717,Like,1
316,4153,20230202,Like,1
1207,2863,20230406,Share,1
611,5274,20230527,Like,1
1413,1273,20230127,Like,1
1534,3223,20230821,Like,1
1637,5524,20231025,Like,1
1920,2260,20231231,Like,1
94,4140,20230803,Like,1
367,5744,20230511,Like,1
964,2312,20230113,Like,1
1648,2616,20230720,Like,1
1479,1078,20230404,Share,1
857,779,20230513,Share,1
1440,5235,20230712,Like,1
1500,2177,20230602,Like,1
1046,3747,20230731,Like,1
1394,3760,20231007,Like,1
2,1611,20230519,Share,1
360,3940,20230802,Like,1
1815,2267,20230401,Comment,1
1674,4826,20230326,Comment,1
1535,598,20230301,Like,1
1292,3767,20230419,Like,1
149,2578,20230125,Like,1
540,5687,20230109,Like,1
1486,4313,20230706,Like,1
130,2628,20230131,Like,1
3,3974,20230504,Comment,1
280,353,20230427,Comment,1
196,3132,20230317,Like,1
241,75,20230526,Like,1
159,1299,20230218,Like,1
232,253,20231018,Comment,1
630,4051,20230512,Like,1
1057,5468,20230904,Like,1
419,1922,20230117,Like,1
1848,242,20230217,Like,1
112,729,20230604,Like,1
707,4672,20230713,Like,1
1056,5231,20230816,Like,1
700,4050,20230622,Like,1
1542,5211,20230912,Comment,1
838,1237,20230102,Comment,1
784,5167,20231121,Like,1
1348,1544,20230219,Like,1
855,2536,20230224,Share,1
519,989,20230211,Like,1
107,295,20230629,Like,1
503,4160,20231212,Like,1
258,4262,20230428,Like,1
208,4792,20230504,Share,1
281,4442,20231101,Like,1
1697,5036,20230708,Like,1
1809,334,20230321,Like,1
1424,3505,20230701,Like,1
260,551,20230414,Like,1
460,1401,20231002,Share,1
1294,1418,20231201,Comment,1
1798,4199,20230424,Like,1
1290,717,20230620,Like,1
715,5163,20230506,Like,1
511,5957,20230907,Comment,1
1217,2347,20230314,Share,1
1330,1061,20230304,Like,1
240,231,20230511,Like,1
653,5965,20230224,Comment,1
1398,2483,20230226,Like,1
1222,352,20230126,Like,1
202,3922,20231126,Like,1
1356,2142,20230509,Like,1
722,1671,20230817,Like,1
1790,5490,20230524,Like,1
728,971,20230612,Like,1
1600,2651,20230130,Like,1
803,4399,20230206,Like,1
952,5941,20230818,Like,1
412,568,20230730,Share,1
1443,2768,20231018,Like,1
334,2821,20231217,Like,1
1238,3312,20230223,Like,1
950,1793,20231123,Comment,1
1631,400,20231030,Like,1
759,1191,20231107,Like,1
1454,3687,20230507,Comment,1
1016,224,20230315,Like,1
235,3313,20231220,Like,1
1810,2216,20230318,Like,1
1014,1260,20230115,Like,1
1610,1667,20231201,Like,1
57,2608,20230417,Like,1
1,214,20230419,Comment,1
475,595,20230110,Like,1
888,4163,20230425,Comment,1
745,3712,20230512,Share,1
869,4947,20230212,Share,1
369,5233,20230516,Like,1
1246,2506,20230807,Like,1
190,2013,20230512,Like,1
1621,6,20231022,Like,1
290,5553,20230513,Comment,1
872,4519,20230729,Share,1
268,5209,20230211,Like,1
1673,5430,20230418,Like,1
1698,866,20230716,Comment,1
1998,4562,20230614,Like,1
1177,54,20230728,Share,1
1398,265,20231202,Like,1
1760,1000,20230925,Like,1
1252,4941,20230403,Like,1
1857,2041,20230313,Like,1
1515,3334,20230608,Like,1
1177,5074,20230814,Like,1
1498,5229,20230115,Like,1
1067,892,20230922,Like,1
187,2020,20230418,Comment,1
8,4063,20230304,Like,1
69,2964,20230907,Comment,1
898,2623,20230406,Like,1
939,5115,20230913,Comment,1
1337,3029,20231003,Like,1
1908,4938,20230427,Like,1
379,2374,20231228,Like,1
732,5881,20231017,Like,1
1122,5585,20230424,Share,1
1847,4641,20230910,Like,1
1332,4275,20230427,Like,1
50,5100,20230218,Like,1
1413,5842,20230209,Share,1
1491,3707,20230504,Like,1
1099,580,20231231,Like,1
25,3038,20230715,Like,1
459,4497,20230513,Like,1
738,3631,20230829,Share,1
1886,4499,20230404,Like,1
1587,2712,20231210,Comment,1
1867,5969,20231111,Like,1
692,3037,20230725,Like,1
829,1921,20230729,Like,1
950,3591,20230407,Like,1
1959,4621,20230228,Comment,1
1433,630,20230909,Like,1
1485,5607,20230523,Like,1
774,2923,20230619,Share,1
1352,5653,20230515,Like,1
1871,2015,20230725,Share,1
1684,2302,20231125,Like,1
1589,2698,20230722,Like,1
689,869,20230528,Like,1
1770,5700,20230604,Like,1
837,527,20230215,Like,1
534,1383,20230528,Like,1
132,54,20230706,Like,1
1833,4500,20231216,Share,1
1647,4692,20231103,Like,1
705,2401,20231011,Like,1
383,3604,20230314,Like,1
389,5301,20231005,Comment,1
1821,3591,20230210,Like,1
1345,5456,20230613,Like,1
1180,3286,20230603,Comment,1
1016,1656,20230524,Like,1
1019,4769,20230521,Like,1
965,1342,20231229,Like,1
139,1063,20230529,Like,1
1936,5878,20230520,Like,1
896,1424,20230917,Like,1
899,658,20231205,Like,1
1216,4717,20230428,Like,1
1731,5140,20230425,Share,1
208,1309,20230116,Like,1
257,4142,20231216,Like,1
659,112,20230821,Like,1
694,1305,20230704,Like,1
1536,3470,20230423,Like,1
706,3698,20230912,Like,1
1540,5185,20230618,Like,1
457,4554,20231229,Like,1
1729,3078,20230405,Like,1
618,1628,20230209,Like,1
1506,3623,20230628,Share,1
544,2023,20230308,Like,1
641,3841,20230814,Like,1
990,5164,20231211,Like,1
932,2598,20230806,Like,1
1729,1561,20230729,Like,1
800,491,20230507,Share,1
769,3040,20230203,Like,1
1176,3469,20230630,Like,1
571,4471,20230907,Like,1
65,5281,20230619,Comment,1
761,2846,20231228,Like,1
1828,1712,20230317,Like,1
1623,122,20231018,Share,1
706,226,20230204,Like,1
1376,4781,20230911,Like,1
1011,5399,20231229,Like,1
1876,2251,20230619,Like,1
1094,776,20230823,Like,1
1419,1617,20230315,Like,1
1709,1834,20230518,Like,1
1155,4025,20230303,Comment,1
45,4537,20231224,Like,1
36,3070,20230104,Like,1
1902,1881,20230825,Like,1
775,320,20230630,Like,1
212,382,20231224,Like,1
1733,5330,20230315,Like,1
570,2867,20231015,Comment,1
1100,3893,20230218,Like,1
994,84,20230725,Like,1
1464,4377,20230125,Like,1
1853,840,20230620,Like,1
2,5543,20230221,Like,1
1960,3095,20230814,Comment,1
366,679,20230717,Like,1
1144,3741,20231211,Like,1
1964,2141,20230908,Like,1
287,2902,20230325,Like,1
515,5228,20230404,Like,1
1608,2464,20230323,Comment,1
1182,2421,20230510,Like,1
1305,5634,20230820,Comment,1
1279,4846,20230216,Comment,1
750,3410,20230622,Like,1
277,1507,20230527,Like,1
560,4889,20230830,Like,1
454,4910,20230918,Like,1
1148,3467,20230117,Like,1
1639,1735,20230126,Like,1
904,5195,20230509,Like,1
298,1211,20230528,Like,1
1705,4294,20230921,Share,1
449,3329,20231210,Like,1
1925,4379,20230518,Like,1
1173,2197,20231214,Like,1
1248,1789,20230216,Like,1
198,2241,20231020,Share,1
1258,3088,20230515,Like,1
1341,3976,20230826,Like,1
1130,156,20231030,Like,1
1294,3041,20230425,Like,1
1596,4429,20230926,Like,1
1173,3804,20230731,Like,1
1295,1994,20230831,Like,1
1354,5827,20230821,Comment,1
1743,2689,20231113,Like,1
107,570,20230819,Like,1
1384,1938,20230129,Like,1
1355,5996,20230114,Comment,1
458,1579,20231013,Like,1
314,4793,20230519,Like,1
1844,3644,20231221,Like,1
179,1530,20231019,Like,1
1056,4175,20230710,Like,1
37,4018,20230521,Like,1
906,1589,20230222,Like,1
1060,5006,20230214,Comment,1
1140,715,20230408,Share,1
1865,3164,20230326,Like,1
843,4516,20230624,Like,1
706,3970,20230608,Like,1
908,4438,20231210,Like,1
1158,921,20230405,Like,1
1089,4300,20230928,Like,1
1864,4937,20230910,Like,1
778,2335,20231122,Share,1
1927,4660,20231126,Like,1
1099,4058,20230511,Like,1
1637,4872,20230302,Like,1
108,319,20230516,Like,1
1974,4246,20230213,Like,1
654,5938,20230418,Like,1
15,2261,20230402,Like,1
1778,4072,20230902,Like,1
19,1594,20230305,Like,1
611,3248,20230507,Share,1
500,2131,20230927,Like,1
195,5003,20230322,Like,1
930,1452,20230131,Comment,1
1076,3480,20230621,Comment,1
253,1701,20231220,Comment,1
1004,5376,20230603,Like,1
388,3948,20230808,Comment,1
661,4872,20231125,Like,1
734,728,20231109,Share,1
315,4691,20230731,Comment,1
8,5667,20230928,Like,1
1341,264,20231110,Like,1
127,1673,20231211,Comment,1
700,4416,20231114,Like,1
1760,2753,20230528,Like,1
1176,4173,20230917,Share,1
223,1795,20230913,Like,1
1438,4096,20231204,Like,1
652,2008,20230430,Comment,1
1824,2728,20230222,Comment,1
963,4199,20230811,Like,1
574,538,20230508,Comment,1
1796,5002,20231101,Like,1
1010,4619,20230510,Like,1
342,4746,20231021,Like,1
1415,297,20230801,Like,1
288,1969,20230128,Like,1
1598,527,20230502,Like,1
1437,4320,20230620,Like,1
467,513,20230724,Share,1
1211,320,20230210,Like,1
36,3695,20230621,Like,1
1446,3940,20230612,Like,1
1631,641,20230627,Comment,1
350,2029,20230118,Comment,1
984,3679,20231020,Comment,1
1823,5138,20230301,Like,1
1832,4838,20230806,Like,1
1896,5872,20231213,Like,1
361,225,20231215,Like,1
916,276,20231108,Like,1
1235,3039,20230724,Comment,1
1889,2708,20230425,Like,1
1063,2086,20230318,Comment,1
64,686,20230414,Like,1
1578,974,20230908,Like,1
333,3016,20231203,Like,1
787,2290,20230901,Comment,1
1073,3291,20230502,Like,1
547,3934,20231023,Share,1
1403,2087,20230920,Like,1
40,1190,20230929,Like,1
856,5761,20231204,Like,1
1029,2456,20231103,Like,1
1450,5606,20230507,Like,1
595,226,20230427,Like,1
1448,2884,20230217,Comment,1
1577,3387,20230501,Share,1
901,5358,20230903,Share,1
1,1120,20230313,Like,1
935,3759,20230304,Like,1
148,2546,20230813,Like,1
1095,1443,20230407,Like,1
1030,415,20230910,Like,1
617,3537,20230705,Like,1
1271,2398,20230408,Like,1
552,5026,20230718,Share,1
1221,1076,20230214,Like,1
1189,117,20230606,Share,1
1557,1239,20230910,Like,1
1288,3817,20230920,Comment,1
1064,4342,20230307,Like,1
1775,3613,20230823,Share,1
460,1656,20230801,Like,1
783,3445,20230417,Share,1
1023,3466,20230722,Like,1
672,5582,20231019,Like,1
806,3615,20231028,Like,1
1078,4108,20231106,Like,1
359,1732,20230316,Comment,1
1475,5414,20231001,Share,1
179,458,20230314,Like,1
1745,4430,20230925,Like,1
683,3080,20231204,Like,1
1197,5614,20230215,Like,1
702,4069,20230815,Like,1
1076,3252,20230919,Comment,1
1223,3862,20230226,Like,1
762,2129,20231002,Like,1
311,5906,20230310,Comment,1
288,3465,20230629,Like,1
1539,4787,20231105,Share,1
177,3409,20230718,Like,1
1539,4283,20230214,Like,1
233,2465,20230522,Like,1
1739,4298,20231115,Like,1
138,4017,20231021,Comment,1
1317,589,20230802,Like,1
1367,817,20231104,Like,1
947,3201,20231121,Comment,1
1180,1779,20230723,Comment,1
53,1548,20230503,Like,1
1656,5890,20230129,Like,1
1453,3514,20230414,Like,1
510,906,20231214,Like,1
1674,5237,20230731,Like,1
1449,1251,20230101,Like,1
1221,3146,20230808,Like,1
1840,656,20230721,Like,1
259,3770,20230128,Like,1
1764,1806,20230801,Like,1
1482,5751,20231218,Like,1
251,5549,20230401,Like,1
399,5542,20231227,Like,1
1732,2125,20230701,Share,1
1207,676,20230917,Like,1
1156,1344,20231123,Like,1
911,4039,20230511,Like,1
240,4233,20230507,Like,1
1767,3753,20230111,Like,1
37,258,20230801,Like,1
1622,42,20230709,Like,1
1319,4273,20230530,Like,1
1356,3966,20230404,Like,1
203,4,20230831,Like,1
1738,5824,20231114,Share,1
567,1906,20230919,Share,1
1408,2844,20231003,Share,1
802,1666,20230712,Like,1
339,2237,20230921,Like,1
1853,753,20230918,Share,1
1782,4861,20230109,Like,1
553,1039,20231028,Comment,1
1082,1975,20230408,Like,1
1637,1057,20231113,Like,1
253,1322,20230609,Like,1
699,3196,20231213,Share,1
457,60,20231106,Like,1
1124,4703,20230508,Like,1
198,3929,20231111,Like,1
296,2743,20230122,Comment,1
1753,5057,20230831,Comment,1
1901,914,20230325,Like,1
1076,307,20231202,Like,1
1708,4874,20231224,Share,1
406,52,20230218,Like,1
463,3438,20230620,Like,1
844,5586,20230127,Like,1
1581,268,20230723,Like,1
1561,5287,20230206,Like,1
1859,2519,20230118,Like,1
117,1220,20230411,Like,1
823,3155,20230805,Share,1
797,2836,20231202,Like,1
1118,2755,20230304,Like,1
1913,4121,20230725,Comment,1
659,3155,20231226,Like,1
664,3804,20231027,Like,1
241,4789,20230104,Comment,1
524,4477,20230310,Comment,1
136,80,20230412,Comment,1
1535,3398,20230821,Like,1
353,3236,20230627,Like,1
1539,429,20230428,Comment,1
1315,1979,20231022,Like,1
969,1616,20230116,Like,1
1462,5745,20230714,Comment,1
1012,3882,20230527,Like,1
1349,4319,20231204,Share,1
459,1386,20230422,Like,1
1551,2414,20230523,Like,1
1035,5961,20230604,Like,1
1758,2524,20230530,Share,1
455,1837,20231110,Like,1
1903,4633,20230524,Comment,1
1245,3160,20231113,Like,1
930,3503,20230713,Share,1
693,3992,20231116,Like,1
51,5863,20231207,Like,1
372,1252,20230911,Share,1
1564,3578,20230625,Like,1
206,5799,20230526,Like,1
1475,779,20230121,Like,1
1125,3816,20230320,Like,1
170,2319,20230305,Like,1
1460,2739,20230717,Like,1
1778,3053,20230617,Like,1
1333,1891,20230706,Comment,1
1084,2849,20230813,Like,1
1146,1324,20230829,Like,1
1675,1830,20230930,Like,1
875,2079,20230308,Like,1
1718,5858,20230604,Like,1
941,2562,20230301,Like,1
1404,2939,20230519,Comment,1
1220,253,20230226,Like,1
1646,3336,20231012,Like,1
1468,3188,20230313,Like,1
889,600,20230426,Like,1
1817,1905,20230220,Like,1
1435,87,20230324,Share,1
182,2863,20230318,Share,1
1936,163,20230726,Like,1
1494,1921,20230413,Share,1
771,5198,20231004,Like,1
1240,780,20231210,Like,1
1633,4683,20231119,Like,1
648,680,20230713,Like,1
1523,5588,20231205,Like,1
483,4287,20230301,Comment,1
8,3077,20230705,Like,1
1067,2720,20231207,Like,1
1303,4753,20230925,Like,1
1032,2063,20230406,Like,1
1112,4803,20230803,Like,1
1535,3914,20230605,Like,1
918,1230,20230721,Like,1
916,3025,20231224,Like,1
1525,3392,20230831,Like,1
549,3572,20230108,Like,1
1185,4804,20230207,Like,1
659,4843,20230705,Like,1
224,778,20230103,Like,1
911,1671,20231105,Like,1
1128,1788,20230828,Share,1
407,4362,20230822,Like,1
860,699,20230721,Like,1
1867,594,20231212,Like,1
1171,4555,20230114,Like,1
364,83,20230703,Like,1
252,3980,20231022,Like,1
1984,2548,20230328,Comment,1
1338,233,20230113,Like,1
1477,986,20230228,Comment,1
1693,302,20231219,Comment,1
3,3198,20230122,Like,1
1359,2277,20230401,Like,1
1485,3102,20230915,Share,1
1277,5068,20230801,Like,1
1467,4237,20230327,Share,1
6,2268,20231020,Like,1
721,1762,20230704,Like,1
735,4850,20230620,Share,1
402,2838,20230930,Like,1
1813,5719,20230710,Like,1
680,2110,20231225,Like,1
1382,4483,20231103,Comment,1
1506,2082,20231214,Comment,1
604,2913,20230803,Like,1
132,4599,20230702,Share,1
1162,1442,20231010,Share,1
1026,4439,20230121,Like,1
903,4343,20230210,Like,1
1071,5286,20231019,Like,1
1940,5750,20230530,Comment,1
1530,5611,20231123,Comment,1
1970,2316,20230309,Like,1
1978,1538,20230403,Like,1
841,5546,20231023,Like,1
504,953,20230209,Like,1
162,2377,20230215,Like,1
714,1898,20230304,Share,1
1067,5602,20230611,Like,1
159,2780,20230816,Like,1
448,5124,20231004,Like,1
363,329,20230830,Like,1
1018,4479,20230914,Like,1
808,4960,20231113,Like,1
997,4961,20231025,Like,1
487,2207,20230910,Like,1
924,1268,20230707,Like,1
1596,4478,20230809,Comment,1
1985,1991,20230709,Like,1
1876,4624,20231108,Like,1
121,935,20230514,Like,1
1739,4504,20231002,Like,1
1692,4288,20230707,Like,1
1444,2388,20230428,Like,1
1995,2480,20230520,Comment,1
78,2449,20231017,Like,1
746,5791,20230616,Share,1
922,2355,20230426,Comment,1
685,4438,20230523,Like,1
1765,460,20230321,Like,1
1399,5956,20230916,Like,1
1267,5597,20230530,Like,1
591,5965,20230504,Like,1
580,5505,20230903,Like,1
474,1548,20230225,Like,1
1631,1642,20230201,Like,1
1523,5797,20231110,Like,1
1691,2017,20231102,Comment,1
1766,296,20231023,Like,1
958,4754,20230505,Comment,1
1945,329,20230807,Like,1
186,598,20230926,Like,1
1173,5499,20231017,Like,1
1145,3851,20230502,Like,1
955,3764,20230208,Comment,1
1927,110,20231101,Like,1
1344,2222,20230528,Like,1
256,4548,20230503,Like,1
3,5317,20230704,Share,1
1671,4531,20231220,Like,1
1415,4300,20231021,Share,1
466,4372,20231229,Like,1
1753,2515,20230513,Share,1
1604,4427,20230429,Like,1
866,1076,20230815,Like,1
1669,1380,20231128,Like,1
836,5757,20230526,Share,1
1752,1809,20231102,Like,1
975,118,20230717,Comment,1
733,1641,20231120,Like,1
444,2819,20231102,Comment,1
679,2600,20230723,Comment,1
1104,1877,20230710,Like,1
161,5907,20230802,Like,1
50,1421,20230701,Like,1
1245,950,20230311,Like,1
1580,4530,20231209,Like,1
269,3545,20230413,Like,1
1154,3501,20230629,Like,1
1606,4749,20230606,Like,1
1873,3379,20230128,Like,1
1206,2952,20230608,Like,1
1822,2351,20230501,Comment,1
362,1994,20230716,Like,1
1232,3617,20230623,Like,1
655,2542,20230921,Like,1
198,2427,20231112,Like,1
1729,1850,20230423,Like,1
1409,5172,20230906,Like,1
767,5747,20230202,Like,1
676,357,20230731,Like,1
778,1854,20230907,Like,1
31,2340,20230721,Like,1
526,1379,20230809,Share,1
248,4005,20231108,Like,1
957,4630,20230218,Like,1
328,5879,20231220,Comment,1
977,4674,20231005,Like,1
397,6,20230807,Like,1
1347,5909,20230414,Like,1
1430,4977,20231102,Like,1
1969,5935,20230329,Like,1
186,4094,20231213,Like,1
1764,3498,20230927,Like,1
176,5861,20230323,Like,1
418,5139,20231126,Like,1
908,3329,20230422,Comment,1
363,5990,20231208,Comment,1
1807,5248,20230508,Like,1
696,1357,20230520,Like,1
1855,4942,20231106,Like,1
1711,2496,20230901,Share,1
1904,2720,20230323,Comment,1
578,4464,20231221,Comment,1
1814,1781,20230108,Like,1
791,1184,20230517,Like,1
873,4824,20230608,Like,1
1760,2711,20231101,Like,1
299,187,20230511,Like,1
1660,5199,20230115,Like,1
973,4386,20230504,Share,1
663,2172,20231007,Like,1
34,280,20231021,Like,1
659,666,20230721,Comment,1
1500,5655,20230228,Like,1
541,1881,20230223,Comment,1
1972,1651,20230405,Like,1
1038,4955,20230506,Like,1
1111,2609,20230313,Like,1
223,2651,20231108,Comment,1
1475,2939,20230330,Comment,1
1580,5755,20231013,Like,1
668,1042,20230722,Like,1
1274,1472,20230623,Like,1
447,1972,20230129,Like,1
325,332,20230406,Like,1
139,4365,20230523,Like,1
647,2246,20230613,Like,1
914,1286,20230413,Like,1
894,2452,20231206,Comment,1
936,2227,20230128,Comment,1
593,3162,20230910,Like,1
236,2263,20230410,Like,1
798,1205,20230824,Like,1
599,2822,20230511,Like,1
1648,3846,20230922,Like,1
567,4044,20231107,Like,1
1679,3069,20230517,Like,1
1997,5261,20230402,Like,1
528,1204,20231128,Like,1
1240,5093,20230316,Comment,1
1081,4463,20231022,Like,1
1576,5466,20230903,Comment,1
1025,4459,20230511,Like,1
1124,4257,20231101,Like,1
1166,2424,20231223,Comment,1
336,2381,20230722,Comment,1
864,5701,20230307,Like,1
1963,33,20231014,Comment,1
220,5242,20231220,Like,1
1970,5493,20230601,Like,1
664,4190,20230807,Comment,1
467,5200,20230712,Like,1
1838,4600,20230104,Share,1
1831,5171,20230805,Like,1
989,1445,20230422,Comment,1
644,1841,20230103,Like,1
1709,4203,20231223,Like,1
839,4350,20231016,Like,1
651,5500,20231126,Share,1
647,3186,20230126,Like,1
1574,5225,20230126,Like,1
897,908,20230703,Comment,1
1884,2816,20230831,Share,1
300,3444,20231206,Like,1
1149,920,20230707,Like,1
879,1848,20230728,Comment,1
1163,123,20230326,Comment,1
657,1578,20231210,Like,1
700,5796,20230720,Like,1
62,1470,20230220,Like,1
1800,5206,20231223,Like,1
522,1188,20231029,Like,1
299,4284,20231125,Like,1
946,3420,20230623,Like,1
642,1970,20230506,Like,1
283,5061,20230825,Like,1
1476,5477,20230702,Like,1
16,736,20230122,Like,1
439,2153,20231206,Comment,1
1187,799,20230127,Like,1
1918,2288,20230902,Like,1
1193,4172,20230103,Share,1
1391,3174,20230214,Like,1
1388,2374,20230731,Comment,1
532,5668,20230202,Like,1
1135,4090,20230714,Like,1
292,3227,20230907,Like,1
351,902,20231220,Like,1
1752,795,20230923,Like,1
37,2859,20231114,Like,1
330,3207,20231209,Like,1
1871,5151,20230315,Comment,1
1315,3748,20230216,Comment,1
49,1610,20231026,Like,1
1498,1266,20230607,Like,1
1303,1222,20230416,Comment,1
401,3770,20230801,Share,1
642,369,20231220,Like,1
183,1393,20231116,Comment,1
711,2725,20230915,Like,1
138,5281,20230129,Like,1
1427,1620,20230525,Like,1
576,3001,20231008,Like,1
1256,1612,20231105,Comment,1
1722,1001,20230816,Like,1
1022,981,20230825,Like,1
825,265,20230320,Like,1
107,2911,20230306,Like,1
812,1010,20230112,Like,1
1576,1254,20230421,Share,1
109,2290,20230312,Like,1
1761,4203,20231022,Like,1
63,4895,20230701,Like,1
290,1168,20230925,Comment,1
1468,5100,20230907,Like,1
50,471,20230529,Like,1
642,4797,20230720,Like,1
1758,1891,20230724,Share,1
71,4424,20230825,Like,1
1501,2070,20230926,Like,1
432,1024,20230903,Like,1
290,4445,20230114,Like,1
902,2356,20230410,Like,1
138,1252,20230814,Like,1
1024,4951,20230604,Comment,1
62,4878,20230921,Share,1
24,1963,20231205,Like,1
450,4070,20230504,Like,1
273,5368,20230908,Like,1
1005,1407,20231123,Like,1
1428,661,20230629,Like,1
307,210,20231012,Like,1
951,2995,20230410,Comment,1
929,2898,20230116,Like,1
1565,5425,20230520,Like,1
872,5145,20231208,Like,1
1925,4145,20230925,Like,1
1901,4917,20230424,Comment,1
1110,4939,20230714,Like,1
311,3916,20230809,Like,1
34,1194,20230713,Like,1
1094,2745,20231210,Share,1
934,2006,20231101,Like,1
1742,986,20231020,Like,1
422,3255,20230829,Comment,1
22,2655,20230923,Like,1
269,3167,20230216,Like,1
88,1920,20230528,Like,1
1610,2408,20230621,Like,1
1120,95,20230111,Like,1
1529,2251,20230407,Like,1
674,5707,20231020,Comment,1
396,4437,20230306,Comment,1
835,1510,20231218,Like,1
896,5683,20230822,Like,1
1545,3525,20230120,Like,1
530,701,20230417,Share,1
726,3640,20230524,Like,1
786,233,20230928,Like,1
1381,4878,20230923,Like,1
1760,1751,20230330,Like,1
1577,5954,20230520,Share,1
1652,5623,20230206,Like,1
1595,662,20230912,Like,1
173,5602,20230126,Comment,1
1600,2449,20230910,Like,1
473,5636,20230628,Like,1
619,3866,20230823,Like,1
1202,4755,20230321,Like,1
958,118,20230319,Like,1
780,2627,20230924,Like,1
489,887,20230716,Like,1
253,3319,20230221,Like,1
1621,3686,20230325,Comment,1
1194,4549,20231003,Like,1
50,4980,20230417,Comment,1
40,958,20231012,Like,1
1540,4513,20231206,Share,1
1986,2843,20230611,Like,1
507,5471,20230927,Like,1
476,386,20230304,Like,1
1135,4954,20230213,Like,1
1112,1226,20230827,Like,1
661,1174,20230215,Like,1
703,2324,20230823,Like,1
946,1518,20230619,Share,1
1067,3119,20231113,Like,1
116,156,20230822,Comment,1
1140,5267,20231130,Like,1
368,2858,20230213,Like,1
1740,5952,20230127,Comment,1
1533,3350,20230210,Like,1
95,3461,20230212,Like,1
25,5391,20231031,Like,1
1694,4255,20231022,Share,1
1153,5709,20231207,Like,1
1052,1661,20230521,Like,1
627,3801,20230603,Comment,1
582,5927,20231128,Like,1
1267,726,20230717,Like,1
677,4346,20230408,Like,1
351,992,20231125,Like,1
1911,3854,20231218,Like,1
1362,5433,20230318,Comment,1
724,3428,20230320,Like,1
442,4421,20230905,Share,1
1331,5205,20230919,Like,1
1630,4069,20231007,Like,1
1570,3110,20231112,Like,1
643,1704,20231023,Like,1
503,87,20230130,Like,1
1399,1366,20230920,Like,1
1540,3175,20230914,Like,1
915,5260,20231213,Like,1
1119,1252,20230624,Like,1
272,191,20230402,Like,1
1050,5911,20230628,Like,1
670,5878,20230502,Like,1
1724,1118,20230628,Like,1
291,4772,20230912,Like,1
65,1069,20230628,Like,1
1998,758,20230605,Comment,1
1895,656,20230211,Share,1
1552,1564,20230826,Like,1
388,703,20230304,Like,1
241,92,20231025,Like,1
253,2981,20231024,Share,1
1888,5291,20230318,Comment,1
1099,5066,20230811,Like,1
1034,3494,20230410,Like,1
593,2265,20231003,Like,1
263,1314,20230523,Comment,1
1657,1283,20230908,Like,1
1073,2722,20230320,Like,1
1521,5371,20230627,Share,1
1091,2100,20230330,Like,1
1776,3457,20230825,Like,1
842,3794,20230104,Comment,1
1927,2181,20230116,Comment,1
1704,1543,20230424,Comment,1
635,3852,20230607,Like,1
573,333,20230919,Share,1
1616,4534,20230303,Comment,1
1816,4356,20230627,Like,1
747,4287,20230730,Like,1
1429,2637,20231031,Like,1
910,2400,20230911,Share,1
264,2047,20231021,Like,1
590,3458,20230520,Like,1
1070,473,20230529,Comment,1
1789,3021,20230622,Comment,1
226,4808,20230613,Like,1
226,1900,20230517,Like,1
785,5601,20230814,Like,1
771,2614,20231004,Like,1
1427,4738,20230202,Comment,1
1485,3933,20230228,Like,1
528,4923,20231216,Like,1
1910,2229,20231021,Like,1
1665,1485,20231126,Like,1
1930,2777,20230103,Like,1
729,776,20230219,Like,1
372,5768,20231231,Like,1
303,3041,20230915,Comment,1
941,1360,20230914,Like,1
246,5475,20230207,Like,1
1343,797,20230424,Share,1
876,3905,20230702,Share,1
451,4407,20231216,Comment,1
1575,4908,20231026,Comment,1
76,5945,20230221,Like,1
1901,5232,20230603,Like,1
1548,204,20231218,Like,1
1014,3399,20231002,Like,1
1592,2447,20230925,Like,1
1807,4306,20230131,Like,1
980,2642,20230130,Comment,1
1021,3932,20230110,Like,1
1116,3666,20230209,Comment,1
1686,3249,20230621,Like,1
1076,4773,20230309,Like,1
1881,2193,20230607,Like,1
1355,2397,20230304,Like,1
801,5664,20231114,Like,1
429,141,20230730,Like,1
1519,4859,20230413,Like,1
1655,1912,20230428,Like,1
1840,5442,20230726,Like,1
1095,3445,20230727,Share,1
243,3171,20230315,Like,1
187,1322,20230219,Like,1
1286,933,20230905,Like,1
615,1433,20230817,Like,1
640,440,20230319,Like,1
607,3667,20230313,Like,1
881,1651,20230922,Like,1
1931,3800,20230628,Like,1
1568,1514,20230301,Like,1
836,3308,20230618,Like,1
1630,2477,20230913,Like,1
1124,3547,20230725,Like,1
1222,3701,20230724,Like,1
231,4713,20230815,Like,1
1231,1657,20230622,Like,1
1268,120,20231009,Like,1
1062,1139,20230605,Comment,1
1091,1116,20230814,Like,1
21,5532,20230326,Comment,1
1862,4386,20230323,Like,1
643,4855,20230620,Comment,1
1976,161,20230505,Like,1
1323,5845,20230822,Share,1
1215,1421,20230223,Like,1
1620,301,20230323,Like,1
1120,768,20230331,Comment,1
579,1417,20230906,Like,1
802,1550,20230716,Like,1
1779,3528,20230701,Like,1
83,3818,20230824,Share,1
1951,1531,20230207,Like,1
315,1687,20231130,Like,1
1740,2052,20230626,Like,1
1434,3724,20231014,Like,1
809,2067,20230106,Like,1
45,748,20230207,Like,1
1039,527,20230226,Like,1
214,5605,20230723,Like,1
1440,5325,20230714,Like,1
440,4982,20230111,Comment,1
1021,5097,20230225,Like,1
6,2229,20230829,Like,1
359,1037,20230415,Like,1
1084,2677,20231227,Like,1
1048,4763,20231106,Comment,1
1256,4320,20231002,Share,1
1677,5505,20231009,Like,1
765,4198,20231206,Like,1
1271,1417,20230109,Like,1
916,2374,20230517,Like,1
753,537,20230713,Like,1
1831,3632,20230310,Share,1
533,5486,20230219,Like,1
1546,1880,20230811,Like,1
854,5014,20231105,Like,1
374,445,20231208,Like,1
708,2501,20230926,Like,1
1858,1465,20230723,Like,1
705,5494,20230831,Like,1
1474,1878,20231202,Like,1
1676,1132,20230126,Share,1
1150,941,20230205,Like,1
1184,3486,20230806,Like,1
1537,3809,20231116,Like,1
1660,4616,20230930,Share,1
123,5161,20230929,Like,1
1094,1555,20231211,Like,1
1387,5188,20230115,Like,1
868,2535,20230502,Like,1
512,859,20230919,Like,1
1325,2175,20230424,Like,1
390,5186,20230318,Like,1
1410,873,20231220,Like,1
1629,3873,20231009,Like,1
1398,4810,20230319,Like,1
796,3429,20230829,Like,1
1799,5046,20230212,Like,1
1144,824,20230204,Like,1
1273,4580,20230205,Like,1
668,5798,20231119,Share,1
682,5191,20231207,Like,1
207,35,20230507,Like,1
1983,5122,20230912,Like,1
1333,2908,20230613,Share,1
188,5159,20230319,Like,1
138,3950,20230620,Like,1
400,1624,20231025,Like,1
902,2811,20231119,Comment,1
1271,5546,20230424,Like,1
1911,2932,20230505,Like,1
1983,1,20230317,Like,1
430,286,20230103,Like,1
309,5613,20231002,Comment,1
975,680,20231122,Like,1
1668,225,20230810,Comment,1
718,1454,20230430,Like,1
1766,3063,20231109,Comment,1
453,2640,20231114,Like,1
1646,1121,20231129,Like,1
1967,5974,20231012,Share,1
1179,4493,20230519,Like,1
1823,3768,20230627,Like,1
1698,2901,20231008,Like,1
1658,1734,20231026,Comment,1
296,4359,20230705,Like,1
1398,4827,20231010,Like,1
766,2949,20230717,Like,1
77,1055,20230523,Like,1
1237,1546,20231105,Like,1
1442,5204,20230824,Like,1
1907,2223,20230704,Like,1
1239,1274,20230426,Comment,1
86,5044,20231110,Like,1
907,246,20230324,Like,1
826,2323,20230707,Like,1
1223,5815,20230309,Like,1
1775,1730,20230929,Like,1
689,4796,20231202,Like,1
1636,4319,20230502,Comment,1
950,2210,20230716,Share,1
1838,1189,20230527,Like,1
132,4163,20230418,Like,1
844,5698,20230621,Like,1
624,3065,20231206,Comment,1
1877,5101,20230112,Like,1
119,682,20231204,Like,1
1453,1606,20231123,Like,1
1574,1634,20230817,Like,1
446,1355,20230315,Like,1
1936,5793,20230303,Like,1
155,906,20230621,Like,1
1858,2375,20231015,Share,1
931,5502,20230919,Like,1
1272,4165,20230215,Like,1
1348,2029,20230330,Like,1
306,4273,20230702,Like,1
1506,251,20230211,Like,1
1123,3039,20231110,Like,1
1862,710,20230326,Like,1
1945,763,20230509,Like,1
506,1745,20231201,Like,1
114,2274,20230510,Share,1
935,2153,20230116,Comment,1
1137,885,20230503,Like,1
1842,5852,20230601,Like,1
547,315,20230422,Like,1
538,1135,20231024,Share,1
948,1877,20231103,Like,1
1382,1192,20230901,Like,1
1606,5320,20230724,Like,1
865,3125,20230311,Share,1
1590,153,20230120,Like,1
1826,272,20231207,Like,1
642,1335,20230308,Like,1
67,5408,20230727,Like,1
176,770,20230130,Like,1
498,2146,20231108,Like,1
1010,5950,20230707,Comment,1
424,2962,20230910,Like,1
1203,346,20230207,Like,1
1735,2541,20230810,Like,1
587,3740,20230723,Like,1
710,4393,20231105,Like,1
1034,5856,20230718,Like,1
1421,2429,20230122,Like,1
336,3181,20230119,Like,1
1186,1406,20230608,Share,1
1014,4875,20231026,Like,1
473,2291,20230310,Like,1
950,3710,20230115,Like,1
409,718,20230627,Like,1
1038,3250,20230216,Like,1
832,2724,20230517,Like,1
761,1774,20230123,Like,1
431,3829,20230915,Like,1
1159,1247,20231012,Like,1
2000,5628,20231030,Comment,1
231,2983,20230816,Like,1
960,1517,20230204,Like,1
1995,5324,20230222,Like,1
149,2395,20230503,Like,1
1053,1741,20230414,Like,1
1894,2847,20230520,Like,1
1282,3659,20230718,Like,1
563,965,20231010,Like,1
119,5626,20230822,Like,1
1110,3152,20230620,Comment,1
601,3145,20231213,Like,1
1627,4338,20231228,Share,1
76,5332,20231225,Like,1
1171,1334,20230207,Like,1
141,5488,20230309,Share,1
1686,1008,20230621,Comment,1
807,1682,20230602,Like,1
63,632,20230412,Share,1
599,3464,20230410,Share,1
768,3234,20230814,Like,1
284,2712,20230422,Like,1
1934,3847,20230419,Comment,1
1583,2494,20230815,Like,1
105,3531,20230517,Like,1
1853,5360,20230401,Like,1
307,756,20230917,Comment,1
405,4744,20230825,Share,1
800,1381,20231002,Comment,1
1310,749,20230725,Like,1
1456,717,20230205,Like,1
1850,4575,20230828,Comment,1
1040,5079,20230609,Comment,1
1742,5190,20231017,Like,1
1360,700,20231109,Like,1
118,600,20231129,Like,1
1510,5268,20230307,Comment,1
125,1516,20231218,Like,1
1067,5019,20231012,Like,1
1902,225,20231004,Share,1
117,4796,20230205,Like,1
1876,3602,20230930,Like,1
1443,1873,20230505,Like,1
759,2369,20231125,Like,1
15,3283,20230713,Like,1
648,3159,20230108,Share,1
1410,1230,20230730,Like,1
232,1459,20230827,Like,1
1103,2593,20230921,Like,1
143,5361,20230725,Like,1
1600,957,20230930,Like,1
242,2601,20230318,Like,1
1116,5556,20230610,Like,1
1747,1646,20230214,Share,1
6,1532,20230406,Like,1
1161,63,20231010,Comment,1
555,3380,20230403,Like,1
134,5249,20230614,Like,1
325,2341,20230827,Like,1
145,3641,20231108,Share,1
563,448,20230524,Comment,1
488,5239,20230610,Like,1
1828,3085,20230713,Like,1
1963,4700,20230712,Like,1
219,3834,20230314,Like,1
384,2049,20230805,Share,1
1583,2740,20231027,Like,1
999,5300,20230521,Like,1
793,4192,20230921,Like,1
1694,1903,20230226,Like,1
504,2041,20231118,Like,1
1074,4394,20230921,Comment,1
940,823,20231204,Like,1
1256,2557,20230209,Like,1
634,3497,20230815,Like,1
1490,738,20230511,Like,1
1305,2613,20230310,Like,1
616,3453,20231001,Share,1
1095,4695,20231203,Comment,1
313,1080,20230927,Share,1
1587,1990,20230211,Like,1
246,2918,20230207,Like,1
419,5436,20230308,Like,1
328,810,20230407,Comment,1
1803,5136,20230316,Like,1
593,4527,20230709,Like,1
1376,2188,20230620,Like,1
1324,446,20231013,Like,1
724,3940,20230114,Like,1
20,1200,20231112,Share,1
1569,4291,20230222,Like,1
389,2424,20230623,Like,1
1396,893,20230224,Share,1
137,1669,20230815,Comment,1
870,3923,20230610,Like,1
300,1664,20230708,Share,1
1017,5284,20231001,Like,1
1290,3385,20231211,Like,1
1726,3213,20230311,Like,1
1653,5499,20230830,Like,1
34,4512,20230531,Share,1
2000,5330,20230621,Like,1
1216,1840,20230505,Like,1
1762,1422,20230405,Like,1
1862,1859,20230805,Like,1
286,3977,20230618,Like,1
153,1182,20230508,Like,1
106,3869,20230620,Like,1
1552,2335,20230526,Share,1
442,5947,20230524,Share,1
844,2794,20230409,Like,1
1272,972,20230421,Like,1
909,2715,20230430,Like,1
285,2675,20230301,Like,1
90,2296,20230415,Like,1
1603,4527,20231119,Like,1
86,2256,20230327,Share,1
117,1894,20230810,Like,1
717,3155,20230919,Like,1
1443,5182,20230319,Comment,1
144,2400,20230823,Like,1
179,4852,20230410,Like,1
172,995,20230115,Share,1
1445,2840,20230518,Like,1
355,585,20231208,Like,1
728,1843,20230704,Like,1
1627,1806,20230125,Like,1
1229,4107,20230621,Like,1
1589,5794,20230622,Like,1
1613,263,20230814,Like,1
1951,4727,20230723,Like,1
1288,3430,20230714,Like,1
808,1367,20230411,Share,1
159,5384,20231121,Like,1
138,4939,20231204,Like,1
1648,1842,20231207,Like,1
311,4445,20230506,Like,1
481,3428,20230630,Like,1
1290,2687,20230728,Like,1
652,4154,20231215,Like,1
407,1016,20230331,Like,1
1013,1806,20231119,Like,1
1290,2303,20230823,Like,1
378,3512,20231022,Like,1
1609,5096,20230331,Share,1
623,2847,20230422,Like,1
1155,467,20230324,Comment,1
450,5023,20230714,Comment,1
1423,1717,20230818,Like,1
444,2828,20230815,Like,1
1967,4668,20231130,Like,1
1190,1689,20230802,Comment,1
279,4770,20230704,Like,1
257,26,20230703,Like,1
1899,4089,20230818,Like,1
1711,1046,20231012,Comment,1
268,5772,20230309,Like,1
1461,3418,20230317,Like,1
1034,1300,20230902,Like,1
432,4377,20230308,Like,1
493,2712,20231029,Like,1
620,842,20231123,Like,1
299,5776,20230909,Like,1
1169,3105,20230218,Like,1
1658,5338,20230321,Like,1
1319,4055,20230318,Like,1
1060,2770,20231003,Like,1
931,3935,20230427,Like,1
330,2791,20230416,Comment,1
1830,4450,20231126,Comment,1
1469,1854,20230819,Like,1
476,1060,20230406,Like,1
899,5726,20230402,Comment,1
957,3583,20231020,Like,1
1609,2582,20230814,Like,1
1796,5964,20230104,Like,1
6,3350,20230204,Share,1
1762,3233,20230528,Share,1
461,4789,20230507,Like,1
656,3437,20231222,Like,1
1551,2523,20231009,Share,1
846,843,20230415,Like,1
1321,2872,20230601,Like,1
1683,4112,20231029,Like,1
1175,3245,20231221,Comment,1
308,2568,20230712,Like,1
214,1359,20230718,Like,1
1950,1895,20230628,Comment,1
57,5869,20230122,Like,1
815,3673,20230918,Like,1
1062,5401,20230227,Like,1
906,5081,20231014,Like,1
295,2178,20230731,Like,1
1451,5244,20231003,Comment,1
251,1090,20230917,Like,1
1263,1523,20230618,Share,1
456,2670,20231004,Comment,1
287,1893,20230706,Like,1
1594,3045,20231208,Like,1
1748,3660,20230204,Like,1
986,1117,20230817,Like,1
317,624,20230628,Like,1
911,1789,20230115,Comment,1
360,1896,20231003,Share,1
1267,914,20230523,Like,1
471,3863,20230212,Share,1
184,1400,20230313,Like,1
170,1923,20231022,Like,1
564,3190,20230709,Like,1
1112,5165,20230310,Share,1
422,2597,20231012,Like,1
651,1096,20230710,Share,1
1635,1663,20230603,Share,1
1225,4309,20230614,Share,1
907,3778,20231229,Like,1
489,3974,20230604,Like,1
1299,2992,20231116,Like,1
748,1060,20230320,Like,1
848,663,20230403,Like,1
1029,1611,20231029,Like,1
1043,3196,20230702,Like,1
629,2360,20231217,Share,1
366,5351,20230701,Comment,1
1250,3743,20230113,Like,1
464,5482,20231028,Like,1
641,252,20230203,Comment,1
1308,2662,20231212,Like,1
516,1329,20230111,Like,1
1711,4912,20231115,Comment,1
1158,3176,20230619,Share,1
1856,2417,20230717,Like,1
1003,2713,20231005,Like,1
242,2857,20230813,Like,1
1898,976,20230411,Like,1
1554,832,20230517,Like,1
98,1131,20231004,Like,1
1702,4251,20230223,Like,1
135,5724,20230418,Comment,1
1331,639,20230914,Comment,1
1407,5772,20230310,Like,1
462,4562,20230302,Like,1
117,3332,20230610,Like,1
1085,5735,20231203,Share,1
929,1718,20230505,Like,1
1601,1995,20230714,Like,1
1294,5102,20230228,Like,1
260,4850,20230611,Like,1
382,1012,20230421,Like,1
579,88,20230201,Like,1
1226,2013,20230420,Comment,1
1666,2385,20230521,Like,1
1904,3686,20230717,Comment,1
1883,4242,20230325,Like,1
1600,3347,20230224,Like,1
1062,3933,20230302,Like,1
87,4322,20230829,Like,1
473,1106,20230512,Like,1
166,2414,20230213,Share,1
1927,4431,20230213,Comment,1
507,1138,20230716,Like,1
335,830,20230311,Like,1
246,2546,20230326,Like,1
1013,4165,20231026,Comment,1
1904,2310,20230314,Like,1
298,1573,20230516,Like,1
289,5033,20231129,Like,1
1502,462,20230614,Like,1
1652,5515,20230703,Like,1
288,4732,20230226,Like,1
1310,4684,20230727,Like,1
1682,915,20230128,Like,1
1734,1646,20230609,Like,1
820,1448,20231019,Share,1
1160,4595,20230705,Like,1
1610,4025,20230614,Like,1
285,3078,20230214,Like,1
1018,1932,20230524,Like,1
89,2690,20231114,Like,1
749,5566,20231023,Like,1
1619,1896,20230719,Like,1
1921,3372,20231005,Like,1
228,121,20230108,Share,1
1009,5191,20230819,Share,1
1784,1669,20230610,Like,1
985,3520,20231021,Like,1
1390,5126,20230723,Like,1
962,3013,20230715,Share,1
1249,3582,20230306,Like,1
355,2961,20231205,Like,1
1452,5434,20230125,Like,1
575,4326,20230208,Like,1
943,1359,20230819,Like,1
597,3145,20231227,Like,1
800,2304,20230712,Like,1
1664,5279,20230726,Like,1
347,1055,20230805,Like,1
583,4956,20231104,Like,1
1624,3696,20230115,Like,1
1900,5579,20230518,Like,1
1843,3038,20230217,Share,1
1880,2953,20231222,Comment,1
1274,3775,20230109,Like,1
411,528,20230812,Comment,1
847,5550,20230507,Like,1
556,658,20231021,Like,1
1001,4687,20230629,Like,1
640,3717,20230125,Like,1
462,5383,20230112,Like,1
1310,5318,20230116,Like,1
1913,1483,20230409,Comment,1
261,5728,20231226,Like,1
1977,4349,20230615,Like,1
1413,2944,20231012,Like,1
1864,5597,20230430,Like,1
1256,1896,20231204,Like,1
874,3415,20230509,Like,1
1478,5995,20230910,Like,1
763,5519,20230419,Share,1
1659,3975,20230603,Like,1
1587,5724,20230401,Like,1
1724,484,20230524,Share,1
267,3748,20230219,Like,1
1506,3048,20230903,Like,1
1976,5057,20230311,Share,1
1962,2605,20230902,Like,1
710,1951,20231211,Like,1
450,2321,20230512,Share,1
1201,1261,20230517,Like,1
744,2578,20230401,Like,1
1465,1908,20231206,Like,1
1871,4434,20230809,Like,1
1849,4295,20230809,Like,1
1698,5176,20230515,Like,1
1397,1310,20230726,Like,1
1530,5131,20230926,Like,1
65,3692,20230805,Like,1
786,5990,20230902,Like,1
991,4710,20231103,Share,1
280,147,20230323,Like,1
1889,412,20230621,Comment,1
1096,3009,20231022,Like,1
1530,701,20230504,Like,1
1052,1860,20231009,Like,1
1022,448,20231124,Like,1
324,4290,20230123,Like,1
976,3751,20230221,Like,1
490,513,20230310,Comment,1
1813,2988,20231228,Like,1
233,2971,20231203,Like,1
477,3369,20230301,Like,1
1143,4762,20230821,Share,1
1851,4728,20230112,Like,1
151,3470,20231209,Comment,1
1531,1374,20230923,Like,1
1704,4557,20231126,Comment,1
966,3897,20230423,Like,1
1412,1201,20230620,Like,1
317,142,20231130,Comment,1
1424,5804,20230607,Share,1
1753,742,20231128,Like,1
1616,1288,20231219,Comment,1
1384,5820,20231110,Share,1
437,3482,20230824,Comment,1
1617,3483,20230322,Like,1
1578,4480,20230328,Like,1
1591,2569,20230910,Like,1
1602,3317,20230104,Like,1
432,2107,20230402,Like,1
532,500,20230929,Like,1
1383,542,20231214,Like,1
299,1419,20231216,Comment,1
1595,2190,20230802,Like,1
1623,3271,20230227,Like,1
1902,3311,20230406,Like,1
1021,2636,20230331,Like,1
1950,5745,20230625,Comment,1
918,1660,20230318,Like,1
1828,3003,20230112,Like,1
502,2274,20230109,Like,1
1466,1555,20230705,Like,1
132,155,20230629,Like,1
1731,3610,20230421,Like,1
21,2228,20230105,Like,1
163,5483,20230226,Like,1
440,1205,20230428,Like,1
429,1495,20230316,Like,1
653,5748,20230220,Like,1
1302,5102,20230701,Comment,1
1990,4577,20231214,Comment,1
1101,1103,20230222,Like,1
870,5682,20230906,Like,1
1517,2175,20230711,Like,1
351,1488,20230914,Like,1
963,2571,20230621,Like,1
1272,347,20231129,Comment,1
1117,1449,20231021,Comment,1
556,3466,20230127,Like,1
1802,1802,20230908,Like,1
1823,5398,20230214,Like,1
1926,4110,20230324,Like,1
1931,1974,20230528,Like,1
211,355,20230730,Like,1
1084,878,20230916,Comment,1
1710,4499,20230815,Like,1
825,974,20231122,Like,1
288,5412,20230530,Share,1
671,581,20230716,Like,1
1616,393,20230727,Like,1
277,2383,20230318,Comment,1
1252,2375,20230411,Like,1
1721,2015,20230207,Like,1
1167,419,20230312,Like,1
1735,682,20230713,Like,1
373,3313,20230721,Like,1
298,5764,20230125,Like,1
934,4339,20230503,Like,1
124,3537,20230727,Like,1
1368,4971,20230916,Like,1
1752,2651,20230831,Like,1
1686,1878,20231226,Like,1
265,192,20230417,Like,1
606,3357,20230301,Like,1
1562,713,20230126,Like,1
1784,2634,20230816,Like,1
1083,464,20230930,Like,1
1658,5934,20230402,Like,1
1524,2762,20230723,Share,1
330,2675,20230919,Like,1
1868,2161,20230324,Like,1
222,2681,20230818,Like,1
609,4172,20230224,Like,1
1054,4027,20231108,Like,1
1394,4859,20231023,Like,1
726,1924,20230515,Like,1
1619,5243,20230409,Like,1
1731,3686,20230703,Like,1
1664,1829,20231206,Like,1
1306,2556,20230506,Comment,1
1685,4206,20230708,Like,1
304,5578,20230203,Like,1
775,2769,20230917,Like,1
1171,2262,20230802,Comment,1
912,600,20230220,Comment,1
1469,3080,20230321,Like,1
1345,3972,20231228,Like,1
445,3577,20230510,Like,1
1779,475,20230419,Like,1
1641,4121,20230103,Comment,1
1411,612,20231107,Like,1
1398,5554,20230727,Comment,1
1223,5519,20231002,Like,1
1526,2946,20230129,Like,1
1313,4657,20230127,Like,1
923,4622,20230829,Comment,1
576,3735,20230422,Comment,1
1886,1622,20230629,Like,1
559,4330,20230517,Like,1
640,5270,20231222,Comment,1
1668,1015,20230507,Like,1
1646,3217,20230709,Comment,1
418,353,20230207,Like,1
1495,4755,20230706,Comment,1
42,4363,20230909,Like,1
1832,1087,20231119,Like,1
1960,5399,20230403,Like,1
1318,3148,20231106,Share,1
297,4160,20230222,Like,1
978,1351,20230724,Like,1
359,5681,20230622,Like,1
928,4088,20230421,Comment,1
1162,1575,20230302,Like,1
731,5585,20230605,Like,1
1860,2469,20231103,Comment,1
70,5085,20230706,Like,1
468,4223,20230804,Like,1
1326,4366,20230609,Like,1
1789,3804,20230815,Like,1
372,3207,20230303,Like,1
865,4261,20231117,Like,1
1369,1649,20230106,Like,1
1447,1314,20231207,Like,1
841,526,20230228,Comment,1
1941,2292,20230305,Like,1
1660,335,20230713,Comment,1
936,3027,20230731,Like,1
1518,4598,20230123,Like,1
481,2098,20230814,Comment,1
1902,1375,20230904,Share,1
1034,2696,20230729,Share,1
1621,1349,20230324,Like,1
386,4636,20230612,Like,1
948,1824,20230914,Like,1
1275,881,20230424,Like,1
847,106,20230321,Like,1
1945,3619,20230809,Share,1
694,2776,20230313,Like,1
1873,1925,20230711,Like,1
1982,3359,20231120,Share,1
1689,1600,20231130,Like,1
1355,4031,20231224,Like,1
412,2738,20230724,Like,1
727,5761,20230515,Like,1
78,4824,20230809,Like,1
1927,1119,20230408,Like,1
1649,4345,20230130,Like,1
967,5332,20230519,Like,1
415,860,20230501,Comment,1
1489,3691,20230321,Like,1
769,3240,20230515,Like,1
132,2267,20230527,Like,1
178,3681,20230208,Like,1
360,2996,20230215,Like,1
1751,2609,20230606,Like,1
658,4662,20230512,Share,1
132,4402,20231018,Like,1
1005,1150,20230617,Like,1
834,548,20230402,Like,1
928,3501,20230808,Like,1
339,1799,20231115,Like,1
1721,5055,20230420,Share,1
1344,4248,20230503,Share,1
1934,1827,20230916,Share,1
1505,198,20230921,Like,1
1846,1243,20230821,Comment,1
672,2244,20231218,Like,1
1380,620,20230905,Like,1
548,5819,20230110,Like,1
90,3166,20230827,Like,1
463,4757,20231214,Like,1
802,27,20230720,Like,1
1803,3134,20231218,Like,1
1264,1889,20231218,Comment,1
567,5537,20230322,Like,1
1416,4417,20230603,Like,1
1815,5820,20230408,Like,1
342,4113,20230520,Like,1
748,2112,20230204,Comment,1
1365,4643,20230910,Like,1
52,201,20231223,Like,1
1695,2527,20231209,Like,1
974,560,20231118,Like,1
614,4114,20230915,Like,1
696,5410,20230303,Like,1
106,1865,20230718,Share,1
826,5049,20230224,Share,1
1186,4721,20230527,Like,1
458,5408,20231121,Like,1
1155,4013,20230430,Like,1
47,2455,20230102,Share,1
185,1177,20231019,Comment,1
1997,5744,20231123,Like,1
1677,724,20230418,Like,1
1292,3583,20231012,Share,1
1419,4849,20230927,Like,1
533,5510,20230519,Like,1
777,5170,20230514,Comment,1
1964,1153,20231009,Like,1
1542,5352,20230221,Like,1
288,5457,20230504,Comment,1
365,30,20230617,Like,1
651,4301,20230128,Like,1
1028,3894,20231128,Like,1
1540,5103,20230619,Like,1
193,498,20231023,Like,1
1250,3428,20231122,Like,1
1866,1219,20230420,Like,1
783,5020,20230717,Like,1
785,5514,20230228,Comment,1
565,2745,20230518,Like,1
345,5184,20230104,Like,1
61,838,20230513,Like,1
1400,3480,20230911,Like,1
1920,5587,20230215,Like,1
1362,87,20230412,Share,1
45,1800,20230416,Like,1
1542,2156,20230608,Like,1
1916,5829,20230312,Like,1
277,5196,20230824,Like,1
1381,1419,20230912,Like,1
943,1487,20230223,Share,1
543,2449,20231227,Like,1
1368,197,20230131,Like,1
1043,1318,20231217,Like,1
1922,1091,20230607,Like,1
280,5627,20230723,Like,1
1448,5322,20230217,Like,1
1767,3,20230227,Like,1
1480,4556,20230811,Like,1
1600,773,20230721,Like,1
883,5167,20230115,Like,1
1812,2347,20231116,Like,1
1046,4687,20230223,Like,1
705,34,20231107,Like,1
1001,1279,20230523,Like,1
1839,3170,20231012,Comment,1
114,711,20231117,Like,1
1226,1328,20230707,Like,1
1286,5574,20230511,Like,1
1196,4224,20231221,Like,1
1492,3996,20230518,Like,1
1990,5425,20230809,Like,1
1832,1285,20230923,Like,1
820,5320,20230125,Share,1
784,772,20230323,Like,1
1653,1698,20231112,Like,1
1388,1109,20230616,Comment,1
951,1211,20230909,Like,1
1083,2757,20230810,Like,1
1936,4270,20230107,Like,1
1660,2346,20230530,Comment,1
1554,5462,20230123,Like,1
1760,4514,20231013,Like,1
831,439,20230621,Like,1
765,2354,20230301,Like,1
1286,5801,20230831,Like,1
1044,5476,20230921,Share,1
1003,5171,20231214,Like,1
1281,5791,20231228,Like,1
291,4571,20230329,Share,1
1920,5577,20231107,Like,1
552,2113,20230217,Comment,1
434,605,20231212,Like,1
1627,2098,20230902,Like,1
1156,4971,20230403,Like,1
294,4325,20231129,Like,1
394,5063,20230322,Like,1
1223,4750,20230224,Like,1
1558,154,20230526,Like,1
222,3800,20230513,Like,1
374,2837,20231217,Like,1
1453,5932,20231203,Like,1
1929,725,20231006,Comment,1
931,2710,20230225,Like,1
668,5018,20230225,Comment,1
1883,3189,20230927,Like,1
83,4257,20230207,Like,1
334,3848,20231002,Like,1
383,5288,20231107,Like,1
1934,2498,20231203,Share,1
186,703,20230717,Comment,1
1989,5628,20230827,Share,1
1660,1111,20230818,Like,1
1609,1065,20230210,Like,1
1779,4093,20230515,Like,1
290,5916,20230605,Like,1
1,347,20231222,Like,1
173,2020,20230120,Comment,1
582,4415,20231123,Comment,1
490,2695,20231214,Like,1
715,155,20231225,Share,1
19,4886,20231121,Like,1
1152,384,20230327,Like,1
1089,5476,20230731,Like,1
1450,1569,20230903,Like,1
230,4570,20230731,Like,1
889,3476,20230509,Comment,1
83,2464,20230507,Like,1
538,2025,20230125,Like,1
1565,1041,20231205,Like,1
935,3178,20230102,Share,1
324,5377,20231119,Comment,1
1625,2397,20230708,Like,1
330,3078,20230817,Like,1
1006,3279,20231001,Like,1
1470,5756,20230402,Like,1
1617,1925,20230829,Like,1
1123,5660,20230713,Like,1
241,5127,20230518,Share,1
1570,3715,20230414,Like,1
1161,4574,20230911,Like,1
1499,2,20231004,Like,1
725,2408,20231208,Like,1
358,1881,20230922,Like,1
518,2900,20230417,Share,1
938,363,20230413,Like,1
773,4727,20231127,Like,1
1713,1301,20230507,Like,1
413,362,20230104,Like,1
1013,1206,20230414,Like,1
152,885,20231012,Like,1
911,4170,20230321,Like,1
42,3577,20230211,Like,1
1087,4659,20230121,Comment,1
1062,2973,20230828,Like,1
1660,4275,20230407,Comment,1
1861,231,20230816,Share,1
500,4999,20230304,Like,1
266,202,20230216,Like,1
1690,582,20230411,Like,1
1154,3,20230228,Comment,1
423,1585,20230503,Comment,1
1164,1342,20230215,Like,1
1756,3747,20230927,Like,1
1147,2402,20230627,Like,1
440,1248,20230718,Comment,1
767,5884,20231007,Like,1
1267,5631,20230724,Like,1
1529,4121,20230422,Comment,1
1939,3124,20230526,Like,1
78,1337,20231108,Like,1
241,1880,20231201,Share,1
80,3416,20230115,Like,1
1125,1915,20230817,Like,1
1341,4648,20230913,Like,1
1177,3899,20230208,Like,1
1308,56,20230616,Like,1
1740,503,20230513,Like,1
1903,1679,20230517,Share,1
201,5476,20231105,Comment,1
441,2268,20230306,Like,1
824,5632,20230408,Like,1
520,1988,20230618,Like,1
1804,2308,20230630,Like,1
1574,4291,20230326,Like,1
1590,712,20231029,Like,1
1763,5954,20231202,Like,1
837,4202,20230525,Like,1
916,5922,20230329,Like,1
370,742,20231028,Comment,1
663,1706,20230205,Like,1
1297,3741,20230331,Like,1
608,4276,20230810,Like,1
245,2220,20231222,Like,1
409,1546,20230819,Like,1
678,5072,20230405,Like,1
1675,5275,20230306,Like,1
765,1198,20230719,Like,1
682,1062,20230602,Like,1
379,3940,20230428,Like,1
1465,970,20230621,Like,1
180,2782,20230730,Like,1
270,349,20231009,Comment,1
455,914,20231113,Comment,1
1213,3723,20231105,Like,1
405,4776,20230218,Like,1
144,1970,20230411,Like,1
1137,1058,20230215,Like,1
362,1725,20230328,Like,1
1909,587,20230319,Comment,1
865,5499,20230609,Share,1
1459,3877,20231217,Like,1
1723,4022,20230831,Like,1
383,897,20230629,Like,1
115,5026,20231203,Like,1
605,4927,20230311,Like,1
1866,2602,20230116,Like,1
1629,1968,20230421,Like,1
151,2342,20230919,Like,1
1722,4533,20230618,Like,1
1608,5686,20231006,Like,1
1158,3688,20230717,Like,1
636,582,20230413,Like,1
931,1393,20231018,Like,1
1149,4132,20230511,Like,1
505,4831,20231228,Like,1
1125,338,20231124,Share,1
1602,3306,20231005,Like,1
1856,3864,20230220,Like,1
553,3390,20230728,Like,1
1822,1484,20231028,Share,1
1614,642,20230817,Like,1
178,258,20230910,Share,1
519,5409,20230326,Like,1
574,303,20231030,Like,1
955,3119,20231025,Share,1
659,4112,20231225,Like,1
1848,3393,20230406,Like,1
1015,5404,20230813,Share,1
1963,5927,20230306,Share,1
1438,3510,20230131,Comment,1
1813,476,20230624,Share,1
1081,4226,20231126,Like,1
392,4717,20230515,Comment,1
1351,5374,20231113,Share,1
646,4865,20230703,Like,1
498,3465,20230303,Like,1
1835,2056,20230426,Like,1
880,3454,20230102,Like,1
110,4014,20230306,Like,1
1727,541,20231101,Like,1
1723,3485,20230825,Like,1
930,3487,20230829,Like,1
722,4201,20230217,Like,1
1716,5986,20230407,Like,1
67,4810,20230825,Share,1
857,3141,20230804,Share,1
791,4918,20230225,Like,1
1438,4522,20230321,Like,1
1781,1224,20230901,Like,1
1228,3714,20230414,Share,1
1166,722,20230430,Like,1
1203,4922,20230602,Like,1
1464,2731,20231027,Like,1
788,172,20230909,Like,1
1965,4081,20231229,Like,1
818,1455,20230125,Like,1
1503,583,20230326,Comment,1
1379,3018,20230904,Like,1
300,4181,20230806,Like,1
911,5855,20230505,Share,1
722,5620,20230807,Like,1
377,3427,20230124,Like,1
74,4388,20230721,Like,1
1513,3720,20230925,Like,1
1465,164,20230731,Like,1
1519,1195,20230815,Like,1
1499,806,20230309,Like,1
1683,3879,20230715,Like,1
34,3771,20230829,Like,1
1055,4168,20231031,Comment,1
1405,2921,20230306,Share,1
1402,3778,20231021,Like,1
495,3001,20231214,Like,1
1623,2969,20230725,Comment,1
737,2923,20230731,Like,1
1777,1324,20231003,Comment,1
821,4997,20230808,Like,1
1442,396,20230413,Like,1
294,1832,20230804,Comment,1
1438,530,20230329,Like,1
243,1737,20230222,Like,1
669,2844,20230629,Like,1
1912,961,20230925,Like,1
116,2574,20230712,Like,1
1202,4926,20230713,Like,1
297,5910,20231211,Like,1
1857,3503,20230815,Like,1
265,4957,20230613,Like,1
217,5977,20230317,Share,1
795,2348,20230620,Like,1
565,2185,20230523,Share,1
827,5099,20230111,Like,1
1134,3974,20231110,Like,1
854,5625,20231227,Like,1
368,577,20230630,Like,1
1409,40,20231201,Like,1
1195,2573,20230810,Like,1
1497,1294,20230526,Like,1
1062,2220,20231026,Like,1
1746,4270,20230923,Like,1
1996,447,20230922,Comment,1
823,3107,20230929,Like,1
1173,3792,20230307,Like,1
1706,4997,20230808,Like,1
651,5943,20230331,Share,1
1485,3242,20231216,Like,1
1846,3612,20230510,Like,1
1597,1876,20230712,Like,1
121,64,20231223,Share,1
276,3103,20230326,Comment,1
782,1023,20230202,Like,1
1077,2154,20230317,Comment,1
1525,2261,20230522,Like,1
438,5164,20230820,Like,1
582,5831,20230511,Like,1
1410,3084,20230206,Like,1
75,3499,20230807,Like,1
1606,771,20231207,Like,1
508,5183,20231127,Comment,1
1857,2627,20230801,Comment,1
416,4929,20230807,Comment,1
278,4347,20230711,Share,1
1648,1752,20230730,Like,1
1886,2945,20231225,Like,1
1191,2957,20231225,Like,1
752,5676,20230930,Like,1
1205,5936,20231123,Comment,1
1733,1826,20230521,Comment,1
628,2687,20230403,Like,1
350,4607,20230125,Like,1
1535,5403,20230623,Share,1
1507,1725,20231109,Like,1
51,3502,20230307,Comment,1
1713,5227,20231014,Comment,1
30,2520,20230606,Like,1
625,4562,20230405,Like,1
920,3400,20230922,Like,1
228,1896,20230304,Comment,1
1816,5137,20231008,Like,1
1919,2013,20230207,Like,1
927,607,20230607,Like,1
793,3893,20231129,Share,1
469,3905,20231117,Share,1
1567,979,20230315,Like,1
844,1334,20230107,Comment,1
1873,3249,20230630,Like,1
1302,595,20230415,Like,1
1399,4847,20230622,Like,1
1757,1690,20230309,Like,1
512,4044,20231019,Like,1
322,718,20230130,Like,1
937,3827,20230512,Like,1
1902,3220,20230706,Like,1
207,1022,20231206,Comment,1
1204,4319,20231012,Comment,1
725,5361,20230529,Like,1
1158,5210,20230912,Like,1
1396,1839,20231227,Comment,1
85,31,20231118,Like,1
1825,4306,20230909,Like,1
1617,5390,20230220,Like,1
1384,4325,20231222,Like,1
1667,5117,20231228,Like,1
414,3525,20230124,Like,1
413,5914,20230721,Like,1
1303,2452,20230822,Comment,1
1242,3629,20230320,Like,1
1596,3438,20230903,Comment,1
1645,2989,20231222,Like,1
1481,1097,20231125,Like,1
1154,659,20231118,Comment,1
1566,456,20230331,Like,1
1249,3113,20231221,Like,1
535,3241,20231028,Like,1
744,2268,20230705,Share,1
1184,4124,20231205,Like,1
1200,1998,20230523,Like,1
111,5348,20230204,Like,1
1928,5064,20231009,Like,1
960,1340,20230129,Like,1
251,4286,20230520,Like,1
1367,425,20230514,Like,1
1104,1760,20230717,Like,1
1767,2637,20230722,Share,1
1793,2865,20230523,Like,1
1867,4440,20230314,Like,1
1304,21,20230731,Like,1
132,1906,20230511,Like,1
1276,2508,20230102,Like,1
533,3063,20230922,Like,1
269,2928,20230110,Share,1
407,5280,20231212,Like,1
279,839,20230703,Like,1
662,4923,20231125,Like,1
326,4422,20230712,Like,1
1633,5942,20230713,Like,1
1642,3266,20230619,Like,1
1213,5205,20231119,Like,1
301,938,20230817,Like,1
1092,512,20230408,Like,1
609,2457,20230327,Like,1
288,4245,20231110,Like,1
86,1315,20230913,Like,1
336,4473,20230316,Like,1
293,4186,20230104,Like,1
543,3281,20230911,Like,1
578,4570,20230925,Comment,1
1623,3309,20231112,Share,1
1253,1031,20230305,Like,1
1857,4360,20230218,Like,1
1516,2783,20230603,Like,1
1145,5500,20230406,Comment,1
1387,5060,20230216,Like,1
128,4928,20231102,Share,1
867,3417,20230816,Comment,1
1539,95,20230604,Like,1
654,5706,20230303,Comment,1
938,4538,20230228,Comment,1
931,278,20230925,Like,1
1612,3581,20230807,Like,1
82,1055,20230101,Like,1
1311,353,20230924,Like,1
877,3042,20230917,Like,1
1,1874,20231219,Like,1
1186,350,20230614,Like,1
473,794,20230330,Like,1
273,2619,20230719,Like,1
1894,4364,20230705,Like,1
654,5989,20231020,Comment,1
377,1191,20231226,Like,1
1741,3738,20230322,Share,1
818,3934,20230823,Share,1
910,1698,20231027,Like,1
637,964,20230212,Like,1
988,191,20230707,Like,1
1095,5115,20230405,Share,1
220,2535,20230908,Comment,1
308,4619,20230701,Like,1
1407,5509,20230726,Like,1
881,3145,20230619,Like,1
30,1017,20230823,Like,1
1894,357,20231220,Share,1
764,3761,20230111,Like,1
1881,5500,20230406,Comment,1
1556,1703,20230304,Like,1
646,1305,20230327,Like,1
1857,3350,20230507,Like,1
983,5913,20231228,Like,1
870,3016,20230401,Share,1
1312,4291,20230203,Like,1
1135,1026,20230717,Like,1
1679,867,20231027,Comment,1
252,1959,20230804,Like,1
780,1198,20230215,Like,1
512,1014,20230902,Like,1
923,5831,20230805,Like,1
794,1079,20230511,Like,1
209,3690,20230329,Share,1
437,3369,20230106,Like,1
336,1012,20230902,Share,1
626,2257,20231225,Comment,1
1673,2673,20230104,Like,1
1156,4392,20230618,Like,1
538,4327,20231108,Comment,1
905,699,20230805,Like,1
138,5577,20231211,Like,1
1724,507,20230915,Comment,1
1811,1767,20230824,Like,1
1814,2126,20231219,Like,1
690,843,20230205,Like,1
1181,5580,20231208,Like,1
1929,5949,20230709,Like,1
241,5502,20231122,Like,1
846,1134,20230320,Like,1
240,4475,20231112,Like,1
1505,292,20231130,Like,1
1975,2331,20230610,Like,1
1432,2249,20230107,Like,1
1151,3435,20230311,Comment,1
1054,2275,20230807,Like,1
23,965,20230620,Like,1
665,4626,20230711,Like,1
96,1963,20230209,Like,1
571,1620,20230206,Share,1
1405,2095,20231229,Like,1
211,1686,20230706,Like,1
1566,2914,20230408,Like,1
1080,929,20231019,Like,1
1933,2770,20231126,Like,1
517,5194,20230906,Like,1
205,448,20230120,Like,1
1457,615,20230826,Like,1
871,4885,20231129,Like,1
680,4201,20230314,Like,1
315,1976,20231117,Like,1
80,2450,20230722,Like,1
1557,2318,20230711,Like,1
1630,3252,20230928,Like,1
1891,5146,20231004,Like,1
1040,5228,20231125,Comment,1
717,359,20230429,Like,1
539,2631,20230425,Like,1
343,4075,20230613,Like,1
351,5173,20230517,Like,1
572,3965,20231213,Like,1
1239,1048,20230202,Like,1
1466,4282,20230118,Like,1
842,5771,20230330,Comment,1
1518,663,20230315,Like,1
1289,995,20230517,Like,1
141,4880,20230813,Comment,1
133,898,20231024,Share,1
100,2448,20230213,Comment,1
622,1594,20230705,Share,1
939,5642,20230317,Like,1
1136,560,20230430,Like,1
1633,3648,20230109,Like,1
910,2249,20230606,Like,1
806,2242,20230829,Share,1
538,5395,20231227,Comment,1
733,5550,20231210,Like,1
1180,5075,20230312,Like,1
300,5026,20231014,Like,1
719,723,20230209,Like,1
1403,4580,20230403,Like,1
1493,1520,20231219,Comment,1
1433,3299,20230108,Like,1
1232,5065,20230310,Like,1
1579,2720,20230513,Like,1
743,47,20230822,Like,1
433,4155,20231127,Like,1
339,1290,20230430,Like,1
712,5450,20230707,Like,1
206,2703,20230329,Like,1
471,1187,20230124,Like,1
1309,3123,20230219,Like,1
1726,4619,20231125,Like,1
1458,2142,20230309,Like,1
1345,1029,20230221,Like,1
278,5074,20231020,Like,1
761,286,20231127,Comment,1
180,3931,20230715,Like,1
939,4669,20231101,Like,1
204,480,20231109,Like,1
1565,417,20230605,Like,1
1212,2174,20230929,Comment,1
1932,2754,20231222,Comment,1
1297,3143,20230713,Like,1
1315,5339,20231110,Like,1
465,1407,20230421,Like,1
1892,710,20231005,Like,1
1181,206,20230220,Like,1
1056,370,20230223,Comment,1
40,1757,20231216,Like,1
1060,2643,20230329,Like,1
240,5650,20231225,Like,1
1390,4894,20231001,Comment,1
75,5312,20231025,Like,1
1086,486,20230325,Like,1
873,4516,20230530,Like,1
914,1904,20230708,Like,1
595,4704,20230210,Like,1
659,2589,20230507,Share,1
1711,2610,20230617,Like,1
1252,5050,20230506,Like,1
1058,5039,20230714,Like,1
1761,991,20230605,Like,1
1091,711,20231002,Share,1
1893,2499,20230226,Share,1
454,4505,20231020,Like,1
1921,1488,20231230,Like,1
487,5997,20230415,Like,1
502,97,20230620,Like,1
911,5987,20230802,Like,1
1557,657,20230830,Share,1
1001,2019,20231112,Like,1
316,3686,20230205,Share,1
145,701,20230722,Like,1
1945,4305,20231022,Like,1
1610,2631,20230913,Like,1
137,4878,20231016,Like,1
20,1258,20230824,Like,1
180,5684,20230524,Like,1
188,3555,20231223,Like,1
990,5598,20230122,Share,1
1964,5352,20230518,Comment,1
1681,4226,20231027,Like,1
259,4670,20230505,Like,1
1036,1214,20231223,Like,1
13,974,20230404,Like,1
430,4616,20230302,Like,1
1986,2259,20230421,Like,1
1319,5039,20231009,Share,1
1912,822,20230514,Like,1
1148,3860,20230105,Like,1
1334,1402,20231123,Share,1
800,1590,20230520,Share,1
289,169,20230425,Share,1
1467,184,20230406,Like,1
1740,1986,20230409,Like,1
895,1479,20230828,Like,1
1999,1336,20230318,Like,1
366,1629,20230412,Like,1
1996,5078,20230315,Like,1
1195,4521,20230925,Like,1
472,5498,20230723,Like,1
225,1865,20230607,Like,1
1963,4405,20230107,Like,1
1135,3057,20231112,Like,1
1136,3094,20230306,Like,1
856,4138,20231130,Comment,1
501,719,20230128,Comment,1
206,1069,20231018,Like,1
539,1366,20230312,Like,1
786,3069,20231205,Like,1
471,39,20230610,Like,1
256,130,20230903,Like,1
684,1214,20230921,Like,1
1518,83,20231201,Comment,1
567,2463,20230920,Like,1
159,3834,20230629,Like,1
792,772,20230721,Like,1
1913,337,20230713,Like,1
1866,3548,20230802,Like,1
1914,3226,20230911,Like,1
842,2538,20230613,Share,1
879,3777,20230418,Share,1
1443,1883,20230115,Like,1
1087,1985,20230123,Like,1
36,2472,20230405,Comment,1
1235,2996,20230224,Like,1
927,125,20230712,Comment,1
1235,2151,20231221,Like,1
1243,4384,20230710,Like,1
399,231,20230304,Like,1
89,5652,20230716,Like,1
1614,3147,20231026,Like,1
653,2771,20230803,Like,1
306,1411,20230404,Like,1
286,5885,20230306,Comment,1
933,3048,20230704,Like,1
1648,5614,20231115,Comment,1
1903,2101,20230814,Like,1
1939,5861,20230809,Like,1
1187,2932,20230127,Like,1
1533,236,20231016,Like,1
934,911,20230331,Comment,1
1576,4575,20230616,Comment,1
720,4209,20231109,Share,1
88,2,20230705,Like,1
1036,3825,20230316,Like,1
1381,2273,20230612,Like,1
777,2685,20230922,Like,1
1037,656,20230331,Comment,1
136,2282,20231225,Like,1
420,1916,20230115,Like,1
581,4543,20230605,Like,1
1109,3153,20231010,Like,1
332,2076,20230225,Comment,1
1040,2454,20231221,Share,1
570,3679,20230923,Like,1
325,946,20230717,Like,1
389,3329,20230105,Like,1
1461,5836,20230512,Like,1
1435,1223,20230510,Like,1
525,4027,20230529,Comment,1
1370,3849,20230629,Like,1
1066,921,20230919,Like,1
1244,1787,20230423,Like,1
180,1090,20230917,Comment,1
1648,3082,20230627,Like,1
1142,3815,20230519,Like,1
1344,2471,20231121,Like,1
945,4450,20230409,Share,1
310,1407,20231228,Like,1
749,2665,20230317,Like,1
702,316,20230828,Like,1
71,1652,20230322,Like,1
1507,3344,20230331,Like,1
365,2,20230711,Comment,1
350,2653,20230307,Like,1
1104,4277,20230921,Like,1
1823,777,20231019,Like,1
528,815,20231003,Like,1
1725,2509,20231014,Like,1
1145,3166,20230507,Share,1
1592,1753,20231018,Like,1
747,3677,20230413,Like,1
1956,3290,20230327,Like,1
1050,173,20230225,Like,1
1529,4957,20230313,Like,1
171,2239,20231107,Like,1
1049,1631,20231123,Like,1
1639,2642,20230621,Like,1
291,3727,20230108,Like,1
1865,1140,20230528,Comment,1
1797,4163,20231117,Like,1
1883,964,20230904,Like,1
1375,2479,20231121,Like,1
483,504,20231123,Share,1
724,247,20230329,Like,1
1176,3129,20231214,Like,1
1192,393,20230826,Like,1
339,4726,20230912,Like,1
1515,5640,20231116,Like,1
654,2943,20231108,Like,1
1882,587,20230522,Like,1
15,4945,20231014,Like,1
942,4453,20230929,Like,1
1375,3032,20230703,Like,1
1896,3237,20230606,Comment,1
1,2802,20231228,Share,1
240,5759,20230829,Like,1
1548,2197,20230413,Like,1
1442,2687,20231026,Share,1
1445,539,20230915,Comment,1
269,5293,20231003,Like,1
1289,4920,20230324,Like,1
1635,2183,20230715,Like,1
1743,3912,20230923,Like,1
97,949,20230321,Like,1
1157,3953,20230914,Like,1
1797,2021,20230224,Like,1
11,1715,20230529,Comment,1
756,2351,20230225,Like,1
519,3600,20230922,Like,1
811,2278,20231208,Comment,1
996,2846,20230922,Like,1
15,1830,20230721,Like,1
1289,5679,20231221,Like,1
202,4516,20231025,Like,1
1461,3194,20231103,Share,1
1696,2771,20230318,Like,1
113,2497,20230329,Like,1
343,5903,20230321,Like,1
1592,4801,20230909,Like,1
1053,2923,20230531,Like,1
1630,4410,20230615,Share,1
1917,418,20230207,Share,1
161,2233,20231224,Like,1
1929,5624,20231218,Like,1
1184,1479,20230311,Comment,1
1580,526,20230327,Like,1
683,4371,20230912,Like,1
1593,1429,20230118,Share,1
704,2385,20230414,Like,1
1837,5690,20231214,Like,1
200,1428,20230312,Share,1
1727,406,20230221,Like,1
1508,1089,20230812,Comment,1
313,2942,20230429,Like,1
134,246,20230414,Comment,1
735,530,20230926,Like,1
1556,2419,20230202,Like,1
661,5980,20230924,Like,1
1771,128,20230807,Comment,1
1690,4397,20230701,Like,1
340,4177,20230101,Like,1
431,3256,20230401,Like,1
825,5836,20230415,Like,1
321,4835,20230330,Like,1
464,2914,20230901,Like,1
273,4497,20230701,Comment,1
1012,2984,20230818,Share,1
444,5816,20230317,Share,1
1921,3195,20230122,Like,1
93,5717,20230804,Like,1
961,2922,20230414,Like,1
1436,3281,20230730,Like,1
289,1254,20230827,Like,1
1595,5022,20231024,Comment,1
670,1916,20230206,Comment,1
1106,2472,20230301,Like,1
558,1459,20230528,Like,1
1471,3282,20230909,Like,1
1755,2355,20230524,Like,1
152,2134,20231027,Comment,1
1912,2242,20231114,Like,1
61,5941,20231024,Like,1
1219,1807,20230516,Like,1
570,4496,20230920,Like,1
1363,4704,20231108,Comment,1
66,4950,20230503,Like,1
1058,5591,20231006,Comment,1
687,785,20230310,Comment,1
367,137,20230329,Like,1
1906,3662,20230526,Like,1
1398,5752,20230518,Comment,1
399,5922,20230406,Like,1
1242,2360,20230723,Comment,1
83,4538,20230218,Like,1
539,847,20230705,Like,1
49,1910,20230501,Like,1
1967,190,20230930,Share,1
1783,3299,20231202,Like,1
1200,4476,20230420,Like,1
1482,2250,20230628,Like,1
1458,4380,20230308,Like,1
1826,2960,20230131,Like,1
889,1245,20231105,Like,1
1558,4251,20231014,Like,1
93,1981,20230411,Like,1
917,5841,20231212,Like,1
10,2241,20231130,Like,1
479,5311,20231112,Like,1
740,5464,20230127,Like,1
611,5787,20231009,Like,1
1397,3873,20231108,Like,1
1738,3715,20230823,Like,1
1012,1654,20230223,Like,1
738,47,20230108,Like,1
362,2538,20231228,Like,1
799,5654,20230501,Like,1
1831,3776,20230429,Like,1
521,4775,20230825,Like,1
1529,5610,20231204,Like,1
912,1875,20230116,Like,1
88,1871,20230823,Like,1
657,1289,20231108,Like,1
1169,701,20230515,Like,1
568,1781,20230902,Like,1
394,5343,20230207,Like,1
1400,2072,20230730,Like,1
946,2742,20230820,Like,1
506,1084,20231119,Like,1
1864,5630,20230122,Share,1
759,2728,20230422,Like,1
1041,895,20230709,Like,1
1948,3355,20230205,Like,1
1504,5818,20231113,Like,1
1096,3951,20231110,Share,1
606,1040,20230512,Like,1
1482,996,20230804,Like,1
1980,1040,20230217,Like,1
145,19,20230724,Share,1
1527,5677,20230703,Like,1
1338,808,20231121,Like,1
1807,4287,20230210,Share,1
1471,2340,20230726,Like,1
1334,3934,20230510,Like,1
1960,3225,20230626,Like,1
1266,4873,20230609,Like,1
631,1896,20230212,Comment,1
1555,3872,20230527,Comment,1
1568,7,20231202,Like,1
1984,3931,20231129,Like,1
760,5086,20230305,Like,1
802,3997,20230613,Comment,1
1270,2333,20230120,Like,1
818,3935,20230303,Like,1
405,3758,20230605,Like,1
1560,4063,20231014,Like,1
311,3407,20231210,Like,1
20,2602,20230222,Comment,1
1393,1141,20230920,Like,1
1033,3288,20230416,Like,1
142,5914,20231001,Comment,1
1747,5966,20230131,Like,1
1786,1478,20231206,Share,1
1461,3991,20230301,Like,1
1059,5341,20230303,Like,1
1083,3842,20231024,Like,1
1856,2020,20230928,Share,1
1972,2971,20230115,Like,1
1007,221,20230608,Share,1
169,3824,20230307,Comment,1
1118,1753,20231225,Like,1
1145,3521,20230705,Like,1
47,610,20231212,Comment,1
1349,1429,20230516,Comment,1
209,4243,20231024,Like,1
253,1272,20231010,Like,1
1818,1165,20231002,Share,1
911,1517,20230731,Like,1
1718,448,20230803,Like,1
105,1940,20230823,Like,1
120,298,20230512,Like,1
114,4160,20230728,Like,1
1729,5926,20230214,Like,1
280,727,20230909,Like,1
166,2873,20231109,Like,1
584,5322,20230321,Like,1
768,4389,20230123,Like,1
1202,5179,20230926,Like,1
460,1350,20230830,Like,1
804,3981,20230109,Like,1
466,5303,20230417,Like,1
673,1258,20230106,Like,1
1173,237,20231114,Like,1
1702,5092,20231026,Like,1
648,3620,20230302,Like,1
353,2182,20231101,Like,1
1911,3541,20230211,Like,1
1450,1186,20230519,Like,1
1371,3678,20230126,Share,1
1758,3444,20231115,Like,1
623,5261,20230503,Share,1
1781,5467,20230523,Like,1
195,4520,20231202,Like,1
1064,5253,20230329,Like,1
1245,2573,20231113,Comment,1
1010,2262,20230313,Like,1
24,4054,20231013,Like,1
1762,3873,20231001,Like,1
1072,287,20230826,Like,1
950,5718,20231202,Like,1
1256,4702,20230210,Comment,1
1532,3425,20230227,Like,1
1149,4366,20231023,Like,1
1754,1783,20230224,Like,1
584,430,20230416,Comment,1
1099,1556,20230112,Like,1
1718,2632,20230430,Like,1
280,356,20230621,Like,1
1764,117,20231020,Comment,1
607,2252,20230313,Like,1
1039,461,20231021,Like,1
1388,4911,20231026,Comment,1
729,3451,20231104,Like,1
609,3083,20230115,Comment,1
82,1830,20230608,Like,1
896,875,20230418,Like,1
1327,2383,20230905,Share,1
724,2268,20230305,Like,1
1301,9,20230803,Like,1
1876,573,20230204,Like,1
985,2735,20230329,Like,1
56,2506,20230212,Like,1
610,1832,20230621,Like,1
498,5207,20230511,Comment,1
1762,1527,20230825,Like,1
1523,3271,20230928,Comment,1
624,3793,20231224,Share,1
1577,3886,20230625,Like,1
529,3826,20230528,Like,1
885,1620,20230306,Like,1
359,1835,20230824,Like,1
74,5674,20230820,Comment,1
1206,4233,20230613,Like,1
328,1623,20231115,Like,1
1925,2396,20230407,Like,1
186,2417,20230415,Like,1
546,1118,20230818,Like,1
276,1839,20230928,Like,1
779,3295,20231222,Like,1
1138,1593,20230128,Like,1
374,5232,20230207,Comment,1
160,5786,20230921,Comment,1
1230,5385,20230906,Like,1
761,498,20230703,Like,1
1785,5796,20230901,Like,1
276,310,20230903,Like,1
400,4194,20231031,Like,1
1149,634,20230304,Like,1
323,1399,20230516,Like,1
1207,1648,20231030,Like,1
1978,775,20230515,Comment,1
1799,1746,20230421,Share,1
1066,2157,20230103,Like,1
1921,4806,20230731,Comment,1
1943,1442,20230604,Share,1
1522,4275,20230119,Share,1
1914,3680,20231101,Comment,1
748,1828,20230421,Like,1
1267,312,20230602,Like,1
390,262,20231219,Like,1
1901,312,20231007,Like,1
1723,5224,20230917,Like,1
347,2239,20230324,Like,1
245,4231,20230209,Like,1
1030,3599,20230130,Like,1
371,634,20230120,Like,1
1401,1599,20230802,Share,1
149,3129,20230603,Like,1
1517,534,20230201,Like,1
468,2017,20230922,Like,1
1078,3911,20230919,Share,1
433,2141,20230826,Like,1
501,3397,20231024,Like,1
1498,1945,20230508,Like,1
1534,5112,20230426,Like,1
841,4485,20230808,Like,1
365,3994,20230129,Like,1
1672,5221,20231114,Like,1
1280,5856,20230806,Like,1
1053,2815,20230817,Like,1
300,4173,20230605,Comment,1
1002,5035,20230502,Like,1
93,2737,20231219,Like,1
1750,1617,20230612,Like,1
1160,4871,20230725,Like,1
1750,510,20230423,Like,1
1533,4644,20231203,Like,1
857,2225,20230615,Like,1
1667,2864,20231215,Like,1
1144,238,20230125,Like,1
1163,4504,20230709,Like,1
1861,4836,20230817,Like,1
1027,135,20230525,Share,1
1178,2646,20230101,Like,1
446,225,20230911,Like,1
867,4510,20230810,Comment,1
1262,1108,20230414,Like,1
1015,2248,20230830,Like,1
35,4936,20231227,Comment,1
1546,2042,20230420,Comment,1
1420,5489,20231122,Like,1
1765,3796,20230409,Like,1
1280,3602,20231111,Like,1
132,4641,20231227,Like,1
77,1051,20230322,Like,1
617,4489,20230411,Like,1
129,879,20230516,Like,1
939,2359,20230927,Share,1
1056,3745,20230328,Like,1
1656,530,20230622,Like,1
180,1651,20230225,Like,1
1101,3251,20230418,Like,1
1331,2808,20231001,Share,1
239,5412,20230809,Share,1
1123,1280,20230405,Like,1
1302,5839,20230923,Like,1
575,3151,20230509,Like,1
479,1317,20231211,Comment,1
1327,2864,20231007,Like,1
416,4404,20230715,Like,1
940,5462,20230823,Like,1
1478,2766,20230205,Like,1
1081,3135,20230813,Comment,1
791,5956,20230930,Like,1
1306,4485,20230924,Like,1
746,2648,20231225,Comment,1
1287,4295,20230216,Like,1
1228,5964,20231226,Like,1
1266,3444,20230306,Like,1
110,4445,20230512,Like,1
574,748,20231226,Like,1
272,610,20230122,Share,1
179,853,20230507,Comment,1
384,4952,20231210,Like,1
497,809,20230302,Like,1
772,1215,20231230,Like,1
118,2836,20231101,Like,1
1363,347,20230315,Like,1
1961,4550,20231106,Like,1
1552,3105,20231122,Like,1
225,2243,20230108,Like,1
1919,3761,20230921,Like,1
1472,4674,20231119,Like,1
1950,360,20230110,Like,1
427,4771,20230221,Like,1
1137,1654,20230327,Like,1
409,586,20231017,Like,1
593,3855,20230329,Share,1
1939,2974,20230213,Like,1
1373,2647,20231018,Comment,1
1597,4362,20230424,Like,1
1412,3648,20230508,Like,1
1687,3299,20230404,Like,1
1125,4653,20230705,Like,1
524,1406,20230515,Comment,1
1251,5247,20231007,Share,1
569,4730,20230609,Like,1
63,678,20230815,Like,1
1883,5560,20230921,Like,1
1574,3614,20231010,Like,1
343,2013,20231027,Like,1
319,5559,20231205,Share,1
687,4805,20231127,Like,1
101,4788,20230424,Like,1
1146,3433,20230610,Comment,1
919,4314,20231020,Like,1
909,4559,20230805,Like,1
68,2072,20230502,Like,1
1480,749,20231105,Share,1
686,136,20231202,Like,1
1714,4104,20230523,Like,1
175,1783,20230910,Like,1
618,4703,20230323,Comment,1
939,4695,20230311,Like,1
564,4372,20230418,Like,1
742,2119,20231203,Share,1
1969,4121,20230916,Like,1
1156,156,20230924,Like,1
1861,1110,20230411,Like,1
115,930,20231005,Like,1
1992,2350,20230611,Like,1
1218,5825,20230524,Like,1
1870,3705,20230422,Like,1
1295,2928,20230423,Like,1
1198,232,20230321,Share,1
1051,5593,20230122,Like,1
1567,689,20230605,Comment,1
1994,361,20230126,Comment,1
1549,1651,20231212,Like,1
1873,5432,20230402,Share,1
1699,1455,20230525,Like,1
961,5184,20231030,Like,1
1120,4969,20231017,Comment,1
1091,4055,20230915,Like,1
442,8,20230623,Like,1
959,3529,20231110,Like,1
1307,4535,20230131,Like,1
1783,2784,20231001,Like,1
1428,893,20230809,Comment,1
398,5674,20230204,Like,1
357,5377,20231129,Like,1
1146,2530,20230916,Like,1
1911,369,20230204,Like,1
371,4172,20231009,Like,1
475,963,20230821,Like,1
613,3492,20230501,Like,1
1941,1270,20230812,Like,1
170,5780,20230919,Comment,1
1966,65,20230103,Like,1
1736,1487,20230219,Like,1
1043,1635,20230816,Share,1
1287,4555,20230322,Share,1
394,1622,20230822,Like,1
1849,5260,20230223,Like,1
1481,3783,20230202,Like,1
1695,5503,20230829,Like,1
1689,1893,20231019,Like,1
1678,1028,20231006,Like,1
331,3813,20230503,Comment,1
31,159,20230505,Like,1
1782,1821,20230522,Like,1
209,3889,20230821,Comment,1
376,643,20230515,Like,1
1306,605,20230330,Like,1
607,885,20231130,Like,1
939,1806,20231201,Share,1
35,5435,20230609,Like,1
1826,3074,20231129,Like,1
1941,848,20230714,Like,1
268,579,20230107,Like,1
828,5348,20230506,Like,1
1478,5564,20230920,Comment,1
1126,5709,20230610,Like,1
694,1019,20230811,Like,1
737,5280,20231015,Like,1
1375,5410,20230223,Like,1
183,2938,20230505,Like,1
165,4579,20230501,Like,1
1533,2355,20230603,Comment,1
663,2306,20231001,Comment,1
415,1535,20231127,Like,1
1624,5623,20231229,Like,1
741,400,20230111,Share,1
161,1312,20230421,Like,1
1587,3074,20230406,Share,1
641,5945,20231216,Like,1
1750,3334,20230419,Like,1
507,1117,20230418,Comment,1
1451,3086,20230501,Comment,1
542,5829,20231101,Like,1
1240,2084,20231003,Like,1
1680,2878,20230602,Like,1
1630,4606,20230920,Like,1
1443,2824,20230413,Comment,1
1661,1418,20230517,Like,1
15,2220,20230613,Comment,1
305,5655,20230308,Like,1
1788,4874,20230917,Share,1
1092,3554,20230720,Like,1
352,166,20230524,Like,1
741,1761,20231013,Like,1
1176,4150,20230504,Like,1
1786,5647,20231015,Like,1
87,4925,20230216,Like,1
539,4588,20230825,Like,1
236,5001,20230530,Share,1
1154,3303,20230503,Like,1
1945,1946,20230315,Like,1
1901,3059,20231113,Comment,1
1465,2448,20230525,Like,1
1768,3389,20231101,Share,1
328,430,20230907,Comment,1
318,1538,20231111,Like,1
386,1421,20230724,Like,1
643,500,20231206,Like,1
651,4567,20230805,Like,1
1943,5493,20230510,Like,1
1553,1803,20230713,Like,1
1490,5829,20231229,Like,1
211,1399,20230427,Share,1
919,5555,20230701,Like,1
196,2795,20231215,Like,1
930,4611,20230503,Share,1
472,2480,20230415,Like,1
1442,3433,20230731,Like,1
1773,3719,20230422,Like,1
307,4356,20230127,Like,1
1365,3565,20231025,Comment,1
447,5450,20231104,Like,1
270,851,20230506,Like,1
1112,4679,20230915,Like,1
122,3526,20230221,Like,1
1263,4456,20230305,Like,1
1804,3377,20230930,Comment,1
1067,1234,20230715,Like,1
471,5257,20231223,Like,1
882,3598,20230120,Like,1
164,833,20230915,Like,1
536,967,20231027,Comment,1
166,4382,20230628,Like,1
144,4134,20230225,Like,1
1494,3956,20230930,Share,1
164,2223,20230714,Like,1
1066,4863,20231103,Like,1
486,1515,20231109,Like,1
59,1262,20230318,Like,1
14,1482,20230909,Like,1
1659,2465,20231024,Like,1
1921,4380,20230310,Like,1
1476,3596,20231206,Like,1
303,381,20230616,Share,1
1290,1526,20230723,Like,1
1237,5571,20230420,Like,1
1989,5379,20230507,Comment,1
806,3596,20230427,Like,1
188,1242,20230301,Comment,1
1983,5343,20230902,Like,1
879,3176,20230830,Share,1
1816,4196,20230509,Comment,1
160,2927,20230224,Like,1
385,259,20230804,Comment,1
1651,3681,20230514,Like,1
1008,248,20230614,Like,1
1297,4161,20230608,Like,1
1704,2758,20230307,Like,1
257,4680,20231024,Like,1
1042,383,20230212,Share,1
213,4203,20231122,Like,1
1554,4150,20231018,Like,1
649,5267,20230626,Like,1
618,566,20230216,Like,1
24,3926,20230222,Like,1
800,4259,20230930,Like,1
1541,3180,20231207,Comment,1
1774,840,20230303,Like,1
798,5535,20230508,Like,1
373,4259,20230810,Like,1
522,1141,20230210,Comment,1
499,1580,20230509,Comment,1
1736,2343,20230124,Like,1
1897,4495,20231222,Like,1
162,2100,20230511,Like,1
362,5076,20230731,Like,1
771,4571,20230211,Like,1
490,5630,20230125,Comment,1
8,1090,20230907,Like,1
1195,3226,20230502,Like,1
365,276,20231125,Comment,1
96,5238,20230807,Like,1
15,4617,20231212,Like,1
814,4516,20230713,Like,1
1246,1369,20230609,Like,1
1582,1140,20230920,Like,1
936,3103,20230507,Like,1
180,789,20230305,Like,1
1157,4511,20230827,Like,1
1733,982,20230902,Like,1
1393,5119,20230711,Like,1
967,1698,20230719,Like,1
1776,3562,20230819,Like,1
1358,2409,20230618,Like,1
953,767,20230131,Like,1
808,535,20231025,Like,1
296,696,20230909,Like,1
1747,4160,20231127,Like,1
1317,2224,20230814,Share,1
760,1061,20231109,Like,1
1489,704,20230516,Like,1
309,5984,20230219,Like,1
369,4189,20231207,Like,1
845,2295,20230405,Like,1
264,2091,20231223,Like,1
63,1389,20230628,Comment,1
363,2908,20230228,Like,1
1728,631,20231001,Share,1
1581,5403,20230422,Like,1
1729,5361,20230218,Like,1
951,4712,20231028,Share,1
1304,5909,20231015,Comment,1
320,1878,20230429,Like,1
1541,2631,20231006,Share,1
1593,286,20230228,Like,1
705,527,20230312,Like,1
586,3936,20231229,Comment,1
499,5645,20230310,Like,1
110,402,20231009,Like,1
265,3865,20230623,Comment,1
629,3291,20230502,Like,1
1478,5964,20230307,Like,1
1546,354,20231214,Comment,1
167,1128,20231217,Comment,1
1994,5396,20231113,Like,1
1445,4643,20231010,Like,1
1197,4303,20231121,Like,1
1284,2654,20230130,Like,1
821,4924,20230601,Comment,1
45,5533,20230409,Like,1
1457,3085,20231209,Like,1
504,5023,20230606,Like,1
1310,2177,20230131,Share,1
290,474,20230520,Comment,1
1199,4236,20230416,Like,1
310,3785,20231022,Like,1
454,2145,20231013,Share,1
1298,4157,20230330,Like,1
1693,4373,20230318,Like,1
1092,4669,20231004,Comment,1
1864,1019,20230816,Like,1
267,2677,20230315,Like,1
1850,3248,20230330,Comment,1
1421,5659,20230513,Like,1
1777,5736,20230812,Comment,1
744,549,20230712,Like,1
1513,959,20230816,Share,1
391,4498,20230728,Like,1
346,687,20230110,Like,1
1007,5455,20230309,Like,1
50,5898,20231015,Like,1
1512,3602,20230102,Like,1
239,2429,20230823,Share,1
256,2142,20230504,Like,1
1017,2412,20230722,Comment,1
1799,4135,20231011,Like,1
625,5789,20230305,Like,1
578,3118,20230225,Like,1
541,1922,20230925,Like,1
100,909,20231022,Share,1
1661,3402,20231011,Share,1
874,2438,20230213,Comment,1
804,3712,20230408,Share,1
619,5682,20230430,Like,1
1361,1849,20231208,Like,1
86,4001,20230629,Like,1
1810,4583,20230920,Like,1
211,3573,20230302,Comment,1
637,228,20231108,Share,1
1786,259,20230324,Like,1
670,5256,20230816,Like,1
323,3426,20230807,Like,1
1962,330,20230526,Like,1
1123,942,20230820,Like,1
15,631,20230521,Like,1
981,4458,20231106,Like,1
674,3647,20230901,Share,1
765,4478,20230905,Like,1
1407,247,20230501,Like,1
1035,4890,20230709,Like,1
171,4773,20231028,Like,1
705,1901,20230409,Like,1
1196,2388,20231129,Like,1
255,5529,20231115,Comment,1
736,5084,20231228,Like,1
1158,1397,20230609,Like,1
1003,4724,20230719,Like,1
1289,2301,20231123,Like,1
833,2957,20230418,Like,1
42,2982,20230506,Like,1
1093,5238,20230705,Like,1
387,4297,20230619,Like,1
53,5452,20230728,Like,1
935,2424,20230622,Share,1
416,2891,20230408,Like,1
731,3916,20230419,Like,1
692,1237,20230510,Like,1
1374,2388,20230517,Comment,1
64,1477,20230613,Like,1
851,5689,20230118,Like,1
879,4655,20230906,Share,1
1921,633,20231024,Comment,1
1613,3972,20231215,Like,1
676,5037,20230601,Like,1
1239,1007,20231028,Like,1
1451,5166,20230511,Comment,1
349,2452,20231211,Share,1
442,4402,20230122,Comment,1
1087,3694,20230318,Share,1
1767,140,20230109,Like,1
892,5048,20230526,Like,1
1392,79,20230904,Like,1
603,3105,20230404,Like,1
1513,765,20231210,Like,1
631,4362,20230924,Like,1
204,474,20231107,Like,1
440,3363,20230129,Like,1
682,546,20230515,Share,1
1585,2052,20230610,Comment,1
483,5903,20230828,Comment,1
272,3053,20231024,Like,1
1972,1902,20231014,Like,1
1263,321,20230218,Like,1
1129,4975,20230207,Share,1
502,3593,20230106,Comment,1
1404,2822,20230705,Like,1
38,4700,20231113,Comment,1
180,3340,20230621,Share,1
83,3294,20230828,Like,1
857,216,20230405,Like,1
877,2838,20230511,Comment,1
676,4802,20231028,Comment,1
388,1002,20230619,Like,1
1542,47,20230207,Like,1
1055,3085,20230918,Like,1
125,4339,20230429,Share,1
272,1332,20230115,Like,1
1728,1757,20231218,Comment,1
1212,2747,20230206,Like,1
1068,4012,20231216,Share,1
1096,1754,20230906,Like,1
1314,243,20230718,Like,1
1560,702,20231007,Like,1
1475,4462,20231025,Like,1
1434,4487,20231107,Like,1
1703,5988,20230903,Like,1
1135,114,20230718,Like,1
747,5198,20230520,Like,1
582,1173,20230622,Comment,1
1352,5846,20230421,Like,1
510,832,20230603,Like,1
18,4786,20230507,Comment,1
594,1738,20230723,Like,1
223,3914,20230620,Like,1
563,2241,20230103,Share,1
1621,3290,20230322,Share,1
270,4375,20231005,Comment,1
313,2374,20230719,Like,1
768,5436,20230120,Like,1
882,5763,20231101,Like,1
1160,2271,20230906,Like,1
459,5244,20230901,Like,1
769,3349,20230703,Like,1
1220,4864,20230730,Comment,1
1550,3606,20230120,Comment,1
1473,4734,20231105,Like,1
843,4437,20230905,Like,1
1834,2368,20230108,Comment,1
240,2856,20230627,Like,1
1828,2720,20230502,Like,1
151,2261,20231228,Like,1
1991,5015,20230531,Comment,1
1984,516,20230326,Like,1
463,3984,20231027,Like,1
1890,388,20230215,Like,1
1017,1378,20231010,Like,1
966,5333,20230805,Like,1
971,2760,20230604,Like,1
309,654,20230113,Like,1
1268,5040,20230605,Like,1
1842,3093,20231002,Share,1
89,2881,20230912,Share,1
1080,5615,20231119,Like,1
619,3447,20230103,Like,1
1985,1241,20230109,Comment,1
1818,4065,20231128,Like,1
1481,2830,20230101,Like,1
767,1729,20230812,Share,1
28,4925,20230726,Like,1
804,596,20230108,Like,1
1123,1607,20231224,Like,1
1589,5040,20231012,Like,1
661,4277,20230108,Like,1
1840,618,20230529,Comment,1
679,3774,20230401,Like,1
393,794,20230122,Comment,1
435,3946,20230531,Like,1
1139,5265,20230523,Comment,1
521,1075,20230902,Like,1
1094,5716,20230131,Share,1
1887,4635,20230211,Like,1
1654,3090,20230707,Like,1
1952,2053,20230322,Like,1
86,2817,20230512,Like,1
934,4905,20231112,Like,1
1311,1911,20230623,Like,1
1915,1318,20231031,Like,1
42,3733,20230702,Like,1
399,5961,20230728,Like,1
1464,4860,20230809,Like,1
529,903,20231219,Share,1
142,4888,20230109,Like,1
1474,620,20230215,Like,1
1523,1421,20230908,Like,1
702,5849,20230306,Like,1
665,4877,20231106,Like,1
1494,4230,20230424,Like,1
680,1038,20230903,Like,1
1905,3589,20230111,Like,1
1087,3604,20230323,Like,1
1356,2745,20230425,Like,1
75,5964,20230711,Like,1
1306,2774,20231223,Like,1
144,2825,20230425,Like,1
358,4576,20230803,Share,1
341,5225,20230929,Like,1
418,2468,20230705,Comment,1
1551,2295,20231224,Like,1
135,3189,20230311,Like,1
467,1376,20230811,Like,1
1187,2193,20231229,Share,1
1783,2503,20230726,Like,1
1130,5223,20231214,Like,1
1289,2451,20230206,Like,1
310,4232,20231202,Like,1
1168,1048,20230923,Like,1
644,4320,20230320,Like,1
1462,4327,20230103,Like,1
1216,1455,20230818,Like,1
1113,5842,20230613,Like,1
77,5325,20230216,Like,1
907,3976,20231104,Comment,1
188,486,20230430,Like,1
452,2546,20231009,Like,1
1683,1101,20230826,Like,1
1544,3315,20230310,Comment,1
1853,1938,20230903,Like,1
67,3984,20231116,Comment,1
1534,5411,20230303,Comment,1
824,828,20230217,Like,1
1272,3002,20230919,Like,1
974,1751,20231022,Like,1
987,4622,20230125,Like,1
1852,1417,20230610,Like,1
1472,1457,20230422,Like,1
230,3880,20230625,Like,1
913,3986,20230917,Share,1
1972,2816,20230627,Like,1
1406,4618,20231214,Like,1
98,2331,20230117,Like,1
314,3790,20230809,Like,1
1861,4329,20230415,Like,1
685,5254,20230520,Like,1
1856,3895,20231203,Like,1
278,5054,20230804,Like,1
1195,1277,20231230,Like,1
1134,2696,20230828,Like,1
1484,5257,20231111,Like,1
1554,5456,20230420,Like,1
677,4801,20230813,Like,1
1944,2353,20230204,Like,1
118,5437,20230512,Like,1
1240,2598,20230306,Comment,1
1991,5272,20230224,Like,1
1205,490,20230612,Comment,1
1208,3956,20230906,Like,1
1662,2490,20230520,Like,1
501,2927,20230731,Like,1
1255,4547,20231124,Share,1
1339,1429,20231215,Like,1
294,1369,20230815,Like,1
1233,5963,20230202,Like,1
447,3411,20231119,Share,1
21,5756,20231206,Like,1
941,1745,20231004,Comment,1
1166,5280,20231006,Like,1
1491,5470,20230629,Like,1
1564,2745,20230605,Like,1
418,637,20231124,Like,1
891,5668,20230727,Like,1
446,5367,20230205,Like,1
232,225,20230812,Comment,1
157,1152,20230310,Comment,1
807,5686,20230118,Comment,1
320,4532,20230829,Like,1
1389,4075,20230308,Like,1
638,910,20230927,Share,1
1760,5020,20230327,Comment,1
1416,1290,20231202,Like,1
1430,2806,20230122,Like,1
1302,3140,20230304,Like,1
1727,1646,20230716,Comment,1
151,188,20230321,Like,1
670,3044,20231013,Like,1
389,2868,20230508,Like,1
1103,4886,20230818,Comment,1
75,3572,20231224,Like,1
65,5784,20230128,Like,1
1970,4745,20230618,Like,1
988,3287,20230530,Like,1
1313,2250,20230102,Like,1
1621,2625,20230826,Share,1
518,2594,20230503,Like,1
592,1706,20230709,Comment,1
472,1246,20230124,Like,1
1504,760,20230417,Like,1
1432,2999,20230302,Like,1
973,300,20230701,Like,1
1359,2777,20230706,Like,1
105,2494,20231205,Like,1
1040,5414,20231030,Like,1
1525,420,20230524,Like,1
1661,1154,20230731,Like,1
1241,132,20230911,Comment,1
1077,5989,20230522,Comment,1
726,2119,20230317,Like,1
1249,400,20230119,Share,1
1241,3768,20230117,Comment,1
1934,897,20230906,Like,1
896,2,20230128,Comment,1
382,5962,20231214,Like,1
452,4727,20231114,Like,1
1466,3561,20230826,Like,1
1200,5408,20230306,Like,1
215,5019,20230831,Like,1
1923,1407,20231019,Share,1
1348,2385,20230622,Like,1
1112,416,20230402,Comment,1
1146,1080,20231218,Like,1
926,546,20230702,Like,1
1782,3544,20230731,Comment,1
540,2203,20231228,Like,1
532,5677,20230907,Comment,1
1350,3387,20230525,Comment,1
1590,3101,20231123,Like,1
70,2052,20230426,Like,1
354,4208,20231125,Like,1
632,1913,20230123,Like,1
1911,1617,20230825,Like,1
699,1848,20231003,Like,1
1716,4940,20231231,Like,1
1384,431,20230516,Like,1
58,367,20230728,Comment,1
1534,5378,20230501,Comment,1
1816,5710,20231117,Like,1
948,1829,20230406,Like,1
1781,4600,20230906,Like,1
120,4357,20230710,Like,1
1080,2272,20231005,Like,1
1954,428,20230317,Like,1
439,1064,20231030,Like,1
1071,3686,20231220,Like,1
1837,5400,20231001,Like,1
1822,5548,20231209,Share,1
847,1669,20230723,Like,1
518,2545,20230630,Like,1
1577,3075,20230202,Like,1
1533,576,20230901,Like,1
1888,3554,20230415,Like,1
994,80,20230715,Like,1
1845,942,20230915,Like,1
138,1573,20230913,Like,1
1275,1966,20230220,Like,1
959,952,20230216,Like,1
271,3468,20230819,Like,1
1575,4886,20230302,Like,1
813,3689,20230606,Comment,1
1108,3275,20230321,Like,1
1195,697,20231003,Like,1
465,1273,20230825,Like,1
1682,1084,20230301,Comment,1
240,5387,20230608,Like,1
259,2281,20230722,Like,1
1879,870,20230808,Like,1
498,503,20230427,Like,1
1957,5460,20230112,Like,1
590,3133,20230905,Like,1
758,4893,20230914,Like,1
149,2883,20230406,Share,1
335,5523,20230220,Share,1
1294,1642,20231102,Like,1
1677,4335,20230815,Like,1
1791,616,20231205,Like,1
77,569,20230202,Comment,1
1958,42,20230925,Share,1
475,5675,20231231,Comment,1
1381,4194,20231210,Share,1
1382,1349,20230707,Like,1
1006,1281,20231015,Like,1
1398,5005,20230512,Like,1
788,3476,20230111,Comment,1
260,2280,20230711,Comment,1
266,3877,20231130,Like,1
18,1915,20230107,Like,1
1792,5699,20230909,Like,1
1516,625,20231112,Like,1
537,4067,20230918,Like,1
1511,315,20230202,Like,1
962,1816,20230728,Like,1
1152,1544,20230106,Like,1
719,460,20230124,Comment,1
896,4870,20230419,Like,1
565,213,20230523,Comment,1
281,3302,20231115,Like,1
1267,4502,20230609,Like,1
1282,4943,20230421,Like,1
817,2158,20231012,Like,1
991,5545,20230823,Share,1
1088,2666,20230528,Like,1
1380,5526,20230818,Like,1
1864,2474,20231022,Share,1
1072,4361,20231012,Like,1
325,4720,20230301,Like,1
302,5018,20230505,Like,1
216,1587,20230413,Like,1
1949,3407,20230609,Like,1
204,3118,20230216,Like,1
1301,3084,20231129,Like,1
268,5989,20230524,Comment,1
444,4816,20231111,Like,1
1489,226,20230723,Like,1
531,1510,20231223,Like,1
1398,3957,20231011,Comment,1
1121,4496,20230410,Comment,1
13,4142,20231202,Like,1
312,2307,20231122,Like,1
22,2295,20231031,Like,1
708,5636,20231020,Like,1
520,845,20231126,Like,1
142,2510,20230717,Like,1
1145,5843,20231229,Like,1
1149,1500,20230603,Comment,1
1443,5226,20230206,Like,1
1540,5508,20230703,Like,1
960,2116,20230303,Like,1
1698,2494,20230220,Share,1
1474,1649,20230926,Like,1
1614,4770,20230421,Like,1
692,2625,20231121,Like,1
227,5767,20230412,Like,1
645,4681,20230922,Like,1
612,1904,20230827,Comment,1
884,4095,20231120,Like,1
1563,3118,20230110,Like,1
195,727,20230607,Comment,1
901,1172,20230419,Like,1
1232,59,20230321,Like,1
1686,4196,20230302,Like,1
1264,2689,20231017,Like,1
1242,1253,20230416,Like,1
1040,4252,20230116,Like,1
569,2523,20230901,Like,1
372,1793,20230205,Like,1
1077,625,20231107,Like,1
28,5377,20230319,Comment,1
763,567,20230819,Share,1
1334,1525,20230121,Like,1
1662,4235,20230527,Like,1
585,4377,20230620,Like,1
1362,1801,20231019,Share,1
1176,4544,20230317,Like,1
832,1629,20230801,Comment,1
1909,1265,20230105,Like,1
1245,2718,20230302,Like,1
1037,5840,20230330,Like,1
132,5827,20231214,Like,1
1304,4255,20230224,Like,1
317,785,20230104,Like,1
1584,4725,20230726,Comment,1
1835,4218,20231105,Share,1
1276,5307,20230117,Like,1
547,270,20230301,Like,1
988,4205,20231226,Like,1
1814,4728,20230612,Like,1
1969,4415,20230429,Share,1
621,5943,20230211,Like,1
25,2825,20230120,Comment,1
1863,1185,20231228,Like,1
318,5212,20230729,Share,1
1774,120,20231105,Like,1
1103,2677,20231207,Like,1
1482,2482,20230610,Like,1
1316,2830,20231115,Like,1
1070,4995,20231226,Like,1
71,2388,20230603,Like,1
948,2117,20231028,Like,1
1013,5304,20231106,Like,1
689,4329,20230724,Comment,1
1740,950,20230718,Like,1
1495,4928,20230605,Like,1
106,5999,20231003,Like,1
1108,2318,20230206,Comment,1
1812,3490,20231017,Like,1
1091,6,20230531,Like,1
942,1430,20230126,Like,1
1013,2034,20230917,Like,1
1680,4561,20230413,Like,1
82,4868,20231112,Comment,1
1539,964,20230720,Like,1
1714,577,20230331,Like,1
248,848,20230407,Like,1
682,2769,20230119,Like,1
175,2159,20230320,Comment,1
1903,5877,20230713,Comment,1
436,2808,20230818,Comment,1
1439,111,20230717,Like,1
1882,2578,20230726,Like,1
1566,2969,20230709,Share,1
791,4116,20230630,Comment,1
440,2472,20230323,Like,1
1722,5829,20230214,Like,1
853,3261,20230704,Like,1
417,2403,20230226,Like,1
933,338,20231001,Share,1
1473,2157,20230111,Like,1
828,3978,20230414,Like,1
1090,873,20230127,Like,1
40,5678,20231223,Like,1
1892,3015,20231012,Comment,1
900,3592,20230807,Like,1
468,1480,20230411,Share,1
309,554,20230622,Like,1
1611,3190,20230702,Like,1
528,915,20230407,Comment,1
1751,3859,20230620,Like,1
304,331,20230502,Like,1
553,5151,20231226,Like,1
849,1444,20231108,Like,1
781,2300,20230411,Like,1
313,4345,20231106,Like,1
1763,1104,20230529,Like,1
1026,5877,20230823,Like,1
216,3083,20230526,Like,1
543,2468,20230601,Like,1
1170,3474,20230119,Like,1
181,4197,20230721,Like,1
1781,2971,20230924,Like,1
1834,2371,20230405,Like,1
1003,1203,20230222,Comment,1
1143,3160,20230609,Comment,1
934,2946,20230822,Like,1
1588,3036,20230215,Like,1
1380,3537,20231113,Share,1
805,5456,20230424,Like,1
130,2525,20231126,Like,1
1263,4848,20231007,Comment,1
581,3116,20230413,Like,1
1148,1635,20231229,Comment,1
310,4579,20230102,Like,1
732,3507,20230713,Like,1
875,2786,20230503,Like,1
1777,5012,20230329,Like,1
176,4896,20230223,Share,1
624,2501,20230407,Like,1
1519,2329,20230204,Like,1
1573,4285,20231224,Like,1
485,2625,20230626,Like,1
311,1386,20231110,Like,1
1356,961,20230501,Share,1
889,5901,20230505,Like,1
281,507,20230708,Like,1
343,2257,20230824,Like,1
1791,5346,20230819,Like,1
635,1594,20231120,Like,1
110,4988,20231105,Like,1
1174,4343,20231124,Like,1
359,658,20230408,Like,1
639,4198,20230109,Like,1
1921,5081,20231124,Like,1
1772,4873,20230117,Like,1
1868,5668,20230117,Like,1
1827,1784,20230802,Like,1
1371,2239,20231022,Like,1
1324,5014,20230417,Like,1
876,4523,20231214,Share,1
1723,5881,20230130,Share,1
712,3918,20231223,Comment,1
743,2079,20230831,Like,1
820,5641,20230207,Like,1
677,2165,20230924,Like,1
573,4298,20230407,Like,1
832,3084,20230404,Like,1
1736,2729,20230706,Like,1
1606,4484,20230629,Like,1
1066,1557,20230205,Like,1
247,5571,20230808,Like,1
1530,2239,20230807,Comment,1
1853,4561,20231202,Like,1
1724,2647,20231019,Like,1
1100,5636,20231006,Comment,1
1015,1597,20230502,Comment,1
1327,3032,20231201,Like,1
200,1673,20230514,Like,1
1960,2388,20230204,Like,1
924,715,20231106,Like,1
350,4104,20230218,Like,1
1288,275,20231201,Like,1
561,3791,20230716,Like,1
1390,3985,20230802,Like,1
1355,447,20230501,Share,1
1821,253,20230821,Like,1
557,1295,20231031,Like,1
595,5422,20230523,Like,1
1428,2013,20230202,Like,1
1175,5316,20230112,Comment,1
814,1123,20230323,Comment,1
1591,4486,20230414,Like,1
25,2423,20230416,Like,1
895,1989,20230528,Comment,1
1564,2232,20230403,Like,1
108,3512,20230511,Like,1
1601,4728,20230429,Like,1
789,2863,20230815,Comment,1
744,5710,20230626,Like,1
1098,2004,20231218,Comment,1
903,5109,20230224,Like,1
1427,3194,20230405,Like,1
1267,17,20231111,Comment,1
631,5134,20231002,Like,1
1534,142,20230329,Share,1
527,3874,20230623,Comment,1
1773,2844,20230812,Like,1
1164,892,20230313,Share,1
1405,4497,20230412,Like,1
74,2324,20230922,Like,1
89,2279,20230626,Like,1
1584,2967,20230829,Like,1
1230,3489,20230428,Like,1
1138,1795,20230816,Like,1
1732,3449,20230801,Comment,1
1636,1102,20230915,Like,1
162,4183,20230427,Share,1
863,1075,20230604,Like,1
578,5900,20230810,Like,1
1041,3142,20230511,Share,1
971,1560,20231023,Like,1
1497,5144,20231102,Like,1
1158,3731,20230803,Like,1
1827,3771,20230928,Like,1
886,2157,20230522,Comment,1
1312,2900,20231223,Comment,1
1015,5438,20230808,Like,1
1909,370,20230311,Like,1
1455,5729,20230226,Like,1
1538,2452,20230306,Like,1
788,5927,20230801,Like,1
1021,3254,20230402,Comment,1
1641,2154,20231214,Share,1
532,4291,20231118,Comment,1
1632,1983,20231107,Like,1
978,3516,20230114,Like,1
986,3908,20230818,Like,1
1400,1871,20231110,Like,1
283,5770,20230819,Comment,1
826,4943,20231127,Like,1
1883,2544,20230217,Like,1
1473,1355,20230309,Like,1
1672,5816,20230808,Like,1
926,1392,20231110,Like,1
949,2347,20230924,Comment,1
1806,1218,20230126,Like,1
1948,1104,20230312,Like,1
1206,233,20231030,Like,1
1340,3728,20231225,Comment,1
690,3544,20230527,Like,1
1497,2726,20231124,Like,1
1017,2371,20231114,Like,1
963,4811,20230506,Share,1
855,3810,20230206,Like,1
401,2293,20231013,Share,1
808,4066,20230825,Like,1
1963,303,20230630,Like,1
381,2203,20230408,Like,1
48,1991,20230911,Like,1
91,1892,20230721,Like,1
1583,2467,20230602,Comment,1
505,1617,20231017,Like,1
478,5208,20230613,Like,1
1392,3855,20230817,Comment,1
604,3119,20230114,Like,1
886,1035,20230402,Like,1
1683,4100,20231220,Like,1
1667,2050,20230607,Like,1
1778,916,20230930,Like,1
191,1441,20231216,Like,1
858,3039,20230207,Comment,1
1690,1599,20230131,Like,1
62,5092,20230211,Share,1
945,4618,20231223,Like,1
1507,5036,20231223,Like,1
1817,4579,20230829,Like,1
1570,5227,20231223,Like,1
271,1160,20231115,Like,1
1194,544,20231031,Like,1
129,3955,20230711,Like,1
1890,955,20230411,Like,1
1946,234,20230922,Like,1
714,301,20231021,Comment,1
609,2940,20230610,Like,1
219,3669,20230414,Like,1
985,5154,20230117,Like,1
426,3439,20231021,Like,1
721,1091,20230422,Like,1
1047,3905,20231031,Comment,1
693,1711,20230105,Like,1
172,5657,20230116,Share,1
1224,3816,20230709,Like,1
858,28,20231219,Share,1
295,5982,20230916,Like,1
1042,1013,20230125,Like,1
1655,5072,20231120,Like,1
1332,1591,20230317,Comment,1
1592,2221,20230902,Share,1
1552,1588,20230816,Comment,1
762,66,20230827,Comment,1
349,1276,20231122,Like,1
1217,4490,20230513,Like,1
1890,5599,20231230,Comment,1
175,5426,20231111,Like,1
1052,5150,20230817,Like,1
1846,3013,20230314,Like,1
1106,3224,20230627,Like,1
218,3609,20230806,Like,1
25,3292,20230623,Like,1
269,2753,20230920,Like,1
1160,5779,20231013,Share,1
261,309,20230822,Like,1
1867,5021,20230622,Like,1
873,2133,20231231,Comment,1
1380,129,20230722,Share,1
1308,2234,20231113,Like,1
1237,730,20231229,Like,1
131,2943,20231123,Like,1
1227,3030,20230116,Like,1
326,4356,20231115,Like,1
1009,2754,20230921,Share,1
767,3406,20230916,Like,1
382,1963,20231123,Like,1
238,2368,20230519,Like,1
1409,2598,20230806,Like,1
1174,5420,20230803,Share,1
60,5218,20230423,Share,1
88,4676,20231228,Comment,1
35,2843,20230207,Like,1
1558,883,20230805,Share,1
1536,4650,20230514,Like,1
1475,5471,20230621,Comment,1
305,284,20230914,Comment,1
1282,4512,20231117,Share,1
409,3122,20231121,Like,1
554,1298,20230902,Comment,1
314,3026,20230116,Like,1
42,1614,20231018,Like,1
1973,5801,20230413,Like,1
465,718,20230917,Like,1
1637,2868,20230227,Like,1
368,1886,20231201,Comment,1
926,5110,20230207,Like,1
1946,2441,20230702,Like,1
1222,4304,20231227,Like,1
1575,4307,20230117,Share,1
344,738,20230204,Share,1
279,3170,20230329,Like,1
1383,2243,20231104,Like,1
1549,1441,20230307,Like,1
1589,1137,20230619,Like,1
1302,1840,20231106,Share,1
467,2117,20230215,Share,1
1636,214,20230813,Comment,1
169,3634,20230502,Comment,1
814,648,20230630,Like,1
1424,5874,20231208,Like,1
1022,3310,20230517,Like,1
219,5232,20230718,Like,1
600,3914,20230524,Comment,1
1548,3361,20230621,Comment,1
957,2511,20231205,Like,1
1316,5848,20230702,Like,1
1191,3716,20230326,Like,1
1398,3413,20230822,Like,1
1122,1999,20230321,Like,1
1552,2793,20230611,Comment,1
1502,5136,20230413,Like,1
169,337,20230801,Share,1
205,1362,20231213,Share,1
818,3546,20230725,Like,1
247,846,20230105,Like,1
13,4878,20231211,Like,1
1252,4151,20230306,Comment,1
1041,1421,20231023,Comment,1
1578,3916,20231004,Like,1
736,2538,20230506,Share,1
451,3662,20230123,Comment,1
1759,1639,20230707,Like,1
1696,4261,20230512,Like,1
176,4878,20230623,Like,1
1114,3264,20230710,Like,1
1315,5463,20230518,Like,1
744,2246,20230913,Like,1
913,1810,20230222,Like,1
395,5815,20231115,Share,1
395,2521,20230323,Comment,1
397,1980,20230703,Like,1
1838,1730,20230103,Like,1
1555,5612,20230114,Like,1
1370,2340,20231207,Like,1
186,4567,20231215,Like,1
647,1736,20230918,Like,1
1533,146,20231101,Comment,1
1411,1481,20230121,Like,1
753,760,20230416,Like,1
1435,3386,20231203,Comment,1
1189,3979,20230622,Like,1
57,5921,20230125,Like,1
1654,1412,20230621,Comment,1
1394,3203,20231112,Like,1
1796,2234,20230302,Like,1
1440,1062,20230204,Like,1
821,1871,20230928,Like,1
584,434,20231204,Like,1
331,4999,20230307,Like,1
354,1440,20231122,Like,1
1022,272,20230730,Like,1
1038,276,20230908,Like,1
524,5735,20230716,Like,1
1882,5152,20230929,Like,1
526,4740,20230208,Like,1
1992,3684,20230827,Comment,1
895,3969,20231215,Comment,1
524,1430,20231109,Like,1
535,948,20231117,Like,1
175,4488,20231025,Like,1
1915,4962,20230207,Like,1
238,2010,20230306,Like,1
189,240,20230220,Like,1
1056,1394,20230516,Like,1
1139,5812,20230907,Like,1
1145,624,20230104,Like,1
1567,1203,20231030,Like,1
6,2574,20230917,Like,1
599,1926,20230501,Share,1
1717,3369,20230918,Like,1
787,527,20230227,Like,1
900,5353,20230717,Like,1
1019,2072,20230429,Like,1
387,4042,20231122,Like,1
873,3221,20231101,Like,1
915,406,20230907,Like,1
492,2197,20231003,Like,1
409,3265,20230725,Like,1
10,1181,20230713,Like,1
914,5817,20230216,Like,1
302,750,20230529,Like,1
166,5883,20230918,Like,1
1179,3928,20230905,Like,1
950,4769,20230205,Like,1
1895,4218,20231120,Like,1
131,2308,20230813,Like,1
958,310,20231007,Like,1
48,5411,20230722,Comment,1
1652,1844,20230627,Like,1
1437,669,20230508,Comment,1
613,3134,20230303,Comment,1
1375,5586,20230407,Like,1
1391,5976,20230804,Like,1
189,1293,20230708,Like,1
1354,418,20230830,Like,1
539,4529,20231214,Like,1
449,4803,20230526,Like,1
996,5629,20230930,Like,1
84,1347,20230803,Like,1
1060,2242,20231124,Like,1
1790,4646,20231010,Like,1
1038,1398,20230131,Like,1
474,1830,20230625,Like,1
73,4270,20230322,Like,1
1093,2527,20230522,Comment,1
453,1739,20230708,Like,1
16,441,20230727,Share,1
1430,965,20230127,Like,1
726,537,20230811,Like,1
630,2995,20230506,Like,1
1051,5328,20230609,Like,1
1525,652,20231122,Like,1
1035,3034,20230911,Like,1
1487,752,20230422,Like,1
1147,5896,20231021,Like,1
1595,2418,20230409,Like,1
1995,3769,20231125,Comment,1
270,5751,20230616,Like,1
526,1063,20230315,Like,1
70,1783,20230108,Share,1
271,548,20231213,Comment,1
341,4322,20231014,Like,1
178,3125,20230123,Like,1
104,4547,20230807,Like,1
1985,1951,20230303,Comment,1
1620,2908,20230308,Comment,1
1534,1820,20230330,Comment,1
1369,4063,20230416,Like,1
1137,4833,20230728,Like,1
130,1790,20230820,Share,1
865,3498,20231124,Like,1
933,3440,20231017,Like,1
1290,5764,20230426,Share,1
1087,3084,20230723,Like,1
1933,759,20230910,Share,1
1463,706,20230115,Like,1
156,4579,20230415,Like,1
1206,119,20231209,Like,1
1531,5065,20230725,Like,1
1050,3620,20230412,Like,1
1875,3912,20231101,Like,1
1648,5389,20230413,Comment,1
1770,3509,20230307,Like,1
127,316,20230529,Like,1
1642,5410,20230113,Comment,1
606,1102,20231015,Like,1
1262,2538,20230909,Like,1
469,4159,20230505,Like,1
945,498,20230225,Like,1
752,4508,20231103,Like,1
1779,5236,20231129,Like,1
352,2764,20231010,Like,1
271,3110,20230911,Comment,1
1225,3672,20231201,Like,1
1680,1483,20230728,Like,1
1485,3619,20231124,Like,1
1182,253,20230606,Like,1
1651,17,20231126,Like,1
509,4937,20230621,Share,1
1336,4503,20231202,Like,1
886,1979,20230712,Comment,1
1822,5942,20230628,Like,1
1004,4926,20230221,Comment,1
905,4225,20230201,Like,1
1042,4518,20231215,Comment,1
990,3595,20230911,Like,1
1993,736,20230425,Comment,1
111,3121,20230202,Like,1
402,1110,20230705,Like,1
1107,2581,20231216,Like,1
597,3708,20230215,Like,1
661,2572,20230528,Like,1
641,4162,20230711,Like,1
975,3103,20230818,Like,1
17,4537,20230715,Share,1
827,4934,20230330,Like,1
21,131,20230910,Like,1
462,3149,20230430,Like,1
787,3311,20230224,Like,1
849,3192,20230628,Like,1
583,5788,20231003,Like,1
651,2854,20230818,Like,1
1370,677,20231103,Like,1
297,1328,20230410,Like,1
708,3128,20230806,Comment,1
1032,4434,20230306,Comment,1
398,5257,20230703,Like,1
1624,5646,20230825,Like,1
472,4109,20230119,Like,1
1764,2022,20230318,Like,1
346,5620,20230611,Like,1
1787,4417,20231201,Like,1
1730,5955,20230121,Like,1
1599,3553,20230611,Like,1
1687,2214,20230817,Like,1
1380,1337,20231020,Share,1
546,4760,20231202,Like,1
1685,4960,20230406,Like,1
1776,1790,20230218,Like,1
188,2744,20230409,Share,1
694,4924,20230114,Like,1
1409,5881,20230804,Like,1
1679,1380,20230206,Like,1
275,3793,20230905,Like,1
1940,2398,20231130,Like,1
460,574,20230319,Like,1
235,1052,20230305,Like,1
1099,3965,20230814,Like,1
893,1863,20230214,Like,1
1148,5687,20230705,Like,1
1609,1453,20230106,Like,1
250,2623,20230816,Like,1
1967,2215,20230215,Like,1
452,4972,20231211,Like,1
674,4190,20230304,Like,1
982,4708,20230205,Comment,1
358,2364,20230910,Like,1
1801,4883,20230428,Like,1
1824,3231,20231218,Comment,1
1397,14,20230916,Like,1
1543,3413,20230308,Like,1
1825,3207,20230724,Like,1
1396,2737,20231011,Like,1
1931,1041,20231222,Like,1
1727,2959,20231118,Comment,1
935,5403,20231231,Like,1
1219,5738,20230530,Like,1
280,2545,20230129,Like,1
1143,1009,20230914,Like,1
301,944,20230312,Share,1
1471,331,20231117,Like,1
494,1069,20231016,Like,1
1612,4271,20230714,Like,1
838,145,20230606,Comment,1
992,147,20231225,Like,1
1385,5847,20230312,Like,1
606,181,20230617,Like,1
1871,4172,20231109,Like,1
50,4607,20230311,Like,1
820,4848,20230831,Like,1
5,4160,20231129,Like,1
132,1108,20230223,Like,1
59,3036,20230324,Share,1
526,4524,20230403,Like,1
1370,3208,20230407,Comment,1
1594,1338,20230412,Like,1
1147,5101,20230712,Like,1
8,3779,20230507,Like,1
9,2651,20230424,Like,1
1421,2146,20230121,Like,1
1792,5269,20230712,Like,1
1156,5451,20230729,Comment,1
1697,1546,20230214,Like,1
708,5966,20230902,Share,1
992,622,20230405,Like,1
1696,821,20230323,Like,1
612,823,20230907,Like,1
884,136,20230704,Share,1
1874,2581,20230714,Share,1
1827,4185,20230924,Like,1
891,3970,20230917,Like,1
1466,5238,20230313,Like,1
1463,480,20230324,Comment,1
1266,2576,20230208,Share,1
487,4223,20231125,Like,1
1272,3032,20230710,Like,1
809,401,20230127,Like,1
616,3518,20230717,Share,1
1177,4762,20230502,Like,1
47,4551,20230127,Like,1
1608,4568,20230725,Like,1
1264,3110,20230331,Share,1
1405,4357,20230102,Like,1
151,40,20230522,Like,1
1246,847,20230330,Like,1
425,4809,20230605,Comment,1
739,2827,20230715,Like,1
144,340,20231206,Share,1
1151,79,20230223,Like,1
268,5990,20230415,Like,1
115,15,20230206,Like,1
1514,5958,20230619,Like,1
528,2351,20230919,Like,1
692,4329,20231031,Like,1
244,3030,20230103,Like,1
254,4810,20231226,Like,1
1116,3712,20230121,Like,1
1893,414,20230725,Like,1
1458,4868,20230107,Share,1
964,5823,20231107,Like,1
1065,170,20230926,Like,1
836,2631,20231217,Comment,1
1334,3540,20230907,Comment,1
148,2930,20230818,Share,1
1526,2365,20230215,Like,1
1329,5203,20230105,Like,1
882,3711,20230823,Comment,1
333,3881,20231026,Like,1
1728,682,20230315,Like,1
760,5693,20230615,Like,1
1567,4277,20230322,Like,1
287,2486,20231011,Like,1
1670,3382,20230109,Like,1
173,4528,20230817,Comment,1
407,4126,20231101,Like,1
447,438,20231115,Like,1
1857,3877,20230802,Like,1
796,5772,20231111,Like,1
663,331,20230723,Like,1
1058,1708,20230127,Like,1
1153,750,20231220,Like,1
610,4266,20231123,Like,1
1713,2762,20231205,Like,1
685,5650,20230316,Like,1
1502,3380,20231206,Like,1
1608,228,20230305,Share,1
1457,5631,20230503,Comment,1
793,1604,20231015,Like,1
1870,3975,20230204,Like,1
897,1154,20230928,Like,1
1574,3953,20230718,Like,1
1345,3784,20230125,Like,1
1888,841,20230118,Like,1
85,4353,20230401,Like,1
1683,2188,20230228,Like,1
791,5014,20230224,Comment,1
1942,5668,20230221,Like,1
1404,271,20230828,Like,1
485,4321,20230514,Like,1
770,2178,20230907,Like,1
1930,2824,20230320,Comment,1
135,3797,20230524,Like,1
134,4555,20231216,Like,1
121,5742,20231005,Like,1
179,5767,20230922,Like,1
1795,1734,20230601,Comment,1
1163,5401,20231231,Like,1
791,5953,20230614,Like,1
897,2978,20230420,Like,1
1936,5442,20231208,Like,1
1683,3875,20230529,Like,1
477,4151,20230115,Like,1
971,229,20230424,Like,1
1162,4005,20230521,Like,1
859,3397,20231226,Like,1
683,3925,20230924,Like,1
397,3528,20230322,Like,1
1889,956,20230125,Like,1
627,1936,20230117,Like,1
1840,3231,20230905,Like,1
131,1138,20231006,Like,1
1981,2535,20230813,Like,1
408,1185,20230515,Comment,1
1808,2671,20230509,Comment,1
366,1606,20230807,Like,1
1981,2677,20230203,Like,1
539,2623,20230910,Share,1
1130,317,20231218,Like,1
1901,4638,20230905,Like,1
1832,2231,20230506,Like,1
814,1006,20230522,Share,1
842,2889,20230829,Comment,1
1904,617,20230411,Like,1
1008,5801,20231203,Like,1
1491,5865,20230826,Like,1
1527,4041,20230409,Like,1
375,4907,20231113,Share,1
237,2187,20230615,Like,1
704,391,20230718,Like,1
703,1356,20230716,Like,1
1281,3735,20231130,Share,1
254,5189,20230506,Like,1
1862,4027,20231031,Like,1
388,1301,20230924,Like,1
121,1610,20230702,Like,1
193,557,20230210,Like,1
462,787,20230204,Comment,1
1070,954,20230819,Like,1
915,57,20230126,Comment,1
997,2177,20230321,Like,1
1787,4902,20230420,Like,1
1515,648,20230923,Comment,1
623,2695,20230323,Like,1
25,4434,20230614,Share,1
692,4821,20231010,Like,1
1088,4679,20230414,Share,1
1034,5669,20231112,Like,1
93,2577,20230707,Comment,1
1810,4666,20231205,Like,1
1387,3392,20230421,Like,1
231,250,20231225,Share,1
2000,4545,20230915,Like,1
213,3741,20231019,Share,1
1739,2442,20231212,Like,1
169,4482,20230309,Like,1
1725,4599,20230112,Like,1
1788,5130,20231126,Like,1
1493,2464,20230404,Like,1
1852,5220,20230318,Like,1
89,68,20230904,Like,1
1764,2347,20230513,Like,1
1962,2313,20230217,Like,1
1692,3768,20230211,Share,1
535,2423,20230830,Like,1
1507,5869,20231019,Share,1
920,5025,20231014,Share,1
909,4340,20230129,Like,1
1099,3994,20230112,Like,1
40,2660,20230730,Like,1
1349,2024,20231010,Like,1
209,1563,20231224,Like,1
703,2766,20230323,Like,1
793,328,20230603,Like,1
1083,3936,20230826,Like,1
1635,5957,20230225,Share,1
1941,2607,20230126,Like,1
517,4667,20231217,Comment,1
420,3105,20231024,Like,1
1456,4370,20230608,Comment,1
1575,1646,20230502,Like,1
1752,5130,20230407,Like,1
497,1499,20231202,Like,1
692,2028,20231201,Like,1
1038,483,20230328,Like,1
1868,3868,20230602,Like,1
701,4,20230211,Share,1
1878,1897,20231209,Like,1
193,1184,20231225,Like,1
1304,896,20230113,Like,1
1598,3361,20230515,Like,1
1395,4687,20231203,Like,1
114,2531,20230201,Like,1
720,5160,20230917,Like,1
116,2612,20230211,Like,1
1086,1516,20230826,Like,1
474,4609,20230527,Comment,1
807,3654,20231221,Like,1
1591,5731,20230605,Comment,1
1264,1900,20230926,Comment,1
1190,4947,20230506,Like,1
1879,2439,20230802,Like,1
240,1212,20230115,Like,1
1270,1705,20231225,Like,1
1900,3261,20230124,Like,1
53,5056,20230706,Share,1
1302,947,20230723,Like,1
325,5863,20230921,Like,1
1372,5189,20231204,Like,1
1631,3863,20230613,Like,1
1892,1383,20230121,Like,1
1021,964,20230605,Like,1
1918,3720,20230228,Share,1
1636,2998,20230629,Like,1
378,38,20230606,Like,1
165,1365,20230503,Like,1
882,3514,20230526,Like,1
1519,2850,20230112,Like,1
1431,4237,20230908,Comment,1
333,5883,20230316,Like,1
257,1446,20230407,Like,1
576,708,20230428,Like,1
777,4521,20230628,Like,1
59,1166,20230414,Like,1
734,1196,20230515,Like,1
982,982,20230506,Like,1
1917,3711,20230805,Like,1
1864,4511,20230928,Like,1
1343,3567,20231030,Like,1
989,2634,20230728,Comment,1
607,4658,20230930,Like,1
1402,5843,20230807,Like,1
1720,1562,20230720,Like,1
1966,237,20230613,Like,1
923,5133,20230622,Comment,1
1486,3687,20230123,Like,1
667,287,20231027,Like,1
317,3726,20231016,Like,1
1014,4182,20230901,Like,1
149,5298,20231127,Like,1
191,2454,20230427,Like,1
1875,1007,20230330,Like,1
1569,4671,20231109,Like,1
256,2572,20230329,Like,1
1797,5031,20230615,Like,1
1762,434,20230214,Like,1
1055,1811,20231009,Share,1
1007,4459,20231226,Like,1
444,3028,20230526,Share,1
527,4387,20230529,Like,1
1333,496,20230803,Like,1
601,4091,20230629,Like,1
1446,2525,20231007,Like,1
1288,2444,20230509,Like,1
423,1896,20230902,Like,1
1770,2109,20230824,Like,1
1510,491,20230501,Share,1
989,2644,20230210,Comment,1
661,350,20230803,Like,1
1455,5,20230107,Like,1
1705,2787,20230816,Like,1
1616,1147,20230523,Like,1
1238,1188,20230222,Like,1
1763,373,20231213,Like,1
1694,3942,20230331,Comment,1
1591,1557,20230327,Share,1
215,2718,20230730,Like,1
448,2836,20230311,Comment,1
1288,3344,20230816,Like,1
1370,423,20230110,Like,1
614,95,20231103,Like,1
437,3105,20230819,Like,1
833,1142,20230609,Share,1
1484,3349,20230620,Share,1
1143,4356,20230712,Like,1
364,2617,20231016,Like,1
1612,1053,20230830,Like,1
1182,4157,20230906,Like,1
1853,2528,20230415,Like,1
1222,5849,20231119,Like,1
1847,5795,20230917,Like,1
1444,2848,20230220,Like,1
477,3336,20231223,Like,1
1994,4649,20231213,Like,1
196,355,20230102,Like,1
1039,2654,20230806,Like,1
1796,1076,20230402,Like,1
689,1737,20231210,Like,1
523,1538,20230825,Like,1
427,5885,20230522,Like,1
123,4567,20230327,Like,1
1955,1183,20231111,Like,1
87,4430,20230715,Like,1
1465,3271,20230518,Like,1
13,5503,20230511,Like,1
1348,3622,20230322,Like,1
1314,2867,20230809,Like,1
908,1449,20230115,Comment,1
650,5115,20230421,Like,1
527,3802,20230826,Like,1
682,4296,20230326,Comment,1
1676,440,20230209,Like,1
619,3287,20230207,Like,1
1925,5118,20231005,Like,1
1353,4135,20230220,Like,1
72,3496,20231003,Like,1
1126,2420,20231115,Comment,1
22,3277,20230210,Like,1
1882,5471,20230825,Share,1
209,3265,20231003,Like,1
1738,5909,20230325,Like,1
1216,656,20231102,Like,1
1230,634,20230131,Comment,1
28,3889,20230501,Like,1
1214,4691,20230110,Share,1
732,1490,20231201,Like,1
1034,2681,20230113,Like,1
1667,4789,20230704,Comment,1
991,2315,20230430,Like,1
1480,3127,20230808,Like,1
478,2975,20231102,Like,1
830,5470,20231020,Like,1
1051,1401,20231109,Like,1
1071,1170,20230612,Like,1
1721,3858,20230503,Like,1
1779,5235,20230320,Like,1
595,1232,20230219,Comment,1
118,313,20231010,Like,1
824,495,20230526,Like,1
79,3019,20230308,Like,1
1409,5000,20230416,Like,1
1483,2227,20230701,Share,1
396,5219,20231006,Like,1
985,940,20230614,Like,1
895,2891,20230316,Like,1
673,577,20231123,Like,1
113,4666,20230728,Like,1
950,4976,20230319,Like,1
215,1934,20230711,Like,1
611,2324,20230111,Like,1
285,5107,20230227,Comment,1
1151,4130,20230611,Like,1
928,5970,20230420,Like,1
348,3700,20230123,Like,1
833,5243,20230218,Like,1
1951,2922,20230518,Like,1
1265,1844,20230709,Like,1
1942,3804,20230115,Like,1
933,5201,20231212,Like,1
675,5045,20230413,Like,1
93,1580,20231129,Like,1
208,4111,20230502,Comment,1
419,1910,20230711,Comment,1
1419,904,20230220,Like,1
476,1737,20230101,Like,1
1805,4120,20230304,Like,1
502,3447,20230426,Comment,1
1553,3466,20231006,Like,1
1845,3953,20230401,Like,1
1726,2402,20231118,Share,1
1854,4304,20230420,Comment,1
58,4804,20231201,Like,1
1,5081,20230416,Like,1
191,5970,20230912,Like,1
1687,1116,20230714,Like,1
1947,5291,20230304,Like,1
256,2766,20230921,Like,1
1824,3938,20230907,Like,1
1246,3424,20231118,Like,1
1722,499,20231221,Like,1
91,761,20230603,Like,1
1168,376,20230330,Like,1
1747,5904,20230408,Like,1
70,4285,20230312,Like,1
1085,3249,20230930,Comment,1
387,607,20231110,Like,1
733,2131,20230408,Like,1
1022,5288,20230627,Like,1
1083,5551,20230522,Comment,1
1036,1985,20230918,Like,1
235,3087,20230222,Share,1
190,3276,20230919,Comment,1
1225,4586,20230720,Like,1
212,4192,20231124,Like,1
433,3172,20230523,Like,1
433,5345,20230327,Like,1
610,736,20230110,Like,1
1504,681,20230509,Like,1
1408,5114,20231022,Comment,1
1227,1100,20230208,Like,1
1612,2413,20230324,Like,1
1588,1912,20230426,Comment,1
1055,4142,20231021,Like,1
1347,4934,20230424,Like,1
978,1043,20231030,Like,1
548,107,20230226,Comment,1
626,2018,20230719,Share,1
1969,3553,20230126,Like,1
558,4355,20231105,Share,1
1782,3209,20230815,Like,1
1428,5327,20231113,Like,1
1082,5246,20230222,Like,1
1984,205,20230812,Like,1
74,3119,20230418,Comment,1
1087,3027,20230208,Like,1
97,4688,20230114,Comment,1
1969,5907,20230907,Like,1
723,3132,20230608,Like,1
199,4820,20230622,Comment,1
1215,5804,20230410,Like,1
1884,4320,20230801,Comment,1
444,2902,20230727,Like,1
1341,2075,20231207,Like,1
18,2168,20230513,Like,1
343,5853,20230207,Like,1
1492,3574,20231012,Like,1
1442,2297,20231126,Like,1
54,2920,20231217,Like,1
1453,5119,20231120,Like,1
1646,1230,20231207,Like,1
746,5808,20230730,Like,1
839,3699,20230827,Like,1
1598,4266,20230910,Comment,1
1768,4741,20230417,Like,1
1852,4274,20230114,Like,1
1727,243,20230409,Like,1
796,4805,20230603,Like,1
1351,1998,20230405,Like,1
1468,3571,20230530,Like,1
462,3133,20231203,Like,1
329,1565,20231124,Like,1
497,3076,20231108,Share,1
711,5701,20231214,Like,1
1048,4892,20230826,Comment,1
1726,4424,20230724,Like,1
903,2681,20230802,Like,1
1189,2399,20231113,Like,1
1446,4943,20230404,Like,1
181,4324,20231014,Like,1
629,3090,20230826,Like,1
1547,644,20230322,Like,1
1661,1988,20230215,Like,1
1014,3252,20230426,Like,1
1195,1079,20230604,Like,1
1395,2218,20230614,Comment,1
214,4341,20230525,Like,1
1515,4837,20230803,Like,1
734,3598,20231116,Like,1
1310,5112,20230110,Like,1
999,4356,20231208,Like,1
1073,2067,20230413,Like,1
801,4229,20230905,Comment,1
1409,4434,20230110,Like,1
1026,1102,20231011,Like,1
1161,4219,20230913,Like,1
128,4479,20230509,Share,1
513,1455,20230818,Like,1
1569,3158,20231008,Like,1
1630,5721,20230831,Like,1
266,4322,20230510,Like,1
578,4949,20231203,Like,1
1019,2164,20230814,Like,1
1659,340,20231204,Share,1
415,787,20230514,Like,1
1222,5917,20230227,Like,1
1263,1761,20230804,Like,1
1398,182,20230323,Like,1
1205,5876,20230105,Like,1
1365,1763,20230313,Like,1
1652,3400,20230719,Like,1
534,3993,20230109,Like,1
631,5561,20230316,Like,1
800,1314,20230818,Like,1
134,856,20231101,Like,1
192,1842,20231101,Like,1
1475,714,20230927,Like,1
266,4385,20230708,Share,1
309,3107,20231022,Comment,1
321,1288,20230823,Like,1
1504,5698,20230417,Share,1
43,2995,20230407,Like,1
758,4818,20230115,Like,1
1685,3509,20230104,Share,1
727,2335,20231101,Like,1
631,1752,20231114,Like,1
548,1367,20230816,Like,1
1955,5481,20230816,Like,1
320,527,20230318,Comment,1
1637,2328,20230930,Share,1
1116,3226,20231203,Share,1
1172,1571,20230319,Like,1
340,4788,20230530,Like,1
373,1290,20230516,Like,1
873,3472,20230618,Like,1
1367,3535,20230328,Like,1
974,1302,20230701,Like,1
1472,107,20230902,Like,1
1046,4954,20230529,Share,1
1698,2467,20230625,Like,1
1690,3276,20230430,Like,1
1923,4225,20230407,Like,1
1955,4913,20230409,Like,1
145,2816,20230326,Like,1
1517,4009,20230131,Like,1
118,2914,20230926,Like,1
667,4815,20231216,Like,1
1578,5549,20231105,Like,1
1510,1216,20230327,Like,1
230,2787,20231220,Like,1
1349,5849,20230306,Share,1
619,4951,20230416,Like,1
845,5622,20230126,Share,1
514,1999,20230524,Like,1
1029,149,20231112,Like,1
1861,2415,20230115,Comment,1
671,1969,20231231,Like,1
802,5142,20230704,Like,1
245,3353,20231117,Like,1
1891,4337,20230310,Like,1
1769,1575,20230415,Like,1
1674,5947,20231023,Like,1
502,2817,20230624,Like,1
66,92,20231209,Like,1
1277,319,20230227,Like,1
1459,14,20231030,Like,1
821,4363,20230813,Comment,1
527,1796,20230323,Like,1
338,4753,20230721,Like,1
1318,3261,20231016,Like,1
239,412,20230815,Like,1
1932,3190,20230322,Like,1
44,632,20230928,Like,1
1977,4999,20230917,Like,1
1413,2734,20230515,Share,1
1909,1572,20230905,Like,1
1061,4854,20231225,Like,1
1692,3282,20231125,Like,1
705,5377,20231226,Like,1
79,3904,20230528,Like,1
150,1632,20230321,Like,1
1522,4796,20231022,Comment,1
1414,5996,20230422,Like,1
1009,5879,20230601,Like,1
854,2753,20230222,Like,1
836,4158,20231111,Like,1
726,5564,20230819,Like,1
1350,5303,20231019,Like,1
1472,251,20230517,Like,1
1257,3862,20231214,Like,1
1258,80,20230521,Like,1
1616,2761,20230422,Share,1
300,4310,20230731,Like,1
349,3084,20230128,Like,1
1446,3244,20230317,Like,1
182,4769,20230506,Like,1
1643,53,20231005,Like,1
1193,694,20230219,Share,1
1407,5787,20230411,Like,1
165,4428,20230508,Like,1
1079,1400,20230122,Like,1
366,694,20230506,Like,1
258,791,20230504,Comment,1
1622,3784,20230205,Like,1
853,4013,20230805,Like,1
690,1438,20230829,Like,1
1707,600,20230312,Like,1
790,4321,20230102,Share,1
1029,4735,20230627,Like,1
988,1148,20230420,Like,1
515,1540,20230409,Like,1
1181,2936,20230622,Like,1
951,5266,20230303,Like,1
1111,2700,20231207,Like,1
722,4728,20230921,Comment,1
803,3999,20230217,Like,1
1809,2194,20230218,Comment,1
1940,4979,20230918,Like,1
388,4053,20230207,Like,1
614,79,20230416,Like,1
1543,2798,20230629,Like,1
648,1614,20231005,Like,1
1663,5735,20230830,Like,1
621,156,20230813,Share,1
313,3104,20230524,Like,1
1699,4385,20230916,Like,1
942,476,20230801,Like,1
1851,2637,20231210,Like,1
1821,4046,20231027,Comment,1
1107,4346,20231026,Comment,1
776,2826,20231108,Like,1
911,4797,20230121,Like,1
927,3867,20231109,Like,1
1746,2494,20230121,Comment,1
1879,4707,20231231,Like,1
253,5504,20230316,Like,1
884,4914,20231020,Like,1
8,2916,20230114,Like,1
940,2883,20231010,Like,1
65,365,20231125,Like,1
1022,1114,20230417,Comment,1
1203,5211,20230315,Comment,1
477,1500,20231225,Like,1
307,4274,20231126,Comment,1
935,1249,20230726,Like,1
282,3553,20230808,Like,1
731,5646,20230910,Like,1
336,1826,20230116,Like,1
1210,3588,20230527,Like,1
1279,1326,20230111,Like,1
553,2670,20230908,Like,1
1473,5769,20230926,Comment,1
1943,4023,20230404,Comment,1
1672,360,20230325,Like,1
191,2099,20230728,Like,1
904,3758,20230423,Like,1
1458,1644,20230317,Like,1
635,5728,20230922,Comment,1
868,5299,20230907,Share,1
442,3336,20230321,Like,1
1806,989,20230220,Like,1
782,5723,20230704,Like,1
1248,1056,20230410,Like,1
392,1197,20231217,Comment,1
1914,2979,20230812,Like,1
1761,2890,20230126,Comment,1
1366,5744,20230319,Share,1
159,4603,20230610,Like,1
1293,4872,20230516,Like,1
1620,775,20231120,Like,1
918,5905,20230326,Like,1
1139,1215,20230405,Like,1
1575,269,20230223,Like,1
1304,4575,20230816,Like,1
249,4211,20230330,Share,1
388,5834,20230109,Like,1
1084,1658,20230327,Like,1
1565,643,20231207,Comment,1
1665,4015,20231116,Like,1
889,2738,20231026,Comment,1
135,154,20230731,Like,1
260,5231,20230822,Like,1
1095,4763,20230402,Like,1
569,614,20230723,Like,1
247,2365,20230422,Like,1
84,2016,20231012,Like,1
1189,5037,20230420,Like,1
604,1417,20230909,Like,1
752,4176,20230806,Like,1
24,262,20230719,Share,1
407,1534,20230126,Like,1
595,4865,20231106,Comment,1
222,3231,20231201,Like,1
1420,3341,20230817,Like,1
1649,5543,20230120,Like,1
1809,5012,20230318,Like,1
557,5267,20231203,Like,1
823,4529,20230221,Like,1
1576,2726,20230906,Like,1
319,442,20230908,Like,1
1229,4325,20231216,Like,1
1417,4110,20230327,Comment,1
1709,3265,20230522,Like,1
296,4892,20231123,Like,1
1992,2211,20230323,Comment,1
133,2046,20230418,Like,1
980,1458,20230505,Like,1
527,168,20230823,Comment,1
679,3375,20230105,Like,1
1012,2612,20230506,Share,1
1625,5020,20230506,Like,1
31,2321,20231113,Share,1
476,5234,20230527,Like,1
1925,3431,20230330,Share,1
1654,937,20231114,Like,1
1485,4010,20230326,Like,1
1922,1942,20230629,Like,1
754,3953,20230521,Like,1
77,2285,20230207,Comment,1
1878,2473,20230802,Like,1
1428,4542,20230927,Like,1
58,3199,20230704,Share,1
1956,2047,20230710,Like,1
893,3619,20230622,Comment,1
1965,1486,20230509,Like,1
619,1109,20230522,Comment,1
1693,1804,20230910,Like,1
296,4872,20230405,Like,1
1347,4230,20230223,Like,1
841,3162,20230227,Like,1
115,4479,20230908,Like,1
1516,5885,20230309,Like,1
582,5726,20230318,Like,1
1900,992,20230503,Like,1
1031,2494,20230525,Like,1
1464,4783,20230516,Like,1
1779,2214,20230504,Like,1
1471,2518,20230516,Like,1
640,1143,20230116,Like,1
1693,246,20230822,Like,1
1729,5340,20230607,Comment,1
555,5808,20231009,Like,1
477,2204,20230327,Like,1
1288,5385,20230312,Like,1
775,1753,20231020,Like,1
700,33,20231127,Like,1
1742,4951,20230819,Like,1
1660,1620,20230402,Like,1
193,2980,20230318,Share,1
103,219,20230529,Like,1
264,4778,20231126,Like,1
1240,4910,20231101,Like,1
659,3039,20230517,Like,1
30,5815,20231222,Like,1
788,2785,20230614,Like,1
246,487,20231003,Share,1
1393,370,20231125,Like,1
936,141,20230524,Like,1
144,2737,20230414,Like,1
1509,4686,20230201,Like,1
1084,4455,20230528,Like,1
1511,3313,20230816,Like,1
968,5234,20230129,Like,1
1584,5663,20230615,Like,1
158,1196,20231219,Like,1
1740,4351,20230503,Like,1
1942,1335,20230227,Like,1
1461,2366,20230228,Like,1
976,5300,20231206,Comment,1
282,3053,20230311,Like,1
317,5335,20230918,Like,1
761,3571,20231218,Like,1
1959,5265,20230525,Like,1
24,4488,20231221,Like,1
1001,5002,20230715,Like,1
1292,1413,20230707,Like,1
1734,523,20230425,Like,1
475,5046,20231102,Share,1
1155,5851,20230221,Like,1
597,4051,20230531,Like,1
1839,4919,20230616,Like,1
820,1698,20230303,Share,1
106,5973,20230223,Like,1
493,4646,20230414,Comment,1
1496,3905,20230910,Share,1
1921,916,20230823,Like,1
227,5019,20230827,Like,1
1373,4312,20230802,Like,1
692,247,20230606,Share,1
314,5128,20231008,Like,1
188,4329,20231004,Like,1
1563,4867,20231230,Comment,1
1228,4002,20231128,Like,1
16,2296,20230407,Like,1
1382,2963,20230705,Like,1
633,859,20230318,Like,1
1474,4841,20230508,Share,1
625,1136,20230330,Comment,1
1954,3304,20230521,Like,1
1119,3719,20230109,Like,1
688,5704,20231120,Comment,1
241,812,20230605,Like,1
1765,5747,20230416,Like,1
255,1576,20230204,Like,1
31,4898,20230330,Like,1
1260,1134,20231017,Like,1
1495,729,20231222,Comment,1
37,4215,20230915,Like,1
1813,2581,20230109,Comment,1
1540,1050,20230910,Like,1
1013,4367,20230814,Comment,1
663,526,20231108,Like,1
1589,5408,20231219,Like,1
629,2622,20231125,Like,1
1632,1370,20230106,Comment,1
1761,1333,20230812,Like,1
1163,106,20231205,Like,1
1712,67,20230925,Like,1
1304,2047,20231116,Like,1
1858,3966,20231110,Like,1
1708,1048,20230531,Like,1
1632,4252,20230422,Like,1
1657,3695,20230304,Like,1
951,5744,20230926,Like,1
802,3359,20230210,Like,1
494,1362,20230725,Share,1
1593,1049,20230615,Like,1
719,429,20230324,Like,1
836,5722,20230110,Like,1
693,3266,20230822,Like,1
1854,466,20230803,Comment,1
186,700,20230414,Like,1
1699,3443,20230622,Like,1
1962,427,20231025,Like,1
1960,344,20231017,Like,1
1576,4247,20230701,Comment,1
427,941,20230117,Like,1
1332,5900,20230324,Like,1
1363,580,20230108,Share,1
539,4906,20230727,Like,1
959,3784,20230329,Like,1
1483,1451,20231219,Like,1
320,5007,20230128,Like,1
1472,3276,20231117,Like,1
759,1274,20230723,Like,1
1480,4668,20230105,Like,1
133,3094,20231128,Share,1
1841,5690,20230330,Like,1
403,3039,20230310,Like,1
1619,1005,20230512,Like,1
884,3358,20230219,Like,1
1885,428,20230127,Like,1
167,954,20230125,Like,1
1992,1581,20230708,Like,1
1638,1521,20230102,Like,1
1714,5179,20230724,Like,1
1955,2793,20230114,Like,1
1064,2186,20230123,Like,1
179,4872,20230527,Comment,1
1311,4546,20230218,Like,1
1833,3890,20230417,Like,1
533,818,20230424,Like,1
1541,2614,20230105,Like,1
751,3917,20230822,Share,1
448,428,20230314,Like,1
943,5294,20231121,Like,1
331,5555,20230607,Like,1
1580,2611,20230513,Like,1
821,2498,20231024,Like,1
1825,5882,20230607,Like,1
111,317,20230417,Comment,1
630,5846,20231105,Like,1
28,5773,20230825,Like,1
1457,5530,20231026,Like,1
670,5131,20230129,Like,1
150,2460,20230628,Like,1
1457,4522,20231123,Share,1
1992,1993,20230618,Share,1
1824,4335,20230329,Comment,1
854,3313,20230727,Comment,1
97,3958,20230607,Like,1
809,1752,20230908,Like,1
963,4584,20230412,Comment,1
10,688,20230920,Like,1
1023,5932,20231018,Like,1
1317,5331,20230412,Like,1
1024,39,20230309,Like,1
63,4932,20230411,Like,1
1514,3730,20230625,Like,1
615,5675,20231205,Like,1
1335,3407,20230120,Like,1
770,2306,20230511,Share,1
614,4009,20230805,Like,1
1668,1411,20230130,Like,1
1102,640,20231114,Like,1
64,5265,20230702,Like,1
785,3283,20230617,Like,1
220,4840,20230520,Share,1
1747,2273,20230322,Share,1
1555,4688,20230702,Like,1
1517,5191,20230611,Like,1
1118,1305,20230324,Comment,1
1343,3469,20230410,Like,1
1600,1576,20231130,Share,1
1858,5540,20230713,Share,1
956,2193,20230417,Like,1
349,3208,20230219,Like,1
486,3386,20231120,Like,1
1214,2848,20231216,Comment,1
513,3367,20231224,Like,1
716,5573,20230714,Like,1
884,1766,20230905,Like,1
1655,42,20230105,Like,1
1099,2404,20230905,Comment,1
295,2134,20230708,Like,1
707,2003,20230628,Comment,1
110,1423,20230930,Like,1
1644,2571,20230509,Like,1
1820,745,20230115,Like,1
1282,1768,20231007,Comment,1
1792,2074,20230818,Like,1
79,123,20230506,Like,1
988,2644,20230610,Like,1
1477,3554,20230507,Comment,1
1329,992,20230808,Like,1
1280,5683,20230221,Like,1
122,2617,20230422,Like,1
76,4555,20231203,Share,1
1884,1483,20231205,Like,1
1909,1783,20230411,Like,1
547,767,20231017,Like,1
201,4712,20230317,Like,1
420,266,20230727,Like,1
853,4918,20231222,Like,1
289,3894,20231124,Like,1
1490,1273,20230309,Comment,1
66,3185,20231017,Comment,1
529,5623,20231129,Like,1
1083,5002,20230629,Like,1
250,341,20230605,Like,1
548,2905,20230912,Like,1
118,4163,20231101,Comment,1
191,4345,20231021,Share,1
759,745,20230829,Like,1
1567,1746,20230728,Like,1
871,4620,20230503,Comment,1
1373,1315,20230921,Comment,1
280,432,20230713,Like,1
255,4692,20230916,Comment,1
1161,542,20230213,Like,1
1904,4530,20230322,Like,1
1027,2366,20230712,Like,1
1571,4211,20230607,Like,1
1450,2613,20230204,Like,1
1932,1054,20230323,Like,1
74,2046,20230517,Like,1
190,4397,20230527,Like,1
1591,4407,20231120,Like,1
1752,3384,20230610,Like,1
1769,1267,20230224,Comment,1
743,4731,20230914,Like,1
1038,3912,20231104,Like,1
1507,4018,20230703,Comment,1
499,4027,20230629,Like,1
1598,5720,20230829,Like,1
664,515,20231008,Like,1
1915,1226,20230725,Like,1
749,4427,20231114,Like,1
163,3401,20230927,Share,1
1894,3877,20231004,Like,1
172,3338,20231117,Like,1
1739,1182,20230307,Like,1
1427,4736,20231215,Like,1
880,4717,20230829,Like,1
1530,5395,20230707,Like,1
831,1684,20230203,Comment,1
313,3570,20231011,Like,1
1135,2671,20230101,Comment,1
1089,252,20231010,Like,1
934,5760,20230225,Like,1
1631,2513,20231114,Like,1
80,4204,20230303,Comment,1
1419,4894,20230205,Like,1
1963,2463,20230510,Like,1
1573,4054,20230617,Like,1
73,5464,20230520,Like,1
441,4921,20230903,Like,1
1143,3329,20230830,Like,1
772,3226,20230109,Like,1
358,2018,20230105,Like,1
422,5560,20230106,Like,1
1274,84,20230109,Like,1
727,1183,20230120,Like,1
110,4891,20230101,Like,1
198,1995,20230114,Share,1
137,2637,20230704,Like,1
1523,2009,20230614,Like,1
1929,1053,20231213,Like,1
1005,1661,20230930,Like,1
1658,2122,20230918,Like,1
1873,328,20230713,Like,1
913,1073,20230329,Like,1
1616,4584,20230923,Comment,1
1549,3936,20231026,Like,1
1319,4428,20230807,Like,1
1382,5027,20230629,Like,1
1072,5348,20231217,Like,1
548,3745,20231022,Like,1
305,4681,20231103,Like,1
608,4689,20231105,Comment,1
833,668,20230801,Share,1
345,4651,20230326,Like,1
747,4187,20230718,Like,1
4,3580,20231014,Like,1
1315,4051,20230706,Like,1
1332,5378,20230603,Like,1
1167,2707,20230809,Comment,1
539,383,20230114,Like,1
1940,1148,20230528,Like,1
1541,3068,20230807,Comment,1
1538,1758,20231224,Like,1
1106,3899,20230710,Comment,1
1526,2118,20231122,Like,1
1155,1140,20230919,Like,1
1849,4402,20231031,Comment,1
1657,3253,20230725,Like,1
1787,3706,20230306,Like,1
1472,2932,20231206,Like,1
471,5226,20230915,Like,1
278,5129,20230128,Like,1
1482,2434,20230616,Like,1
1945,5750,20230409,Like,1
1931,3200,20230624,Like,1
254,318,20231208,Like,1
1042,3240,20230207,Like,1
1535,2203,20230104,Like,1
1469,3461,20231223,Like,1
1038,250,20230430,Like,1
1700,3046,20231127,Like,1
1689,1461,20230318,Like,1
1786,1901,20230820,Like,1
607,3068,20230512,Like,1
414,3496,20230115,Like,1
785,5484,20230412,Like,1
1810,330,20230530,Like,1
882,3045,20230525,Share,1
87,2794,20231005,Like,1
1422,5693,20231107,Like,1
1192,1633,20230826,Like,1
1165,1748,20230319,Like,1
1815,3402,20230619,Comment,1
749,5139,20231110,Like,1
69,1760,20230715,Like,1
647,3563,20230822,Share,1
1952,3434,20231229,Like,1
1263,3225,20231129,Like,1
1927,4893,20230901,Like,1
1938,844,20230827,Like,1
605,49,20230619,Share,1
895,3755,20230225,Like,1
357,739,20231014,Like,1
1451,1274,20230418,Like,1
1169,641,20230630,Like,1
875,256,20231219,Like,1
1435,3923,20230905,Like,1
1566,3774,20230429,Like,1
623,1282,20231112,Share,1
1457,3948,20230419,Like,1
820,5800,20231210,Like,1
1076,2819,20231229,Like,1
433,3898,20230817,Like,1
1477,1601,20231222,Comment,1
1050,2334,20230602,Like,1
196,5378,20230826,Like,1
865,5117,20230903,Comment,1
1951,583,20230725,Like,1
1394,4655,20231220,Like,1
907,1168,20230131,Share,1
1399,3679,20230128,Like,1
1951,1921,20230622,Comment,1
1881,2937,20230715,Comment,1
183,2874,20231011,Like,1
692,5974,20230614,Like,1
1345,1678,20230822,Like,1
183,2915,20230515,Like,1
1656,2359,20231229,Like,1
986,2571,20230330,Like,1
1145,4277,20230808,Like,1
1218,5685,20230721,Share,1
676,5956,20230727,Comment,1
1723,4725,20230705,Like,1
904,2123,20231227,Like,1
1035,1405,20230707,Like,1
815,3847,20230324,Like,1
1391,2696,20230218,Like,1
9,1298,20230303,Like,1
68,4287,20231225,Like,1
1542,677,20230916,Like,1
247,1462,20231121,Share,1
1611,3305,20231025,Like,1
605,4515,20231016,Like,1
364,3064,20230927,Like,1
314,5887,20230331,Like,1
1879,1448,20230223,Like,1
132,5683,20230628,Like,1
382,268,20230831,Comment,1
1964,4385,20231014,Like,1
1754,5115,20230620,Like,1
1391,5507,20230618,Comment,1
1161,3548,20231021,Like,1
1489,1723,20230722,Like,1
926,4418,20230626,Like,1
1758,2240,20231112,Like,1
508,5653,20230719,Like,1
1561,1275,20230912,Like,1
56,686,20230306,Like,1
1312,3849,20230910,Like,1
1960,3992,20231124,Like,1
1010,1976,20231006,Share,1
1804,2542,20230511,Like,1
236,5156,20230710,Share,1
1431,5951,20231213,Like,1
171,901,20230915,Like,1
392,1678,20230715,Like,1
1642,4381,20230426,Like,1
933,5489,20230712,Like,1
66,1864,20230212,Comment,1
985,917,20230128,Like,1
673,3598,20230511,Share,1
1076,2346,20230622,Like,1
867,4421,20230619,Like,1
1882,4843,20230805,Like,1
805,1079,20230428,Like,1
994,393,20230306,Like,1
686,3729,20230110,Like,1
1110,5380,20230223,Like,1
1073,3173,20230330,Comment,1
731,3075,20231231,Like,1
194,5751,20231114,Like,1
409,2442,20231108,Like,1
1164,2451,20230710,Like,1
173,446,20230721,Like,1
1569,1831,20231216,Like,1
816,5973,20230413,Like,1
654,4192,20230826,Like,1
503,4051,20230506,Like,1
1149,5327,20231123,Like,1
1892,1260,20230826,Like,1
1438,435,20230426,Comment,1
889,4738,20231109,Like,1
1267,3179,20230420,Share,1
737,1355,20230810,Comment,1
194,5341,20231016,Like,1
1879,868,20230204,Like,1
39,5786,20230224,Like,1
1690,1206,20230414,Like,1
91,4264,20230427,Share,1
1823,2771,20230422,Like,1
423,1567,20230109,Like,1
728,5129,20230924,Like,1
1287,5669,20230720,Like,1
1511,4574,20230713,Like,1
1778,519,20230922,Like,1
930,4305,20230110,Share,1
1782,1935,20231004,Like,1
1719,4206,20231119,Share,1
1727,2808,20230723,Like,1
1245,4341,20231228,Like,1
1050,1642,20230120,Like,1
952,4060,20230529,Like,1
1404,4401,20230427,Like,1
1681,5103,20230704,Like,1
1510,3248,20230825,Comment,1
70,3137,20230223,Like,1
225,3434,20231109,Like,1
1781,4936,20230328,Share,1
1839,2210,20231125,Like,1
1686,258,20230914,Like,1
759,4,20231203,Like,1
518,2517,20230402,Comment,1
1042,3191,20230305,Like,1
1409,4151,20230131,Like,1
1163,2924,20230219,Like,1
674,4422,20230528,Comment,1
1898,5379,20230210,Like,1
1926,4361,20230113,Share,1
1928,3880,20230408,Like,1
1535,2479,20230327,Like,1
1567,4877,20230714,Like,1
363,1961,20231226,Like,1
1664,652,20230809,Like,1
158,2755,20230709,Like,1
1940,2883,20230305,Like,1
1087,2276,20231004,Like,1
884,4099,20230708,Share,1
1833,3681,20230410,Like,1
713,3362,20230228,Share,1
169,599,20230822,Like,1
224,3874,20231002,Like,1
1850,1776,20230314,Comment,1
429,573,20230129,Like,1
342,2299,20230212,Like,1
553,973,20231215,Comment,1
1116,4222,20230202,Like,1
1900,529,20230608,Like,1
581,449,20230616,Like,1
204,640,20230622,Like,1
266,467,20230721,Like,1
554,4965,20230215,Like,1
1952,2124,20231230,Like,1
43,2021,20231109,Like,1
1957,5402,20231011,Comment,1
1052,1615,20231123,Like,1
1962,4081,20230125,Like,1
970,425,20230531,Like,1
1377,4830,20230212,Like,1
100,494,20230414,Like,1
1977,4184,20230222,Like,1
670,236,20230215,Comment,1
524,4959,20230915,Like,1
1728,4854,20230725,Like,1
172,4652,20230421,Like,1
780,2690,20230629,Like,1
804,5167,20230224,Like,1
1639,2210,20230908,Like,1
377,5521,20231118,Comment,1
1886,5225,20230201,Like,1
885,3026,20230121,Like,1
1051,3749,20230529,Like,1
1246,1130,20230821,Comment,1
994,4885,20230925,Comment,1
403,5060,20230119,Like,1
728,812,20230525,Like,1
1357,2148,20230925,Like,1
1224,1869,20230330,Like,1
1518,3626,20231126,Like,1
467,4527,20230603,Like,1
1879,158,20231016,Like,1
89,2662,20230625,Like,1
1856,103,20230914,Like,1
542,4808,20230306,Like,1
932,4959,20230218,Share,1
492,422,20230629,Comment,1
508,1830,20230411,Like,1
1352,3411,20230317,Like,1
1916,5381,20230126,Share,1
1134,1650,20230216,Like,1
1427,5261,20231122,Like,1
1644,1857,20230924,Like,1
1726,1925,20230517,Like,1
1759,4148,20231130,Like,1
414,5084,20231104,Comment,1
483,362,20230718,Like,1
638,4972,20230528,Share,1
1882,1874,20230818,Share,1
1786,4713,20230901,Like,1
264,3366,20230222,Comment,1
36,4614,20230303,Like,1
1894,1853,20231218,Like,1
449,1248,20230105,Like,1
1347,5849,20230909,Like,1
1307,1217,20230918,Like,1
1244,5742,20230629,Like,1
1271,3691,20230910,Like,1
1377,4844,20230402,Like,1
780,165,20230829,Like,1
1871,4116,20230419,Like,1
1037,3925,20230828,Comment,1
808,1813,20230505,Like,1
1586,1092,20230620,Comment,1
1248,4124,20231210,Like,1
356,3093,20230925,Like,1
1285,4835,20230801,Like,1
617,2459,20231103,Like,1
1996,3089,20230320,Like,1
180,5852,20230504,Comment,1
922,88,20230826,Like,1
312,5425,20230915,Like,1
1280,4879,20230514,Share,1
1509,1926,20230831,Like,1
1830,1560,20231012,Like,1
644,4847,20230920,Like,1
1470,103,20230117,Like,1
294,3335,20230529,Like,1
312,5867,20230820,Share,1
325,1425,20230606,Share,1
1674,719,20230607,Like,1
982,2555,20231108,Like,1
1975,2460,20231105,Like,1
1569,2518,20230521,Comment,1
123,3759,20230721,Like,1
1294,3919,20230103,Like,1
1391,1596,20231201,Like,1
1707,4573,20230813,Like,1
1204,1910,20230326,Like,1
985,2185,20230704,Comment,1
1606,661,20230322,Like,1
197,339,20230508,Like,1
547,5468,20231220,Like,1
410,654,20230508,Like,1
668,5445,20230716,Comment,1
279,449,20231011,Comment,1
665,5324,20230822,Like,1
255,4104,20231231,Comment,1
429,3456,20231016,Like,1
842,724,20230610,Share,1
275,1050,20230112,Like,1
796,2823,20230113,Like,1
1120,5525,20230707,Like,1
283,1751,20231031,Like,1
1980,31,20230719,Like,1
332,3937,20230203,Like,1
1885,703,20230921,Like,1
73,4581,20230402,Comment,1
1233,3539,20231021,Like,1
1461,5994,20230214,Like,1
1199,585,20230227,Like,1
639,3170,20230126,Like,1
1697,3387,20230222,Like,1
1403,2065,20230125,Comment,1
1363,5363,20230829,Like,1
1553,1116,20230128,Like,1
178,3589,20230730,Comment,1
1758,2786,20231217,Share,1
548,5444,20230318,Like,1
1559,2824,20231001,Like,1
1704,3902,20231027,Like,1
1616,4035,20231106,Like,1
1572,5551,20230814,Like,1
1956,751,20231111,Share,1
275,2770,20230427,Like,1
1238,4908,20231127,Comment,1
1845,1653,20231120,Like,1
804,729,20231113,Like,1
647,2728,20230530,Like,1
641,2719,20230719,Comment,1
1033,2003,20230911,Like,1
806,232,20230305,Like,1
1234,3942,20230926,Like,1
1912,78,20230716,Comment,1
1265,3819,20231116,Like,1
395,4851,20230119,Like,1
570,2756,20231028,Like,1
1713,1222,20230928,Like,1
71,5507,20230920,Comment,1
285,3568,20231216,Like,1
1483,5402,20231229,Comment,1
187,5783,20231019,Share,1
1762,344,20230719,Like,1
1983,3203,20230328,Share,1
1234,3542,20230406,Comment,1
1672,5264,20231024,Like,1
149,4539,20230624,Like,1
1356,3510,20230921,Like,1
1650,3998,20231017,Like,1
918,941,20230829,Like,1
664,5041,20231117,Like,1
444,5173,20230407,Like,1
1691,1516,20231227,Like,1
1763,3849,20231102,Comment,1
1814,3399,20231213,Like,1
1581,3691,20230130,Comment,1
644,4867,20230426,Like,1
1343,523,20230803,Like,1
1991,1514,20230923,Like,1
968,3879,20230604,Like,1
1093,3813,20230503,Like,1
1260,5562,20231025,Share,1
622,5229,20230523,Like,1
1905,884,20231205,Like,1
481,1121,20230823,Comment,1
1680,1535,20230714,Like,1
1579,5734,20230318,Like,1
661,3042,20230211,Like,1
1042,3139,20230607,Like,1
1201,2566,20230930,Like,1
1151,661,20230620,Like,1
594,691,20231108,Like,1
1339,1451,20230902,Like,1
804,2764,20230412,Like,1
1703,1477,20230519,Like,1
1144,2758,20230806,Like,1
1194,2713,20230404,Like,1
1370,1432,20231118,Like,1
741,1707,20230324,Like,1
576,3151,20230618,Like,1
1907,312,20230909,Like,1
1688,843,20230722,Like,1
976,1345,20230201,Like,1
1649,3067,20230531,Like,1
801,1635,20230125,Like,1
1360,5936,20230925,Like,1
1103,728,20230709,Share,1
362,2676,20230114,Share,1
478,4022,20231030,Like,1
936,1353,20230622,Comment,1
1663,78,20230410,Like,1
1272,1690,20230918,Like,1
1984,5285,20231129,Like,1
111,1420,20230729,Like,1
797,2079,20231207,Like,1
1215,1268,20231223,Comment,1
1580,465,20230708,Like,1
105,2500,20230418,Comment,1
950,3822,20231213,Like,1
354,3672,20231108,Share,1
1795,1006,20231227,Like,1
1545,3069,20231006,Comment,1
513,22,20230321,Share,1
1769,1890,20230107,Like,1
1962,5958,20230520,Comment,1
353,2697,20231113,Like,1
1093,3452,20231222,Comment,1
1357,5673,20230905,Like,1
1096,117,20231123,Share,1
1547,111,20230111,Like,1
602,4130,20230111,Like,1
1263,3353,20231105,Like,1
994,2371,20230124,Like,1
345,2757,20230626,Comment,1
1270,5048,20230526,Like,1
1655,5565,20231118,Like,1
489,5165,20230331,Like,1
1840,918,20230118,Comment,1
548,1030,20230312,Like,1
1317,2148,20231002,Comment,1
1898,2103,20231104,Like,1
411,4779,20230804,Like,1
1258,933,20230808,Like,1
274,4770,20230812,Like,1
1293,2656,20230619,Like,1
909,908,20230921,Like,1
500,2461,20230629,Like,1
1483,5623,20230121,Share,1
221,412,20230731,Like,1
1163,5072,20230719,Like,1
362,2228,20231205,Like,1
1625,1687,20231004,Like,1
959,3275,20230420,Like,1
1592,3275,20230312,Like,1
855,5956,20230523,Like,1
575,2659,20230426,Like,1
1804,951,20230519,Like,1
1964,867,20230413,Like,1
1771,2782,20230621,Comment,1
678,3620,20230325,Like,1
1954,3269,20230710,Comment,1
1245,1570,20230928,Comment,1
281,4387,20230828,Like,1
501,3090,20230124,Like,1
1014,3233,20230921,Like,1
239,1242,20231128,Like,1
1359,437,20230908,Like,1
1787,454,20230201,Like,1
1596,1909,20231217,Like,1
1759,1194,20230823,Like,1
424,109,20230716,Like,1
1103,5033,20230613,Comment,1
978,1413,20230428,Like,1
448,3695,20230417,Comment,1
935,3032,20230429,Comment,1
1696,2969,20230703,Comment,1
420,3879,20230521,Comment,1
1266,4069,20230330,Like,1
1049,5663,20230127,Comment,1
1210,4924,20231110,Like,1
1201,2616,20231013,Like,1
605,18,20230527,Comment,1
1845,4140,20231021,Share,1
814,4437,20231124,Like,1
730,2628,20231120,Like,1
211,2194,20230718,Like,1
757,4931,20231012,Like,1
1461,5808,20231216,Like,1
1410,2841,20230106,Comment,1
1376,1128,20230421,Like,1
304,1962,20231002,Comment,1
1651,1928,20231022,Like,1
1129,362,20231229,Comment,1
680,1100,20230205,Like,1
391,3611,20231129,Comment,1
883,3665,20231008,Comment,1
1246,131,20231222,Comment,1
1468,5340,20230628,Comment,1
702,2444,20230708,Like,1
816,4920,20230826,Like,1
1845,2546,20230908,Like,1
969,4698,20231212,Like,1
1598,4681,20230908,Like,1
71,2887,20230604,Like,1
1469,4779,20230904,Like,1
227,542,20231019,Like,1
818,5455,20230906,Comment,1
94,5282,20230601,Like,1
1450,2745,20231126,Like,1
1769,5583,20230222,Share,1
66,3896,20231214,Like,1
816,2738,20231124,Comment,1
1100,2884,20230111,Like,1
264,5473,20231006,Like,1
1165,1768,20231212,Like,1
909,1777,20231208,Like,1
215,2759,20231022,Like,1
1651,4293,20231009,Like,1
863,2661,20230115,Like,1
1573,4496,20230623,Share,1
855,4500,20231011,Like,1
856,1025,20230221,Like,1
1832,4573,20230102,Comment,1
1695,2514,20230526,Like,1
934,4006,20230818,Like,1
693,3425,20230520,Like,1
159,492,20230701,Share,1
925,1003,20230113,Like,1
51,4467,20230705,Like,1
158,4237,20230402,Like,1
1160,4132,20230725,Like,1
503,2594,20231008,Like,1
1144,5507,20231014,Like,1
1384,647,20230314,Like,1
1307,905,20230624,Like,1
430,5393,20231206,Share,1
283,10,20231214,Like,1
144,2572,20230706,Like,1
817,3614,20230602,Like,1
1269,957,20231021,Like,1
1449,1274,20230103,Comment,1
542,2122,20230425,Like,1
363,545,20231029,Like,1
259,1277,20231218,Comment,1
125,1244,20230207,Like,1
964,292,20230401,Like,1
627,4934,20230829,Like,1
1602,5827,20230317,Like,1
1797,5158,20230214,Like,1
939,2282,20230104,Like,1
715,1678,20230904,Like,1
992,1490,20231012,Like,1
892,5208,20230418,Like,1
911,2215,20230313,Like,1
253,5280,20230420,Like,1
1800,2115,20230313,Share,1
131,4298,20230303,Like,1
1470,4048,20231129,Like,1
1949,5319,20230122,Like,1
943,708,20230524,Like,1
30,2872,20230419,Like,1
1975,1895,20230307,Like,1
1860,4890,20231115,Share,1
1801,766,20231109,Like,1
277,522,20230510,Like,1
653,1439,20230213,Like,1
23,5370,20230817,Like,1
668,3243,20230429,Share,1
419,4443,20230302,Comment,1
937,3424,20231102,Share,1
1081,2731,20231126,Like,1
1649,3463,20230227,Share,1
1038,4624,20230811,Like,1
1376,887,20230227,Like,1
1653,2443,20231213,Share,1
1886,5023,20230527,Like,1
595,2400,20230216,Like,1
643,927,20230323,Like,1
343,3382,20231118,Share,1
958,416,20230427,Like,1
353,780,20231228,Comment,1
1809,1730,20230102,Like,1
215,5959,20230510,Like,1
656,731,20231215,Like,1
1586,4063,20231020,Like,1
847,2897,20230909,Comment,1
1045,316,20230907,Like,1
838,3369,20230913,Like,1
705,3392,20230131,Share,1
1676,3509,20231231,Comment,1
1144,5661,20230930,Like,1
1602,5667,20231210,Comment,1
107,4948,20230126,Like,1
293,2911,20230728,Comment,1
772,5633,20230716,Like,1
1749,416,20230310,Like,1
1912,5645,20230325,Share,1
200,77,20230201,Like,1
771,3570,20231018,Share,1
353,3500,20230106,Like,1
608,731,20230723,Like,1
366,3166,20230607,Share,1
523,1262,20230502,Like,1
1271,4556,20230302,Like,1
1512,704,20230614,Like,1
22,5779,20230606,Like,1
542,3277,20230812,Like,1
5,4920,20230520,Like,1
369,2970,20231124,Like,1
29,2532,20230416,Like,1
233,753,20230312,Share,1
465,629,20230224,Like,1
7,4255,20231216,Like,1
37,5029,20231127,Like,1
1096,2808,20230713,Like,1
1057,1700,20230624,Like,1
94,3141,20231213,Like,1
1086,280,20230213,Like,1
475,2715,20230930,Like,1
200,3657,20230424,Comment,1
1448,3173,20230529,Like,1
361,2439,20231109,Like,1
683,2464,20231008,Like,1
1968,1708,20231106,Like,1
1717,4534,20230320,Like,1
642,3421,20230422,Like,1
1669,472,20230706,Like,1
1637,5879,20231219,Share,1
765,5717,20230703,Like,1
819,3099,20231105,Like,1
1336,4289,20230301,Share,1
192,3215,20230513,Like,1
1523,4624,20230914,Like,1
1216,1116,20231123,Like,1
1760,478,20230806,Like,1
394,5215,20230303,Like,1
364,3845,20230205,Like,1
1677,2038,20230602,Like,1
187,5179,20230211,Share,1
1838,3391,20230123,Like,1
594,880,20230104,Like,1
111,3872,20230513,Like,1
100,2750,20230706,Share,1
205,963,20230810,Like,1
808,3622,20231023,Like,1
223,737,20231201,Like,1
1650,5082,20230206,Like,1
1247,1303,20230506,Like,1
1237,4245,20230316,Share,1
1756,4052,20230427,Like,1
178,3006,20230208,Like,1
1020,2060,20230621,Like,1
1677,3373,20231223,Like,1
434,4585,20231020,Like,1
925,2356,20230718,Comment,1
1688,2039,20230518,Like,1
1781,3237,20230223,Share,1
1471,2719,20230806,Like,1
708,3160,20231125,Like,1
1555,361,20230321,Like,1
1616,60,20231225,Like,1
1112,1880,20230314,Like,1
1743,2810,20230128,Comment,1
12,657,20231004,Like,1
1138,4543,20230222,Like,1
1477,5741,20230602,Like,1
401,4343,20231109,Like,1
1378,3191,20230813,Like,1
1142,5943,20230403,Share,1
931,156,20230823,Like,1
577,2309,20230103,Share,1
600,5806,20230128,Like,1
856,3198,20230615,Like,1
1825,4267,20230813,Comment,1
1431,3952,20230611,Comment,1
675,5442,20231007,Share,1
899,4814,20230329,Comment,1
563,3669,20230816,Like,1
781,1303,20230603,Like,1
1311,1838,20230814,Like,1
1536,4158,20230907,Like,1
1451,2791,20230816,Like,1
698,4919,20230422,Comment,1
75,3976,20230721,Like,1
1116,3795,20230819,Share,1
1744,541,20231221,Share,1
1658,5779,20231005,Share,1
409,3856,20230726,Like,1
363,4370,20230808,Like,1
34,3157,20230905,Like,1
1531,5194,20230801,Like,1
1593,4113,20230817,Like,1
177,4916,20230313,Like,1
1210,2476,20230420,Like,1
1199,5693,20230104,Like,1
38,3056,20230529,Comment,1
394,4030,20230914,Like,1
943,4624,20230217,Like,1
815,2888,20230823,Like,1
851,4818,20231108,Like,1
777,3484,20230616,Share,1
1934,822,20230827,Like,1
109,4166,20230823,Comment,1
1538,3482,20230512,Like,1
1128,2572,20231226,Like,1
1041,1497,20230523,Like,1
1222,3834,20230825,Like,1
1887,1126,20230710,Share,1
1702,1711,20230117,Like,1
1334,4993,20230222,Like,1
1976,5643,20230609,Comment,1
249,4891,20230302,Like,1
677,4545,20230608,Comment,1
1695,5537,20230620,Like,1
1503,5016,20230621,Like,1
562,3194,20230610,Like,1
180,5517,20231206,Like,1
844,2830,20230226,Comment,1
157,5971,20230501,Like,1
1744,4346,20230906,Share,1
225,4975,20230711,Comment,1
489,4482,20230315,Like,1
200,3391,20230529,Like,1
1527,5902,20230310,Like,1
1045,2618,20231210,Like,1
20,235,20230809,Like,1
879,3936,20231203,Comment,1
360,4497,20230108,Like,1
1355,2551,20230515,Share,1
111,1553,20230507,Comment,1
1684,1082,20230924,Like,1
356,2954,20230729,Like,1
673,2899,20230804,Like,1
32,969,20230120,Like,1
959,829,20231020,Like,1
1636,5299,20230905,Share,1
824,5342,20230206,Comment,1
885,4481,20230619,Like,1
1699,903,20230517,Like,1
159,30,20230823,Like,1
973,5950,20231026,Like,1
782,5164,20231225,Like,1
1970,722,20230402,Like,1
1679,637,20231129,Like,1
171,5794,20231116,Like,1
710,3240,20230428,Like,1
374,2554,20230725,Like,1
181,1036,20231113,Like,1
1894,3171,20230510,Share,1
21,1166,20231015,Like,1
1126,963,20230310,Like,1
1729,3469,20230823,Like,1
888,1181,20231122,Like,1
412,3988,20230701,Like,1
569,3357,20230611,Like,1
1801,372,20230613,Like,1
500,3512,20230531,Like,1
173,2066,20231226,Like,1
290,5991,20230527,Like,1
1972,4403,20230104,Comment,1
1898,3570,20230213,Comment,1
1514,164,20231211,Like,1
180,1232,20230914,Share,1
1729,5817,20230320,Like,1
1947,2743,20230325,Like,1
1613,4352,20230829,Like,1
1392,3940,20230104,Like,1
131,5013,20230723,Like,1
1697,412,20231115,Share,1
119,3276,20230508,Like,1
960,4941,20230108,Like,1
1181,2813,20230204,Share,1
387,4690,20230124,Like,1
1404,502,20230607,Like,1
527,460,20230815,Share,1
819,1990,20230525,Like,1
315,3980,20230430,Comment,1
1822,5773,20230601,Like,1
745,803,20231217,Like,1
1654,1231,20230818,Like,1
498,497,20230613,Share,1
1177,2790,20230311,Comment,1
1425,5132,20230710,Like,1
1440,3379,20230811,Like,1
31,5090,20230329,Like,1
1935,2580,20230630,Share,1
1282,1693,20230605,Like,1
270,5488,20230818,Like,1
315,3558,20231118,Like,1
786,5206,20230417,Comment,1
748,3654,20231227,Like,1
629,1536,20231113,Like,1
1932,3936,20230415,Like,1
1664,3160,20231014,Like,1
92,4867,20230301,Like,1
1901,5375,20230817,Share,1
944,5600,20230510,Like,1
1229,1112,20230115,Like,1
939,5518,20230423,Like,1
1782,5974,20230627,Like,1
480,4305,20230105,Like,1
678,682,20230228,Like,1
1802,3229,20230520,Like,1
640,115,20231109,Like,1
1675,665,20231230,Like,1
876,3441,20230502,Like,1
1727,5594,20230508,Like,1
825,3605,20230222,Comment,1
1567,2860,20230328,Like,1
1009,832,20230704,Like,1
1106,5373,20230704,Like,1
387,466,20231124,Like,1
120,531,20230807,Share,1
686,3319,20230526,Like,1
1313,3865,20230521,Like,1
1463,4013,20230914,Comment,1
722,823,20230509,Like,1
66,4930,20230806,Like,1
506,4845,20230403,Like,1
1574,661,20230810,Like,1
211,475,20230304,Share,1
1280,2884,20230805,Like,1
1763,1443,20230620,Like,1
57,4716,20231115,Like,1
1625,3107,20230104,Like,1
1815,3517,20230827,Like,1
776,2852,20230529,Like,1
1561,3316,20230722,Comment,1
936,4734,20230630,Share,1
349,3325,20230115,Like,1
982,4733,20230909,Like,1
1736,742,20231001,Like,1
765,483,20230114,Like,1
1860,2983,20231104,Like,1
1578,1223,20231231,Like,1
676,684,20230429,Comment,1
53,3962,20231226,Comment,1
57,5136,20230426,Like,1
392,257,20231209,Like,1
296,2960,20230813,Like,1
745,2095,20230622,Comment,1
1678,3731,20230511,Share,1
146,5000,20230102,Comment,1
1150,2792,20230524,Like,1
289,352,20231202,Share,1
1797,4283,20230910,Like,1
1813,1841,20231116,Like,1
1329,4756,20231118,Like,1
968,5432,20230329,Like,1
858,3788,20230619,Like,1
1842,2494,20230531,Like,1
624,729,20231111,Like,1
910,1056,20230610,Comment,1
158,1229,20230418,Like,1
526,1035,20230620,Like,1
236,5762,20230507,Comment,1
325,799,20231009,Like,1
919,746,20231226,Like,1
1625,5391,20230922,Like,1
1573,4442,20230924,Like,1
732,2925,20230823,Share,1
1800,4507,20230720,Like,1
1746,3265,20230627,Like,1
1119,4515,20230109,Like,1
1979,5679,20230820,Share,1
405,1235,20231114,Like,1
448,3670,20230416,Like,1
1785,1076,20230205,Like,1
1626,4068,20230412,Like,1
1730,955,20230830,Share,1
704,2532,20230507,Like,1
1626,3775,20230414,Like,1
597,1428,20230713,Like,1
900,4808,20230808,Share,1
339,3210,20231118,Comment,1
280,2331,20230103,Like,1
807,747,20230310,Like,1
1901,4182,20230511,Like,1
907,2400,20230828,Like,1
1405,5601,20230403,Share,1
860,5738,20231006,Like,1
1051,4379,20230820,Like,1
1476,4385,20231029,Like,1
524,484,20230317,Comment,1
917,3786,20230919,Like,1
1901,41,20230915,Comment,1
1315,608,20231022,Comment,1
515,3782,20230104,Like,1
729,2582,20230226,Like,1
31,5096,20230604,Like,1
1512,3987,20230202,Comment,1
584,4976,20230606,Share,1
418,4964,20230730,Like,1
1656,1738,20231130,Share,1
888,4479,20231114,Like,1
974,2131,20230626,Like,1
906,3797,20230128,Share,1
346,2253,20230509,Share,1
1373,1541,20230716,Like,1
594,4994,20230107,Like,1
632,2892,20230119,Like,1
271,3515,20230909,Like,1
469,3282,20231209,Comment,1
1078,1856,20230116,Comment,1
1202,1876,20230802,Like,1
1321,2658,20230701,Like,1
359,525,20230201,Share,1
742,370,20230710,Like,1
217,5541,20230526,Like,1
525,2135,20230519,Like,1
574,5399,20230121,Like,1
1034,4895,20231127,Like,1
907,4043,20230905,Like,1
354,2814,20231122,Share,1
1834,3084,20231222,Like,1
641,660,20230605,Like,1
682,3399,20230601,Comment,1
1081,3989,20230413,Like,1
263,5779,20230711,Like,1
151,3894,20230216,Like,1
423,5250,20230214,Comment,1
936,649,20230819,Like,1
1171,2342,20230518,Like,1
1020,540,20230611,Like,1
1370,4343,20230803,Comment,1
1104,4636,20230423,Like,1
839,3643,20230611,Comment,1
436,4868,20230727,Like,1
1638,1143,20230207,Comment,1
1477,4987,20231108,Like,1
1670,5777,20230802,Like,1
1688,1090,20230314,Comment,1
452,4685,20230514,Like,1
58,3092,20231224,Like,1
811,1455,20231231,Like,1
1229,4110,20231202,Like,1
1162,1786,20230201,Comment,1
1354,4939,20230927,Like,1
1828,5622,20230504,Like,1
1901,4069,20230804,Comment,1
269,1972,20230131,Like,1
1394,3795,20230201,Like,1
1686,5371,20231220,Like,1
283,3004,20231127,Like,1
217,1314,20230711,Like,1
1996,3901,20230225,Comment,1
812,1728,20230317,Comment,1
901,2953,20231025,Like,1
91,274,20230401,Like,1
1537,1873,20230930,Like,1
1310,5375,20231201,Like,1
1065,2445,20230401,Like,1
436,2410,20230121,Like,1
746,132,20231125,Like,1
5,5234,20230101,Like,1
1070,2687,20231016,Like,1
1156,488,20230916,Comment,1
86,5836,20230721,Like,1
786,1310,20231204,Like,1
342,5750,20230629,Share,1
1799,45,20230329,Like,1
1740,4684,20230913,Like,1
1026,3434,20230221,Comment,1
1114,3255,20230922,Comment,1
1564,2584,20231025,Comment,1
1963,2065,20230509,Like,1
1234,566,20230313,Like,1
140,1113,20230414,Like,1
1669,2085,20230514,Like,1
1164,189,20230120,Like,1
1419,4454,20230705,Comment,1
396,2453,20231227,Like,1
1587,4865,20230805,Like,1
1916,766,20231117,Like,1
1921,29,20230324,Like,1
993,4193,20231217,Like,1
360,5930,20230114,Comment,1
645,1109,20230117,Like,1
1571,2564,20230825,Comment,1
132,4278,20230125,Like,1
1236,5500,20231130,Like,1
809,3521,20230607,Share,1
1365,2338,20230522,Like,1
1381,4692,20231127,Like,1
140,488,20231223,Like,1
106,1228,20231127,Comment,1
870,968,20230905,Like,1
376,3310,20231010,Comment,1
724,2013,20230219,Like,1
996,2533,20230426,Like,1
1194,5987,20230519,Like,1
1671,5059,20231027,Like,1
1649,257,20230312,Comment,1
1704,2868,20231225,Share,1
1618,3937,20230412,Like,1
1595,2310,20230507,Like,1
1335,4236,20231205,Like,1
751,4180,20230612,Comment,1
348,5455,20230612,Like,1
456,4252,20230906,Comment,1
125,5208,20230205,Share,1
1143,1107,20230508,Like,1
35,5954,20230125,Comment,1
1614,3586,20231112,Like,1
1340,410,20230714,Like,1
1603,1640,20231127,Comment,1
725,663,20231205,Like,1
855,2087,20231205,Like,1
157,4026,20230318,Like,1
937,2702,20231028,Like,1
1479,5336,20230405,Like,1
732,2737,20230405,Like,1
107,622,20230328,Like,1
757,210,20230124,Like,1
1054,1357,20230731,Like,1
1383,472,20230724,Like,1
1039,2072,20230322,Comment,1
1717,4942,20230216,Like,1
931,5250,20231126,Like,1
778,3761,20230202,Like,1
1280,933,20231101,Like,1
1084,5365,20230304,Like,1
1051,5659,20230617,Like,1
122,2490,20230710,Comment,1
256,4179,20230616,Like,1
1527,4813,20230531,Like,1
921,3407,20230207,Like,1
729,253,20230516,Like,1
147,2300,20230125,Share,1
462,1376,20230223,Like,1
468,2463,20231027,Like,1
889,2971,20230222,Comment,1
1179,541,20230801,Like,1
320,3091,20230826,Like,1
1840,5702,20230428,Like,1
1362,5541,20230415,Comment,1
1416,4929,20231213,Like,1
393,1009,20230223,Comment,1
1669,2513,20230616,Comment,1
1711,2030,20230825,Comment,1
1924,872,20231206,Share,1
1847,763,20230712,Share,1
1512,574,20231002,Like,1
76,1778,20230603,Share,1
931,1718,20231223,Like,1
632,5133,20230523,Comment,1
1473,301,20230107,Like,1
1536,5957,20230606,Like,1
1372,3232,20231112,Like,1
186,4468,20230804,Like,1
1774,3306,20231208,Like,1
426,346,20230610,Share,1
1343,3700,20230406,Like,1
1166,3864,20231111,Like,1
207,2844,20230404,Like,1
1360,4204,20230726,Like,1
1025,5809,20230312,Like,1
1086,3340,20230317,Like,1
478,562,20230218,Share,1
1248,2837,20231006,Like,1
199,3630,20230722,Like,1
227,1844,20230124,Like,1
1692,535,20231029,Like,1
1202,4296,20231105,Like,1
1403,5871,20230326,Like,1
1414,2596,20230409,Like,1
320,2217,20230104,Comment,1
383,4218,20230508,Like,1
396,1606,20230111,Like,1
101,5993,20230324,Like,1
348,3522,20230819,Comment,1
1681,1417,20230314,Like,1
463,4696,20230522,Like,1
959,5755,20230306,Comment,1
1243,3266,20230516,Like,1
164,3398,20231026,Like,1
1347,5466,20230726,Share,1
744,3735,20231212,Like,1
730,3584,20231113,Like,1
681,839,20231004,Comment,1
1214,5669,20231015,Like,1
255,1765,20231223,Comment,1
511,2736,20230519,Comment,1
783,5427,20230207,Like,1
770,5864,20230119,Like,1
1854,4418,20230409,Comment,1
1638,5798,20231210,Like,1
703,5554,20231006,Like,1
1953,3745,20230324,Like,1
770,3327,20230824,Comment,1
1632,3868,20230131,Like,1
631,165,20231204,Comment,1
1594,4725,20230510,Like,1
481,1168,20231123,Like,1
828,1678,20230624,Like,1
1102,2907,20231201,Comment,1
1566,5991,20230219,Like,1
1671,5142,20230821,Comment,1
334,685,20230215,Like,1
1846,2402,20231019,Like,1
327,44,20230202,Comment,1
1185,664,20230325,Like,1
230,4135,20231221,Share,1
1880,2952,20230901,Like,1
173,1182,20231007,Like,1
455,3091,20231226,Comment,1
1629,3921,20230402,Like,1
528,3207,20230418,Like,1
1826,5146,20231114,Like,1
493,1335,20230326,Share,1
825,783,20230106,Like,1
460,5960,20230904,Share,1
1758,4230,20230423,Like,1
1405,4006,20230709,Comment,1
1860,5580,20230422,Comment,1
707,2537,20230613,Like,1
1565,206,20230517,Like,1
1189,603,20230407,Like,1
1874,5835,20230720,Like,1
629,790,20231124,Like,1
994,2116,20230208,Like,1
668,177,20230307,Comment,1
207,4920,20230819,Like,1
1405,2200,20231017,Like,1
579,3227,20230304,Like,1
1528,3597,20231005,Like,1
1741,2363,20230806,Comment,1
660,2355,20230616,Comment,1
693,2326,20231029,Share,1
877,3514,20230501,Share,1
913,1518,20230709,Comment,1
1989,2009,20231216,Like,1
1745,291,20230108,Like,1
613,3287,20230324,Comment,1
664,3647,20230321,Like,1
786,591,20230214,Like,1
548,4300,20230919,Comment,1
1840,4297,20230501,Like,1
921,1473,20230121,Like,1
860,2616,20230125,Like,1
107,191,20231017,Like,1
670,1365,20230201,Like,1
1910,5305,20230329,Like,1
1406,5371,20230503,Like,1
339,5775,20231007,Like,1
1899,4115,20230203,Like,1
935,5150,20230130,Like,1
455,2891,20230513,Like,1
437,5524,20231028,Like,1
303,4551,20230426,Like,1
1548,1163,20230202,Like,1
1315,4842,20230125,Like,1
1295,4755,20230317,Like,1
313,3078,20230326,Like,1
1759,4761,20230814,Like,1
608,421,20230501,Like,1
622,5414,20231205,Like,1
7,5582,20231102,Share,1
11,4073,20230807,Like,1
1851,819,20231024,Like,1
1445,1227,20230818,Like,1
455,3291,20231219,Like,1
1122,910,20231020,Like,1
35,2617,20231229,Like,1
1456,4999,20231221,Like,1
1789,5701,20231021,Like,1
1065,381,20231128,Like,1
1551,4091,20230530,Like,1
1140,4088,20231228,Like,1
732,4159,20230501,Like,1
1476,3366,20231010,Comment,1
1516,2540,20230619,Like,1
178,5075,20230927,Comment,1
1331,562,20230511,Like,1
168,5435,20230911,Share,1
1300,4460,20230203,Comment,1
1863,649,20230901,Like,1
69,370,20230401,Like,1
1727,5847,20230331,Like,1
1240,3539,20230708,Comment,1
681,5939,20231112,Like,1
924,3399,20230317,Like,1
1412,426,20231104,Like,1
1116,73,20230310,Like,1
1686,5584,20230512,Comment,1
1498,1819,20230731,Like,1
1103,1751,20230301,Like,1
542,3134,20230926,Share,1
1418,2829,20230225,Like,1
143,2390,20230227,Comment,1
1441,29,20230510,Like,1
876,5908,20230728,Like,1
1127,1300,20230317,Like,1
770,5011,20231007,Like,1
1571,5695,20230507,Like,1
1600,4820,20230119,Like,1
274,5023,20230720,Comment,1
263,2135,20230328,Like,1
1320,749,20231017,Like,1
296,322,20230818,Like,1
1703,2618,20230621,Like,1
1309,3232,20231101,Like,1
250,3477,20230901,Like,1
1272,4194,20230213,Like,1
1962,2960,20230801,Comment,1
735,2933,20230331,Share,1
1954,3832,20230906,Like,1
391,5697,20230110,Like,1
1818,5858,20230326,Like,1
1112,1600,20230118,Like,1
1032,3265,20231026,Like,1
858,1667,20230611,Like,1
1488,4990,20230914,Like,1
1594,5555,20230125,Like,1
1471,4528,20230122,Like,1
1934,5338,20230712,Like,1
129,3027,20231229,Like,1
1173,2290,20230921,Like,1
92,1334,20230615,Like,1
1786,1770,20230504,Comment,1
722,3691,20230914,Like,1
1376,2861,20230809,Share,1
474,1255,20230713,Comment,1
1580,5592,20230514,Like,1
719,5199,20230909,Like,1
1248,2118,20230928,Like,1
1019,416,20231219,Like,1
214,3520,20230321,Share,1
192,5828,20230527,Like,1
38,5369,20230619,Like,1
1182,588,20230714,Like,1
1720,402,20231217,Like,1
871,1701,20230524,Like,1
1236,5995,20231124,Like,1
902,4756,20230515,Comment,1
1090,3104,20230329,Like,1
1039,3529,20230908,Like,1
1255,3680,20230619,Like,1
889,468,20230923,Like,1
395,1031,20230903,Comment,1
1679,591,20230630,Like,1
819,392,20230101,Like,1
768,3351,20230705,Share,1
812,1052,20230927,Like,1
1179,1098,20230924,Like,1
1373,2982,20230925,Like,1
1888,3700,20231207,Like,1
1245,710,20230504,Like,1
879,3114,20230607,Like,1
1974,5837,20231218,Like,1
1418,469,20230205,Like,1
632,4029,20230805,Like,1
1646,1400,20230816,Like,1
1553,2056,20230809,Like,1
563,4098,20230527,Like,1
1578,1257,20230618,Like,1
1737,4241,20231127,Like,1
1894,1061,20230623,Comment,1
597,3518,20230723,Like,1
422,1377,20231209,Like,1
778,5037,20230811,Like,1
949,623,20230416,Like,1
1280,140,20230212,Like,1
370,4214,20231012,Like,1
1727,4144,20231125,Like,1
1053,339,20230430,Like,1
1713,649,20231101,Like,1
430,540,20230318,Like,1
45,4348,20230808,Like,1
796,1224,20231016,Like,1
75,3157,20230926,Like,1
1791,789,20230704,Like,1
636,558,20230427,Like,1
1707,4021,20230714,Like,1
1984,764,20230616,Like,1
917,404,20230806,Comment,1
331,1229,20230719,Like,1
854,4808,20230226,Share,1
13,4492,20230422,Like,1
1331,3881,20231004,Like,1
1991,2246,20230407,Like,1
1143,5704,20230114,Like,1
1002,1288,20230907,Comment,1
246,374,20230219,Comment,1
91,3006,20231018,Like,1
1661,5106,20230326,Like,1
1116,4716,20230603,Share,1
96,319,20230328,Like,1
1674,2395,20231031,Like,1
1050,4438,20230223,Like,1
1892,3106,20230626,Like,1
495,2362,20230419,Like,1
633,424,20230924,Like,1
896,2700,20230826,Like,1
626,5182,20230111,Like,1
1543,5957,20230125,Like,1
1974,2223,20230214,Like,1
233,1085,20231228,Comment,1
1547,3946,20230110,Like,1
1319,3533,20230220,Like,1
685,5297,20230531,Like,1
696,94,20230916,Like,1
1146,5965,20230810,Like,1
1116,2051,20230227,Like,1
772,716,20230405,Like,1
347,477,20230122,Like,1
204,670,20230308,Like,1
1029,2035,20230210,Like,1
337,731,20230821,Like,1
1704,2996,20230708,Share,1
349,1443,20230713,Like,1
1807,1279,20230202,Like,1
432,5823,20230224,Like,1
463,1220,20230412,Like,1
1503,1552,20230218,Like,1
1220,4795,20230414,Like,1
1416,3692,20230416,Like,1
32,2756,20230519,Like,1
937,5085,20230707,Like,1
271,119,20230810,Like,1
1747,4164,20230917,Like,1
1609,602,20230127,Share,1
763,4502,20231014,Like,1
1924,1691,20230619,Share,1
336,2872,20231202,Like,1
1820,1489,20230516,Share,1
1590,5784,20231017,Comment,1
397,5515,20230731,Like,1
1164,185,20231018,Like,1
476,1561,20230516,Like,1
1251,294,20231113,Like,1
1960,186,20230307,Like,1
1087,4434,20231026,Comment,1
496,4735,20230301,Like,1
1220,2477,20230221,Comment,1
1670,1981,20230604,Like,1
462,5927,20231210,Like,1
844,1475,20230917,Like,1
616,5998,20231009,Like,1
634,3960,20230412,Like,1
969,5299,20230109,Like,1
1079,1134,20230526,Like,1
300,2445,20230102,Like,1
927,1493,20230318,Like,1
8,1035,20230216,Comment,1
1655,1882,20230508,Like,1
1317,1370,20230415,Share,1
846,138,20231206,Like,1
1584,623,20230923,Like,1
491,1671,20231118,Like,1
41,5556,20230221,Like,1
234,4040,20230428,Like,1
1378,552,20230227,Share,1
1032,376,20231227,Like,1
445,2262,20230216,Comment,1
1128,5604,20230708,Like,1
1072,2829,20230611,Like,1
260,3752,20230102,Like,1
1402,2748,20230919,Like,1
1942,3719,20230802,Like,1
1898,4779,20231025,Like,1
1524,5101,20230713,Share,1
369,2129,20230322,Like,1
1569,1983,20230202,Like,1
1533,3812,20230329,Comment,1
1962,717,20230620,Comment,1
208,3910,20230919,Comment,1
1237,3839,20230711,Share,1
21,5738,20230407,Share,1
1392,3842,20230614,Like,1
1442,4708,20231225,Share,1
659,242,20231009,Like,1
212,4356,20230429,Like,1
1974,153,20230907,Like,1
354,2084,20230922,Like,1
1313,1129,20230211,Like,1
972,3575,20231021,Share,1
1726,5044,20230502,Like,1
612,3396,20230426,Like,1
1497,3260,20230929,Like,1
616,4008,20231011,Like,1
553,5133,20230626,Like,1
1622,1577,20230604,Like,1
1507,5331,20230815,Like,1
417,4764,20230909,Like,1
114,4290,20230906,Like,1
380,1381,20230617,Like,1
332,1852,20230601,Like,1
225,1940,20231209,Share,1
1401,3088,20230510,Share,1
1893,136,20231003,Like,1
174,3275,20231121,Like,1
685,408,20230328,Like,1
1408,3463,20230425,Like,1
208,2072,20231019,Share,1
143,60,20230405,Like,1
1048,4667,20231122,Like,1
1175,5782,20230114,Like,1
202,4468,20231104,Comment,1
635,2758,20230108,Like,1
1474,3868,20230201,Like,1
1367,1893,20230303,Comment,1
1757,2249,20230501,Like,1
523,5473,20231028,Like,1
1477,739,20230130,Like,1
1312,653,20230501,Like,1
1135,4372,20230716,Like,1
468,2446,20230314,Comment,1
1575,5565,20230201,Like,1
962,4447,20230922,Like,1
1407,3143,20231119,Like,1
283,2126,20231119,Like,1
1851,3905,20230403,Like,1
633,2508,20230906,Like,1
1162,3949,20230520,Like,1
1197,1814,20230520,Comment,1
859,740,20230213,Like,1
1591,2277,20230328,Share,1
1177,4485,20230630,Like,1
1580,415,20230915,Comment,1
1596,3612,20230408,Like,1
810,5733,20230216,Like,1
95,216,20230402,Like,1
1120,1664,20230929,Like,1
664,4008,20231014,Like,1
558,5942,20230312,Like,1
1166,2489,20231025,Like,1
1322,790,20230208,Like,1
1935,2270,20231207,Like,1
1516,4389,20231019,Like,1
1787,5517,20230729,Like,1
462,708,20231008,Like,1
885,4127,20231115,Like,1
556,1148,20230330,Share,1
499,415,20230428,Like,1
158,2320,20231208,Like,1
1572,3626,20230810,Like,1
65,5299,20230907,Like,1
906,1983,20230720,Comment,1
1669,2521,20231126,Like,1
1078,5929,20230115,Like,1
1660,1095,20230301,Like,1
172,787,20231026,Like,1
906,1399,20231106,Like,1
944,4519,20230721,Like,1
1361,3661,20230612,Like,1
803,3819,20230912,Like,1
1526,4357,20230417,Like,1
638,5988,20230322,Like,1
119,3981,20231022,Comment,1
439,1274,20230523,Like,1
1675,4494,20231220,Like,1
266,1085,20230501,Like,1
1706,5511,20231019,Comment,1
1414,5730,20231119,Comment,1
1218,1638,20230819,Like,1
1113,5863,20231015,Like,1
1639,621,20230729,Comment,1
824,1401,20230424,Like,1
200,3001,20231004,Like,1
1290,4991,20231009,Comment,1
1942,4111,20230518,Share,1
299,2068,20230108,Like,1
1522,1320,20230123,Comment,1
1452,46,20230218,Comment,1
313,1146,20230203,Comment,1
1828,2420,20231130,Like,1
999,4138,20230817,Like,1
636,5611,20231127,Like,1
405,4147,20230609,Like,1
208,2298,20230224,Like,1
708,1581,20230307,Like,1
600,1052,20230401,Comment,1
38,2808,20231212,Like,1
1585,2675,20230627,Like,1
345,3340,20230409,Like,1
1537,1898,20230816,Like,1
1995,4917,20230320,Like,1
1139,2266,20230525,Like,1
652,5121,20230322,Share,1
326,1281,20230724,Like,1
1012,2360,20231102,Share,1
315,4767,20230421,Like,1
388,1939,20230413,Like,1
1381,3271,20231026,Like,1
1913,4870,20230124,Like,1
1942,65,20230318,Comment,1
97,847,20231124,Like,1
1244,2807,20231018,Like,1
272,5228,20231209,Comment,1
236,273,20230621,Like,1
1121,1153,20230519,Comment,1
1372,4788,20230630,Like,1
1251,3053,20230920,Like,1
995,5837,20231005,Like,1
1361,5712,20231004,Comment,1
1968,3951,20230505,Like,1
1353,1962,20230224,Like,1
730,3820,20231023,Like,1
1194,3056,20230409,Like,1
1988,4496,20230329,Comment,1
9,4639,20230417,Like,1
969,5179,20231230,Like,1
552,258,20230627,Like,1
288,430,20230408,Like,1
203,5176,20231017,Like,1
1591,4925,20230301,Like,1
1058,1371,20230829,Comment,1
1841,4851,20231211,Like,1
1605,4936,20231106,Like,1
1947,1457,20230907,Like,1
168,4172,20231108,Share,1
1019,4163,20230406,Like,1
786,4526,20230425,Like,1
1748,2927,20230515,Like,1
878,4371,20230429,Like,1
1007,5235,20230404,Like,1
1046,200,20230923,Like,1
1734,5251,20230929,Like,1
1293,5944,20230217,Like,1
687,3505,20231124,Like,1
544,5784,20230919,Like,1
176,4500,20230805,Share,1
739,152,20230430,Comment,1
735,917,20230507,Like,1
512,1308,20230207,Like,1
1761,151,20230128,Like,1
1684,4834,20230116,Like,1
1832,4919,20230806,Like,1
451,3250,20230704,Like,1
1870,2207,20230826,Like,1
1870,3363,20230830,Like,1
972,397,20231207,Comment,1
1762,5056,20231018,Like,1
1709,4831,20231204,Like,1
637,1614,20230218,Like,1
81,5793,20230217,Share,1
375,5171,20230726,Like,1
381,1009,20231128,Like,1
460,5945,20230831,Like,1
1767,5863,20230924,Like,1
1587,1652,20231120,Like,1
1917,1311,20230811,Like,1
1709,4000,20230625,Like,1
1623,5923,20230911,Like,1
731,559,20230227,Like,1
924,5065,20231108,Like,1
356,2872,20230910,Like,1
381,2040,20230804,Like,1
1657,5119,20230129,Comment,1
107,4303,20231213,Like,1
102,5939,20231222,Like,1
1447,4351,20230708,Comment,1
913,4302,20231219,Like,1
1701,4986,20230508,Like,1
92,1549,20230327,Share,1
1842,1227,20231029,Like,1
1482,2336,20230115,Like,1
1392,5029,20230413,Like,1
1587,2758,20230513,Like,1
511,4286,20230403,Like,1
948,3276,20230721,Like,1
1329,5736,20230118,Like,1
224,4758,20230416,Like,1
1992,2315,20231226,Like,1
1527,2148,20230901,Like,1
1536,2618,20230213,Like,1
1348,275,20231214,Like,1
1894,2321,20230630,Share,1
1359,5540,20230318,Like,1
1824,27,20230204,Like,1
1630,3588,20230908,Like,1
567,4810,20230302,Like,1
1066,2939,20230124,Like,1
1506,3354,20230318,Comment,1
892,1304,20230921,Like,1
533,2452,20230927,Like,1
1551,3206,20231201,Like,1
843,4919,20230122,Comment,1
1809,4976,20230608,Like,1
557,2193,20230628,Like,1
566,5123,20230419,Like,1
1804,5834,20231228,Like,1
647,553,20230929,Like,1
1496,3465,20230211,Like,1
682,2818,20230117,Like,1
766,3920,20231120,Like,1
1599,5670,20231005,Share,1
1050,5831,20230826,Like,1
1454,1558,20230523,Like,1
396,4908,20231130,Like,1
1124,2842,20230313,Comment,1
1926,5720,20230723,Comment,1
754,5255,20230529,Comment,1
1311,777,20231102,Comment,1
1248,6000,20230717,Like,1
1839,2725,20230524,Share,1
166,3951,20230613,Like,1
179,5246,20230627,Like,1
1648,4761,20230717,Like,1
355,3356,20230729,Like,1
839,2058,20230809,Like,1
1460,4819,20230130,Like,1
82,1159,20230518,Like,1
1830,2390,20230501,Like,1
1345,1721,20231127,Share,1
618,3307,20230211,Share,1
1045,4507,20230203,Like,1
1055,1972,20231216,Like,1
1392,2290,20230801,Like,1
507,3860,20230209,Like,1
300,5102,20231004,Like,1
1782,1292,20230130,Like,1
320,4858,20230813,Like,1
1887,571,20230405,Like,1
1877,1049,20230712,Like,1
1111,4531,20231204,Like,1
728,3014,20230329,Like,1
1523,3014,20230627,Like,1
584,1658,20230810,Like,1
1036,5643,20230815,Like,1
1880,3455,20230401,Like,1
268,3144,20230521,Like,1
624,3663,20230217,Comment,1
1460,2385,20230901,Like,1
1566,99,20230907,Share,1
484,5681,20230420,Like,1
39,5763,20230526,Comment,1
793,4294,20230726,Share,1
1751,85,20230220,Like,1
352,228,20230120,Like,1
400,3215,20230301,Like,1
358,1616,20230926,Like,1
487,5205,20230514,Like,1
1985,5531,20231012,Like,1
1563,5535,20230516,Like,1
418,5020,20230403,Like,1
1463,2976,20230617,Comment,1
1296,5187,20230712,Like,1
191,5266,20230823,Like,1
435,3634,20230324,Comment,1
38,1030,20230406,Like,1
639,2438,20230228,Like,1
714,2237,20230225,Like,1
58,3535,20230102,Like,1
28,1543,20230517,Comment,1
1770,337,20230429,Like,1
1129,2153,20230527,Comment,1
48,3012,20231102,Like,1
767,2290,20231031,Like,1
74,1577,20231001,Like,1
227,691,20230228,Like,1
223,4739,20230522,Like,1
1668,3455,20231005,Like,1
1283,3529,20231113,Comment,1
169,5948,20230212,Like,1
185,650,20231222,Comment,1
1134,1392,20231224,Like,1
190,3803,20230411,Like,1
1796,60,20230307,Like,1
1452,5992,20230304,Like,1
325,3621,20230223,Like,1
191,1616,20230629,Like,1
1447,243,20231123,Like,1
1114,4404,20230917,Like,1
1277,1557,20231009,Like,1
44,866,20230706,Like,1
1025,5706,20230219,Like,1
387,4627,20230720,Like,1
168,291,20230710,Comment,1
259,49,20230414,Like,1
258,2965,20230508,Like,1
244,4360,20230824,Like,1
277,1477,20230807,Like,1
1968,2574,20230212,Like,1
528,426,20231017,Like,1
450,1189,20230519,Like,1
1640,189,20230818,Like,1
671,1218,20230220,Share,1
281,5596,20230803,Comment,1
1521,3343,20230611,Like,1
405,1613,20230912,Like,1
1833,4423,20230405,Share,1
1180,3866,20230620,Like,1
149,2853,20230623,Like,1
1255,4555,20230817,Like,1
504,4883,20231017,Like,1
864,1638,20230505,Share,1
1601,5922,20230807,Like,1
422,3786,20230120,Like,1
1137,2195,20230318,Comment,1
1960,5365,20230928,Like,1
148,3278,20230911,Like,1
534,3720,20230301,Comment,1
469,4970,20230910,Like,1
1734,2383,20230627,Comment,1
277,5177,20230821,Like,1
1549,5896,20230403,Like,1
368,1151,20230718,Comment,1
93,3549,20230913,Like,1
647,790,20230919,Like,1
1719,3328,20230815,Like,1
485,5743,20230422,Like,1
635,3580,20230212,Like,1
1169,1191,20230910,Like,1
1157,4073,20230127,Like,1
1195,1281,20230817,Like,1
1030,4919,20230111,Like,1
1692,2018,20230921,Comment,1
900,1214,20231204,Like,1
1329,1970,20230809,Like,1
1307,2034,20230806,Like,1
2000,3326,20230120,Like,1
230,5699,20231026,Like,1
1,5282,20230424,Like,1
180,5387,20230502,Share,1
1014,1363,20230823,Like,1
708,684,20230703,Like,1
686,3708,20230728,Like,1
670,4512,20230403,Like,1
813,4657,20230409,Comment,1
66,2170,20230506,Like,1
1551,4354,20231104,Like,1
1511,2563,20230715,Like,1
945,1873,20231011,Like,1
1387,4669,20231006,Like,1
1000,4355,20230702,Like,1
1888,867,20230723,Like,1
1571,34,20230428,Like,1
1627,274,20230105,Like,1
500,2774,20230521,Comment,1
918,1067,20231003,Like,1
247,1239,20230814,Like,1
517,3834,20230429,Share,1
1600,2109,20230621,Like,1
1324,5013,20230202,Comment,1
565,478,20230407,Like,1
1655,2343,20230202,Like,1
1330,1190,20230602,Like,1
1233,4674,20230613,Like,1
697,4047,20230507,Share,1
677,1721,20230930,Share,1
1945,4707,20231024,Like,1
1814,222,20230712,Like,1
873,2114,20230324,Like,1
1861,1450,20231028,Like,1
1492,620,20230215,Comment,1
296,1634,20230828,Like,1
1807,3024,20231008,Like,1
480,431,20230131,Like,1
61,2793,20230713,Comment,1
315,1257,20230211,Comment,1
1871,3097,20230924,Like,1
1299,4181,20231102,Like,1
801,1872,20231018,Like,1
411,1224,20230409,Like,1
700,2047,20230611,Like,1
398,3001,20230924,Like,1
617,1721,20230121,Like,1
495,5816,20230130,Like,1
1702,91,20230912,Like,1
1172,3816,20231211,Comment,1
308,3932,20230514,Like,1
1043,5883,20230704,Comment,1
344,485,20230324,Like,1
1828,3016,20230219,Like,1
186,3317,20231111,Share,1
1627,575,20230908,Like,1
1578,2156,20231004,Share,1
1926,5801,20230619,Like,1
1203,3357,20230812,Comment,1
606,758,20230703,Like,1
1569,2821,20231030,Like,1
587,2810,20230128,Like,1
236,4848,20230531,Like,1
574,2715,20230519,Like,1
1287,4015,20230204,Like,1
448,3653,20230127,Like,1
1104,417,20230927,Like,1
616,5135,20230122,Like,1
11,3971,20231013,Like,1
868,1592,20230527,Like,1
1492,3540,20230805,Like,1
1115,4646,20230210,Like,1
940,841,20230819,Like,1
1756,5184,20231106,Comment,1
353,5713,20230308,Like,1
861,5310,20230312,Like,1
789,2392,20231001,Like,1
1496,3107,20230616,Like,1
486,1730,20230811,Like,1
551,5032,20230720,Like,1
1064,3257,20230624,Like,1
676,3502,20230202,Share,1
734,3976,20230209,Like,1
1387,5127,20231221,Like,1
776,975,20230805,Like,1
158,5764,20231024,Like,1
1457,369,20230413,Like,1
1113,4863,20230911,Comment,1
677,2069,20230426,Like,1
1649,2682,20231215,Comment,1
1517,3527,20230810,Share,1
1204,4933,20230810,Like,1
442,1248,20230605,Like,1
1064,2722,20231116,Comment,1
1071,3918,20230718,Like,1
282,1747,20230217,Like,1
593,1595,20231026,Like,1
1663,558,20230919,Share,1
89,4620,20230311,Like,1
307,2008,20231010,Share,1
554,2242,20230124,Like,1
1729,4344,20230924,Comment,1
458,1927,20231210,Share,1
987,2885,20230930,Share,1
599,3388,20230617,Like,1
1466,4987,20231007,Like,1
1782,3895,20231116,Like,1
190,1976,20230129,Like,1
447,4550,20231228,Like,1
1190,1686,20230219,Share,1
1553,4535,20231015,Like,1
1771,5403,20230405,Like,1
1170,5846,20230806,Comment,1
623,2796,20230215,Like,1
301,3729,20230811,Like,1
1206,4504,20230215,Comment,1
1397,5203,20230704,Comment,1
1050,3843,20230513,Share,1
1046,1605,20231123,Like,1
68,4182,20230914,Like,1
1941,2346,20230603,Like,1
1473,1601,20231118,Like,1
1763,5814,20230724,Like,1
500,2827,20230625,Like,1
1990,4425,20230426,Like,1
294,5272,20231205,Like,1
1079,5491,20231018,Like,1
224,4872,20230206,Like,1
247,4197,20230315,Like,1
462,5789,20230819,Share,1
1659,2759,20230704,Like,1
1339,2593,20231231,Like,1
754,1375,20230304,Comment,1
1701,3654,20230215,Like,1
363,4506,20230208,Like,1
1071,27,20231228,Comment,1
300,2849,20230726,Like,1
1990,500,20230314,Like,1
793,1203,20230320,Like,1
917,5126,20231010,Comment,1
724,5514,20230605,Like,1
1465,3079,20230830,Like,1
1637,239,20230708,Comment,1
1550,2156,20230517,Like,1
1995,578,20230506,Like,1
653,2533,20231005,Like,1
843,2956,20230924,Like,1
1496,2181,20230912,Like,1
1679,2150,20230820,Like,1
465,4734,20231122,Like,1
1026,5150,20230815,Like,1
1455,2141,20231007,Comment,1
325,3443,20230820,Like,1
1942,339,20231119,Share,1
1318,37,20230214,Like,1
982,4112,20230829,Like,1
871,5791,20231228,Like,1
1924,4815,20231217,Comment,1
506,3728,20231123,Comment,1
627,2980,20230417,Like,1
79,427,20231203,Like,1
1170,351,20230602,Like,1
99,2210,20231221,Like,1
1655,2902,20230919,Like,1
1173,4194,20230626,Like,1
1469,121,20231028,Like,1
668,4909,20230720,Like,1
291,4861,20231030,Like,1
1338,935,20230328,Like,1
170,3837,20230408,Like,1
389,5083,20230124,Like,1
332,3921,20230405,Share,1
24,613,20230911,Like,1
943,3887,20230505,Like,1
1319,4851,20230105,Comment,1
346,2710,20230522,Share,1
1328,3290,20230301,Like,1
1695,5888,20230128,Like,1
1950,2294,20231203,Like,1
1946,2361,20230818,Share,1
1419,1943,20231223,Like,1
585,1830,20230611,Like,1
682,5241,20230712,Like,1
766,1938,20230216,Like,1
48,5181,20230628,Like,1
1455,5137,20231117,Comment,1
702,5792,20230306,Like,1
155,5713,20230315,Like,1
514,1076,20230414,Like,1
1873,4604,20230226,Like,1
889,4200,20230126,Comment,1
1833,4188,20230927,Like,1
202,177,20231203,Like,1
1613,5157,20230530,Like,1
1513,2084,20230421,Like,1
1199,330,20231022,Like,1
250,3943,20230326,Like,1
1326,5541,20230425,Like,1
784,430,20230728,Like,1
1577,1864,20230406,Like,1
235,1917,20230930,Like,1
1839,5618,20230418,Like,1
562,2157,20230602,Share,1
249,2039,20230307,Like,1
461,1071,20231120,Comment,1
681,457,20230706,Like,1
1314,595,20231222,Like,1
1521,909,20231227,Like,1
411,5622,20230526,Like,1
1286,5737,20230620,Comment,1
1066,1677,20230630,Like,1
1061,3571,20230107,Like,1
231,2555,20230613,Comment,1
119,189,20231009,Like,1
1507,5043,20230217,Like,1
1589,2254,20230517,Like,1
1094,428,20230607,Comment,1
1081,3619,20231111,Like,1
568,3949,20230816,Comment,1
141,5924,20230930,Like,1
1316,1017,20230403,Like,1
200,4139,20230801,Like,1
1634,3323,20230323,Like,1
1941,3696,20230125,Comment,1
1030,4610,20230511,Like,1
1118,892,20230731,Like,1
1226,4635,20231113,Like,1
1535,3576,20230518,Like,1
712,1371,20230819,Like,1
806,508,20230616,Like,1
411,4069,20230127,Like,1
1642,4715,20230922,Like,1
718,3278,20230131,Like,1
1539,3784,20230728,Comment,1
195,5392,20231008,Share,1
774,5614,20230808,Like,1
504,2612,20230216,Comment,1
1950,3109,20230925,Like,1
630,1747,20231212,Like,1
1249,590,20230326,Like,1
1964,1565,20230627,Like,1
62,2345,20230201,Like,1
1223,3164,20230613,Like,1
121,2844,20230628,Comment,1
1431,3402,20231225,Like,1
1722,4461,20230905,Like,1
171,2822,20230830,Like,1
1239,5130,20230706,Like,1
110,3268,20231027,Share,1
214,5019,20230421,Like,1
408,4567,20231018,Like,1
432,5926,20230906,Like,1
1797,699,20230703,Like,1
723,2711,20231222,Like,1
1597,2292,20230120,Comment,1
87,1054,20230710,Like,1
1907,5840,20231124,Like,1
1124,3600,20231014,Share,1
343,425,20230329,Share,1
1991,2848,20230718,Like,1
663,3914,20231117,Comment,1
1000,5004,20231014,Like,1
830,4201,20230217,Like,1
1497,5026,20231007,Like,1
585,2415,20230125,Like,1
1532,1461,20231229,Like,1
447,2536,20230719,Like,1
314,951,20230919,Like,1
649,1548,20230514,Like,1
626,3089,20230527,Like,1
837,1118,20231221,Like,1
947,260,20230206,Comment,1
630,2139,20230821,Like,1
1689,5018,20230125,Like,1
752,1233,20230918,Like,1
1556,3703,20230424,Like,1
1151,625,20230313,Comment,1
1153,2513,20231002,Share,1
216,4272,20230416,Like,1
628,2954,20230120,Like,1
721,4884,20231226,Like,1
308,75,20231219,Like,1
751,4045,20231127,Like,1
562,279,20231005,Like,1
1253,1948,20230223,Like,1
1983,2959,20230204,Comment,1
1709,96,20230918,Like,1
268,4540,20231224,Comment,1
252,5332,20230201,Like,1
1579,3934,20230914,Like,1
610,1490,20231215,Like,1
760,5972,20230407,Like,1
1984,1451,20231216,Share,1
432,1334,20231201,Like,1
263,5035,20231212,Comment,1
1090,4733,20230112,Like,1
1822,1282,20230414,Comment,1
298,4974,20231009,Like,1
299,2054,20230209,Like,1
85,261,20230515,Like,1
636,1039,20230327,Like,1
1621,1348,20231017,Like,1
1315,3933,20230921,Like,1
1455,1148,20230924,Like,1
1803,5327,20230823,Like,1
469,5032,20230524,Like,1
244,1141,20230513,Like,1
1002,4630,20230911,Like,1
192,4508,20230522,Like,1
1728,5335,20231005,Comment,1
1805,5418,20230907,Like,1
928,5001,20230905,Comment,1
1392,4305,20231021,Like,1
354,3065,20230804,Like,1
301,3840,20230120,Comment,1
1498,997,20230708,Like,1
1498,1644,20230511,Like,1
492,1154,20230129,Like,1
379,4734,20231128,Like,1
633,3291,20230605,Like,1
307,3692,20230515,Like,1
343,5429,20230707,Comment,1
755,4751,20230312,Like,1
1896,1440,20230706,Like,1
374,1752,20230315,Like,1
1647,3555,20230911,Comment,1
817,5487,20230929,Like,1
1951,2354,20230702,Like,1
464,2698,20231011,Like,1
1709,5876,20230213,Comment,1
750,155,20230206,Like,1
1354,1349,20231031,Like,1
1873,876,20230317,Like,1
1287,4930,20230119,Like,1
440,4971,20230621,Comment,1
1685,1873,20230213,Like,1
864,180,20230714,Like,1
1135,4348,20230506,Like,1
1470,3062,20230122,Like,1
436,2044,20230228,Like,1
1658,4988,20231222,Like,1
101,2641,20231121,Like,1
432,3541,20230716,Like,1
264,2936,20230721,Like,1
853,2236,20230211,Like,1
156,3530,20230628,Like,1
1913,3585,20231225,Like,1
607,1575,20230426,Comment,1
632,776,20230523,Like,1
1725,3156,20230105,Comment,1
1863,4799,20231029,Like,1
716,145,20230729,Like,1
1618,1748,20230302,Like,1
1885,2950,20230420,Like,1
788,5658,20231115,Share,1
600,2725,20231210,Like,1
1591,5597,20231222,Like,1
1268,4643,20230908,Like,1
682,26,20231204,Like,1
1248,5289,20230302,Like,1
1626,815,20230526,Like,1
1,3929,20230313,Like,1
1163,5840,20230626,Like,1
643,2554,20231208,Share,1
761,1509,20231201,Like,1
1627,4187,20230104,Like,1
1721,2253,20231106,Like,1
584,1916,20230728,Like,1
1590,5105,20230917,Like,1
321,2113,20230125,Like,1
181,705,20230330,Share,1
1117,2322,20230823,Comment,1
1823,3969,20230512,Like,1
967,972,20230205,Like,1
1132,3584,20230706,Like,1
996,1523,20230904,Share,1
1186,2541,20231026,Like,1
1264,5538,20230628,Share,1
1064,2514,20230707,Like,1
1,5751,20231224,Like,1
1434,2231,20230626,Like,1
612,22,20230517,Like,1
430,184,20231126,Like,1
1254,979,20230819,Comment,1
97,32,20230217,Like,1
981,3396,20230323,Like,1
1301,2490,20230923,Like,1
326,3812,20231005,Like,1
3,3628,20230928,Like,1
1047,5614,20230930,Like,1
1950,631,20231106,Comment,1
1258,3211,20231221,Like,1
1215,3797,20230311,Like,1
1488,253,20230706,Share,1
438,4993,20230913,Like,1
266,2612,20230319,Like,1
1098,1249,20231012,Like,1
1598,593,20230511,Share,1
1385,4389,20231126,Like,1
1667,3456,20230126,Like,1
1685,3537,20230502,Like,1
759,1352,20231122,Like,1
283,3913,20231001,Like,1
1493,3749,20231010,Like,1
1834,2344,20231224,Like,1
1781,5790,20230521,Comment,1
824,2118,20231014,Like,1
1024,3781,20230217,Like,1
1820,2436,20230320,Comment,1
10,2574,20230419,Like,1
129,5510,20230410,Like,1
1073,3503,20230831,Like,1
