post_key,hashtag_key,usage_date_key,usage_count
5869,261,20231219,1
2997,150,20230729,1
60,26,20230728,1
5496,353,20230804,1
17,42,20230621,1
1776,149,20230508,1
2345,421,20230907,1
3702,455,20230508,1
3357,116,20230215,1
1096,1,20231112,1
2691,190,20231130,1
452,121,20231108,1
5235,371,20230407,1
121,463,20230823,1
3500,267,20231125,1
5029,203,20230131,1
2302,268,20230826,1
190,6,20230602,1
741,55,20230301,1
2971,144,20230416,1
4853,264,20230105,1
2019,299,20230911,1
4283,279,20231127,1
5831,291,20230401,1
855,357,20230411,1
181,60,20230427,1
821,226,20230730,1
4270,59,20230627,1
5843,438,20230326,1
242,163,20230427,1
60,333,20230916,1
1687,103,20231014,1
1760,470,20230828,1
4305,37,20230111,1
4825,494,20231007,1
5186,382,20230201,1
5907,481,20230609,1
1113,489,20231027,1
3022,174,20231201,1
5356,18,20231118,1
664,34,20230429,1
4539,490,20230304,1
1662,369,20230403,1
3841,410,20230909,1
3505,429,20231009,1
5437,142,20231224,1
1418,176,20230929,1
4430,74,20230830,1
2702,492,20230829,1
5637,15,20231226,1
4758,320,20230314,1
1319,231,20231219,1
615,266,20231219,1
181,61,20231107,1
5460,156,20230510,1
5473,350,20230507,1
995,468,20230609,1
3029,45,20230714,1
1996,357,20230710,1
4097,160,20230731,1
157,345,20230107,1
2875,430,20231205,1
5314,377,20230218,1
5419,108,20231013,1
3428,416,20231211,1
5754,339,20230211,1
3865,250,20230527,1
4156,53,20231229,1
2552,394,20230120,1
992,190,20230711,1
5520,266,20230201,1
1598,99,20230708,1
2950,135,20230722,1
4507,59,20231228,1
1411,489,20231213,1
5918,65,20230316,1
2618,180,20230426,1
3000,277,20230428,1
1182,74,20231221,1
5039,337,20230630,1
1097,263,20230816,1
5057,169,20230216,1
1728,156,20230316,1
1639,317,20230404,1
5545,171,20230625,1
5274,359,20230129,1
625,139,20231113,1
4927,289,20231029,1
4724,131,20231025,1
743,399,20230822,1
5969,462,20230315,1
4231,240,20230627,1
2796,236,20231017,1
5992,24,20230220,1
1366,426,20231002,1
3591,441,20231101,1
3932,142,20230519,1
5319,35,20230508,1
3049,339,20230821,1
2364,61,20230912,1
1089,465,20230130,1
1675,163,20230505,1
4098,109,20230906,1
3217,261,20230331,1
2337,247,20230907,1
5032,290,20230712,1
1358,78,20231022,1
599,357,20230904,1
5037,260,20231001,1
705,482,20230109,1
3306,85,20230426,1
5871,12,20230705,1
3784,266,20230305,1
4714,45,20230806,1
1188,138,20230308,1
32,84,20230413,1
1735,366,20230209,1
94,151,20230811,1
2809,287,20230228,1
1610,438,20231114,1
5405,373,20231209,1
4722,194,20230403,1
2777,226,20230502,1
4990,498,20231130,1
5785,273,20230821,1
2670,236,20230110,1
570,172,20230124,1
3758,462,20230615,1
944,158,20230923,1
571,77,20230815,1
2927,267,20230125,1
2343,460,20230608,1
4875,453,20230425,1
1833,108,20230615,1
3629,310,20230201,1
270,385,20231118,1
39,475,20230328,1
3894,93,20230326,1
1717,47,20231203,1
2805,488,20230704,1
4304,433,20230714,1
4715,421,20230621,1
584,203,20231102,1
2784,115,20230307,1
4945,214,20230425,1
2231,111,20230408,1
4712,403,20230709,1
4554,355,20230112,1
2566,442,20230708,1
1654,125,20231126,1
3952,339,20230213,1
1694,455,20230511,1
940,331,20230412,1
1012,334,20231010,1
2309,420,20230306,1
2826,391,20230627,1
4327,113,20231113,1
1191,132,20230810,1
439,100,20231231,1
5436,182,20230126,1
3575,115,20230316,1
5658,156,20230107,1
1015,358,20230328,1
5344,416,20230707,1
3637,266,20230623,1
5790,174,20230909,1
4399,164,20231027,1
3540,498,20231006,1
5485,463,20230816,1
5264,67,20230901,1
4114,50,20230330,1
2314,62,20230313,1
5922,228,20231209,1
4381,260,20230119,1
239,136,20230204,1
1386,198,20230813,1
2228,73,20231204,1
5510,13,20231214,1
1418,471,20230130,1
4775,270,20230526,1
5887,301,20231219,1
5566,357,20231220,1
1072,339,20231005,1
2414,157,20230923,1
892,462,20230213,1
4554,35,20231104,1
5324,431,20230925,1
1318,246,20231222,1
1599,77,20230922,1
585,229,20231027,1
4898,63,20230828,1
3178,69,20230826,1
2391,93,20230421,1
3762,59,20231108,1
114,497,20231011,1
4819,466,20230621,1
5719,18,20230405,1
5489,359,20230630,1
5531,465,20230210,1
3743,389,20230218,1
2915,184,20230830,1
3803,378,20230608,1
4620,208,20230222,1
2405,369,20230702,1
4578,347,20230508,1
2638,180,20231124,1
3142,338,20231020,1
5420,127,20231105,1
3907,396,20230926,1
5097,350,20230809,1
1965,74,20231125,1
2433,483,20231228,1
3260,496,20230114,1
1865,480,20231111,1
4872,376,20230224,1
1486,17,20231111,1
198,45,20230722,1
2207,310,20230115,1
1235,44,20230924,1
602,356,20231013,1
5866,421,20230311,1
2381,400,20230920,1
4488,40,20231205,1
2328,399,20230930,1
1375,406,20230220,1
2465,136,20230623,1
2679,248,20230423,1
3216,3,20231014,1
1867,85,20230318,1
2882,55,20230529,1
4778,245,20230107,1
1689,33,20230327,1
3157,293,20231215,1
321,413,20230131,1
4745,470,20231115,1
1838,146,20230716,1
2210,196,20230114,1
4203,233,20231005,1
2741,438,20230526,1
1460,13,20231012,1
5169,450,20231227,1
3893,141,20230720,1
1697,35,20231027,1
3236,475,20230505,1
3876,468,20230902,1
1579,367,20230730,1
1760,84,20231027,1
5529,321,20230124,1
3413,221,20230531,1
159,71,20231022,1
3528,182,20230215,1
4507,446,20231126,1
5362,447,20230923,1
3606,78,20231205,1
492,286,20231130,1
5973,45,20231025,1
5652,278,20230213,1
5895,274,20230325,1
4118,351,20231001,1
4256,436,20230420,1
1881,82,20231013,1
5021,196,20231118,1
3637,91,20230709,1
1536,166,20230422,1
3664,452,20230510,1
5952,131,20230306,1
4806,192,20230106,1
1182,292,20230425,1
5872,244,20230112,1
5286,67,20230217,1
4056,148,20230808,1
5619,33,20230929,1
5031,360,20230420,1
2901,321,20230606,1
1547,369,20231023,1
2715,448,20230818,1
256,190,20231123,1
121,258,20230507,1
3641,70,20230610,1
4371,283,20230923,1
4952,277,20230822,1
3667,160,20230911,1
5448,378,20230202,1
1276,347,20230926,1
2346,317,20230308,1
4878,267,20231104,1
3805,193,20230315,1
2232,107,20230509,1
2367,385,20230808,1
3771,337,20230303,1
5950,407,20231002,1
274,236,20230721,1
1144,119,20230815,1
4265,359,20230616,1
253,424,20230221,1
963,292,20230906,1
1097,447,20230323,1
3903,368,20230709,1
736,33,20230104,1
4975,406,20230526,1
3050,281,20230221,1
4905,375,20230106,1
5128,423,20230303,1
2273,461,20230402,1
2645,78,20230618,1
2709,145,20230612,1
1113,105,20230116,1
1495,131,20230710,1
4524,407,20231023,1
2692,228,20230930,1
2533,465,20230902,1
3106,466,20231212,1
2203,156,20230521,1
3551,211,20231201,1
2943,282,20230513,1
865,102,20231202,1
1180,252,20230225,1
4652,196,20231228,1
2899,305,20230404,1
4842,314,20230901,1
4329,41,20230215,1
4084,417,20231116,1
5730,458,20230719,1
3831,25,20231005,1
517,448,20230208,1
3816,357,20230405,1
2965,96,20231219,1
8,379,20230914,1
686,12,20230604,1
5484,127,20230228,1
405,21,20230821,1
3097,499,20230227,1
952,233,20230808,1
842,98,20230508,1
4851,424,20230402,1
567,51,20230519,1
880,468,20230129,1
232,188,20230120,1
4578,79,20230629,1
3692,176,20231226,1
4625,146,20231215,1
1211,70,20230524,1
4157,367,20230614,1
587,423,20230218,1
2181,240,20231106,1
4388,395,20231101,1
321,115,20230601,1
225,382,20231013,1
3678,441,20230816,1
822,61,20230316,1
5858,9,20230124,1
4389,252,20230302,1
466,428,20230407,1
5867,310,20230814,1
4680,102,20230911,1
3824,312,20230422,1
4656,470,20230910,1
3971,111,20230805,1
716,39,20230722,1
4326,265,20230521,1
547,474,20230417,1
3532,261,20230731,1
4654,182,20230108,1
1741,360,20230507,1
2397,28,20230720,1
5910,219,20230811,1
1356,357,20230402,1
4917,200,20230107,1
4386,462,20231201,1
2663,102,20230101,1
1001,323,20230727,1
2,161,20231230,1
4517,296,20231116,1
5684,457,20230625,1
5594,294,20231107,1
698,196,20231024,1
766,54,20230920,1
1894,451,20230710,1
5738,167,20230409,1
5775,412,20230201,1
3059,177,20231021,1
2022,332,20230201,1
5708,372,20230915,1
4005,116,20230307,1
3960,214,20230223,1
5419,63,20230723,1
2810,402,20230523,1
171,5,20231017,1
3453,53,20230818,1
3180,417,20230307,1
5163,38,20230709,1
4243,451,20230203,1
4981,400,20230722,1
2181,54,20230906,1
5023,403,20230303,1
1504,39,20230320,1
686,3,20230512,1
5630,321,20230401,1
2845,151,20230210,1
4211,282,20230919,1
1653,207,20231227,1
1473,393,20230716,1
5192,459,20231106,1
4388,367,20231125,1
5023,151,20230220,1
3240,498,20230215,1
2671,400,20230322,1
376,89,20230822,1
3993,464,20230504,1
2804,390,20231030,1
5130,310,20230331,1
5434,438,20230622,1
2148,371,20231222,1
1153,85,20231104,1
5451,263,20230321,1
5895,423,20230107,1
975,458,20231129,1
1604,308,20230316,1
3155,134,20230709,1
4902,132,20230711,1
3484,453,20231227,1
4670,101,20230618,1
5893,212,20230930,1
1636,66,20230612,1
2342,229,20230223,1
3926,390,20231102,1
2019,333,20230508,1
811,272,20230329,1
5337,491,20230506,1
4129,156,20230127,1
5557,124,20230616,1
731,239,20230902,1
3333,183,20230320,1
1995,208,20231013,1
3157,138,20230804,1
4067,304,20230708,1
2771,316,20230508,1
5962,142,20231107,1
2577,131,20231018,1
2745,199,20230123,1
969,111,20231205,1
1955,396,20230920,1
1330,294,20230108,1
4688,7,20231001,1
3221,121,20230504,1
1157,484,20230307,1
5485,415,20231122,1
5170,244,20231230,1
5668,473,20230104,1
1770,132,20231018,1
3635,432,20230712,1
4331,455,20231225,1
5441,446,20231027,1
2672,45,20230310,1
1414,444,20230913,1
1643,43,20230829,1
4751,206,20230202,1
1623,413,20230516,1
5823,310,20231202,1
4999,122,20230327,1
3609,274,20230507,1
5143,166,20231118,1
2942,457,20230115,1
5754,140,20230909,1
406,189,20230619,1
257,238,20230902,1
4114,32,20231204,1
2810,217,20230904,1
1701,221,20230216,1
456,403,20230112,1
1091,409,20230619,1
4043,28,20231125,1
323,326,20230119,1
522,434,20230609,1
1773,127,20231127,1
5217,197,20230414,1
1648,396,20230107,1
2716,351,20231022,1
3967,418,20230425,1
2395,405,20231229,1
3140,281,20231221,1
4929,363,20230222,1
2267,191,20230622,1
5776,477,20230220,1
2312,99,20230726,1
730,119,20231213,1
1176,474,20230721,1
4878,247,20230705,1
151,274,20230621,1
5925,288,20230403,1
4509,108,20230527,1
3869,60,20230616,1
2868,421,20231208,1
2507,391,20231117,1
3454,378,20231220,1
934,376,20230705,1
952,21,20230904,1
3765,53,20230531,1
237,207,20230829,1
1256,469,20230511,1
5513,32,20231225,1
525,439,20231013,1
4453,314,20230508,1
3051,404,20230121,1
2823,178,20230822,1
3878,152,20231211,1
4213,316,20230605,1
3731,71,20231104,1
5548,201,20230827,1
4449,23,20230724,1
906,16,20230424,1
1726,20,20230511,1
485,16,20231128,1
4693,478,20230914,1
1215,405,20230117,1
3594,487,20231223,1
314,180,20231222,1
4945,392,20230611,1
1825,180,20231024,1
1199,267,20230831,1
4247,458,20230123,1
4562,329,20231212,1
3305,309,20230328,1
1732,28,20230303,1
2846,213,20230131,1
3918,355,20230917,1
2125,94,20231221,1
2955,235,20230921,1
1276,304,20230106,1
3200,124,20230714,1
3323,260,20230411,1
1928,118,20230110,1
3714,152,20230202,1
2845,25,20230819,1
841,162,20230518,1
2667,391,20230524,1
3731,80,20230724,1
767,420,20230727,1
3487,374,20230929,1
49,123,20231211,1
4080,471,20231202,1
4361,196,20231211,1
883,124,20230213,1
4335,381,20230705,1
1913,203,20230115,1
5387,95,20230204,1
2909,397,20231221,1
5113,440,20230511,1
4770,183,20230626,1
3119,387,20230514,1
1400,209,20231010,1
2710,283,20231206,1
1087,40,20230728,1
2627,122,20231007,1
4960,88,20230928,1
2163,133,20230324,1
4797,314,20230410,1
5703,397,20230713,1
5272,194,20231125,1
1966,378,20231214,1
3167,458,20230824,1
2481,494,20230915,1
5486,472,20230701,1
999,173,20230219,1
5451,327,20231021,1
4381,457,20230112,1
712,380,20231015,1
2652,259,20231222,1
3915,324,20231215,1
4000,81,20230211,1
3590,319,20231201,1
2629,421,20230821,1
5029,343,20230410,1
723,146,20230708,1
4483,44,20230222,1
3542,280,20230705,1
4050,363,20230221,1
405,333,20230125,1
5979,70,20230207,1
4331,217,20231020,1
124,489,20230525,1
1622,284,20231211,1
3788,180,20231004,1
2961,363,20230131,1
696,330,20230606,1
4581,318,20231215,1
2143,77,20231002,1
3848,2,20230811,1
2891,183,20231211,1
5500,283,20231124,1
2422,65,20230425,1
3068,30,20231027,1
4258,163,20231022,1
5585,330,20230808,1
3982,419,20231207,1
138,130,20231221,1
563,417,20231220,1
496,487,20231221,1
4141,53,20230302,1
2655,423,20231111,1
1144,328,20230407,1
1396,439,20231229,1
1800,410,20230208,1
4180,44,20231102,1
5794,156,20230323,1
1343,386,20230512,1
2902,138,20230416,1
5783,257,20230313,1
2073,123,20230624,1
999,382,20231001,1
702,299,20231229,1
3441,207,20230318,1
342,427,20230602,1
2335,475,20230216,1
5439,227,20231211,1
2667,164,20230427,1
3789,87,20231203,1
5990,285,20230505,1
3118,269,20231120,1
2303,417,20230713,1
3255,487,20230912,1
2793,118,20230425,1
3256,108,20230907,1
2921,187,20230401,1
5588,428,20230128,1
1488,348,20230208,1
4185,177,20230111,1
3555,409,20230625,1
5622,410,20230419,1
1030,280,20231023,1
5170,398,20230528,1
3635,500,20231209,1
4512,137,20230208,1
3378,4,20231010,1
4438,266,20230722,1
215,148,20230409,1
1060,400,20230106,1
5202,500,20230729,1
1240,89,20230413,1
2334,336,20231212,1
5691,140,20230407,1
3288,457,20230703,1
1116,490,20231108,1
4353,49,20230730,1
3019,426,20230413,1
3494,437,20230102,1
5778,109,20230626,1
2480,463,20230313,1
2259,279,20230609,1
3045,13,20230816,1
2703,231,20230621,1
5875,6,20231102,1
3467,443,20230714,1
2335,259,20231117,1
5325,111,20230830,1
2316,410,20230505,1
5421,305,20230710,1
376,295,20230419,1
1249,232,20230829,1
5090,470,20230531,1
3774,458,20230128,1
1764,419,20230519,1
5277,227,20230429,1
4835,148,20231211,1
4738,102,20230109,1
4684,32,20230304,1
5829,332,20231219,1
1944,473,20231123,1
2136,376,20231109,1
1903,418,20230320,1
5248,498,20230416,1
335,25,20230403,1
447,380,20230627,1
5004,110,20230909,1
743,181,20230327,1
1579,185,20230503,1
4784,135,20231121,1
3391,391,20230321,1
5319,212,20230217,1
4647,93,20230930,1
3309,418,20230413,1
4753,183,20230922,1
5322,299,20230715,1
4036,459,20230414,1
2258,91,20231006,1
1764,278,20230728,1
3621,4,20231210,1
5436,261,20230625,1
985,121,20230914,1
4270,416,20231121,1
311,19,20230107,1
3826,312,20230131,1
5169,365,20230804,1
3023,347,20230708,1
295,168,20230509,1
5741,251,20230210,1
2196,92,20230423,1
3993,174,20231121,1
2010,408,20230714,1
3364,99,20230623,1
5518,479,20230102,1
5638,494,20230330,1
5496,234,20230129,1
4452,267,20230412,1
5766,479,20230108,1
2955,325,20230812,1
5424,440,20231027,1
1666,179,20231207,1
4552,177,20230124,1
4647,49,20230725,1
408,308,20230515,1
3373,1,20231217,1
2814,326,20230929,1
1080,362,20230428,1
3460,109,20230419,1
4441,359,20230127,1
4733,195,20231121,1
2302,168,20230124,1
1287,184,20231117,1
2093,218,20230217,1
1932,221,20230903,1
3774,485,20230610,1
4271,182,20230508,1
4452,447,20230412,1
1841,425,20231110,1
5518,172,20231012,1
3817,246,20230222,1
1467,302,20230425,1
3547,91,20231008,1
5842,442,20230515,1
4312,158,20230717,1
291,355,20230612,1
3865,418,20230319,1
2901,108,20230811,1
4582,380,20230301,1
2646,200,20230810,1
2699,337,20230928,1
3267,482,20231129,1
1421,193,20231024,1
5587,324,20230210,1
1488,211,20230830,1
511,249,20230120,1
1341,258,20230425,1
2136,403,20230323,1
3926,196,20230426,1
4190,242,20230424,1
124,107,20230923,1
2694,226,20230503,1
4942,438,20230405,1
2997,289,20230310,1
3083,410,20230901,1
89,156,20230826,1
98,136,20230124,1
5373,98,20230209,1
1180,324,20230118,1
1908,67,20230326,1
4846,426,20230220,1
2123,283,20230107,1
4259,426,20230830,1
3526,442,20230309,1
5908,299,20230711,1
3469,445,20230714,1
1893,200,20231223,1
5181,378,20231115,1
3468,443,20230416,1
279,187,20231209,1
5863,288,20230824,1
2468,250,20230313,1
5186,24,20230523,1
5281,87,20230415,1
5500,494,20230512,1
1432,260,20230911,1
4115,91,20230322,1
2388,38,20230109,1
1314,203,20230430,1
4464,185,20230629,1
3466,265,20230418,1
4468,303,20231120,1
5356,480,20231113,1
5840,343,20231002,1
338,171,20230426,1
4299,231,20230226,1
2745,162,20230531,1
873,15,20230523,1
4717,392,20230430,1
621,431,20231203,1
4671,265,20230403,1
5926,442,20230106,1
1004,266,20230621,1
2539,215,20231027,1
5386,460,20230712,1
3516,144,20231015,1
2017,131,20230416,1
4565,362,20231128,1
294,165,20230121,1
4206,348,20231011,1
5168,204,20231225,1
5895,434,20230215,1
3409,137,20231219,1
1074,385,20230717,1
4161,222,20230305,1
2798,403,20231012,1
5658,460,20231229,1
1327,324,20231101,1
849,209,20230708,1
5063,109,20230924,1
3830,399,20231025,1
4235,412,20230909,1
1582,109,20230127,1
684,290,20230530,1
3385,202,20230215,1
931,150,20230623,1
3989,136,20231024,1
4968,304,20230221,1
1622,451,20230226,1
1887,275,20231116,1
5275,421,20230320,1
4853,168,20231202,1
2059,337,20230106,1
200,496,20230412,1
2376,269,20230329,1
2651,91,20231028,1
2101,236,20230212,1
4977,264,20230903,1
2179,13,20230704,1
1531,470,20230114,1
413,491,20230425,1
407,96,20230605,1
1041,483,20230611,1
4961,267,20230615,1
4289,474,20230503,1
1719,499,20230113,1
474,163,20230413,1
5282,442,20230316,1
1394,406,20230325,1
3739,340,20231031,1
205,114,20230331,1
1907,325,20231124,1
5679,196,20230201,1
3765,465,20230327,1
2576,469,20230623,1
7,372,20230104,1
1981,490,20231130,1
429,380,20230212,1
5354,376,20230307,1
2272,35,20230203,1
5536,196,20230724,1
1314,187,20230129,1
4836,100,20230428,1
729,246,20230815,1
1339,406,20230921,1
3305,96,20230902,1
1862,56,20230112,1
91,143,20230710,1
1439,3,20230305,1
2201,479,20230421,1
3693,250,20230921,1
1020,226,20230913,1
2990,334,20231010,1
1209,321,20231207,1
678,434,20230921,1
1198,89,20231115,1
2625,361,20231119,1
5916,260,20230219,1
3021,364,20230811,1
1004,175,20230125,1
520,379,20231013,1
1452,5,20230113,1
5623,317,20230416,1
4613,161,20231103,1
4400,196,20230519,1
4363,43,20231025,1
634,336,20230803,1
5436,294,20230406,1
3201,300,20230328,1
4766,160,20230905,1
2369,214,20231228,1
5477,264,20230718,1
861,228,20230725,1
1511,258,20230306,1
2479,226,20231016,1
1722,127,20230927,1
5755,491,20231022,1
1268,286,20231118,1
1507,188,20230107,1
1434,394,20231227,1
5218,289,20231006,1
5200,399,20230331,1
4893,398,20231026,1
819,361,20231211,1
452,285,20231125,1
5691,104,20231025,1
3904,58,20230809,1
4065,396,20230830,1
5345,384,20230802,1
989,391,20230416,1
1940,498,20230705,1
4875,474,20230209,1
5859,233,20230621,1
1496,488,20230624,1
2150,283,20230411,1
5840,413,20230715,1
3354,133,20231104,1
1118,191,20230420,1
4006,76,20230212,1
1659,129,20230511,1
3551,320,20230505,1
5565,369,20230225,1
4000,51,20230124,1
726,346,20230417,1
2402,250,20230106,1
3090,115,20230602,1
1484,114,20230708,1
5598,108,20230825,1
2528,196,20230219,1
4203,408,20230829,1
1691,64,20230106,1
900,95,20230330,1
3333,356,20231110,1
4167,85,20230507,1
3549,476,20230104,1
5756,405,20231116,1
4020,69,20230318,1
3614,83,20230512,1
5948,310,20230201,1
1823,170,20230909,1
1070,44,20231024,1
1093,245,20230208,1
5942,171,20230101,1
446,2,20230131,1
2883,317,20230507,1
5564,448,20230521,1
5922,116,20230520,1
2741,323,20231009,1
2414,487,20230313,1
547,127,20231213,1
3720,419,20230820,1
4983,38,20230820,1
2111,119,20230104,1
4705,34,20231028,1
1209,136,20230815,1
5530,200,20230522,1
1657,219,20231223,1
3899,13,20230103,1
232,448,20230224,1
844,237,20230915,1
3542,110,20231019,1
1842,194,20230609,1
3055,263,20230402,1
3069,432,20230506,1
716,344,20231211,1
2298,286,20231015,1
2185,336,20230801,1
5985,224,20230518,1
276,348,20230214,1
2478,443,20230101,1
1752,72,20230525,1
3194,51,20230122,1
1200,244,20230702,1
5677,428,20230912,1
985,452,20230114,1
3342,238,20230518,1
1554,169,20231026,1
3944,457,20230817,1
5692,401,20230101,1
996,440,20231001,1
5429,480,20230605,1
3133,198,20230722,1
5994,86,20230824,1
1681,170,20230527,1
2157,330,20231222,1
1380,116,20230331,1
5774,276,20231027,1
5596,215,20231218,1
3248,295,20230616,1
3867,347,20230924,1
4703,420,20230327,1
1521,482,20230127,1
5547,367,20230115,1
3363,276,20231114,1
511,77,20231225,1
3780,18,20230724,1
2135,75,20230831,1
464,298,20230531,1
4544,324,20230126,1
5743,425,20230502,1
5653,370,20230912,1
547,27,20230815,1
2384,395,20230702,1
3076,178,20231123,1
2908,402,20230916,1
299,266,20230825,1
4184,185,20230427,1
2087,226,20230304,1
5116,185,20230311,1
232,266,20230906,1
434,176,20231015,1
4595,129,20230405,1
2093,284,20230309,1
3781,189,20230927,1
4151,194,20230810,1
965,81,20230109,1
2775,291,20230713,1
2573,229,20231122,1
1216,9,20230724,1
1583,86,20230721,1
2773,399,20230311,1
2001,485,20230302,1
4071,346,20230819,1
673,145,20231105,1
5287,7,20231012,1
5358,348,20230516,1
2542,446,20230803,1
843,372,20231003,1
3203,246,20230911,1
1659,38,20231003,1
4073,469,20230825,1
215,385,20230405,1
4939,205,20230211,1
3453,105,20230401,1
3122,454,20230617,1
968,10,20230627,1
1801,343,20231020,1
3223,274,20230723,1
817,38,20230102,1
5319,54,20230326,1
3448,258,20231221,1
180,267,20230610,1
2954,424,20230104,1
3086,184,20230628,1
711,387,20230220,1
3352,465,20231123,1
5479,179,20230806,1
2572,464,20230129,1
4749,45,20230209,1
2724,384,20230603,1
5472,309,20231126,1
5041,213,20230417,1
2694,479,20230331,1
3528,280,20231118,1
5350,350,20230109,1
3358,432,20230118,1
1139,357,20230826,1
3647,465,20230928,1
1746,342,20230814,1
5348,323,20230817,1
4099,216,20230924,1
4572,178,20230922,1
841,168,20230802,1
2153,32,20230604,1
2983,133,20230405,1
2018,240,20230502,1
1201,3,20230128,1
2178,209,20230106,1
4340,155,20231108,1
37,340,20231119,1
1364,305,20230212,1
1854,120,20231005,1
176,443,20230928,1
15,439,20230108,1
842,80,20230103,1
2414,319,20230909,1
2881,283,20231127,1
2503,441,20230225,1
3935,314,20231022,1
3766,334,20230918,1
4071,26,20230520,1
4347,33,20230510,1
1593,251,20230405,1
3776,195,20231122,1
3835,457,20231216,1
4107,478,20230227,1
560,326,20230816,1
2798,327,20231014,1
4708,172,20231105,1
2012,246,20230103,1
1174,221,20230915,1
3453,456,20230406,1
2896,13,20231130,1
4870,358,20230425,1
2922,448,20230428,1
5035,488,20230730,1
656,76,20231117,1
4158,394,20231124,1
4920,87,20230613,1
688,58,20230623,1
4403,81,20230505,1
5044,105,20230929,1
4159,481,20231022,1
1250,26,20230808,1
4071,363,20230731,1
368,416,20230320,1
3349,195,20231130,1
5586,215,20231104,1
3811,121,20231230,1
1303,437,20231214,1
5869,169,20230201,1
4589,257,20231208,1
203,348,20230205,1
4785,489,20230402,1
4120,53,20230630,1
1709,363,20230719,1
4041,403,20230115,1
4387,11,20231020,1
4586,91,20230226,1
2259,284,20230509,1
318,481,20230905,1
5740,362,20230104,1
1284,152,20230731,1
2093,406,20230802,1
3999,316,20231116,1
365,466,20230428,1
786,35,20230806,1
2238,429,20230724,1
3428,189,20231004,1
1727,10,20230209,1
5923,333,20230819,1
1546,154,20230527,1
2937,404,20231017,1
3760,382,20231220,1
3411,32,20231111,1
5661,306,20230624,1
4994,396,20231204,1
921,104,20230319,1
1505,189,20230306,1
5900,95,20231210,1
3644,33,20230610,1
494,19,20230225,1
728,472,20231121,1
396,290,20231118,1
3923,71,20230530,1
670,393,20230801,1
991,65,20230616,1
2348,437,20230702,1
1806,241,20230409,1
258,280,20230708,1
4678,66,20231109,1
3628,485,20230113,1
434,20,20231010,1
5197,276,20230623,1
4978,496,20231220,1
3643,340,20230831,1
5545,118,20230204,1
2398,174,20231018,1
5135,6,20230820,1
2835,95,20231120,1
5738,403,20230707,1
4824,264,20230503,1
2035,372,20230609,1
1899,78,20230623,1
5808,61,20231016,1
4230,226,20230328,1
3614,34,20230903,1
5976,354,20230126,1
3234,354,20230923,1
5992,290,20230730,1
755,229,20231216,1
3782,21,20230103,1
2032,440,20230829,1
2864,80,20231223,1
4688,343,20230802,1
1434,381,20231018,1
1605,168,20231225,1
2076,418,20230220,1
3533,23,20230429,1
318,85,20231227,1
1997,186,20231107,1
1728,376,20230131,1
3442,96,20230805,1
466,166,20230423,1
3380,293,20231206,1
1742,119,20230813,1
1020,381,20230325,1
4095,40,20231224,1
2377,133,20230617,1
1744,392,20231107,1
5386,28,20230727,1
4008,154,20230317,1
1312,498,20231112,1
841,123,20230712,1
2836,405,20231029,1
3913,206,20231028,1
550,52,20231223,1
5464,81,20230716,1
4177,46,20230909,1
1292,239,20230902,1
4323,346,20230610,1
1615,116,20230303,1
2190,470,20231116,1
1584,368,20230715,1
2038,119,20230226,1
3742,78,20230309,1
2379,91,20230809,1
4498,417,20230302,1
4514,386,20230218,1
4263,448,20230102,1
5723,173,20230922,1
3248,134,20230603,1
4023,274,20230216,1
1137,33,20230304,1
3259,209,20230406,1
422,108,20230615,1
2063,384,20230226,1
2719,361,20231111,1
3864,38,20230812,1
4941,468,20230918,1
1723,58,20230416,1
2824,133,20230726,1
3708,282,20230819,1
5851,266,20230415,1
1624,34,20230506,1
5829,370,20230325,1
4977,151,20230425,1
3849,399,20230727,1
150,77,20230312,1
2245,329,20230225,1
5537,96,20230214,1
2380,288,20230203,1
5397,94,20230110,1
1640,175,20231116,1
2711,448,20231126,1
2462,209,20230309,1
5997,182,20230621,1
829,177,20231103,1
3315,85,20230202,1
3506,325,20231007,1
4558,54,20230615,1
1394,245,20230529,1
5936,169,20231113,1
663,319,20230622,1
2680,437,20230707,1
4447,126,20230710,1
521,259,20230622,1
2571,338,20231203,1
1359,397,20230829,1
1982,226,20230819,1
2380,185,20230831,1
208,256,20230613,1
4507,154,20231218,1
257,374,20230717,1
3190,40,20230121,1
3121,137,20230108,1
2201,362,20230429,1
841,58,20231229,1
2316,25,20230925,1
3542,434,20230919,1
5934,41,20231220,1
1070,454,20230420,1
4108,98,20231216,1
3959,232,20230401,1
5304,32,20230623,1
813,286,20231207,1
4001,123,20230521,1
1012,404,20230530,1
3341,151,20230222,1
4548,81,20230914,1
4795,343,20231223,1
2748,21,20230613,1
2037,274,20231214,1
242,29,20230325,1
5388,399,20231010,1
517,375,20231215,1
5715,77,20230306,1
5620,450,20231121,1
1315,48,20230317,1
890,198,20231113,1
5372,30,20230108,1
289,320,20230411,1
5771,262,20230719,1
4918,19,20230928,1
2891,428,20230117,1
5284,296,20230528,1
5413,238,20230423,1
1953,431,20230911,1
5699,257,20230623,1
1101,30,20230710,1
656,225,20230524,1
472,165,20230916,1
2104,207,20230819,1
2724,258,20231219,1
4700,308,20231214,1
5791,192,20231222,1
3247,239,20230106,1
1402,387,20230805,1
4532,210,20230703,1
4811,219,20230322,1
1568,166,20230429,1
2150,396,20230930,1
5608,250,20230529,1
5164,107,20230201,1
4472,458,20230123,1
5214,168,20231127,1
2808,147,20231027,1
2702,316,20231111,1
3291,491,20231110,1
2684,73,20231008,1
3554,122,20230603,1
5783,389,20230522,1
829,311,20230501,1
4003,242,20230708,1
1174,496,20230308,1
3905,268,20231016,1
4272,165,20230927,1
5509,459,20230630,1
2110,178,20230904,1
1895,205,20230303,1
2812,292,20230617,1
641,56,20231004,1
3553,81,20230504,1
1338,184,20230114,1
909,296,20230417,1
5098,134,20230414,1
3600,444,20231102,1
594,385,20230905,1
1349,201,20231212,1
3284,271,20230827,1
3632,197,20231028,1
1323,168,20231119,1
1073,164,20230327,1
4703,49,20230524,1
5060,18,20231103,1
3129,245,20231114,1
3768,418,20231105,1
2789,233,20230124,1
2083,241,20231124,1
5690,10,20230816,1
1327,119,20230203,1
5911,469,20230103,1
4869,334,20230219,1
941,287,20230821,1
2512,492,20230604,1
2601,40,20230911,1
1552,299,20230822,1
913,323,20230106,1
1399,134,20230202,1
5235,121,20231206,1
5315,253,20230228,1
3076,293,20230823,1
5312,72,20230709,1
1684,213,20230819,1
1743,162,20230623,1
2365,56,20231004,1
2281,221,20230330,1
5177,416,20230530,1
2236,374,20230726,1
3803,62,20231003,1
3914,434,20231013,1
1681,431,20230705,1
3282,117,20230424,1
5829,351,20230623,1
244,246,20230606,1
3541,85,20230419,1
5595,180,20231224,1
4605,499,20231207,1
1298,256,20230904,1
2127,179,20230806,1
4340,467,20230210,1
1304,288,20230907,1
4357,459,20231106,1
3200,385,20230213,1
3015,347,20230429,1
5475,420,20230416,1
2736,119,20230811,1
2768,206,20230512,1
1470,187,20230622,1
5820,95,20230826,1
2054,248,20230523,1
2744,445,20231228,1
1633,408,20230920,1
1300,213,20231012,1
5823,363,20230303,1
2829,242,20230925,1
2577,56,20230103,1
4917,5,20230806,1
354,181,20231118,1
3370,30,20230209,1
289,248,20230709,1
4600,240,20231129,1
4398,228,20231022,1
5034,325,20231016,1
687,59,20230709,1
4876,334,20230613,1
4860,145,20230423,1
3741,28,20230227,1
4081,35,20230822,1
2891,163,20230429,1
5296,18,20231027,1
3764,35,20230104,1
1374,472,20230226,1
5149,248,20230826,1
3561,263,20230123,1
5016,90,20231023,1
5089,192,20230220,1
1036,458,20230417,1
1206,335,20230808,1
1614,305,20230902,1
1779,67,20230912,1
1960,487,20230831,1
1519,412,20230420,1
3565,361,20231202,1
2010,249,20231017,1
720,490,20231120,1
2073,164,20230815,1
983,65,20231212,1
1518,298,20231110,1
1066,383,20230630,1
5629,332,20231124,1
3122,222,20230530,1
1815,218,20231017,1
2333,152,20230213,1
1478,414,20230720,1
4237,37,20230112,1
4466,251,20230925,1
2755,395,20230316,1
4990,433,20231120,1
2517,468,20230711,1
4229,329,20230113,1
908,184,20230923,1
4694,400,20231129,1
2966,231,20230303,1
3294,306,20231121,1
4647,130,20230510,1
2983,325,20230227,1
4326,72,20230411,1
2401,206,20230913,1
98,324,20230209,1
4163,298,20230124,1
2831,434,20230413,1
284,364,20230210,1
2817,179,20230925,1
2093,267,20230413,1
3735,381,20231228,1
2656,423,20230703,1
1786,264,20231014,1
2820,295,20230416,1
4990,38,20230908,1
2261,72,20230311,1
5993,263,20230303,1
3027,348,20231121,1
23,424,20230515,1
2174,420,20231118,1
352,461,20230305,1
4570,150,20230702,1
5262,492,20230822,1
4997,408,20230528,1
4994,482,20230628,1
4885,460,20230429,1
101,138,20231225,1
5288,379,20230131,1
5925,129,20231123,1
3006,71,20231212,1
3012,140,20230216,1
5508,434,20230121,1
3641,102,20230706,1
3479,220,20230722,1
4855,196,20230124,1
686,89,20230721,1
120,450,20230821,1
3786,155,20230921,1
98,426,20230214,1
2067,381,20230429,1
1328,316,20230617,1
947,213,20230723,1
4570,190,20230224,1
3020,275,20231216,1
2156,276,20231030,1
2814,329,20230828,1
3729,201,20230529,1
5518,314,20231017,1
1084,169,20230529,1
2403,444,20230210,1
559,494,20230109,1
2041,369,20230108,1
5730,178,20230127,1
3815,297,20231121,1
4185,11,20230414,1
5443,350,20230308,1
3832,428,20230810,1
841,364,20230630,1
2078,427,20230610,1
1124,120,20230122,1
5543,271,20230409,1
448,71,20230505,1
656,60,20230713,1
900,145,20230210,1
2246,477,20230126,1
5780,471,20230101,1
4415,47,20231212,1
5468,77,20231107,1
1532,94,20230328,1
933,370,20230913,1
4228,258,20230527,1
1398,48,20230103,1
1306,146,20230203,1
4657,406,20230115,1
1904,439,20230306,1
862,344,20230610,1
939,313,20230612,1
5555,346,20231008,1
1562,198,20230215,1
2276,381,20230608,1
1165,287,20230330,1
775,97,20230519,1
1727,289,20230803,1
580,449,20231003,1
1828,114,20230525,1
696,383,20230102,1
4432,363,20230116,1
983,253,20231013,1
5612,260,20231219,1
3196,485,20230726,1
5668,334,20230717,1
5665,138,20230223,1
5465,325,20230206,1
1534,102,20230113,1
5879,112,20230330,1
529,287,20230630,1
2642,384,20230425,1
3612,133,20231110,1
4877,281,20231213,1
1045,47,20230526,1
5681,284,20230226,1
3036,261,20231201,1
5822,385,20230721,1
2659,263,20230706,1
4632,169,20230703,1
3686,475,20230928,1
5022,468,20230710,1
5712,151,20230323,1
1464,465,20231012,1
4262,26,20230831,1
419,349,20230413,1
798,446,20230718,1
3835,373,20230517,1
180,419,20230208,1
5293,93,20230616,1
2992,175,20230529,1
2069,280,20230305,1
2419,141,20231022,1
2823,481,20231109,1
2614,295,20230305,1
1420,221,20231027,1
2662,141,20230906,1
2105,262,20230106,1
5899,125,20230807,1
4693,79,20230305,1
5336,244,20230619,1
5222,480,20230411,1
3974,13,20231124,1
1609,155,20230812,1
3291,55,20230720,1
5231,26,20231108,1
5416,263,20230825,1
831,445,20230707,1
387,421,20231217,1
2215,263,20230207,1
5640,70,20230314,1
1106,278,20230509,1
2939,121,20230627,1
5497,376,20230703,1
266,101,20230614,1
1451,210,20230103,1
3847,134,20231129,1
3330,18,20230510,1
1922,84,20230521,1
1448,27,20230921,1
3769,383,20231211,1
4585,78,20230410,1
4511,109,20230815,1
4422,109,20230321,1
2768,343,20230416,1
2159,146,20230511,1
4309,378,20230501,1
453,215,20231129,1
1306,384,20230110,1
4496,153,20231211,1
2195,64,20230405,1
1249,208,20230124,1
2870,415,20230404,1
3653,19,20231212,1
4763,411,20230209,1
162,365,20230825,1
3404,172,20230819,1
1174,441,20230527,1
162,330,20231027,1
4209,261,20230716,1
5821,420,20230304,1
736,22,20230427,1
569,13,20230311,1
5051,139,20230706,1
433,13,20230530,1
841,304,20230310,1
1891,290,20230717,1
2903,184,20231224,1
5525,393,20230305,1
5346,36,20230720,1
5168,266,20230219,1
3722,170,20231212,1
2411,134,20230220,1
1455,238,20230101,1
4281,57,20230909,1
4804,350,20230123,1
4787,194,20230827,1
5535,413,20230106,1
845,198,20231128,1
2927,475,20230521,1
3583,333,20230415,1
3984,317,20231112,1
3256,457,20231104,1
1411,348,20231109,1
2517,210,20230723,1
896,148,20230331,1
3953,167,20230409,1
4717,70,20230126,1
4401,76,20230319,1
2404,82,20230528,1
5380,450,20230910,1
1170,477,20230211,1
5305,303,20230907,1
1231,132,20230531,1
4377,78,20230822,1
3316,220,20230818,1
3904,317,20230306,1
5643,271,20231118,1
1024,158,20230606,1
4150,97,20231017,1
2276,51,20231201,1
310,175,20230522,1
4241,303,20230107,1
3614,400,20230421,1
422,152,20230301,1
1835,70,20230112,1
605,89,20230409,1
3202,395,20230425,1
5557,342,20230413,1
1552,68,20230518,1
4207,31,20230416,1
3875,246,20230115,1
915,470,20230614,1
2896,483,20230125,1
2261,47,20231002,1
3830,228,20230721,1
5092,180,20230205,1
2549,339,20230315,1
5037,52,20231109,1
3263,390,20230704,1
1339,51,20230206,1
1120,127,20230302,1
4153,111,20230326,1
5116,123,20231008,1
5930,327,20230201,1
3503,487,20230523,1
956,388,20230710,1
1793,338,20231124,1
4295,23,20230623,1
2506,480,20231112,1
567,325,20231223,1
3576,381,20230508,1
5265,122,20231203,1
2550,251,20230420,1
2777,383,20231214,1
1389,43,20230323,1
767,410,20230112,1
2035,148,20230129,1
5222,319,20231014,1
2500,181,20230718,1
4502,69,20231025,1
3222,81,20230812,1
3321,57,20230122,1
3423,246,20230225,1
4537,306,20230429,1
2043,35,20231102,1
5461,5,20230124,1
808,389,20230813,1
3346,275,20231122,1
2810,265,20230509,1
2892,91,20231213,1
3254,37,20230704,1
5865,22,20230603,1
1112,18,20230531,1
902,438,20231128,1
330,202,20230629,1
5319,73,20230316,1
4943,478,20230724,1
2806,376,20230827,1
463,353,20230725,1
4072,417,20231008,1
2676,425,20230223,1
3250,494,20230327,1
5319,466,20231025,1
3352,240,20230621,1
5312,147,20231217,1
5341,438,20231212,1
3998,167,20230403,1
4134,264,20230419,1
5096,86,20230511,1
697,20,20230428,1
3611,195,20231108,1
2643,171,20230927,1
5368,14,20231231,1
1231,400,20230626,1
4207,67,20230905,1
4643,175,20231107,1
481,177,20230821,1
2662,250,20230223,1
2447,2,20231119,1
5427,237,20230602,1
2259,155,20230622,1
3019,357,20230807,1
2975,452,20230317,1
764,80,20230124,1
986,44,20230219,1
4348,184,20231225,1
3434,149,20230820,1
3194,3,20230427,1
1595,11,20230915,1
3766,84,20230505,1
4259,371,20230415,1
1401,234,20230805,1
4036,81,20230618,1
940,133,20230112,1
681,343,20231001,1
4441,49,20230530,1
3850,228,20230202,1
5322,176,20231004,1
565,383,20230712,1
79,308,20231016,1
902,219,20230514,1
5884,234,20230916,1
4195,255,20230101,1
5921,278,20230618,1
5754,65,20231222,1
2816,297,20230729,1
2394,268,20230523,1
2504,404,20230106,1
982,371,20231006,1
5236,456,20231227,1
4949,352,20230206,1
5701,156,20230907,1
2845,318,20230627,1
4129,353,20230402,1
515,415,20230828,1
3847,499,20231202,1
4968,443,20231022,1
1090,326,20231008,1
968,69,20230421,1
5595,238,20231115,1
3215,145,20230808,1
5002,247,20230925,1
3179,211,20230224,1
3492,336,20230606,1
4391,415,20230801,1
5267,474,20230312,1
1525,435,20230806,1
1372,278,20230822,1
5026,281,20231008,1
2097,340,20230611,1
3147,427,20230523,1
1251,194,20230409,1
2610,272,20230610,1
951,51,20230207,1
3945,220,20230707,1
251,370,20230304,1
5175,447,20230917,1
5656,313,20230519,1
3135,439,20231213,1
5643,90,20231004,1
3294,301,20230308,1
2791,129,20230216,1
2418,148,20230611,1
2215,324,20231126,1
5828,442,20231218,1
1447,334,20230301,1
56,32,20230414,1
2955,374,20230503,1
1323,126,20230915,1
4124,151,20231112,1
5519,207,20230206,1
1892,489,20231217,1
3456,75,20230921,1
5135,139,20231105,1
3703,285,20230530,1
99,7,20230130,1
2032,207,20230426,1
472,12,20230920,1
4445,266,20231013,1
4117,388,20230611,1
5153,479,20230105,1
1759,226,20231004,1
3921,119,20230812,1
979,82,20230703,1
4463,103,20230127,1
210,484,20230131,1
5920,371,20231112,1
4209,9,20231020,1
4488,378,20231102,1
3855,500,20230325,1
5702,318,20230302,1
3510,292,20231016,1
2644,333,20231003,1
4687,201,20231207,1
5862,419,20231201,1
4493,494,20230819,1
304,264,20230708,1
4952,53,20230326,1
3426,400,20230123,1
1909,385,20230629,1
3591,54,20231118,1
1467,211,20230209,1
1800,423,20230211,1
276,433,20230419,1
3439,175,20230611,1
3884,347,20230427,1
5331,120,20231215,1
2233,262,20230206,1
1853,338,20230725,1
3750,240,20230515,1
4009,433,20230101,1
2415,162,20231125,1
2728,435,20230908,1
2120,90,20230510,1
4573,107,20231114,1
4537,249,20231209,1
1771,411,20231130,1
1805,83,20230714,1
2038,447,20230412,1
5449,84,20230616,1
4725,207,20230311,1
2325,152,20231104,1
4039,316,20230312,1
4466,52,20230209,1
3239,443,20230919,1
2964,55,20230806,1
3131,206,20230213,1
1002,404,20230604,1
1540,438,20231106,1
2056,432,20230429,1
3672,171,20231201,1
1083,454,20230305,1
5674,170,20231104,1
1877,206,20230113,1
2010,210,20231124,1
1072,324,20230626,1
2705,220,20230412,1
3164,278,20230114,1
2014,263,20230624,1
5909,85,20231008,1
1025,29,20230602,1
189,467,20230104,1
3906,181,20230606,1
3778,7,20230925,1
2635,446,20230204,1
56,52,20230209,1
4732,352,20231222,1
5129,88,20230428,1
3335,21,20230404,1
5457,274,20231014,1
5202,213,20230328,1
1686,499,20230821,1
2014,22,20231114,1
3446,210,20231020,1
5678,206,20230523,1
2098,305,20230719,1
5824,472,20230131,1
1691,49,20230927,1
1853,245,20231015,1
3130,320,20230713,1
1071,52,20230428,1
631,126,20230903,1
2720,392,20230215,1
5885,483,20230719,1
2344,98,20231229,1
3295,361,20230102,1
630,397,20230208,1
5812,369,20231002,1
4371,461,20231030,1
3821,139,20230215,1
3245,17,20231020,1
5569,368,20230205,1
5440,469,20230926,1
2233,236,20230415,1
4956,391,20230221,1
1113,14,20230108,1
5484,381,20231025,1
5826,469,20230707,1
1458,312,20230317,1
2617,451,20230211,1
2800,241,20230630,1
82,55,20230121,1
1941,78,20230129,1
2350,219,20230621,1
3059,99,20231009,1
4525,386,20230902,1
3441,271,20230530,1
554,24,20230223,1
2095,354,20231129,1
3492,40,20230701,1
2739,210,20230511,1
1673,112,20230619,1
4330,166,20230516,1
5841,47,20231022,1
474,277,20230911,1
4310,403,20230107,1
5566,343,20231019,1
5975,242,20230219,1
4657,201,20230515,1
3255,356,20230206,1
5873,107,20230206,1
3179,310,20230725,1
4583,225,20230227,1
1062,96,20230116,1
1044,55,20231204,1
28,429,20230713,1
242,129,20230419,1
14,233,20231210,1
5906,7,20230624,1
5749,96,20230122,1
5725,90,20231220,1
5417,28,20230605,1
4368,461,20230421,1
1466,293,20231030,1
3132,18,20231216,1
1487,499,20230714,1
4417,279,20230614,1
1458,500,20230823,1
412,300,20230925,1
1133,136,20230508,1
3038,114,20230208,1
5480,193,20231026,1
3075,253,20230704,1
2297,413,20231025,1
5745,238,20230803,1
114,229,20230607,1
1965,477,20231010,1
4647,9,20230320,1
5399,12,20230403,1
4455,407,20231223,1
1474,54,20231113,1
4305,360,20230707,1
4662,178,20230731,1
5260,262,20230930,1
1485,306,20231101,1
5354,251,20230223,1
2778,44,20231010,1
5995,105,20230205,1
743,245,20231111,1
5318,180,20231003,1
1368,419,20230224,1
5813,68,20230501,1
917,364,20230107,1
2042,118,20230804,1
4857,303,20230722,1
4171,333,20231123,1
4666,69,20230623,1
1097,2,20230822,1
3544,211,20230204,1
1305,440,20230317,1
5242,3,20231204,1
5272,350,20230619,1
3738,255,20230117,1
1186,312,20231122,1
2583,282,20231001,1
2813,426,20230419,1
1637,304,20230619,1
3751,95,20230616,1
887,331,20230518,1
4207,296,20230910,1
4700,189,20231007,1
841,345,20231223,1
4096,274,20230329,1
327,342,20230626,1
5604,104,20230426,1
5306,293,20231030,1
2751,93,20230131,1
5511,425,20231113,1
4288,416,20230318,1
5879,367,20230226,1
3968,446,20230330,1
3711,367,20230722,1
4044,392,20230718,1
1086,53,20230505,1
4344,359,20230914,1
3981,436,20230508,1
1335,84,20231016,1
1971,152,20230514,1
1950,21,20230804,1
3868,329,20231229,1
3382,150,20230126,1
933,153,20230414,1
3753,29,20231012,1
1899,291,20230928,1
987,273,20230804,1
3655,98,20230804,1
754,291,20231119,1
4980,199,20230919,1
2656,166,20230922,1
3623,306,20231129,1
5177,398,20230906,1
2882,260,20230909,1
4218,468,20230622,1
5384,63,20231110,1
5150,342,20230910,1
649,333,20231111,1
4512,456,20230521,1
1111,322,20230818,1
666,229,20230822,1
971,350,20230407,1
3695,420,20230504,1
2969,311,20230416,1
1940,51,20230502,1
294,105,20231123,1
2841,444,20230714,1
1286,162,20231001,1
2248,106,20231015,1
5384,324,20230608,1
5558,451,20230405,1
2133,401,20230725,1
4957,343,20230223,1
2556,123,20231030,1
1817,187,20230712,1
2545,370,20231201,1
2738,387,20230928,1
5987,239,20231007,1
3673,147,20230224,1
4030,24,20230715,1
1225,114,20230127,1
5062,135,20230129,1
1541,250,20230811,1
2064,359,20230826,1
3791,382,20230620,1
363,80,20230221,1
612,142,20230516,1
5331,204,20230918,1
2358,12,20230225,1
3080,234,20231015,1
5009,119,20230523,1
3542,300,20230530,1
5943,143,20231014,1
1999,402,20230901,1
4450,474,20230806,1
5456,253,20230326,1
2021,65,20231212,1
5966,421,20230218,1
5929,232,20230622,1
5787,490,20231217,1
4131,379,20231001,1
2077,420,20230805,1
4833,421,20231115,1
4439,194,20231001,1
3687,197,20230723,1
1357,25,20230711,1
3731,306,20230701,1
987,103,20231214,1
4622,381,20230928,1
2849,209,20230729,1
1241,227,20230828,1
2308,313,20230703,1
227,346,20231107,1
3231,32,20230830,1
1770,239,20230414,1
4783,412,20230104,1
2854,87,20230710,1
894,184,20230710,1
5756,495,20230310,1
5890,330,20230826,1
1677,93,20231125,1
3423,429,20230308,1
4939,369,20231219,1
5865,182,20230112,1
1959,9,20230101,1
3921,105,20230709,1
3061,371,20230830,1
135,245,20230107,1
4878,129,20230721,1
1858,112,20230121,1
1301,367,20230914,1
2901,284,20230110,1
4970,438,20231221,1
1051,184,20230819,1
3064,429,20230719,1
5841,276,20231124,1
1634,4,20230208,1
968,491,20230830,1
1358,349,20231026,1
2284,131,20230809,1
5644,494,20230421,1
2611,269,20231107,1
242,12,20230127,1
432,52,20230611,1
4774,200,20231211,1
4701,338,20231106,1
1888,31,20230828,1
2840,8,20230507,1
1218,361,20231217,1
1737,458,20230424,1
5713,179,20230227,1
1698,153,20230328,1
1329,412,20231028,1
1831,316,20230706,1
5816,201,20230102,1
4539,248,20231212,1
3585,471,20230911,1
391,142,20231025,1
5599,55,20231209,1
277,5,20231016,1
4667,88,20231019,1
5408,286,20230124,1
205,319,20230812,1
2602,213,20230614,1
1696,126,20230601,1
967,61,20230524,1
5519,26,20230923,1
2500,415,20230815,1
1013,111,20231117,1
1179,176,20230625,1
4934,482,20230214,1
4152,151,20230316,1
916,213,20230601,1
3642,330,20230920,1
2789,478,20230923,1
3546,380,20230406,1
3488,184,20230827,1
1071,295,20230622,1
5858,276,20230416,1
2155,57,20231126,1
4582,427,20230225,1
3154,171,20230119,1
837,156,20231205,1
2413,434,20230513,1
2699,431,20230225,1
3256,347,20230625,1
2669,141,20230729,1
4354,35,20230923,1
270,64,20230701,1
4305,430,20230328,1
248,51,20230308,1
3321,279,20230318,1
4001,371,20230404,1
2144,234,20230731,1
3656,144,20230326,1
2882,137,20230220,1
2780,403,20230409,1
2035,341,20230119,1
3001,100,20231223,1
5226,326,20230602,1
4421,162,20230827,1
5152,160,20231017,1
4859,331,20230528,1
5302,481,20230717,1
5563,352,20230316,1
5029,118,20230223,1
3514,125,20230115,1
3201,409,20230829,1
5910,436,20231221,1
5844,444,20230706,1
4773,426,20230803,1
3772,263,20231122,1
1716,401,20230410,1
3295,302,20230306,1
4897,347,20231020,1
5401,340,20230629,1
638,240,20230112,1
1268,237,20230112,1
4794,465,20230212,1
1634,223,20230712,1
1027,54,20230619,1
1639,339,20230121,1
115,385,20230624,1
5366,47,20231225,1
2202,356,20230421,1
5905,241,20230501,1
5135,484,20231110,1
3385,458,20231028,1
5035,440,20230429,1
4949,387,20230609,1
1749,148,20230222,1
5624,271,20231127,1
4217,43,20230327,1
4233,206,20231129,1
1477,338,20230916,1
2075,412,20230204,1
1280,417,20230210,1
5046,218,20231016,1
2686,471,20230619,1
675,23,20230809,1
4359,78,20230506,1
3340,410,20230913,1
5733,440,20230920,1
786,315,20230814,1
1767,2,20230915,1
4152,205,20230429,1
1699,177,20231109,1
4411,417,20230919,1
3257,288,20230223,1
5669,194,20231109,1
916,410,20230210,1
3695,65,20230218,1
3048,63,20230815,1
263,190,20230810,1
2371,94,20231022,1
357,309,20230410,1
1673,150,20230603,1
1298,40,20230515,1
2157,405,20230409,1
5815,103,20230428,1
891,54,20230502,1
4413,482,20230131,1
4055,436,20231107,1
2569,455,20231121,1
5,411,20231025,1
849,213,20231220,1
584,285,20231029,1
2275,319,20230526,1
5113,133,20230303,1
4691,432,20231227,1
2344,425,20230415,1
772,272,20230502,1
3193,313,20230315,1
343,83,20230630,1
322,390,20231214,1
5658,138,20230615,1
523,36,20230605,1
4040,482,20230506,1
5600,74,20230212,1
2777,121,20231208,1
5084,102,20230112,1
1397,109,20230331,1
3143,222,20231028,1
5756,161,20230903,1
1333,25,20230227,1
5456,71,20230821,1
834,263,20230626,1
3895,426,20230805,1
5599,439,20230317,1
4903,465,20231001,1
5475,197,20230624,1
624,224,20231015,1
4653,249,20230205,1
1507,486,20230416,1
4076,18,20230629,1
5254,49,20231031,1
3685,465,20230810,1
4963,70,20230512,1
532,195,20230801,1
4412,447,20230602,1
2073,261,20230725,1
2354,311,20231003,1
5661,466,20230430,1
2954,23,20230201,1
3288,266,20231204,1
693,23,20230606,1
1774,489,20230827,1
368,355,20231011,1
2107,96,20230805,1
2433,356,20230513,1
888,76,20230122,1
2162,199,20230103,1
1970,169,20230615,1
5821,125,20230425,1
5894,89,20231102,1
5787,310,20230527,1
4420,168,20230722,1
5413,432,20230225,1
3350,89,20231018,1
3422,471,20230624,1
1726,262,20230629,1
5893,84,20230930,1
2371,301,20231014,1
273,327,20230918,1
527,496,20230320,1
4827,173,20230427,1
2665,270,20230828,1
1636,488,20230719,1
5586,294,20230208,1
5738,8,20231209,1
4609,234,20231204,1
3701,140,20231110,1
1347,341,20230223,1
273,157,20230115,1
1050,210,20231031,1
2936,449,20230215,1
5026,436,20230531,1
1622,236,20230702,1
5163,220,20230713,1
4089,296,20230404,1
5304,163,20230731,1
4248,357,20230817,1
2171,296,20231225,1
1833,419,20231110,1
4547,327,20230426,1
5472,245,20230713,1
1219,171,20231119,1
602,210,20230825,1
63,264,20230923,1
288,266,20230723,1
558,487,20230807,1
1773,300,20230331,1
3357,421,20230330,1
4456,284,20231108,1
920,308,20230203,1
4429,335,20230905,1
1648,86,20230928,1
5417,185,20230117,1
5592,434,20231221,1
19,217,20230928,1
2020,384,20230516,1
440,304,20230803,1
3560,202,20231121,1
4188,243,20230213,1
5616,217,20231204,1
1351,144,20230101,1
542,25,20230716,1
1540,284,20230925,1
4580,280,20230503,1
1580,217,20230806,1
4935,438,20230826,1
5432,429,20230124,1
4614,496,20230705,1
3177,269,20230322,1
5930,331,20230417,1
5067,182,20231220,1
5752,275,20230220,1
4026,22,20230601,1
3449,406,20230906,1
168,442,20230309,1
889,362,20230209,1
2416,142,20230201,1
1586,495,20230922,1
2140,414,20230518,1
2776,238,20231029,1
5068,95,20230929,1
4407,41,20230702,1
5347,203,20230930,1
3695,4,20230927,1
2798,360,20231112,1
4491,302,20230816,1
5283,317,20231221,1
4672,268,20230207,1
3946,10,20230128,1
5312,192,20230724,1
5949,270,20230910,1
4232,228,20230815,1
615,343,20230302,1
1463,378,20230708,1
62,327,20230927,1
2501,232,20230608,1
4777,241,20231128,1
4701,86,20230614,1
5197,34,20230509,1
4578,450,20230307,1
2969,489,20231209,1
4008,493,20230813,1
2635,289,20231106,1
3288,327,20231214,1
3023,152,20230510,1
341,78,20230415,1
2706,257,20231204,1
2765,376,20230426,1
94,36,20231015,1
3905,195,20230913,1
3167,53,20230829,1
5324,89,20230922,1
5197,260,20230701,1
79,288,20230207,1
3462,454,20230618,1
445,259,20230225,1
2421,229,20230125,1
2627,341,20231018,1
5201,382,20230103,1
3079,168,20230110,1
2935,319,20230419,1
2141,388,20231119,1
1818,243,20230511,1
5375,419,20230725,1
3134,462,20231030,1
5581,248,20230827,1
5068,182,20231206,1
2817,399,20230812,1
4176,386,20230810,1
5311,283,20230930,1
2697,340,20230917,1
3864,464,20231124,1
3503,102,20230315,1
2955,386,20230220,1
2910,377,20230131,1
129,421,20230204,1
4389,196,20230718,1
5242,235,20230730,1
2742,226,20231026,1
4232,94,20231123,1
4119,250,20230731,1
4312,21,20230610,1
5335,458,20230102,1
959,93,20230111,1
2404,397,20231207,1
1717,149,20230716,1
2181,60,20230122,1
3605,84,20230409,1
3328,104,20231205,1
2579,4,20230320,1
316,162,20230117,1
5351,79,20230309,1
181,397,20231223,1
3394,121,20231029,1
2713,8,20230710,1
3046,184,20230712,1
2335,380,20230615,1
2403,309,20231123,1
5406,364,20230117,1
1713,16,20230830,1
4407,323,20231006,1
187,351,20231211,1
243,242,20231101,1
2496,336,20230131,1
5858,67,20231115,1
1114,271,20230222,1
5670,423,20230905,1
4760,44,20231229,1
163,283,20230704,1
1745,378,20231123,1
3771,192,20230510,1
1956,242,20231206,1
5620,396,20230426,1
4290,149,20230713,1
453,342,20230217,1
5866,395,20231112,1
3761,169,20230114,1
970,195,20230412,1
851,107,20231208,1
2504,301,20230705,1
4357,155,20230118,1
1637,415,20230726,1
3799,311,20230526,1
4605,29,20231019,1
4162,78,20230811,1
1267,366,20230513,1
2245,135,20230701,1
5150,42,20230501,1
3659,494,20230618,1
5514,309,20230302,1
2537,31,20230211,1
797,339,20230814,1
339,333,20230117,1
5949,486,20230402,1
1480,44,20230321,1
4641,335,20230731,1
1972,256,20230201,1
3824,237,20230704,1
731,116,20230221,1
1546,481,20230501,1
2331,231,20230511,1
1287,119,20230507,1
2718,6,20231111,1
4845,189,20231227,1
5308,268,20230113,1
4514,36,20230416,1
1543,375,20230418,1
4924,479,20230929,1
785,304,20230410,1
5521,487,20230118,1
3400,202,20230214,1
1310,192,20230622,1
5374,376,20230120,1
2189,228,20230114,1
4967,91,20230112,1
3783,409,20231128,1
3059,1,20230603,1
3782,334,20230610,1
653,384,20230202,1
3844,396,20231208,1
3315,84,20230409,1
4052,391,20230703,1
5076,42,20230226,1
463,247,20230603,1
5431,130,20230727,1
1756,305,20230319,1
2462,464,20230619,1
3699,124,20230825,1
3183,121,20230326,1
560,225,20230401,1
4673,382,20230311,1
1447,94,20230813,1
5133,453,20230901,1
356,169,20230302,1
1975,147,20230601,1
876,337,20231011,1
818,55,20230416,1
4197,186,20230920,1
673,339,20230203,1
1990,230,20230715,1
1601,288,20230508,1
3224,177,20230323,1
4566,167,20230420,1
578,307,20231003,1
5914,469,20231001,1
5397,59,20230908,1
3605,147,20230206,1
5668,262,20230403,1
358,107,20230403,1
130,162,20230104,1
5883,263,20231210,1
44,419,20230723,1
79,240,20230701,1
1668,497,20230329,1
5325,409,20230711,1
1541,127,20230723,1
3981,331,20230119,1
3875,390,20230921,1
1074,498,20231026,1
1038,123,20230125,1
4584,103,20230521,1
46,103,20230930,1
2908,164,20230120,1
3396,161,20231122,1
3115,395,20230921,1
4269,319,20230813,1
1493,293,20230122,1
8,222,20230426,1
4757,280,20230101,1
2414,306,20230605,1
1362,107,20230219,1
2108,87,20230319,1
3306,422,20230901,1
2514,263,20230514,1
1802,166,20230720,1
3773,389,20230603,1
3814,3,20230714,1
1378,84,20230116,1
3063,187,20230904,1
3242,157,20230428,1
2488,55,20231024,1
5227,166,20230318,1
2593,195,20230419,1
3439,213,20230411,1
1477,67,20230119,1
2786,361,20230226,1
4072,28,20230418,1
1265,440,20230415,1
1171,100,20230209,1
1260,129,20230503,1
1965,180,20231123,1
40,322,20230708,1
673,446,20231212,1
5292,220,20230611,1
139,6,20230210,1
3793,225,20230911,1
2342,149,20231111,1
3094,64,20231113,1
5915,445,20230420,1
3682,27,20231107,1
421,437,20230201,1
1772,125,20230823,1
1629,424,20230215,1
2958,319,20230723,1
4190,107,20231218,1
3667,306,20231222,1
28,325,20230626,1
3645,40,20230506,1
3854,352,20230505,1
5076,189,20230118,1
4708,285,20231004,1
4765,193,20231112,1
3329,371,20230813,1
4816,99,20230418,1
1315,436,20231115,1
2762,198,20230608,1
5846,232,20230720,1
4128,489,20230907,1
1631,473,20231227,1
1629,327,20231002,1
2016,201,20230913,1
2559,310,20231113,1
3366,241,20231126,1
5611,351,20230423,1
2046,310,20231019,1
2234,334,20230428,1
4966,346,20230115,1
1139,91,20230404,1
1463,321,20230710,1
5401,126,20231020,1
5491,221,20230130,1
5284,422,20230502,1
2919,141,20231104,1
1668,184,20230920,1
4659,367,20230621,1
2078,313,20230808,1
1019,270,20230727,1
2349,393,20231124,1
4826,18,20230713,1
4267,436,20230227,1
1954,281,20230904,1
3419,156,20230310,1
3359,266,20230204,1
132,150,20230315,1
2654,287,20231117,1
3761,380,20230806,1
2474,20,20230608,1
198,266,20231207,1
3440,333,20230219,1
1435,483,20230527,1
18,138,20231206,1
4192,252,20230207,1
1670,222,20230409,1
5239,341,20230404,1
5506,314,20230118,1
702,16,20230129,1
2840,223,20230518,1
5707,319,20231016,1
4172,231,20230724,1
3031,497,20230114,1
3016,464,20231030,1
2563,89,20231221,1
3611,317,20230423,1
4190,43,20230329,1
797,61,20230918,1
3488,144,20231224,1
3737,449,20230425,1
5879,204,20230528,1
1121,355,20230504,1
4624,300,20231115,1
3760,190,20230508,1
2838,19,20230807,1
4865,132,20230627,1
5940,93,20230112,1
2284,470,20230209,1
5346,489,20230207,1
4168,291,20230623,1
834,200,20230809,1
5863,396,20230125,1
1737,206,20230718,1
5648,49,20230804,1
1147,333,20230107,1
4130,461,20230123,1
3344,149,20231009,1
1546,152,20231015,1
5273,354,20230602,1
2768,274,20231201,1
4629,451,20230831,1
2865,98,20230725,1
4469,404,20230911,1
840,186,20230427,1
4465,32,20230315,1
5747,493,20230816,1
3448,289,20230111,1
2633,171,20230504,1
3438,137,20230227,1
2065,31,20230204,1
4450,465,20230521,1
143,45,20230725,1
3760,311,20230310,1
5417,78,20231106,1
1382,448,20231216,1
3215,223,20230815,1
2252,350,20230310,1
4700,332,20230408,1
449,225,20230110,1
4743,382,20230706,1
1008,25,20231105,1
3854,233,20230814,1
1573,418,20230129,1
199,45,20230322,1
5266,172,20230424,1
5271,124,20230701,1
5837,376,20230526,1
4964,51,20231211,1
456,194,20230924,1
2910,71,20230211,1
5434,336,20231124,1
2589,197,20230131,1
2757,163,20231123,1
2432,232,20231105,1
3265,136,20231226,1
977,23,20231205,1
3844,183,20231221,1
2781,270,20230428,1
2963,104,20230701,1
3847,321,20230922,1
3339,294,20230202,1
390,464,20230324,1
3738,424,20231221,1
2480,267,20230317,1
4041,159,20231221,1
5291,341,20231027,1
4700,1,20230515,1
722,75,20230816,1
4982,142,20230917,1
4640,446,20230827,1
4977,391,20230629,1
3809,359,20230807,1
4412,24,20230811,1
2582,332,20230722,1
4842,308,20230121,1
1807,254,20230208,1
4415,65,20231123,1
3607,239,20230510,1
469,229,20230507,1
2053,459,20230731,1
4692,69,20231127,1
5571,185,20230811,1
1509,387,20230425,1
2784,371,20230723,1
3537,113,20230119,1
1043,289,20231025,1
4497,66,20231025,1
2136,475,20230609,1
1218,498,20230205,1
792,116,20230828,1
4250,54,20230418,1
1983,18,20230306,1
3311,439,20230607,1
3861,409,20231004,1
5027,363,20230206,1
3322,315,20230616,1
5350,128,20231122,1
3289,262,20231112,1
2585,181,20230919,1
4557,201,20230418,1
5158,249,20230924,1
2432,41,20230226,1
1786,231,20230305,1
768,102,20230714,1
1796,473,20231102,1
5513,486,20230703,1
4930,395,20230626,1
3183,127,20231025,1
370,115,20231015,1
1728,205,20230806,1
1974,488,20230926,1
5485,382,20231108,1
4364,153,20230702,1
2700,300,20231102,1
1154,493,20230516,1
596,10,20230403,1
5024,287,20231214,1
2152,213,20230114,1
5609,119,20230314,1
2390,435,20231029,1
3678,145,20230104,1
1771,254,20231127,1
1128,439,20230820,1
1571,167,20231002,1
4754,169,20231223,1
420,49,20231208,1
9,410,20230724,1
980,33,20230807,1
5782,150,20230622,1
1464,350,20231001,1
5255,64,20230722,1
552,275,20231014,1
2988,146,20230629,1
2485,353,20231115,1
5370,389,20230324,1
1117,271,20230607,1
4088,459,20230103,1
2266,499,20230117,1
1240,473,20230521,1
2960,149,20231202,1
4174,379,20230822,1
487,147,20230617,1
1835,394,20230410,1
2161,55,20230405,1
3561,492,20230420,1
3411,477,20231116,1
755,251,20230929,1
3623,295,20231002,1
1395,254,20231109,1
2283,204,20230616,1
3060,491,20230808,1
2440,198,20230815,1
3998,420,20230721,1
5464,420,20230514,1
1222,370,20231008,1
4534,331,20230114,1
3763,384,20231009,1
4795,310,20230826,1
4549,159,20230509,1
2910,486,20231010,1
267,298,20230918,1
333,28,20230714,1
434,127,20230707,1
5051,7,20230621,1
262,63,20230913,1
5199,302,20230509,1
1408,394,20230123,1
2904,90,20230811,1
4258,445,20230811,1
4594,402,20230812,1
5930,420,20230307,1
3102,2,20230111,1
4815,203,20230124,1
3497,67,20230427,1
468,483,20231027,1
5891,172,20231213,1
2670,253,20230705,1
2278,14,20230424,1
1276,341,20230809,1
1824,244,20230104,1
1869,289,20230517,1
4457,99,20231018,1
4766,360,20231014,1
5780,65,20231029,1
4640,396,20230225,1
3408,376,20230524,1
5958,177,20230605,1
3702,63,20230620,1
5420,180,20231123,1
2976,254,20230822,1
9,157,20230309,1
2720,52,20230421,1
5878,198,20230124,1
1844,370,20230426,1
2538,101,20230818,1
3547,393,20231027,1
4049,496,20230212,1
3551,497,20231209,1
3337,491,20230724,1
3899,215,20230224,1
4938,326,20230111,1
4903,466,20230529,1
3991,99,20230409,1
3782,148,20230913,1
845,311,20230225,1
3133,268,20230403,1
3868,332,20230108,1
5254,152,20230531,1
349,318,20231117,1
3620,48,20231023,1
3087,161,20230320,1
945,28,20230607,1
2397,465,20230910,1
2730,417,20230601,1
2808,176,20231026,1
3503,435,20230821,1
1243,450,20230409,1
5089,361,20230212,1
266,57,20230212,1
533,65,20230929,1
5238,239,20230424,1
4764,374,20231002,1
4460,462,20230609,1
1629,209,20230501,1
991,443,20230205,1
3020,356,20230319,1
2516,178,20230612,1
214,178,20230813,1
2999,185,20231019,1
1556,140,20230727,1
50,1,20230227,1
2324,87,20230625,1
4073,285,20230831,1
4849,203,20230814,1
5874,389,20231214,1
2538,29,20230528,1
1283,102,20231027,1
4071,402,20230722,1
2640,201,20230302,1
5920,401,20230801,1
5063,420,20231214,1
2671,168,20230322,1
2177,370,20231224,1
582,148,20230630,1
566,422,20230518,1
4818,237,20231012,1
4587,278,20231028,1
1575,88,20230327,1
2461,159,20230930,1
1245,385,20230702,1
3185,380,20230801,1
3875,269,20230522,1
2160,191,20230306,1
5068,281,20230220,1
1748,92,20230516,1
2265,68,20230222,1
2289,345,20231213,1
4901,242,20230911,1
4483,369,20230930,1
5337,275,20230115,1
5258,386,20230803,1
4387,125,20230312,1
683,9,20230603,1
4316,85,20230303,1
4434,398,20231004,1
3790,442,20230531,1
4495,428,20230518,1
3563,308,20231006,1
3413,277,20230403,1
4981,448,20230325,1
5204,21,20230508,1
344,62,20231012,1
3436,247,20230613,1
4887,344,20230523,1
4828,358,20230822,1
2105,162,20230918,1
1579,104,20230101,1
3031,190,20231024,1
2339,10,20230707,1
792,323,20231115,1
4167,421,20230308,1
2961,149,20231123,1
4438,480,20231020,1
5860,360,20230517,1
1597,270,20230406,1
2708,372,20231023,1
5403,142,20230327,1
2507,147,20230615,1
1795,450,20230530,1
4068,231,20230928,1
3609,480,20230104,1
403,341,20230804,1
4350,170,20231221,1
2166,165,20230426,1
4536,36,20231202,1
902,67,20231229,1
4377,206,20230316,1
2266,353,20230821,1
2257,385,20231125,1
654,154,20230925,1
5898,439,20230808,1
2223,23,20230530,1
5760,293,20230716,1
3359,88,20230523,1
471,497,20231229,1
1386,467,20230122,1
5511,50,20230930,1
509,40,20231228,1
2276,271,20230828,1
467,291,20230514,1
3411,390,20231108,1
4996,73,20230306,1
2443,49,20230117,1
1077,364,20230413,1
476,233,20231006,1
5929,153,20231203,1
1304,86,20230823,1
4772,440,20230706,1
3157,375,20230329,1
4005,276,20230709,1
5037,382,20230729,1
5621,479,20231020,1
1945,394,20230510,1
5846,241,20230117,1
5149,195,20231231,1
3582,117,20230503,1
4264,294,20230925,1
327,493,20230504,1
5647,445,20230116,1
5216,196,20231213,1
1978,267,20230527,1
4128,38,20230320,1
4287,489,20230308,1
2011,452,20230810,1
5877,89,20231203,1
3702,329,20230430,1
1218,30,20230131,1
113,343,20230425,1
5228,53,20230602,1
5068,67,20230924,1
5319,381,20230608,1
3375,372,20230628,1
1385,167,20230702,1
1943,312,20230716,1
4003,298,20230822,1
1054,260,20230406,1
189,93,20230103,1
2952,121,20230423,1
4904,94,20230630,1
3370,215,20230219,1
907,397,20230108,1
23,146,20230604,1
5757,150,20230428,1
1271,156,20230928,1
1568,380,20231021,1
1206,466,20231211,1
5082,420,20230414,1
2589,41,20230328,1
2355,175,20230213,1
2143,318,20230418,1
3492,334,20230523,1
1325,106,20230112,1
1667,191,20230701,1
5743,308,20230826,1
4089,129,20230425,1
1385,65,20230611,1
2098,166,20230825,1
538,200,20230501,1
2534,8,20230228,1
5498,398,20231205,1
1074,494,20230111,1
3664,390,20231229,1
4232,311,20231017,1
1320,317,20230603,1
4048,382,20230811,1
4351,155,20230620,1
33,216,20231026,1
2627,128,20230120,1
2347,113,20230831,1
4472,315,20230831,1
1869,409,20230623,1
1063,177,20231202,1
4777,198,20230727,1
3923,382,20230318,1
4480,443,20230219,1
774,283,20230531,1
3415,75,20230830,1
5412,135,20231208,1
5008,91,20231213,1
4303,127,20230519,1
45,357,20230203,1
335,315,20231106,1
4815,370,20230612,1
3593,435,20230605,1
1946,470,20231120,1
3228,362,20230603,1
5082,190,20230801,1
2109,115,20231127,1
3428,68,20231022,1
1441,10,20230519,1
3528,87,20230328,1
5711,23,20230320,1
2485,183,20230703,1
5191,161,20230207,1
3849,210,20230124,1
844,179,20231107,1
1219,192,20230226,1
1546,68,20230818,1
676,286,20230728,1
5639,301,20230619,1
4752,4,20230823,1
5758,349,20230411,1
1111,71,20230923,1
30,333,20231016,1
2579,42,20230606,1
135,359,20230527,1
2383,87,20230615,1
1967,191,20231025,1
661,93,20230920,1
4853,208,20230911,1
3263,14,20230707,1
1746,170,20230718,1
1319,37,20230827,1
4182,458,20230210,1
4990,341,20230830,1
3332,378,20230305,1
3743,186,20231001,1
1275,376,20230802,1
1561,88,20230824,1
3111,204,20230830,1
3514,327,20230805,1
4092,167,20231118,1
1103,88,20231010,1
4445,19,20230318,1
4818,29,20230920,1
897,60,20230425,1
2861,218,20230312,1
4974,113,20230904,1
1233,298,20230916,1
4113,460,20231128,1
5065,121,20231020,1
2233,498,20231218,1
4367,350,20230221,1
4496,187,20230429,1
2377,24,20230328,1
2875,298,20230220,1
3134,269,20230412,1
2924,291,20230911,1
592,364,20231209,1
3860,420,20230303,1
4759,461,20230803,1
4665,195,20230908,1
1747,472,20230416,1
1263,233,20230421,1
360,437,20230814,1
2501,312,20231222,1
5595,29,20231229,1
1229,17,20230119,1
3972,170,20231216,1
706,78,20231120,1
2569,188,20231020,1
5987,354,20230929,1
5993,183,20230322,1
4455,195,20230530,1
5359,176,20230919,1
4916,93,20230909,1
4982,421,20231124,1
465,91,20230417,1
3135,259,20230819,1
2423,288,20231104,1
5456,81,20231114,1
1377,399,20230324,1
3159,457,20231206,1
1655,45,20231001,1
761,453,20230704,1
3853,203,20230108,1
392,273,20230125,1
3639,448,20230610,1
3275,112,20230922,1
5273,439,20230105,1
2625,336,20230918,1
5771,280,20230817,1
448,359,20230125,1
4727,494,20230203,1
4731,307,20230112,1
1680,462,20230120,1
4940,351,20230307,1
2653,490,20230914,1
4842,292,20230713,1
4975,298,20230326,1
2248,20,20230929,1
3176,289,20231213,1
5291,237,20230604,1
3137,445,20230524,1
4196,168,20230716,1
5584,86,20230425,1
1045,2,20230531,1
5463,99,20230607,1
5981,370,20231126,1
2328,382,20230223,1
96,173,20230720,1
5156,290,20230712,1
1994,138,20230903,1
941,75,20230825,1
3357,300,20230618,1
706,159,20231225,1
181,375,20230923,1
5355,426,20231113,1
5236,256,20230126,1
456,62,20231219,1
3883,88,20230925,1
1917,327,20230824,1
937,473,20230708,1
3658,386,20230605,1
2769,279,20230519,1
4622,271,20230223,1
1711,188,20230604,1
2985,321,20230624,1
4843,448,20230211,1
642,477,20231103,1
4333,266,20230716,1
3569,373,20230121,1
231,167,20230801,1
5238,440,20230913,1
882,437,20230107,1
4708,63,20230222,1
5739,68,20231220,1
4502,296,20230807,1
2233,387,20230726,1
672,432,20230815,1
2893,14,20231024,1
55,171,20231109,1
1046,216,20230210,1
5843,274,20230912,1
1217,226,20230224,1
429,85,20231029,1
5750,233,20231215,1
2241,16,20230405,1
315,36,20230528,1
1525,45,20230103,1
2417,456,20231203,1
1611,484,20230917,1
2492,240,20230114,1
761,292,20230913,1
999,366,20230513,1
4273,407,20230723,1
2872,295,20230907,1
4883,362,20231115,1
2520,290,20230525,1
993,224,20230226,1
4090,299,20230330,1
4888,271,20230906,1
1134,414,20230424,1
5068,39,20231209,1
4945,395,20230429,1
3877,304,20231007,1
308,471,20231022,1
5825,435,20230330,1
5651,355,20230714,1
4276,80,20230326,1
2989,494,20231121,1
167,3,20230826,1
5904,79,20231203,1
2125,70,20230419,1
3221,189,20231219,1
3474,155,20230406,1
4281,487,20231012,1
1485,185,20231014,1
900,53,20230720,1
5980,157,20231027,1
3113,315,20230206,1
3982,238,20230512,1
1294,405,20230309,1
5678,474,20230323,1
439,257,20230819,1
918,449,20230115,1
2913,412,20231229,1
1205,13,20230922,1
4178,196,20230819,1
3594,105,20230601,1
2305,497,20231229,1
2500,123,20230425,1
538,189,20230103,1
371,182,20230911,1
2098,391,20230220,1
3058,362,20230928,1
3103,280,20230113,1
3113,469,20230309,1
1134,334,20230510,1
4687,105,20231017,1
5255,154,20231202,1
4960,188,20231204,1
3911,336,20230214,1
1587,149,20230421,1
3383,478,20230212,1
4121,250,20230328,1
403,191,20231214,1
3952,232,20230730,1
3216,147,20230601,1
325,411,20230923,1
1215,173,20230313,1
4908,356,20230419,1
3785,180,20230907,1
1968,65,20230204,1
3892,165,20230208,1
5265,479,20230119,1
2656,107,20231231,1
4577,37,20230601,1
5743,133,20231119,1
1286,352,20230220,1
2513,248,20230111,1
3198,277,20231120,1
5780,326,20230222,1
3190,56,20231128,1
2671,205,20231020,1
335,380,20230131,1
1138,43,20230630,1
4546,25,20230917,1
5609,479,20231231,1
5672,282,20230907,1
4580,394,20230619,1
3620,432,20230907,1
283,468,20231106,1
3923,347,20230311,1
4815,322,20231006,1
1257,289,20230424,1
5131,285,20231001,1
25,331,20231018,1
3389,403,20230306,1
604,453,20230324,1
1877,97,20230602,1
5727,138,20230414,1
3168,330,20230421,1
566,416,20231122,1
4354,472,20230511,1
2009,277,20231031,1
2421,204,20230913,1
5271,198,20230826,1
1717,262,20230923,1
3062,228,20230209,1
5141,442,20230616,1
5652,465,20230605,1
3035,420,20230926,1
1925,280,20230315,1
2084,21,20231030,1
4337,221,20230523,1
32,223,20231110,1
2327,463,20230924,1
1752,104,20231123,1
4547,10,20230720,1
2494,312,20230207,1
5388,47,20231227,1
2348,499,20230901,1
1802,253,20231118,1
5442,189,20230227,1
3703,415,20231013,1
2279,358,20230731,1
781,236,20230411,1
2,16,20230701,1
2602,422,20230613,1
527,499,20230824,1
548,304,20230607,1
779,133,20231118,1
4843,492,20231222,1
3209,314,20230908,1
182,30,20230320,1
1195,445,20230928,1
233,147,20230803,1
5030,281,20231228,1
1835,251,20231126,1
4966,299,20230307,1
5607,259,20230416,1
3856,11,20230915,1
3563,278,20230505,1
4969,139,20230201,1
5743,45,20230405,1
4730,450,20231128,1
3931,262,20231209,1
1743,435,20230730,1
551,234,20230327,1
809,380,20230314,1
2898,148,20230325,1
349,329,20230910,1
3983,274,20230721,1
4631,49,20230303,1
241,417,20231115,1
4466,369,20230427,1
2768,246,20231019,1
5106,85,20230428,1
3708,78,20231130,1
5318,105,20230910,1
3356,124,20231120,1
1254,426,20230806,1
1882,214,20230526,1
221,105,20230514,1
1895,179,20231021,1
3709,496,20231002,1
2657,470,20230516,1
3284,75,20230803,1
1408,167,20231225,1
3908,305,20230910,1
3403,74,20230103,1
2201,428,20231208,1
2479,165,20230918,1
4556,483,20230927,1
5797,50,20230203,1
3233,453,20230822,1
102,489,20231025,1
5349,439,20231025,1
5069,209,20231124,1
221,241,20230407,1
897,386,20231002,1
2615,347,20230508,1
3908,136,20230909,1
4441,372,20231009,1
2759,236,20230122,1
4259,456,20230627,1
585,199,20230806,1
4774,311,20230906,1
683,491,20230119,1
3311,343,20230809,1
70,308,20230915,1
733,378,20230623,1
2368,347,20230704,1
2920,251,20230911,1
1363,380,20230904,1
1712,282,20231007,1
1537,105,20231104,1
5843,321,20230730,1
1837,480,20230102,1
5909,309,20230824,1
943,48,20230110,1
4278,24,20230419,1
1670,440,20230512,1
829,181,20230219,1
2931,135,20231212,1
413,373,20230428,1
1614,398,20230514,1
4280,352,20230109,1
327,194,20230627,1
5702,190,20230728,1
4249,418,20230715,1
3874,17,20230629,1
3720,238,20231115,1
1400,471,20231102,1
2927,161,20230309,1
4584,143,20231015,1
4911,98,20230717,1
1579,407,20230520,1
4242,242,20230328,1
1175,481,20230726,1
636,375,20230515,1
3844,351,20230906,1
1151,187,20230603,1
3041,306,20231024,1
1315,313,20230815,1
4900,446,20230331,1
5489,442,20231002,1
5608,129,20230625,1
3942,482,20230603,1
916,430,20231008,1
68,62,20231221,1
149,1,20230908,1
4396,394,20230926,1
3926,98,20230218,1
1588,365,20230912,1
1095,11,20231121,1
1382,378,20230725,1
4421,126,20230415,1
5394,500,20230611,1
172,220,20230418,1
259,6,20230626,1
4185,271,20230412,1
4673,233,20231224,1
4034,438,20230209,1
2963,184,20230930,1
5614,322,20230608,1
4607,172,20230509,1
182,139,20230820,1
4181,397,20231223,1
4182,496,20230128,1
5901,242,20230108,1
5391,269,20230511,1
2746,432,20230608,1
5274,153,20230308,1
1811,419,20231120,1
2024,316,20231129,1
4666,222,20230126,1
1778,201,20230716,1
5498,181,20230918,1
652,471,20231210,1
2116,383,20231219,1
5850,80,20230706,1
2024,269,20231113,1
16,89,20230130,1
4365,297,20230301,1
1959,411,20231204,1
1978,142,20230728,1
8,175,20230919,1
1618,478,20231009,1
3572,317,20230118,1
5123,280,20230429,1
4275,293,20230707,1
3212,60,20230120,1
4716,388,20230209,1
2872,245,20230430,1
3037,55,20230925,1
3540,213,20230719,1
554,20,20230410,1
1813,411,20230606,1
5326,250,20231205,1
5641,274,20230427,1
159,433,20231123,1
3742,465,20231112,1
185,243,20231016,1
5158,345,20230323,1
3966,270,20231122,1
4087,472,20230220,1
5921,490,20231017,1
4540,154,20231114,1
3874,420,20230916,1
268,415,20231101,1
1872,452,20230630,1
511,282,20230201,1
3544,268,20230506,1
4280,48,20231031,1
2588,181,20230714,1
920,403,20230604,1
5636,335,20230718,1
3887,312,20230202,1
5246,20,20230213,1
4038,280,20230717,1
5960,225,20230722,1
2275,138,20230517,1
5273,474,20230605,1
2647,24,20230720,1
3915,227,20230306,1
338,471,20230103,1
1323,365,20230529,1
4940,23,20231214,1
1560,219,20230128,1
2475,164,20230822,1
281,14,20230621,1
1953,435,20230315,1
2717,7,20231221,1
1257,470,20230115,1
2716,432,20230115,1
5796,225,20230618,1
3735,274,20231118,1
5203,26,20230815,1
3634,387,20230525,1
3427,425,20230906,1
38,60,20231220,1
2695,242,20230708,1
5691,408,20230719,1
1341,214,20230224,1
499,487,20230718,1
1141,72,20231129,1
5707,42,20230308,1
1197,347,20230324,1
772,47,20230930,1
1388,197,20230830,1
589,303,20230407,1
671,466,20230918,1
1966,396,20230419,1
4527,63,20230111,1
4062,269,20230426,1
4143,359,20230609,1
4233,34,20230130,1
670,174,20230720,1
5660,339,20230221,1
3467,385,20230706,1
4328,383,20230926,1
2462,307,20230904,1
5107,323,20230222,1
2698,396,20230217,1
1847,139,20230711,1
806,440,20230512,1
3945,114,20230629,1
3693,63,20231227,1
4405,199,20230526,1
2976,35,20230815,1
3818,226,20231020,1
4521,77,20231108,1
5960,329,20230428,1
4650,239,20230316,1
3160,170,20230610,1
2484,333,20231204,1
2964,108,20230504,1
1560,163,20230710,1
1870,302,20230915,1
1239,429,20230225,1
2970,150,20230913,1
4639,70,20230219,1
3203,368,20231102,1
5677,278,20230104,1
4516,201,20230804,1
4254,454,20231117,1
2723,201,20230525,1
1732,486,20231204,1
4613,427,20230129,1
2707,66,20230404,1
1912,332,20230524,1
1684,422,20230808,1
1419,23,20230613,1
679,124,20230114,1
2741,302,20230310,1
4703,61,20230521,1
1811,493,20230707,1
1068,276,20230221,1
4822,500,20230623,1
2095,77,20230326,1
4093,477,20231206,1
2633,478,20231025,1
3392,60,20230222,1
261,342,20230927,1
952,375,20231013,1
386,275,20230219,1
3030,276,20231008,1
4089,442,20230911,1
5202,262,20230411,1
5991,412,20230808,1
3856,110,20231018,1
4928,247,20230727,1
4783,176,20230405,1
1457,466,20230321,1
62,260,20230705,1
2414,205,20230131,1
5016,247,20230820,1
1130,399,20230122,1
3144,439,20230314,1
1839,390,20230101,1
5143,406,20230523,1
334,41,20230412,1
5361,56,20231204,1
321,98,20230118,1
5478,495,20230517,1
4440,155,20231206,1
2931,213,20230930,1
295,362,20230211,1
1798,15,20231205,1
4797,192,20230925,1
5387,341,20230226,1
4029,458,20230607,1
565,85,20230131,1
2065,313,20230605,1
242,330,20230313,1
4220,165,20230116,1
660,462,20230604,1
1964,203,20230809,1
4102,74,20230714,1
1383,314,20230707,1
2203,294,20231210,1
5073,132,20230615,1
5472,308,20230917,1
5467,279,20230904,1
3664,312,20231003,1
4048,291,20230812,1
1420,392,20230403,1
1370,217,20230620,1
1200,257,20230829,1
2478,426,20230626,1
5142,56,20230213,1
4196,481,20230523,1
4115,414,20230404,1
3938,31,20230817,1
3160,391,20230624,1
4153,353,20230216,1
3636,92,20230103,1
3101,88,20230622,1
1314,162,20230612,1
716,399,20230608,1
2507,450,20230307,1
5096,433,20230501,1
5150,450,20231124,1
5460,221,20230615,1
2693,375,20230527,1
2262,452,20230608,1
4481,252,20230120,1
4805,455,20230902,1
2647,217,20230210,1
1178,426,20231025,1
4469,377,20231123,1
3520,124,20230405,1
3373,270,20230415,1
3555,428,20230825,1
228,79,20230414,1
3947,84,20230310,1
3323,454,20230630,1
4988,399,20230625,1
2079,149,20230520,1
4609,243,20230403,1
5605,234,20230929,1
1423,219,20230803,1
5336,257,20231209,1
5032,217,20230715,1
2899,241,20230729,1
4763,172,20230203,1
259,239,20230308,1
5853,374,20230611,1
5729,104,20231202,1
3377,266,20230928,1
2808,246,20230321,1
4631,318,20231205,1
3590,280,20230430,1
872,42,20230119,1
2991,225,20231204,1
434,98,20230210,1
849,288,20230117,1
3149,260,20230304,1
4589,237,20230418,1
5748,244,20230529,1
3274,485,20230203,1
5161,345,20230314,1
2917,321,20230919,1
5443,344,20230105,1
1659,403,20231210,1
40,128,20230523,1
2547,136,20230521,1
5529,119,20230603,1
2870,173,20230214,1
246,198,20230618,1
5876,113,20230921,1
4141,92,20230701,1
1379,290,20230122,1
5060,238,20230607,1
1922,129,20230718,1
1807,155,20230626,1
2501,65,20230715,1
2208,121,20230425,1
4006,54,20230330,1
5311,337,20230520,1
5485,232,20231009,1
2146,332,20230807,1
3969,201,20231130,1
5206,267,20230627,1
1483,170,20230210,1
3003,449,20230620,1
2262,66,20230211,1
606,154,20230710,1
4780,164,20230914,1
3456,45,20230808,1
4117,107,20230216,1
2583,350,20230916,1
5653,276,20230409,1
4764,462,20231104,1
5142,427,20231229,1
5136,35,20230822,1
2336,206,20230801,1
483,148,20230516,1
4695,290,20230514,1
2223,246,20230321,1
3586,123,20230704,1
4187,32,20230927,1
2571,94,20231019,1
4456,73,20230530,1
4023,352,20230421,1
3375,496,20230815,1
4082,189,20230224,1
1996,101,20230325,1
5098,77,20230318,1
5941,22,20230718,1
2912,351,20230522,1
5333,333,20230224,1
5962,4,20231021,1
2503,436,20230702,1
3250,139,20230225,1
214,150,20231224,1
3259,403,20230116,1
5796,246,20231226,1
1340,436,20230802,1
3834,441,20230505,1
610,9,20231017,1
2778,351,20230714,1
4218,146,20231010,1
1080,3,20230929,1
4046,478,20230213,1
4404,392,20230522,1
1794,181,20230126,1
535,46,20231225,1
1898,458,20230115,1
1247,324,20231214,1
3272,418,20231118,1
1737,246,20231031,1
353,239,20230309,1
4812,209,20230914,1
2356,97,20231202,1
3263,167,20231013,1
798,338,20231110,1
2671,249,20230708,1
2400,92,20230814,1
1995,330,20231209,1
2268,381,20230131,1
321,58,20230520,1
2413,56,20231123,1
3210,118,20230328,1
18,455,20230528,1
5273,346,20230319,1
2971,254,20230514,1
1835,449,20230825,1
3684,372,20230909,1
4754,248,20230702,1
1850,170,20230421,1
3556,439,20230119,1
4988,32,20230324,1
471,352,20231024,1
1679,39,20231231,1
3855,115,20230615,1
4067,209,20231213,1
3905,153,20231201,1
3111,299,20231028,1
2391,115,20231126,1
2206,430,20230102,1
2855,253,20230831,1
3968,473,20231107,1
1719,475,20230310,1
643,156,20230128,1
4734,339,20230527,1
4993,31,20230428,1
2454,163,20230606,1
764,431,20230522,1
1030,23,20230801,1
1125,307,20230331,1
1165,133,20230808,1
1330,30,20230716,1
4481,493,20230610,1
4574,123,20230726,1
3846,196,20230615,1
4007,317,20230729,1
4553,5,20230704,1
302,170,20230117,1
3751,144,20230214,1
4401,129,20230826,1
961,160,20230718,1
3643,164,20230328,1
2465,95,20230610,1
2640,145,20230608,1
3965,399,20230823,1
1105,16,20231124,1
2100,324,20230429,1
1294,491,20230808,1
4223,428,20231124,1
485,294,20231013,1
4165,335,20230308,1
5989,17,20231130,1
2510,400,20230429,1
1203,492,20231216,1
1293,273,20231209,1
432,22,20230101,1
4302,443,20231221,1
4985,255,20230917,1
5763,484,20231105,1
380,474,20230926,1
534,208,20230403,1
122,491,20230819,1
5672,443,20230326,1
5191,112,20230621,1
2479,143,20231212,1
3447,321,20230114,1
1774,338,20231028,1
3842,414,20231123,1
360,321,20230801,1
614,220,20230623,1
1434,438,20231010,1
1299,3,20231020,1
2103,409,20230225,1
4623,242,20230727,1
2930,401,20230825,1
1114,40,20230118,1
1226,250,20230925,1
4623,56,20230715,1
4995,34,20231015,1
5715,127,20230327,1
4260,311,20230429,1
2428,231,20230818,1
5527,49,20231206,1
3214,415,20230327,1
4186,273,20230725,1
554,485,20230502,1
2227,120,20230528,1
697,425,20230216,1
1802,475,20230208,1
319,132,20231108,1
3604,33,20230901,1
4925,299,20230109,1
3291,224,20230705,1
1544,424,20231212,1
3974,93,20230615,1
1561,177,20230717,1
4701,135,20230116,1
4758,147,20231207,1
3188,334,20230529,1
4362,202,20230501,1
2029,497,20230418,1
2872,153,20230601,1
3818,353,20230127,1
4020,285,20230430,1
2810,47,20230126,1
5552,385,20230720,1
2499,316,20230913,1
3336,112,20231105,1
555,489,20230105,1
5896,472,20231218,1
2503,360,20230421,1
4590,76,20230215,1
2719,153,20230216,1
533,230,20230916,1
3619,465,20230302,1
1050,428,20231001,1
2906,94,20230412,1
5137,214,20231223,1
3482,96,20230413,1
1090,237,20230222,1
3464,255,20230228,1
664,28,20230319,1
2262,3,20230316,1
4138,310,20231125,1
4667,97,20230506,1
2789,153,20230419,1
2250,327,20230331,1
437,205,20231022,1
2951,249,20231203,1
2291,317,20230824,1
5809,245,20230505,1
451,480,20230929,1
5631,301,20230615,1
3489,388,20231116,1
636,167,20230918,1
5618,131,20231228,1
4789,27,20230302,1
663,141,20231025,1
4973,89,20231106,1
2655,319,20230323,1
3772,338,20231111,1
5682,154,20231031,1
1894,255,20230910,1
2873,210,20230517,1
3168,340,20231028,1
1733,176,20230317,1
913,105,20230506,1
1248,177,20231130,1
2185,346,20230222,1
3645,66,20230519,1
3027,145,20230913,1
2099,84,20231007,1
5868,329,20230613,1
2772,435,20230122,1
2646,270,20231201,1
5456,55,20230606,1
453,412,20230602,1
2933,264,20230926,1
2984,303,20230815,1
691,348,20230707,1
1438,310,20231229,1
3199,340,20230427,1
2709,368,20230827,1
1077,449,20231201,1
2434,166,20230928,1
2954,420,20231213,1
1544,79,20231207,1
4679,235,20230211,1
5604,124,20230914,1
1367,373,20230410,1
5013,121,20231011,1
2979,338,20231221,1
3060,109,20230511,1
239,93,20230824,1
4760,222,20230120,1
2234,303,20230705,1
3744,36,20230630,1
4184,318,20230421,1
1118,415,20231113,1
2402,471,20230807,1
663,348,20231128,1
2666,67,20230616,1
1944,477,20230313,1
4438,406,20230705,1
2957,75,20231220,1
4605,108,20230207,1
2874,222,20230807,1
1,162,20230425,1
4708,290,20230325,1
1936,142,20231209,1
620,324,20230603,1
2272,222,20231125,1
5640,165,20230407,1
5521,91,20230729,1
4815,228,20230324,1
4191,184,20230520,1
3320,333,20230503,1
4186,305,20230917,1
4578,121,20231024,1
161,168,20230518,1
4497,116,20230120,1
1693,57,20230825,1
4594,351,20230223,1
1121,67,20231020,1
1432,262,20230218,1
5034,101,20230920,1
2229,21,20230621,1
529,271,20230910,1
5933,402,20231226,1
3193,380,20231122,1
834,82,20230930,1
2861,283,20230320,1
2055,317,20230603,1
1554,470,20231204,1
507,348,20230807,1
1803,255,20231014,1
4461,342,20231116,1
4955,252,20230719,1
3620,121,20230905,1
3361,422,20230101,1
1179,170,20230823,1
1750,3,20230312,1
776,292,20230220,1
1766,121,20230208,1
3221,100,20230304,1
1232,465,20230107,1
458,75,20230331,1
577,230,20230101,1
250,129,20230526,1
1762,322,20230608,1
4967,404,20230710,1
1899,168,20230901,1
533,396,20230102,1
2070,207,20230220,1
5181,491,20230913,1
3010,114,20230826,1
966,152,20230912,1
847,496,20231114,1
2774,29,20231121,1
2046,15,20231001,1
541,344,20230222,1
4999,133,20230707,1
1306,378,20230821,1
993,79,20230804,1
2863,360,20230823,1
5042,167,20230201,1
817,421,20230517,1
5265,348,20230311,1
5321,330,20230312,1
3345,210,20230213,1
147,158,20230417,1
1795,492,20230121,1
4739,449,20230423,1
2425,397,20230917,1
33,494,20230616,1
3618,381,20230125,1
1488,81,20230325,1
2096,60,20230402,1
4291,272,20230506,1
429,323,20230730,1
3758,356,20230421,1
4519,328,20230102,1
4630,119,20230908,1
2927,199,20230915,1
363,122,20230917,1
5985,121,20231022,1
1623,43,20230110,1
1397,448,20230505,1
5224,355,20230425,1
1476,187,20231202,1
4025,5,20230901,1
1604,496,20230416,1
3902,128,20230828,1
1672,348,20231129,1
9,133,20230706,1
975,422,20230503,1
1544,292,20230906,1
4496,259,20230114,1
1058,193,20230807,1
3417,216,20230402,1
3059,481,20230810,1
4571,471,20231130,1
5517,159,20230217,1
5503,23,20230806,1
605,109,20230512,1
1159,136,20230907,1
1914,456,20231114,1
179,105,20230727,1
4474,421,20231215,1
3108,484,20230526,1
2377,262,20230503,1
2414,423,20230819,1
1113,483,20230329,1
4330,161,20231124,1
5057,119,20230716,1
2355,284,20230313,1
5595,147,20230112,1
3331,386,20230121,1
5224,94,20230618,1
1140,176,20231229,1
3280,32,20230517,1
3827,451,20231003,1
1204,396,20230802,1
3568,328,20230928,1
1863,291,20231112,1
1137,56,20231015,1
4643,17,20230508,1
3174,478,20230711,1
1954,264,20231029,1
3953,449,20230204,1
4876,88,20230121,1
1218,46,20231014,1
1246,352,20231109,1
2194,373,20231112,1
3772,377,20230602,1
4796,192,20231220,1
520,433,20231006,1
2810,304,20230617,1
4692,190,20230803,1
1708,83,20230716,1
4055,193,20230729,1
2006,252,20230112,1
1959,469,20231125,1
5569,489,20230722,1
636,275,20230909,1
3426,225,20230228,1
4721,449,20231121,1
269,120,20230430,1
5643,107,20230405,1
1195,357,20230204,1
5804,27,20231106,1
4828,203,20231012,1
828,399,20231229,1
1552,164,20230605,1
3948,480,20231226,1
5358,82,20231215,1
2021,363,20230730,1
3311,244,20230609,1
2653,403,20231026,1
5203,382,20231005,1
1731,497,20231107,1
4264,89,20231212,1
1804,378,20230805,1
4910,58,20230416,1
365,48,20230815,1
2234,172,20230817,1
1224,82,20230630,1
402,476,20230124,1
4224,389,20231121,1
43,167,20231204,1
5648,402,20230826,1
1517,201,20230407,1
3544,192,20230725,1
2953,146,20230827,1
2350,96,20231113,1
1389,36,20230102,1
961,60,20230517,1
801,457,20230312,1
3749,471,20231211,1
1589,260,20231215,1
5736,157,20230425,1
1677,22,20230710,1
5263,119,20230809,1
4843,212,20230825,1
2395,331,20230606,1
2364,189,20230908,1
4924,446,20230620,1
3761,309,20230916,1
4296,94,20231222,1
4018,232,20231027,1
410,434,20230416,1
5123,246,20230709,1
1347,71,20230521,1
1780,154,20230116,1
856,122,20230419,1
971,490,20230921,1
5380,328,20231226,1
1108,169,20230602,1
5667,470,20230618,1
5570,303,20231125,1
3984,11,20231001,1
4528,411,20231015,1
3389,221,20230101,1
4134,5,20231227,1
4527,170,20231210,1
5624,391,20231201,1
4731,224,20231113,1
5798,230,20230202,1
4415,156,20230615,1
5644,253,20231230,1
1627,86,20230113,1
1252,132,20230621,1
5720,464,20230611,1
2598,388,20230831,1
4124,155,20230816,1
355,116,20230708,1
5421,489,20230319,1
4713,7,20230228,1
934,333,20230113,1
3271,50,20230128,1
690,293,20231030,1
2530,234,20230107,1
1259,322,20230725,1
5981,199,20230328,1
3483,4,20231124,1
5752,189,20231102,1
2245,21,20230216,1
1294,275,20230107,1
31,362,20230515,1
4706,258,20230125,1
5128,220,20230527,1
4684,205,20231026,1
3654,103,20230625,1
4100,181,20231020,1
2213,120,20231119,1
1959,211,20230910,1
172,422,20230419,1
4680,241,20230211,1
5740,74,20230512,1
17,187,20231225,1
5375,51,20230713,1
3232,141,20230621,1
5964,152,20231219,1
5671,25,20231031,1
1784,100,20230619,1
1819,352,20230806,1
1774,334,20230510,1
1712,97,20230305,1
1915,205,20230908,1
2578,313,20230330,1
3761,101,20230809,1
5415,428,20230410,1
5071,441,20230506,1
30,487,20230113,1
1765,499,20230316,1
3545,407,20230721,1
5199,202,20231219,1
5634,483,20231102,1
5309,398,20230812,1
2173,156,20230929,1
570,3,20230615,1
1118,214,20231219,1
2245,157,20231217,1
3154,102,20230830,1
840,351,20230528,1
244,311,20230830,1
320,189,20230220,1
143,468,20230103,1
4448,417,20230531,1
1874,423,20230420,1
1747,342,20230313,1
2549,278,20231126,1
4807,442,20230412,1
856,225,20230908,1
2208,138,20230730,1
2938,470,20230102,1
3400,376,20230806,1
113,500,20231011,1
882,319,20230804,1
5468,494,20231009,1
1280,317,20230317,1
5823,257,20230407,1
846,169,20231130,1
4595,360,20230708,1
276,356,20230920,1
1887,39,20230919,1
3036,112,20230110,1
2510,129,20230514,1
1828,103,20231115,1
2222,422,20231205,1
4782,352,20231123,1
3364,29,20230122,1
2062,272,20230214,1
2267,79,20230501,1
4788,366,20230412,1
1060,374,20231206,1
1930,119,20230416,1
521,49,20230727,1
2587,115,20230508,1
226,306,20230225,1
3572,135,20230113,1
5211,388,20230716,1
1385,289,20230705,1
4989,465,20231208,1
3492,60,20230225,1
2927,278,20230629,1
5994,238,20230830,1
220,58,20230507,1
5718,268,20230927,1
1925,452,20230225,1
4640,481,20230312,1
5940,193,20230930,1
841,106,20230211,1
1953,332,20230910,1
3934,214,20230531,1
1614,409,20231204,1
472,59,20231019,1
1114,483,20230906,1
875,297,20230210,1
5294,401,20230210,1
5934,393,20230711,1
3795,35,20231203,1
365,367,20231208,1
3298,328,20230903,1
2880,462,20230111,1
5276,30,20231202,1
3801,60,20230824,1
2669,239,20230531,1
3938,108,20230308,1
4730,260,20230314,1
454,483,20230508,1
2553,465,20230128,1
4895,242,20230222,1
4496,174,20230317,1
5684,91,20230413,1
4387,475,20230723,1
4044,322,20230517,1
4457,175,20231111,1
4948,30,20231027,1
3589,343,20230821,1
4729,488,20230901,1
1416,400,20230824,1
4907,187,20230718,1
3979,369,20230611,1
1149,200,20230719,1
3146,1,20231001,1
2560,437,20230915,1
225,115,20230516,1
3812,160,20231207,1
3366,23,20230914,1
5730,337,20230131,1
2994,411,20230729,1
3760,194,20230502,1
2311,419,20231204,1
4189,69,20231215,1
1768,182,20230618,1
3519,383,20230905,1
1227,198,20231001,1
5272,467,20231129,1
357,371,20230325,1
1910,131,20230618,1
3220,355,20230712,1
5271,309,20230610,1
4162,295,20230709,1
5220,393,20230818,1
633,244,20231003,1
5414,328,20230328,1
4033,463,20230317,1
2352,90,20231015,1
3753,192,20231127,1
3945,123,20230811,1
5619,44,20230726,1
2983,285,20231126,1
4779,298,20230128,1
1414,169,20230227,1
1210,385,20230628,1
5653,106,20231124,1
5907,420,20230401,1
2206,228,20231105,1
5735,6,20231114,1
3951,482,20230725,1
3743,496,20231020,1
2704,229,20230115,1
979,284,20230213,1
633,124,20230313,1
3475,302,20230830,1
5354,106,20230530,1
3604,270,20230119,1
2727,410,20230717,1
5088,56,20230909,1
82,113,20230407,1
451,312,20231214,1
5052,43,20230503,1
5162,350,20230123,1
5256,406,20230521,1
1342,215,20230325,1
927,388,20230630,1
4973,191,20230131,1
2995,83,20231126,1
1813,183,20230603,1
4854,345,20231124,1
2615,403,20230809,1
3699,137,20231114,1
5168,482,20230908,1
4059,137,20231026,1
5836,352,20230621,1
2156,258,20230410,1
865,186,20231029,1
515,473,20230908,1
949,150,20230718,1
5478,57,20230629,1
2976,338,20231123,1
4594,200,20231119,1
3629,400,20230208,1
2808,64,20230125,1
3694,480,20230326,1
64,381,20230704,1
3056,109,20231117,1
2042,223,20230227,1
376,347,20230129,1
4335,219,20230101,1
4128,51,20231019,1
414,142,20230621,1
3585,440,20230504,1
4019,96,20230617,1
4441,190,20230415,1
3006,191,20230203,1
2742,149,20230221,1
2859,247,20230809,1
475,132,20230524,1
1961,255,20230619,1
1772,275,20230710,1
4696,111,20231023,1
875,408,20230501,1
3128,101,20230828,1
3870,62,20230325,1
2225,278,20230801,1
3488,284,20230403,1
1281,6,20230902,1
1869,67,20230319,1
3247,412,20230110,1
4796,110,20231228,1
5433,152,20230926,1
1621,286,20230429,1
5087,142,20230919,1
5585,429,20230717,1
1425,425,20230130,1
1303,134,20230813,1
3338,114,20230831,1
1892,61,20230520,1
807,149,20230413,1
494,73,20230915,1
3842,345,20231114,1
1057,408,20230527,1
5057,486,20230505,1
828,205,20230427,1
2717,46,20230708,1
4723,218,20230404,1
4904,228,20230508,1
3284,54,20230328,1
1190,485,20230327,1
1643,422,20231113,1
5595,89,20231112,1
318,322,20231031,1
716,429,20230522,1
3869,465,20231101,1
3986,377,20231122,1
1331,173,20230615,1
2530,395,20231206,1
4740,44,20231217,1
5154,23,20230702,1
1515,362,20230204,1
315,121,20230604,1
2264,392,20231209,1
2480,237,20230131,1
4995,114,20231218,1
2943,124,20231019,1
5858,220,20230228,1
3635,362,20231009,1
837,138,20231227,1
4561,47,20230205,1
1549,99,20230927,1
2141,213,20230626,1
4797,72,20230523,1
2620,333,20231017,1
4591,477,20230108,1
5934,216,20230105,1
2515,293,20230920,1
4545,92,20231119,1
1147,198,20230817,1
98,428,20230512,1
3505,409,20231208,1
312,54,20231214,1
1572,161,20230706,1
1796,191,20231229,1
4871,64,20231021,1
1579,113,20230121,1
4867,452,20231004,1
721,376,20231231,1
4321,272,20230420,1
3305,61,20231114,1
3404,31,20230322,1
5374,223,20230129,1
5220,288,20230107,1
2762,391,20231115,1
3673,379,20230510,1
4078,63,20231208,1
1134,165,20231114,1
5539,223,20230911,1
3714,491,20230731,1
3647,135,20230423,1
2047,432,20231211,1
4650,171,20231229,1
3957,168,20230527,1
1102,448,20230210,1
2158,67,20231007,1
2369,338,20230108,1
5632,297,20230924,1
1554,285,20231018,1
917,307,20230906,1
1252,288,20230315,1
2172,227,20230903,1
2774,457,20230630,1
407,54,20231016,1
5192,39,20230303,1
183,481,20230501,1
1556,273,20230926,1
320,235,20230504,1
2935,466,20231128,1
653,472,20231201,1
3617,125,20230215,1
2928,275,20230104,1
2069,364,20230223,1
4080,443,20230808,1
5280,463,20231125,1
1713,163,20230506,1
144,1,20230320,1
5238,402,20231022,1
5407,461,20231231,1
1308,403,20230302,1
3400,279,20230413,1
2035,156,20230824,1
5598,195,20231029,1
1258,271,20231102,1
1353,339,20230109,1
3725,176,20230221,1
2856,255,20230927,1
5971,499,20230727,1
366,127,20231231,1
3465,426,20230721,1
2264,118,20230430,1
2909,366,20230316,1
2727,101,20230104,1
5259,265,20230522,1
3681,43,20230821,1
1098,353,20230202,1
2305,477,20231210,1
366,131,20231101,1
1420,368,20230509,1
3150,193,20231230,1
5861,349,20230519,1
998,103,20230621,1
660,310,20230911,1
4055,88,20230329,1
4876,361,20230515,1
192,14,20230110,1
5184,36,20231002,1
2485,426,20230309,1
4423,237,20230518,1
2170,410,20230727,1
2189,418,20230702,1
4972,244,20230822,1
2943,233,20230506,1
3976,428,20230731,1
1281,294,20231223,1
5437,57,20230513,1
4972,324,20230506,1
892,128,20230109,1
3247,237,20230425,1
2366,53,20230726,1
5450,112,20230309,1
3257,364,20231004,1
5541,123,20230905,1
1532,164,20230807,1
1088,500,20231026,1
4211,173,20231008,1
5254,218,20231009,1
4238,340,20230907,1
3499,399,20230118,1
5552,471,20230828,1
1636,203,20230226,1
4350,472,20230531,1
5200,273,20231115,1
5091,467,20230930,1
819,280,20231108,1
962,401,20230730,1
2225,169,20230418,1
5457,389,20230315,1
5602,378,20231020,1
894,226,20230618,1
4696,16,20230313,1
3276,180,20231115,1
5033,484,20231031,1
2632,150,20230705,1
4786,352,20230126,1
4439,97,20230213,1
1875,315,20230116,1
4224,473,20230610,1
1352,470,20230315,1
4591,120,20230730,1
1926,499,20230815,1
5357,381,20230524,1
2336,490,20230228,1
5491,289,20231110,1
3172,179,20230119,1
572,95,20230124,1
5222,146,20230519,1
5211,243,20231022,1
5538,492,20230504,1
1098,332,20230723,1
5381,374,20230924,1
2788,119,20230320,1
1937,68,20230927,1
732,243,20230618,1
1392,31,20231024,1
1744,82,20231201,1
5482,106,20230829,1
5913,298,20230527,1
104,62,20230913,1
1313,86,20230330,1
336,53,20231201,1
190,13,20230926,1
5481,341,20230802,1
2235,28,20230920,1
4778,97,20230928,1
5292,188,20230409,1
3612,9,20231027,1
4688,384,20230122,1
4986,277,20231129,1
1056,71,20230831,1
196,43,20230518,1
933,378,20230716,1
3295,249,20230710,1
1049,408,20230206,1
3676,140,20230505,1
931,163,20230116,1
5571,180,20230317,1
5674,5,20230827,1
1361,447,20230708,1
1687,284,20230507,1
1325,246,20230603,1
2697,425,20230504,1
1949,359,20230226,1
22,92,20230127,1
910,120,20231204,1
1862,151,20231023,1
4400,135,20230510,1
770,369,20230311,1
417,428,20230717,1
5822,86,20231203,1
466,159,20230519,1
19,499,20231104,1
110,379,20231013,1
5622,263,20230417,1
3017,286,20230314,1
1347,334,20230805,1
3590,133,20230529,1
400,284,20230926,1
3323,337,20230810,1
2619,15,20230202,1
2594,391,20231213,1
2772,142,20230412,1
4550,2,20230826,1
834,296,20230108,1
2807,63,20230508,1
2641,191,20231016,1
3559,449,20230125,1
1803,458,20230521,1
1560,314,20231207,1
2871,372,20231129,1
2944,96,20231002,1
2490,104,20231111,1
3835,233,20231005,1
796,460,20230810,1
5030,444,20230625,1
1948,438,20230820,1
5365,173,20230719,1
2751,40,20230623,1
4315,65,20230820,1
3733,332,20230225,1
3812,258,20230824,1
299,415,20230821,1
4634,89,20231109,1
1415,481,20230418,1
5909,255,20230326,1
927,207,20230826,1
4752,297,20231230,1
1704,198,20230625,1
2927,390,20230816,1
3181,384,20230129,1
3348,281,20230725,1
5741,365,20230120,1
4367,133,20230204,1
3351,10,20230523,1
2730,408,20230717,1
4531,90,20230609,1
3205,220,20231218,1
5555,219,20230215,1
3276,456,20230906,1
227,312,20231004,1
3881,303,20230217,1
1462,327,20230715,1
1293,457,20230822,1
779,156,20230318,1
5656,129,20230113,1
1043,107,20230423,1
109,460,20230208,1
2042,215,20231126,1
3398,51,20230905,1
774,362,20230811,1
5682,346,20231019,1
2169,337,20230207,1
1103,187,20230106,1
2595,87,20230226,1
4528,436,20230522,1
5085,252,20230929,1
23,471,20230119,1
5659,331,20231023,1
5673,15,20230930,1
5274,367,20230503,1
4667,124,20230308,1
946,375,20230829,1
5593,136,20230319,1
4169,1,20230209,1
816,342,20230211,1
1028,372,20230509,1
4739,185,20230809,1
4873,265,20230103,1
2934,60,20230801,1
2207,418,20230811,1
5650,421,20231213,1
3300,126,20230306,1
522,346,20230731,1
3949,180,20230818,1
1427,184,20230906,1
2708,307,20231125,1
2293,324,20230729,1
4971,397,20230322,1
1930,105,20230501,1
1516,247,20230719,1
2404,202,20230814,1
5703,497,20230802,1
807,461,20230423,1
2784,372,20230108,1
2007,170,20230419,1
1761,35,20231231,1
1991,347,20231128,1
2801,222,20230703,1
839,154,20231206,1
5538,62,20230627,1
66,9,20230630,1
328,360,20230522,1
717,462,20230811,1
1131,331,20230419,1
4921,65,20230501,1
1105,475,20231024,1
3204,457,20230427,1
4752,197,20230819,1
207,425,20230409,1
1224,107,20230211,1
4359,189,20230321,1
118,300,20230727,1
3503,86,20230508,1
2891,486,20230407,1
1281,310,20230609,1
1262,308,20230213,1
535,134,20230725,1
3906,206,20231129,1
2390,461,20230913,1
4104,266,20230224,1
4919,328,20231016,1
3006,315,20230703,1
2828,368,20231013,1
733,426,20230923,1
662,447,20230827,1
3745,9,20230228,1
2302,399,20230911,1
3449,95,20231224,1
3251,88,20230716,1
2775,469,20231003,1
4608,66,20230712,1
5687,99,20230520,1
3495,38,20230717,1
5314,456,20230218,1
860,325,20231118,1
2342,36,20231203,1
1792,1,20231019,1
4858,37,20230909,1
5721,350,20230501,1
1712,277,20231211,1
212,300,20230327,1
785,198,20230321,1
349,420,20230227,1
5648,229,20231103,1
4915,185,20231208,1
4581,100,20230102,1
5182,197,20230418,1
1280,365,20230930,1
2769,177,20230101,1
3955,232,20231015,1
4655,34,20230514,1
3898,229,20230306,1
5966,316,20230509,1
2343,314,20230218,1
3232,280,20230113,1
5687,363,20230818,1
73,243,20230813,1
594,113,20230702,1
3016,106,20230206,1
1118,110,20230822,1
5555,77,20230801,1
1777,19,20230207,1
475,276,20230128,1
1238,30,20230818,1
5708,458,20231027,1
1168,419,20230324,1
1962,450,20230505,1
5991,427,20230106,1
3465,265,20231128,1
3682,388,20230813,1
354,454,20230427,1
760,6,20231114,1
738,208,20231016,1
31,88,20231214,1
1273,94,20230128,1
1449,332,20230426,1
3529,417,20230812,1
3606,106,20230621,1
3743,207,20230623,1
2106,465,20230129,1
5964,18,20230413,1
1094,276,20230821,1
4786,343,20231231,1
5241,230,20230217,1
3572,353,20231130,1
28,73,20230829,1
2954,342,20230102,1
502,497,20230812,1
5642,428,20230618,1
4058,422,20231226,1
2228,208,20230124,1
3698,495,20230910,1
1412,114,20230311,1
5893,345,20230228,1
2525,149,20230318,1
1479,122,20230716,1
2944,17,20231012,1
737,435,20231103,1
1606,187,20230607,1
1419,345,20230815,1
4746,373,20231017,1
4948,418,20230218,1
4581,72,20230618,1
5289,7,20230527,1
329,472,20230920,1
1518,307,20230915,1
4570,180,20231019,1
3515,352,20230205,1
2388,358,20230816,1
797,115,20230909,1
3641,486,20230831,1
1281,58,20231121,1
2822,192,20230826,1
2991,155,20230602,1
4867,328,20230219,1
3953,32,20231121,1
987,162,20230404,1
1312,467,20230325,1
568,99,20230512,1
4039,342,20231115,1
1192,483,20231016,1
5554,435,20230624,1
3108,368,20230127,1
4749,297,20230301,1
3795,4,20230506,1
3538,327,20231111,1
2713,401,20230208,1
3175,13,20230514,1
1842,316,20231204,1
603,355,20231211,1
4886,22,20230524,1
1890,292,20230321,1
3736,144,20230830,1
4799,479,20230208,1
1439,307,20230609,1
5773,389,20230918,1
494,402,20230810,1
1226,21,20230904,1
3176,335,20230703,1
4620,305,20231126,1
3792,264,20231021,1
5422,205,20230925,1
5451,481,20230527,1
2308,377,20230419,1
5612,242,20230119,1
1615,65,20230814,1
1038,321,20230419,1
2576,453,20231216,1
1478,278,20230818,1
116,41,20230615,1
2681,142,20230823,1
5776,148,20230824,1
3933,417,20230129,1
2899,215,20230521,1
3476,202,20230304,1
283,348,20230717,1
4596,25,20230221,1
1743,355,20230403,1
652,405,20230119,1
4171,432,20231204,1
2792,126,20230602,1
4998,116,20230825,1
443,437,20230705,1
1087,330,20230104,1
406,231,20230913,1
3343,101,20230414,1
433,427,20231024,1
4664,176,20230217,1
789,169,20230317,1
4323,78,20230806,1
639,452,20231216,1
5360,312,20231005,1
4284,431,20230815,1
3255,56,20230316,1
5073,283,20230819,1
3630,366,20231230,1
5260,420,20231023,1
1203,204,20230928,1
3646,197,20231130,1
3405,250,20230817,1
2948,78,20230929,1
3758,475,20230306,1
1091,299,20230707,1
3441,324,20230408,1
1519,319,20231217,1
3467,130,20230413,1
1948,41,20230608,1
1368,156,20231107,1
2692,42,20230426,1
2575,379,20230925,1
4146,45,20230917,1
2965,220,20231214,1
4877,106,20230718,1
970,17,20231110,1
4546,473,20230401,1
4338,6,20231021,1
3732,358,20230209,1
321,322,20231024,1
5154,176,20231121,1
4910,93,20230319,1
4267,372,20230815,1
711,375,20230326,1
2301,193,20230723,1
5276,116,20230206,1
4787,69,20230603,1
336,25,20230804,1
2464,261,20230706,1
3025,356,20230826,1
3076,500,20230720,1
1393,145,20230324,1
4350,398,20230410,1
4240,258,20230825,1
4967,383,20231211,1
968,275,20230328,1
1591,166,20231221,1
5745,88,20230812,1
4932,157,20230527,1
5850,318,20230930,1
4889,455,20230923,1
5603,333,20230201,1
961,286,20231104,1
490,452,20230430,1
2749,430,20230613,1
5266,300,20231125,1
3386,490,20230206,1
4364,44,20230111,1
4663,264,20230226,1
4851,392,20230313,1
2383,225,20230329,1
409,211,20230412,1
2180,71,20230812,1
4875,148,20230726,1
5583,306,20230409,1
928,316,20231028,1
719,435,20230707,1
3628,377,20230708,1
1327,448,20230620,1
4950,21,20230714,1
318,330,20230702,1
1550,268,20230322,1
5468,192,20230831,1
2376,67,20231111,1
518,173,20230316,1
4204,270,20231015,1
224,341,20230603,1
902,142,20230317,1
4433,88,20230404,1
3727,149,20230118,1
2540,28,20230824,1
3957,421,20231126,1
3577,379,20230111,1
4313,277,20231013,1
5390,316,20230710,1
3320,497,20230525,1
218,141,20230510,1
732,257,20230329,1
3463,407,20230730,1
5581,357,20230522,1
4704,168,20230614,1
4440,296,20230204,1
2503,347,20230826,1
5455,411,20230712,1
2779,476,20230425,1
1526,57,20230730,1
2784,356,20230211,1
1242,328,20230402,1
606,210,20231016,1
973,139,20230826,1
5818,326,20230519,1
4817,41,20231013,1
3113,80,20230629,1
5388,56,20231114,1
3341,438,20231011,1
5623,477,20231204,1
4015,230,20230125,1
5524,322,20230427,1
4360,206,20230822,1
5052,180,20230327,1
950,391,20230709,1
2658,492,20231209,1
2259,119,20230815,1
2788,314,20230416,1
2397,463,20230723,1
593,282,20230318,1
4409,456,20230825,1
1795,363,20231121,1
5555,195,20231003,1
5631,107,20230405,1
2710,100,20230424,1
2587,303,20231201,1
1897,133,20230811,1
866,154,20230117,1
4100,444,20230819,1
5955,280,20230223,1
4479,456,20230731,1
4700,413,20230209,1
2876,83,20230214,1
3557,384,20230117,1
2318,472,20230730,1
5767,332,20230714,1
5591,178,20231022,1
5937,411,20230216,1
1712,184,20231011,1
4820,136,20230718,1
2212,149,20230109,1
5691,188,20230916,1
2967,254,20230322,1
1011,359,20231212,1
5660,364,20230505,1
4331,130,20230603,1
3471,384,20230114,1
2273,281,20231212,1
5604,70,20230910,1
2418,41,20230116,1
3939,470,20230626,1
3521,57,20230407,1
3548,295,20230520,1
4866,483,20230331,1
4465,168,20230313,1
1384,337,20230719,1
3605,62,20230317,1
1080,175,20230814,1
1627,304,20230426,1
3681,147,20230801,1
2634,463,20230606,1
5672,253,20231104,1
294,162,20230513,1
106,174,20230821,1
3571,448,20230505,1
3698,160,20230225,1
4605,258,20230823,1
431,421,20230417,1
78,101,20231028,1
1573,377,20230617,1
1123,173,20231114,1
1906,29,20230801,1
4100,361,20230502,1
5394,424,20230611,1
4667,471,20230417,1
4352,145,20230416,1
1379,55,20230604,1
1610,63,20230205,1
2911,162,20230607,1
2011,14,20230705,1
2440,49,20231012,1
2846,139,20230413,1
2457,81,20231001,1
30,165,20230125,1
5860,190,20230722,1
440,76,20230626,1
2982,415,20230308,1
2461,252,20230917,1
230,330,20230328,1
4893,423,20231121,1
2722,226,20231117,1
441,343,20230625,1
2599,17,20230706,1
4327,360,20230209,1
1080,316,20230722,1
5280,237,20231106,1
4900,306,20230216,1
4806,51,20230531,1
1209,9,20230618,1
5611,347,20230114,1
5337,304,20230301,1
169,234,20231102,1
2727,332,20230125,1
5546,49,20231116,1
2730,45,20231117,1
747,391,20231211,1
657,473,20230528,1
2116,159,20230316,1
5865,280,20230115,1
277,23,20230515,1
5676,109,20230109,1
3987,323,20230124,1
2863,112,20230415,1
3635,21,20230725,1
1469,371,20230918,1
542,282,20231021,1
4334,157,20230112,1
4736,29,20230730,1
5391,476,20230127,1
3819,281,20231203,1
2589,481,20230704,1
5885,271,20230303,1
4474,167,20230702,1
4692,265,20231126,1
2043,496,20231215,1
1834,490,20230321,1
2058,49,20231102,1
637,199,20230508,1
5938,181,20230731,1
4599,64,20230908,1
4472,345,20230825,1
2235,282,20230304,1
3666,192,20231031,1
3563,92,20230402,1
3491,244,20230416,1
2428,121,20230118,1
246,300,20231227,1
1196,112,20230812,1
5060,389,20231106,1
2091,330,20230728,1
1970,447,20230126,1
3011,433,20230922,1
1270,70,20230909,1
403,496,20231010,1
2723,420,20230805,1
5404,232,20231015,1
3375,243,20230116,1
5841,130,20230628,1
3338,122,20230505,1
4577,340,20230716,1
2263,158,20230223,1
1692,98,20230302,1
5383,235,20230609,1
4634,489,20230723,1
1977,9,20230622,1
4753,180,20230910,1
6000,370,20230526,1
1354,477,20231218,1
2336,129,20230824,1
4698,360,20230607,1
2940,343,20230125,1
4849,369,20230408,1
1951,21,20231017,1
404,128,20230108,1
4771,493,20230221,1
5744,88,20230218,1
693,122,20231201,1
5736,289,20230426,1
5410,352,20230611,1
2219,419,20230802,1
1854,490,20230109,1
3984,180,20231214,1
4141,228,20230310,1
4367,255,20230902,1
861,70,20231216,1
5048,141,20230409,1
1205,80,20230219,1
1907,471,20231021,1
3171,71,20230423,1
3745,423,20230717,1
4240,310,20230706,1
3965,187,20230822,1
5967,131,20230618,1
1337,180,20230114,1
557,7,20231104,1
1357,186,20230504,1
2461,292,20231012,1
1642,337,20231125,1
4360,369,20230412,1
5735,211,20230428,1
2037,51,20230617,1
1364,256,20230208,1
3510,53,20231112,1
3185,115,20230201,1
5991,179,20230829,1
1113,160,20230520,1
4105,131,20230221,1
4036,401,20230305,1
3005,82,20230310,1
2669,89,20230614,1
528,460,20231222,1
2117,31,20230124,1
2569,66,20230513,1
1038,113,20230402,1
5364,256,20230812,1
5795,480,20231026,1
2993,124,20230919,1
2338,498,20230806,1
701,42,20231004,1
1507,497,20231005,1
3095,284,20230610,1
2457,406,20230806,1
1206,267,20230217,1
1951,426,20230315,1
4281,386,20230821,1
2091,220,20230904,1
3982,260,20230513,1
617,188,20230924,1
1558,55,20231226,1
3142,252,20230610,1
3194,416,20230710,1
195,186,20230817,1
2637,13,20231104,1
2275,67,20230828,1
1979,74,20231116,1
3853,296,20231031,1
2181,118,20231213,1
4254,403,20230919,1
2124,78,20230414,1
2349,290,20230820,1
3532,217,20230727,1
160,314,20230427,1
4467,360,20230805,1
3125,221,20230130,1
935,192,20230427,1
4051,314,20231214,1
2115,174,20230411,1
2673,235,20230404,1
4881,213,20230115,1
4788,471,20230401,1
5870,112,20231020,1
4298,219,20230310,1
3961,164,20230221,1
1265,469,20230708,1
1985,295,20230314,1
2041,240,20230527,1
205,407,20230619,1
5909,366,20230420,1
3385,210,20230703,1
3609,88,20230929,1
5071,132,20231030,1
4363,432,20231214,1
5452,301,20230907,1
3193,97,20231215,1
69,333,20230202,1
2998,86,20231217,1
5419,37,20230817,1
4030,331,20230127,1
46,420,20230204,1
4969,7,20230729,1
4067,459,20230925,1
2380,381,20230115,1
5465,434,20230927,1
5790,486,20230913,1
4644,489,20231030,1
5535,83,20230515,1
2390,13,20230227,1
3540,243,20230321,1
3626,128,20230714,1
4842,25,20230210,1
2896,381,20230924,1
4051,484,20231223,1
224,6,20230301,1
2931,362,20230829,1
3270,144,20230707,1
164,32,20231104,1
632,496,20230112,1
3316,89,20230611,1
1771,97,20230626,1
4500,315,20231112,1
4978,154,20230526,1
2119,336,20230110,1
939,147,20230926,1
3983,144,20230121,1
2344,20,20230908,1
4631,183,20230617,1
2397,416,20231207,1
1969,411,20231125,1
3482,448,20230317,1
5915,193,20230728,1
2695,259,20231212,1
4894,363,20230608,1
5942,75,20231114,1
75,482,20230129,1
2293,460,20231103,1
1849,489,20230901,1
241,367,20230206,1
774,450,20230902,1
1043,215,20230921,1
1956,368,20230108,1
2069,315,20231206,1
4596,56,20230625,1
18,78,20230811,1
5156,207,20230321,1
4881,136,20231027,1
5633,226,20230216,1
1976,316,20230410,1
5085,310,20230603,1
3261,134,20230110,1
4447,323,20230417,1
5206,34,20230102,1
5067,375,20230119,1
2907,144,20231118,1
5199,404,20230701,1
1365,458,20230115,1
204,37,20230615,1
5330,458,20230812,1
2970,218,20230609,1
4574,152,20230530,1
5049,343,20231020,1
4609,295,20230201,1
2015,95,20230831,1
2093,283,20230918,1
4132,462,20231224,1
3388,85,20230608,1
3659,404,20230519,1
3026,60,20230618,1
2201,51,20230930,1
4397,69,20230221,1
5557,184,20230504,1
37,103,20231023,1
4051,270,20230916,1
3994,410,20230428,1
1231,2,20230718,1
1467,96,20230519,1
1138,312,20230611,1
4930,155,20230204,1
3728,390,20230325,1
902,498,20230422,1
1523,72,20230815,1
3356,217,20231112,1
4242,414,20230222,1
672,421,20231115,1
1795,50,20230711,1
3963,121,20230128,1
4848,434,20230823,1
734,275,20231024,1
792,437,20230506,1
4054,175,20230103,1
2601,377,20230204,1
726,421,20230525,1
3003,205,20230828,1
5639,132,20231220,1
1460,347,20231222,1
5833,76,20230829,1
5808,401,20231220,1
2269,233,20230825,1
3238,376,20231019,1
550,448,20230712,1
5177,42,20230530,1
5240,316,20230508,1
212,196,20231205,1
2224,377,20231024,1
4532,124,20230120,1
5881,4,20230612,1
109,339,20230423,1
2821,246,20230707,1
2173,201,20230130,1
4723,293,20230911,1
5107,467,20230405,1
3807,24,20230910,1
2855,360,20231102,1
5206,15,20230514,1
5910,102,20230213,1
5960,259,20231224,1
1052,249,20230122,1
5298,185,20230512,1
5264,176,20230831,1
5523,429,20230904,1
1244,481,20231218,1
372,319,20230518,1
4524,205,20231203,1
3315,157,20230607,1
3616,152,20230816,1
2129,480,20230629,1
4115,1,20230621,1
2569,159,20230129,1
3954,214,20230808,1
4901,488,20230419,1
1921,95,20230920,1
3124,411,20230105,1
397,393,20230305,1
5121,115,20230712,1
81,91,20230826,1
1303,445,20230613,1
3347,425,20230822,1
1719,51,20231005,1
2063,493,20230613,1
205,115,20231214,1
346,59,20230415,1
3700,68,20230401,1
2854,478,20230531,1
1637,443,20230730,1
1195,31,20230806,1
2470,491,20230215,1
2258,417,20230922,1
5157,6,20230921,1
3837,465,20230912,1
3871,451,20230225,1
52,181,20230722,1
1934,454,20231214,1
1949,4,20231122,1
5217,210,20230601,1
5697,290,20230319,1
1737,325,20231021,1
5386,107,20230908,1
4126,247,20230825,1
283,319,20230920,1
1484,221,20231124,1
5956,455,20230925,1
405,439,20230511,1
4923,385,20231130,1
2755,100,20230106,1
1058,405,20230719,1
12,414,20230713,1
3156,365,20230331,1
207,231,20230103,1
4060,211,20230213,1
4610,444,20230723,1
5099,256,20230621,1
1045,382,20230711,1
3419,493,20230902,1
2428,92,20230921,1
1598,385,20231107,1
3051,300,20230602,1
5028,354,20230416,1
3638,276,20230707,1
745,71,20230918,1
4642,269,20230912,1
1414,80,20230708,1
5135,410,20230328,1
4595,91,20230322,1
229,171,20230728,1
3716,51,20230320,1
4093,337,20230605,1
5461,229,20230109,1
4980,69,20231116,1
3617,232,20230317,1
3238,99,20231229,1
1922,85,20230926,1
2718,320,20230422,1
2815,250,20230708,1
977,89,20230209,1
2346,314,20230811,1
2410,357,20230915,1
2333,8,20231029,1
1409,76,20231111,1
4945,246,20230218,1
2574,71,20230514,1
1241,476,20230902,1
5923,238,20230817,1
1311,109,20230205,1
58,220,20231017,1
485,107,20230206,1
3163,299,20230309,1
5182,461,20230122,1
3237,185,20230115,1
4069,184,20230626,1
2598,364,20230515,1
5338,497,20231116,1
5006,467,20230610,1
408,283,20231001,1
1697,341,20230112,1
4707,387,20230430,1
4568,240,20230412,1
4736,424,20230626,1
1059,281,20230208,1
2131,319,20231202,1
4897,51,20230905,1
1082,62,20231018,1
4995,479,20230812,1
2713,53,20230726,1
3753,444,20231124,1
245,368,20230208,1
1426,202,20230209,1
2739,344,20230606,1
648,254,20230918,1
5404,437,20230808,1
5779,256,20230516,1
3641,143,20230408,1
428,111,20230516,1
3979,415,20230329,1
1673,340,20230812,1
5024,378,20230819,1
3051,361,20230503,1
1580,493,20230625,1
3226,248,20230430,1
3093,388,20230102,1
2581,21,20231107,1
630,176,20230330,1
4474,316,20230501,1
4828,405,20231028,1
348,294,20231106,1
1994,474,20230330,1
4763,76,20231120,1
2404,152,20230202,1
4669,193,20230718,1
3009,432,20230130,1
294,465,20230708,1
4598,301,20230101,1
949,408,20230107,1
4583,266,20230919,1
1766,205,20230703,1
2346,350,20231106,1
2898,20,20230424,1
3037,296,20230626,1
4401,311,20230603,1
1566,166,20230719,1
640,212,20231226,1
1225,181,20230429,1
4025,253,20230507,1
1448,225,20231125,1
5793,27,20230422,1
2945,145,20230602,1
4416,363,20231107,1
5195,341,20230224,1
1911,25,20231031,1
5536,410,20230508,1
856,446,20231030,1
3581,84,20230723,1
4623,291,20230217,1
3129,379,20230423,1
4345,363,20230913,1
983,113,20230112,1
2134,359,20230430,1
2297,79,20230915,1
135,155,20230825,1
542,165,20231102,1
4605,72,20230720,1
5009,321,20230130,1
35,364,20230324,1
1071,109,20230715,1
559,139,20230902,1
3487,216,20231124,1
3519,404,20230402,1
3333,441,20230506,1
2427,53,20230531,1
1228,244,20230703,1
4179,238,20231227,1
5149,51,20230819,1
4987,310,20230901,1
4420,331,20230714,1
1936,248,20230921,1
4435,343,20231203,1
4896,11,20230911,1
976,320,20231130,1
5963,239,20230304,1
5475,25,20231117,1
2071,164,20230722,1
3051,287,20230218,1
2978,347,20230310,1
3641,282,20230806,1
4533,46,20230303,1
2380,409,20230528,1
4163,290,20230724,1
1472,211,20230920,1
831,214,20230107,1
2230,371,20231116,1
868,327,20230616,1
2425,122,20231225,1
596,126,20231022,1
2328,235,20231207,1
2079,365,20231213,1
3112,126,20230403,1
2468,187,20230509,1
1968,95,20231123,1
5272,33,20231112,1
617,142,20230508,1
2369,232,20230723,1
2127,350,20230421,1
4696,384,20230807,1
5239,461,20230216,1
4464,50,20230730,1
5483,158,20230327,1
5646,42,20231224,1
767,400,20230616,1
3785,33,20230814,1
1104,246,20230722,1
731,463,20231104,1
1454,95,20230508,1
4816,176,20230528,1
4637,82,20231028,1
5516,440,20230116,1
3091,126,20230428,1
2131,393,20230709,1
2803,40,20230103,1
4897,101,20230203,1
5105,105,20230819,1
3844,154,20231015,1
2815,92,20230514,1
1310,393,20230619,1
2294,420,20230210,1
2318,343,20230830,1
2386,438,20230916,1
5607,42,20230712,1
5482,238,20230421,1
5842,199,20230322,1
5288,6,20231011,1
2257,54,20230210,1
4185,86,20231224,1
4030,496,20231020,1
1365,329,20231225,1
2148,154,20230418,1
1424,165,20230515,1
1891,446,20231207,1
1736,168,20231120,1
417,62,20230913,1
2902,187,20231104,1
5293,461,20230220,1
4159,259,20231117,1
2783,192,20231214,1
2967,164,20230130,1
2106,242,20230819,1
3695,115,20230128,1
1944,229,20230619,1
2047,153,20230922,1
4910,417,20231114,1
5710,119,20230123,1
3460,353,20230315,1
1618,76,20231014,1
901,488,20230319,1
3541,493,20230525,1
3467,138,20230302,1
4402,213,20230721,1
371,350,20230105,1
1445,329,20230818,1
4335,272,20230410,1
3266,144,20230703,1
5707,400,20230224,1
3219,139,20230715,1
1429,297,20230905,1
4424,134,20230817,1
2018,459,20230404,1
290,183,20230629,1
1828,148,20230408,1
5879,293,20231217,1
1635,146,20230619,1
1944,319,20230823,1
1252,204,20230124,1
1034,364,20230129,1
3001,275,20230925,1
1856,473,20230821,1
920,93,20231013,1
2940,367,20231123,1
5502,262,20230322,1
4172,371,20230914,1
2926,109,20230319,1
2127,243,20230118,1
5142,16,20230401,1
2073,233,20231115,1
4263,438,20230404,1
3821,35,20230304,1
1625,302,20230523,1
3696,331,20230224,1
4165,215,20230104,1
4202,456,20231216,1
3159,363,20230917,1
2521,2,20230426,1
1262,200,20230604,1
1032,199,20230723,1
1969,105,20230314,1
2699,483,20230709,1
5738,163,20230616,1
536,202,20230710,1
5989,214,20230125,1
1713,34,20230402,1
859,194,20230414,1
690,259,20230225,1
2653,455,20230514,1
1899,219,20230822,1
3691,245,20230506,1
4214,126,20230312,1
4834,346,20231008,1
1572,252,20231113,1
5019,105,20230310,1
2988,183,20230329,1
2574,152,20230904,1
1926,78,20231222,1
863,450,20230317,1
5751,147,20231215,1
2365,457,20231217,1
4572,50,20230816,1
2347,339,20230409,1
3205,32,20230319,1
3703,350,20230611,1
1281,225,20230128,1
4031,311,20230408,1
3665,465,20230831,1
3139,26,20230828,1
2157,474,20230323,1
1212,316,20230704,1
5332,112,20230210,1
4655,145,20230528,1
5451,17,20230811,1
1489,143,20230827,1
5269,51,20230807,1
1287,345,20231223,1
2227,355,20231126,1
5379,160,20230724,1
951,82,20230628,1
4964,100,20230804,1
5984,396,20231224,1
5821,261,20230929,1
308,259,20231024,1
5319,339,20230209,1
1319,32,20230605,1
4514,119,20231128,1
4978,66,20230102,1
210,285,20231223,1
592,284,20230422,1
4430,304,20231020,1
5586,413,20230729,1
2752,213,20231103,1
3341,463,20230209,1
4178,209,20230618,1
548,148,20230128,1
4327,160,20231222,1
5217,460,20230127,1
3082,98,20230925,1
2509,435,20230715,1
1840,87,20230717,1
1038,98,20231201,1
1120,475,20230311,1
4858,157,20230212,1
5395,103,20230925,1
718,148,20230810,1
527,299,20230825,1
706,379,20231126,1
3504,361,20230507,1
37,84,20231119,1
3751,366,20231102,1
2073,400,20230921,1
1260,421,20230624,1
1425,137,20230616,1
1286,494,20231115,1
4144,99,20230616,1
4616,166,20230704,1
1156,288,20230530,1
3382,296,20231014,1
1877,221,20230702,1
2961,77,20230820,1
5249,398,20230212,1
3132,356,20230510,1
5521,188,20230128,1
239,425,20231221,1
4545,365,20230315,1
849,429,20230213,1
2287,472,20230620,1
3791,132,20230407,1
4897,223,20230917,1
5073,282,20230324,1
5058,495,20230815,1
824,71,20230603,1
4651,322,20230214,1
2398,497,20231112,1
5914,450,20230209,1
431,223,20231218,1
3294,386,20230305,1
508,299,20230115,1
2221,474,20230101,1
4457,129,20231107,1
3427,197,20230717,1
1714,16,20230809,1
2616,87,20230731,1
5921,290,20230223,1
3168,480,20230107,1
5539,278,20230904,1
988,337,20231008,1
3502,398,20230916,1
676,355,20231205,1
689,443,20230811,1
2162,306,20231012,1
2787,72,20231106,1
5301,251,20231106,1
5736,54,20230508,1
3552,420,20230510,1
675,363,20230626,1
5128,430,20231011,1
4036,270,20230411,1
3494,499,20230610,1
5343,316,20230501,1
1332,400,20230219,1
5707,328,20231212,1
1654,384,20230827,1
695,319,20230731,1
226,457,20230530,1
1471,148,20231226,1
802,323,20231022,1
1022,123,20230203,1
5424,411,20231105,1
3051,88,20230428,1
2942,45,20230505,1
1759,320,20230602,1
1617,82,20231111,1
3743,308,20230324,1
1244,241,20230412,1
1076,108,20230624,1
578,427,20230717,1
3621,338,20230912,1
1087,241,20230115,1
5273,433,20230929,1
3793,411,20231010,1
4416,388,20230204,1
1087,99,20230201,1
404,143,20230503,1
4909,41,20230307,1
1181,81,20230821,1
94,328,20231026,1
2244,255,20230418,1
2530,332,20230606,1
2977,196,20230929,1
3163,464,20230205,1
2517,175,20230821,1
5554,46,20230703,1
2924,427,20230618,1
2155,263,20230101,1
5569,375,20230829,1
1053,307,20230813,1
525,326,20230817,1
96,348,20230610,1
1092,70,20230422,1
4293,178,20230831,1
1806,94,20230911,1
1254,208,20230614,1
4606,255,20230925,1
1932,290,20230605,1
4236,20,20230328,1
4176,25,20230219,1
1797,472,20230924,1
462,53,20231225,1
4339,490,20230603,1
5603,435,20231108,1
1820,251,20230724,1
5092,115,20230523,1
1710,312,20230616,1
4548,25,20231228,1
3118,43,20230702,1
1961,314,20230605,1
351,290,20230213,1
2429,271,20230729,1
940,57,20230320,1
669,497,20231108,1
4628,255,20231221,1
4528,345,20230118,1
3472,411,20230822,1
2865,179,20231230,1
5541,31,20230722,1
4384,58,20230327,1
2618,143,20230708,1
4969,14,20230905,1
5855,56,20230806,1
5528,385,20231105,1
1784,86,20230825,1
5852,52,20231025,1
5416,375,20230529,1
1800,47,20230602,1
262,28,20230813,1
2144,57,20230221,1
4139,297,20230928,1
1702,357,20230828,1
2106,257,20231025,1
2969,231,20230908,1
3151,183,20230409,1
2943,318,20230213,1
4320,181,20231227,1
2555,138,20230930,1
2651,157,20230124,1
4391,154,20230615,1
3510,435,20230119,1
2816,105,20231008,1
812,100,20230119,1
2727,472,20230930,1
791,306,20230326,1
2876,281,20230418,1
3741,249,20230929,1
4944,244,20230423,1
3823,12,20230110,1
4077,383,20230219,1
5897,29,20230208,1
5194,309,20231116,1
2117,181,20231029,1
938,111,20230425,1
4634,142,20230611,1
1091,215,20231221,1
1379,50,20230701,1
3293,445,20230403,1
5895,102,20231106,1
2540,114,20231014,1
2869,200,20230109,1
4532,114,20230202,1
3855,348,20231215,1
3361,206,20230405,1
3179,379,20230407,1
1778,130,20230203,1
1988,468,20230219,1
3239,122,20230505,1
4335,62,20230430,1
4367,63,20230828,1
255,276,20230617,1
4269,179,20231004,1
1643,262,20231202,1
619,121,20231105,1
811,465,20230101,1
475,343,20231021,1
5052,340,20230513,1
5409,371,20230412,1
4458,383,20230606,1
90,247,20230814,1
440,230,20231021,1
1418,40,20230713,1
3434,391,20230109,1
2527,114,20230411,1
739,289,20230601,1
2896,243,20230904,1
1341,395,20230205,1
3212,319,20230914,1
5319,4,20230813,1
5575,459,20231201,1
596,303,20230504,1
527,325,20230707,1
518,454,20230715,1
1073,130,20230825,1
5347,212,20230303,1
4724,376,20231219,1
59,378,20230330,1
3435,151,20231207,1
299,441,20231016,1
5976,352,20230615,1
3679,167,20230118,1
472,396,20231112,1
2035,103,20230512,1
5610,16,20230805,1
1653,365,20230622,1
4403,385,20230419,1
3928,8,20230617,1
3586,165,20231227,1
4098,18,20231128,1
791,168,20230304,1
2625,352,20230502,1
5669,347,20230421,1
2692,107,20230614,1
4794,171,20231003,1
1351,81,20230405,1
4560,422,20230531,1
4042,281,20230421,1
3746,219,20231117,1
2004,379,20230424,1
598,156,20231117,1
4337,59,20230204,1
4465,489,20230326,1
4920,64,20230827,1
5841,289,20230814,1
3460,281,20230630,1
499,213,20230929,1
170,425,20230126,1
4590,244,20230417,1
4621,123,20230526,1
4704,458,20231021,1
5969,183,20230310,1
3867,301,20230819,1
976,266,20231201,1
4093,447,20230120,1
473,144,20230104,1
772,6,20230507,1
237,273,20231013,1
159,429,20230527,1
1963,263,20231118,1
3381,31,20230523,1
4557,130,20230708,1
3034,158,20231210,1
653,8,20230118,1
3019,386,20230719,1
3632,373,20230523,1
111,469,20231006,1
632,472,20231120,1
2032,423,20230810,1
1781,77,20230811,1
5322,48,20230616,1
5778,158,20230528,1
378,360,20231020,1
3366,29,20230710,1
1654,450,20231022,1
4346,154,20230603,1
5813,306,20230506,1
5636,443,20230903,1
353,129,20230420,1
2139,307,20230712,1
4427,28,20230120,1
1571,172,20230519,1
5928,329,20230926,1
3658,348,20230513,1
1759,357,20230114,1
3293,123,20230416,1
5617,226,20230118,1
624,433,20230402,1
5015,196,20230110,1
875,305,20231109,1
2328,386,20231111,1
21,492,20230503,1
2107,471,20230821,1
2165,2,20231019,1
1479,116,20231010,1
830,342,20230225,1
3589,431,20230627,1
343,486,20230213,1
574,244,20230129,1
2823,440,20230203,1
5528,409,20230729,1
4694,426,20230813,1
2478,494,20230430,1
2801,37,20230314,1
622,172,20230711,1
117,87,20230927,1
585,163,20230323,1
2270,107,20230225,1
5850,259,20230217,1
2334,379,20231130,1
3477,330,20230313,1
5627,206,20231223,1
614,298,20231031,1
1365,10,20230404,1
863,147,20230830,1
2232,50,20230603,1
3340,409,20231016,1
1548,395,20231123,1
4237,86,20230121,1
511,454,20230616,1
3593,198,20230715,1
405,15,20230901,1
792,306,20231018,1
647,77,20230407,1
386,184,20230731,1
5593,379,20230515,1
1388,404,20230508,1
1485,26,20230430,1
2243,382,20230322,1
2272,316,20230711,1
3956,223,20230917,1
134,489,20230528,1
5715,186,20230311,1
4450,226,20231118,1
5319,269,20230630,1
991,422,20231231,1
5728,204,20230504,1
2474,277,20231209,1
199,182,20230509,1
212,1,20230506,1
5296,52,20231126,1
1,78,20230225,1
1976,26,20231223,1
5488,315,20230630,1
3536,104,20230627,1
4752,176,20230801,1
4836,202,20230802,1
3876,4,20230608,1
5348,407,20230304,1
4623,341,20230520,1
4081,418,20231017,1
5656,173,20230831,1
2662,431,20231210,1
4306,30,20230101,1
4676,48,20230606,1
696,478,20231021,1
5748,363,20231231,1
3955,415,20230612,1
2963,108,20231010,1
5969,213,20231128,1
3435,44,20230109,1
1674,446,20231129,1
3085,184,20230909,1
1929,421,20230809,1
4792,485,20230915,1
4346,111,20230126,1
4578,16,20230313,1
825,296,20230420,1
3507,126,20231223,1
5108,178,20230822,1
1774,349,20230130,1
3088,492,20230107,1
25,260,20231108,1
1874,188,20230719,1
5056,380,20230922,1
632,221,20230421,1
1628,378,20230513,1
3527,478,20230107,1
999,331,20230515,1
1094,288,20230305,1
2904,326,20230828,1
769,200,20230531,1
3413,291,20230701,1
3546,414,20230912,1
440,219,20231104,1
3191,488,20231205,1
1482,201,20230130,1
3778,99,20231202,1
2635,418,20230816,1
5496,324,20230411,1
1598,273,20231215,1
2004,60,20230512,1
5511,208,20230427,1
5345,379,20230129,1
2525,419,20231115,1
4243,344,20231205,1
2826,52,20230627,1
2429,175,20231010,1
276,248,20230426,1
3358,114,20230830,1
1046,372,20230825,1
1317,403,20230311,1
724,79,20230102,1
1198,78,20230715,1
3431,112,20230103,1
953,199,20230107,1
3507,409,20230308,1
2143,312,20231218,1
683,157,20230113,1
3052,58,20230919,1
309,159,20230719,1
2447,149,20231218,1
651,162,20230430,1
2618,358,20230114,1
3196,127,20230927,1
1710,437,20230110,1
236,384,20230509,1
2545,277,20230720,1
535,223,20231103,1
3947,245,20230813,1
3878,277,20230526,1
1127,176,20230501,1
5547,199,20231003,1
5447,32,20230419,1
751,199,20230605,1
5666,252,20230309,1
3877,240,20230604,1
395,71,20230930,1
1067,63,20230225,1
2670,295,20231026,1
4199,403,20231225,1
5011,482,20230404,1
1309,414,20230208,1
3890,461,20231113,1
1567,383,20231031,1
5267,265,20230823,1
2272,413,20230207,1
2166,255,20230910,1
183,224,20230508,1
250,89,20230206,1
5507,398,20230201,1
4537,375,20230401,1
2549,155,20231223,1
3918,286,20230604,1
1399,463,20230902,1
3856,343,20230531,1
1126,54,20230911,1
684,323,20230114,1
3234,298,20230519,1
3226,111,20230821,1
4394,308,20230924,1
2665,341,20231006,1
1581,145,20231220,1
2409,58,20230126,1
2384,279,20231214,1
2353,468,20230110,1
1836,37,20230602,1
1725,279,20231030,1
4096,495,20230817,1
531,430,20231209,1
5925,476,20230717,1
4015,431,20230708,1
3753,415,20230813,1
5312,146,20230815,1
343,498,20230428,1
1326,19,20231123,1
3652,495,20230215,1
5526,414,20230118,1
4747,11,20230907,1
4470,357,20231226,1
104,213,20230213,1
1347,151,20231125,1
1302,334,20230821,1
4714,264,20230720,1
5577,23,20230609,1
996,218,20230104,1
1664,36,20230905,1
2521,438,20230728,1
3211,484,20230427,1
1079,323,20230326,1
750,146,20230324,1
1023,33,20230130,1
3047,104,20230120,1
1602,424,20230412,1
4776,134,20231016,1
1514,30,20230428,1
2174,281,20230918,1
1648,489,20230224,1
951,191,20231201,1
2131,189,20230726,1
1502,219,20230327,1
5906,32,20230213,1
4057,262,20231209,1
3531,385,20231217,1
2739,47,20230619,1
1525,51,20230227,1
1091,477,20231224,1
388,277,20230808,1
5417,229,20230915,1
4005,108,20230316,1
4522,75,20230802,1
3531,143,20230620,1
597,197,20230504,1
5889,340,20230407,1
1192,391,20230720,1
3212,144,20230416,1
2142,436,20230317,1
2633,444,20230531,1
5926,154,20231003,1
3000,197,20231026,1
1797,146,20230125,1
3852,191,20230320,1
371,21,20231215,1
3691,436,20230831,1
4978,409,20230819,1
4930,201,20230410,1
2412,103,20230922,1
4859,3,20231221,1
5129,250,20230407,1
917,283,20230424,1
3930,421,20230316,1
203,226,20231130,1
2604,89,20230619,1
1730,110,20230626,1
2623,200,20230708,1
5096,445,20230929,1
4029,178,20230629,1
2669,19,20230120,1
502,240,20230722,1
5327,25,20231201,1
986,55,20230824,1
4756,173,20230430,1
3307,319,20230602,1
1614,386,20231222,1
3146,299,20231127,1
462,431,20230702,1
2361,248,20230129,1
4480,485,20230505,1
5988,30,20230424,1
5095,265,20230801,1
5157,34,20231001,1
492,249,20230111,1
2919,56,20231121,1
4060,222,20231022,1
4909,295,20230918,1
4502,250,20230212,1
3019,195,20230331,1
2921,430,20231125,1
3186,306,20230413,1
5557,103,20231224,1
142,178,20230825,1
5374,368,20230124,1
5603,406,20230515,1
3672,4,20230310,1
4666,447,20230803,1
616,363,20231008,1
1077,330,20230420,1
4172,318,20231214,1
3989,185,20230608,1
422,120,20230417,1
951,356,20230410,1
517,306,20230221,1
1522,161,20230510,1
3328,89,20230313,1
118,302,20231116,1
3511,254,20230216,1
4434,98,20230302,1
1527,444,20230317,1
5817,66,20230717,1
3246,100,20230813,1
1395,168,20230522,1
2412,288,20230328,1
2158,190,20230622,1
1735,403,20231020,1
3527,155,20230924,1
3439,220,20230809,1
1896,20,20231208,1
2831,263,20230706,1
744,3,20231015,1
1116,34,20231105,1
3983,278,20230811,1
1963,109,20230809,1
4757,384,20230316,1
3583,319,20230721,1
5003,208,20230828,1
267,16,20230511,1
3845,341,20230331,1
1061,402,20231005,1
2652,246,20231214,1
16,276,20230922,1
5164,342,20230331,1
3082,322,20230507,1
3287,402,20230908,1
1276,171,20230103,1
3911,137,20231207,1
783,307,20231028,1
2904,494,20231118,1
2599,476,20230524,1
4768,255,20230105,1
451,365,20231122,1
3075,369,20231106,1
5260,383,20230915,1
3887,185,20230322,1
5445,187,20231102,1
2450,409,20230325,1
1496,489,20231118,1
1540,205,20230926,1
1774,374,20230409,1
4894,95,20231121,1
5354,147,20230519,1
137,301,20231017,1
931,238,20230417,1
3718,124,20230110,1
3907,85,20230216,1
1244,345,20230925,1
2833,263,20230411,1
4669,283,20230711,1
3490,413,20230708,1
4868,18,20230326,1
2498,230,20231130,1
2703,421,20230719,1
2631,484,20230705,1
4871,250,20230129,1
947,149,20230904,1
3435,464,20230726,1
5559,411,20231120,1
5734,250,20230415,1
5131,171,20231208,1
3022,390,20230827,1
1912,385,20231206,1
5167,92,20231003,1
2099,341,20230923,1
4795,443,20230214,1
2880,475,20230509,1
568,118,20230308,1
5627,66,20230401,1
3258,326,20230417,1
2187,480,20230227,1
4614,144,20230505,1
5129,404,20231025,1
5630,264,20231027,1
4693,454,20230808,1
3993,18,20230527,1
3419,488,20230212,1
3065,42,20231026,1
1484,295,20230329,1
3822,111,20230629,1
3903,196,20231206,1
2506,251,20230323,1
2579,122,20230805,1
1047,151,20230617,1
3843,439,20230515,1
4041,244,20230530,1
109,307,20230924,1
1675,236,20230613,1
141,57,20230605,1
3848,373,20231002,1
2966,299,20230606,1
2284,236,20230605,1
1528,57,20230624,1
3393,204,20230509,1
2866,154,20230717,1
1597,116,20230126,1
5527,233,20230917,1
2758,107,20231220,1
4712,22,20230227,1
4273,398,20230907,1
2656,379,20230809,1
3282,37,20230131,1
2703,417,20230322,1
787,372,20231028,1
5571,297,20230815,1
67,111,20230805,1
4087,447,20230628,1
1374,424,20231001,1
5197,393,20230524,1
2205,252,20231130,1
1175,463,20231216,1
456,231,20230713,1
3512,118,20230527,1
5821,199,20230924,1
5151,255,20231227,1
5724,321,20231006,1
1280,215,20230309,1
3117,11,20231127,1
5107,367,20230512,1
4132,333,20230926,1
3460,106,20230819,1
818,31,20231014,1
2371,182,20230801,1
4008,357,20230709,1
5160,291,20230929,1
3748,78,20230702,1
2151,420,20230804,1
2953,43,20230420,1
374,353,20231012,1
5771,28,20230117,1
2340,155,20230517,1
2047,349,20230115,1
1956,404,20230415,1
3194,199,20231108,1
5186,277,20230826,1
5438,257,20230820,1
4867,82,20231225,1
5813,265,20231002,1
4901,334,20230918,1
3439,79,20230527,1
4201,297,20230130,1
4945,76,20230825,1
1111,60,20231001,1
5691,494,20231204,1
1009,432,20231222,1
3394,367,20231008,1
2463,173,20230608,1
1448,471,20230404,1
5731,339,20230403,1
1279,309,20230716,1
4619,415,20231120,1
3839,467,20231205,1
2963,239,20230825,1
3321,456,20231117,1
1567,84,20230509,1
3756,108,20230602,1
5938,143,20230630,1
1719,470,20230222,1
3525,36,20230319,1
5456,387,20230114,1
1032,246,20230819,1
5216,164,20231107,1
2608,311,20230330,1
5089,488,20230522,1
3410,156,20230730,1
288,257,20231027,1
5614,375,20231031,1
5838,1,20231202,1
1867,358,20230519,1
394,87,20230226,1
5195,220,20230524,1
4073,404,20230708,1
5399,136,20230112,1
1160,59,20230219,1
4739,390,20231031,1
5362,253,20230207,1
4744,142,20230626,1
5561,419,20230816,1
3683,27,20230515,1
5485,279,20231107,1
2507,210,20230213,1
5393,115,20230608,1
2954,167,20230107,1
3602,465,20230323,1
5670,470,20231204,1
23,436,20230723,1
5421,26,20230613,1
1442,207,20231013,1
354,425,20230328,1
921,117,20230329,1
4546,55,20231113,1
2690,354,20230304,1
3019,188,20230304,1
1686,414,20231116,1
5398,77,20230112,1
2932,78,20230217,1
173,76,20230815,1
1454,282,20230104,1
1839,216,20230123,1
4226,303,20230504,1
5490,435,20230507,1
5547,3,20230802,1
4985,91,20231001,1
953,105,20230129,1
3220,481,20230917,1
3410,157,20230810,1
1997,390,20230807,1
3699,235,20231231,1
4688,415,20230214,1
806,367,20231030,1
1418,122,20230206,1
5008,269,20230428,1
2307,327,20230519,1
5595,250,20230619,1
152,313,20230912,1
1522,217,20230421,1
3281,459,20230307,1
2215,341,20230923,1
1918,451,20230222,1
1106,456,20230109,1
2316,488,20231129,1
5290,459,20230602,1
144,175,20231010,1
390,50,20230318,1
591,334,20230717,1
3434,440,20230827,1
3541,275,20230421,1
5360,380,20230908,1
4387,494,20231103,1
2203,407,20230707,1
4071,166,20231107,1
3398,278,20230123,1
1398,432,20230728,1
4368,385,20231016,1
1918,418,20230309,1
170,408,20230101,1
3829,407,20230411,1
532,175,20231101,1
1156,48,20230924,1
2491,477,20230215,1
5764,1,20230622,1
2588,253,20230203,1
4384,253,20230724,1
1748,11,20230724,1
3206,402,20231128,1
1718,301,20231202,1
4426,194,20230508,1
661,308,20230916,1
4171,320,20230626,1
1108,199,20230720,1
4954,68,20230415,1
2804,467,20230503,1
5110,42,20230815,1
2844,486,20230703,1
4734,493,20231014,1
1694,40,20230323,1
2511,257,20230209,1
5018,298,20230626,1
4402,354,20230910,1
2424,229,20230321,1
4241,4,20230701,1
1173,269,20230130,1
2547,411,20231113,1
4117,399,20230507,1
3760,494,20231031,1
4341,72,20230917,1
2965,348,20230829,1
2487,78,20230604,1
4621,349,20231014,1
3774,336,20231104,1
3427,499,20230310,1
3432,458,20230625,1
2011,172,20230816,1
4717,128,20230702,1
2114,306,20230710,1
4648,77,20230422,1
1419,397,20230620,1
2664,325,20230318,1
1599,132,20230425,1
997,82,20230927,1
4253,181,20230204,1
3836,266,20231030,1
2936,453,20230206,1
1223,348,20230106,1
1940,286,20230423,1
189,419,20230330,1
58,54,20231027,1
298,34,20230308,1
5625,311,20230109,1
3736,264,20230225,1
4834,479,20230330,1
4767,60,20230204,1
4832,182,20231115,1
1799,372,20231030,1
2272,25,20231203,1
954,163,20230817,1
4500,14,20230429,1
5292,28,20230823,1
5022,341,20230207,1
2066,252,20230514,1
2887,40,20230928,1
1135,458,20230327,1
1277,283,20231107,1
1261,79,20230822,1
5756,16,20230916,1
5196,392,20230328,1
1054,302,20230207,1
2906,69,20230213,1
3952,263,20230805,1
3802,447,20230601,1
517,14,20230701,1
69,63,20230805,1
3936,440,20231202,1
3494,224,20231205,1
4853,389,20230612,1
2957,366,20230228,1
63,465,20230217,1
3891,294,20230212,1
4900,141,20230708,1
220,272,20230302,1
4637,380,20230601,1
4774,347,20230717,1
4241,123,20230601,1
5887,96,20230917,1
736,40,20230924,1
1153,18,20230821,1
161,404,20230417,1
962,162,20230401,1
2740,123,20230510,1
5114,121,20230529,1
2727,498,20230814,1
3156,317,20230201,1
923,304,20231018,1
3837,400,20231220,1
1768,382,20230821,1
607,168,20230223,1
3588,102,20230611,1
4242,489,20230609,1
1193,27,20231205,1
5388,72,20230523,1
5393,297,20231104,1
4648,123,20230504,1
525,6,20231205,1
4901,370,20230616,1
1103,12,20230406,1
4542,146,20230429,1
2114,208,20230114,1
4978,211,20230213,1
4793,186,20231031,1
4076,357,20230113,1
2221,281,20230729,1
5205,246,20230818,1
2219,429,20230130,1
4814,496,20230116,1
1800,391,20230429,1
4707,149,20230906,1
3548,377,20230925,1
1588,212,20231022,1
3448,129,20230227,1
1840,188,20231203,1
5451,40,20231206,1
5336,344,20230108,1
574,177,20230329,1
699,469,20230303,1
1027,379,20230423,1
3,390,20230316,1
2304,454,20230323,1
5234,319,20230420,1
216,200,20230106,1
1451,469,20230321,1
4669,172,20230510,1
2645,498,20230203,1
1330,361,20230119,1
2249,178,20230509,1
4244,337,20230623,1
2615,53,20231014,1
3614,80,20230520,1
667,390,20230504,1
4311,491,20230118,1
3017,110,20230916,1
5692,345,20230209,1
4876,460,20230308,1
4544,46,20230929,1
3276,500,20230814,1
4469,166,20230825,1
356,314,20230226,1
5098,377,20230503,1
1657,101,20230908,1
5825,2,20230217,1
5749,228,20231125,1
2089,407,20230321,1
5644,373,20230407,1
5248,2,20230309,1
5071,55,20230127,1
2783,373,20230715,1
4364,341,20230504,1
143,348,20230901,1
617,236,20230107,1
986,330,20231007,1
259,353,20230310,1
5507,312,20230516,1
3539,161,20230820,1
3404,400,20230510,1
3791,97,20230219,1
3777,287,20231102,1
3648,161,20230929,1
502,392,20231019,1
2891,243,20230105,1
509,80,20230725,1
4625,144,20230704,1
5417,288,20231013,1
1921,42,20230427,1
1104,151,20230128,1
2919,146,20230614,1
682,78,20231215,1
4237,300,20230414,1
3986,476,20230926,1
4874,378,20230502,1
2688,268,20230622,1
1726,42,20230401,1
1638,492,20230413,1
2198,195,20230630,1
1054,326,20231207,1
107,293,20230628,1
4249,315,20230821,1
4733,498,20230413,1
2279,184,20231221,1
1965,319,20231018,1
5039,480,20230824,1
5684,314,20230614,1
5403,323,20230118,1
218,103,20231017,1
3033,315,20231126,1
3997,4,20231207,1
566,388,20231117,1
2998,455,20230329,1
1050,449,20230410,1
4468,22,20230813,1
1041,355,20230313,1
2633,275,20230407,1
3,132,20230208,1
241,452,20230718,1
5217,156,20230125,1
2237,122,20230727,1
3388,352,20230801,1
777,413,20230710,1
2310,428,20230721,1
2065,410,20230830,1
2014,440,20230514,1
3417,155,20230610,1
4595,116,20230727,1
2459,1,20230623,1
359,135,20230425,1
1322,4,20230113,1
4603,25,20230923,1
1019,74,20231207,1
2764,434,20231224,1
2275,235,20231001,1
5905,247,20231223,1
916,32,20230702,1
5444,113,20230619,1
990,206,20231026,1
3474,442,20231129,1
1440,493,20230412,1
4243,363,20230523,1
3529,363,20230926,1
3095,386,20230831,1
4647,271,20231223,1
1443,156,20230411,1
5904,5,20230209,1
3890,66,20231128,1
4312,31,20230426,1
2019,280,20231129,1
1765,269,20230913,1
2603,242,20231031,1
1223,55,20230613,1
5425,38,20230806,1
1511,159,20230108,1
624,39,20231018,1
2450,260,20230320,1
5757,455,20231030,1
1430,429,20230304,1
1074,411,20230420,1
1912,340,20230306,1
5999,32,20230921,1
1895,489,20230502,1
17,61,20231013,1
721,121,20230714,1
794,240,20231104,1
1696,88,20230221,1
4180,127,20231219,1
1639,264,20231207,1
1347,102,20231202,1
5565,159,20230805,1
239,280,20230324,1
4776,143,20230817,1
2314,332,20230513,1
2002,353,20231026,1
617,125,20230814,1
1201,160,20230107,1
5377,112,20231211,1
3980,153,20230708,1
3009,373,20230307,1
1137,27,20231222,1
5581,366,20230619,1
5550,204,20230915,1
574,9,20230502,1
2405,325,20230329,1
5923,405,20231126,1
3012,128,20230826,1
2005,387,20230818,1
3386,132,20230624,1
5758,120,20230215,1
3603,26,20230412,1
5750,286,20231028,1
3563,486,20231207,1
1268,192,20230107,1
2562,332,20231109,1
1029,130,20231004,1
1313,143,20230308,1
995,91,20230405,1
3085,348,20230723,1
647,331,20230730,1
4687,270,20230119,1
3415,332,20231024,1
3434,101,20231218,1
4036,225,20230121,1
568,283,20230123,1
2052,272,20230115,1
1030,179,20230208,1
4589,47,20230507,1
262,58,20230213,1
1322,496,20230422,1
5158,160,20231116,1
5220,400,20231004,1
1962,91,20231123,1
555,44,20230514,1
1354,421,20230417,1
2236,444,20231120,1
898,149,20230324,1
2954,379,20231117,1
4183,169,20230226,1
3463,442,20230505,1
1232,301,20231104,1
4132,435,20230928,1
1990,418,20231106,1
1897,439,20230805,1
1190,493,20230510,1
4656,426,20231216,1
4073,487,20231210,1
2530,495,20230630,1
80,194,20230428,1
4351,387,20230520,1
2446,237,20230401,1
5950,322,20230307,1
642,311,20230523,1
721,88,20231224,1
797,397,20230329,1
5445,74,20231116,1
682,356,20230623,1
895,237,20230418,1
5058,55,20230321,1
3286,260,20230119,1
3999,389,20230715,1
1230,158,20231105,1
1142,4,20231024,1
1976,151,20231029,1
2,207,20230829,1
1714,341,20231016,1
2114,49,20230503,1
3210,423,20230716,1
5214,97,20230415,1
830,459,20230922,1
5450,306,20231123,1
547,480,20230204,1
1752,209,20230603,1
5586,6,20230731,1
5982,324,20231230,1
4055,376,20230705,1
1681,387,20230605,1
2936,199,20231001,1
4246,113,20231029,1
2313,321,20230203,1
3185,37,20231002,1
4209,228,20230601,1
524,53,20230415,1
4634,458,20231119,1
4062,411,20230605,1
432,170,20230522,1
211,119,20231015,1
1311,460,20231203,1
2439,414,20230518,1
2684,444,20230712,1
4514,477,20230331,1
4161,63,20230601,1
4648,26,20231023,1
4166,250,20231106,1
4884,247,20231016,1
5746,229,20230314,1
4143,23,20231216,1
3571,30,20230129,1
4664,372,20231117,1
2221,349,20230421,1
5835,326,20230405,1
5088,262,20230616,1
2932,479,20230305,1
4309,99,20230429,1
290,364,20230224,1
476,173,20230831,1
1314,424,20230323,1
1062,76,20231012,1
3297,318,20230728,1
460,167,20230215,1
2920,64,20231226,1
163,208,20230911,1
5876,317,20230713,1
2399,413,20230322,1
4412,145,20230929,1
3328,132,20230308,1
2385,396,20230509,1
5154,130,20230104,1
3808,495,20230613,1
1389,307,20231219,1
3029,369,20230927,1
5176,127,20231014,1
3768,199,20230412,1
3692,313,20230301,1
4147,169,20230717,1
4452,50,20230907,1
3765,302,20230409,1
5520,221,20230330,1
3217,319,20230805,1
1115,408,20230310,1
2785,279,20230827,1
253,265,20230728,1
3302,56,20230816,1
2182,339,20230524,1
750,398,20230628,1
3115,137,20230925,1
979,113,20230921,1
2307,107,20230114,1
3516,75,20231202,1
94,13,20230517,1
4206,167,20231203,1
1944,122,20230929,1
3863,446,20230509,1
387,411,20230319,1
3374,375,20231205,1
2163,145,20230326,1
5596,266,20231223,1
1735,425,20230918,1
743,341,20230227,1
1480,307,20230122,1
2032,460,20231031,1
3149,113,20230504,1
3117,16,20231119,1
1460,130,20231119,1
297,149,20230806,1
4203,253,20230108,1
543,8,20230116,1
2045,33,20230626,1
2603,361,20230830,1
1314,208,20230605,1
4233,15,20230419,1
682,25,20230829,1
5980,170,20231127,1
2927,151,20230601,1
4412,263,20230102,1
3071,226,20230115,1
2675,424,20230927,1
5945,340,20230320,1
5401,158,20230216,1
4302,18,20230915,1
5995,331,20230518,1
5750,65,20231127,1
2064,28,20231021,1
1463,26,20230621,1
2189,52,20230601,1
5680,459,20230508,1
3692,2,20230930,1
2172,102,20230120,1
4362,246,20230214,1
3964,222,20230304,1
1492,432,20230310,1
3160,52,20230222,1
2062,111,20230701,1
1595,368,20231020,1
5237,16,20230412,1
4661,447,20230622,1
2084,79,20230406,1
5024,326,20231129,1
1039,373,20230727,1
560,317,20230211,1
4384,60,20230811,1
1930,258,20231018,1
1517,224,20230126,1
4711,385,20230820,1
5902,316,20230210,1
1708,11,20230423,1
2820,253,20230119,1
815,49,20230113,1
4077,449,20231221,1
3334,294,20230410,1
1904,331,20230202,1
5398,117,20230818,1
3660,467,20230327,1
4835,285,20231211,1
2438,483,20230516,1
4504,481,20230628,1
1190,130,20230908,1
4439,376,20230226,1
3885,112,20230327,1
4817,203,20230717,1
5102,411,20230515,1
5366,103,20231212,1
348,328,20230518,1
819,134,20230826,1
1681,139,20231124,1
2258,47,20230822,1
5906,201,20230526,1
1256,8,20230419,1
519,219,20231202,1
565,391,20230805,1
5225,4,20230809,1
5279,372,20231114,1
2095,333,20230531,1
2989,453,20230904,1
4602,369,20230829,1
4880,16,20231225,1
5033,219,20231122,1
2204,49,20230620,1
3707,380,20230605,1
3631,312,20230118,1
2078,136,20231024,1
4901,40,20230905,1
5775,253,20231105,1
2703,314,20230425,1
5207,390,20230711,1
636,106,20230403,1
4974,88,20230709,1
2221,211,20230628,1
4112,395,20230629,1
4230,357,20230607,1
274,192,20231215,1
1698,303,20230317,1
5113,73,20230510,1
5675,274,20230917,1
325,181,20230302,1
5564,107,20231212,1
3144,179,20231207,1
4197,117,20230222,1
5641,168,20230925,1
3156,26,20231009,1
2616,62,20231118,1
3667,165,20230225,1
28,177,20230317,1
2232,240,20231003,1
292,174,20231013,1
4560,448,20230111,1
1928,404,20230806,1
3211,228,20231222,1
505,82,20230726,1
4667,371,20230109,1
2583,56,20230528,1
5938,482,20230121,1
4197,98,20230131,1
57,326,20231030,1
1016,66,20231228,1
1031,446,20231117,1
3822,245,20231020,1
4994,443,20230314,1
1255,105,20230430,1
3570,151,20231126,1
2030,17,20231024,1
3392,56,20230628,1
4104,246,20230412,1
3065,262,20230608,1
2264,475,20231011,1
5989,285,20230906,1
4828,158,20230913,1
2504,405,20230719,1
1125,94,20231121,1
3489,151,20231219,1
1921,351,20231201,1
4234,361,20230809,1
4174,195,20230606,1
5856,212,20231209,1
1608,324,20230511,1
5664,200,20230425,1
1329,418,20230801,1
3508,318,20230219,1
2350,195,20230616,1
386,358,20231224,1
2389,224,20230410,1
5656,73,20230506,1
1607,427,20231104,1
5308,147,20231011,1
4597,498,20230421,1
5777,110,20230105,1
1007,30,20231218,1
1073,47,20230112,1
2223,188,20230209,1
4550,418,20230124,1
3539,460,20231108,1
3659,330,20230613,1
1103,270,20230910,1
5981,154,20230625,1
4692,2,20230703,1
5920,318,20231025,1
4572,138,20231025,1
1763,266,20230927,1
985,36,20230517,1
5282,135,20231108,1
2183,132,20230716,1
1174,340,20230917,1
1449,30,20231208,1
4833,482,20230113,1
880,353,20230812,1
2152,38,20230927,1
395,90,20230924,1
933,106,20231017,1
2794,198,20231129,1
2331,495,20231108,1
4624,292,20230107,1
5002,144,20230627,1
1883,419,20230710,1
5320,19,20231210,1
4301,233,20230528,1
2246,206,20230804,1
3245,4,20231126,1
4041,78,20230702,1
5909,237,20231111,1
4749,332,20231224,1
2360,19,20231118,1
1833,87,20231024,1
2934,254,20230918,1
3176,90,20231020,1
530,162,20231001,1
3859,371,20230910,1
4110,72,20231119,1
490,229,20231119,1
2359,423,20231217,1
140,12,20230921,1
2726,41,20230914,1
5706,304,20231015,1
2301,26,20230903,1
1601,39,20230323,1
4435,283,20230306,1
4440,72,20230515,1
4651,411,20231027,1
3377,7,20230310,1
5646,193,20230717,1
24,443,20230520,1
1699,71,20230828,1
3233,257,20230912,1
2351,324,20230113,1
5527,369,20230203,1
1003,190,20231220,1
5776,257,20230628,1
4914,88,20230827,1
3450,224,20231203,1
1784,96,20231002,1
1863,321,20231214,1
1298,224,20230628,1
2820,222,20230114,1
5401,253,20230914,1
2982,55,20230423,1
4808,75,20230227,1
4082,98,20230627,1
2403,78,20230222,1
3990,431,20230521,1
3493,390,20231205,1
444,304,20230630,1
4776,250,20230806,1
5091,194,20231007,1
5627,493,20230203,1
5646,396,20231019,1
5329,167,20230505,1
4167,92,20230121,1
4076,191,20230914,1
5969,392,20230809,1
2540,493,20230415,1
2522,40,20231014,1
3091,448,20231217,1
3423,40,20230712,1
4936,176,20231223,1
393,23,20231102,1
4644,461,20230501,1
3811,30,20230601,1
1547,161,20231016,1
1492,193,20230323,1
5386,500,20230908,1
176,399,20231103,1
4054,59,20231130,1
1999,134,20230515,1
4687,315,20230327,1
4512,46,20230716,1
946,318,20230203,1
1343,339,20230206,1
1708,237,20230118,1
3045,496,20231108,1
3795,59,20230219,1
1094,103,20231024,1
1948,85,20230424,1
2205,129,20230321,1
3722,142,20230702,1
1817,15,20230706,1
3127,219,20231031,1
5937,47,20230807,1
1679,439,20230303,1
3488,263,20230609,1
1501,55,20230721,1
5749,50,20230508,1
1584,459,20230916,1
636,232,20230414,1
5230,355,20230202,1
3854,263,20230406,1
5986,106,20231020,1
2785,493,20230619,1
5593,134,20230715,1
4944,472,20231015,1
3927,151,20230812,1
1704,426,20230511,1
3175,142,20231008,1
5154,152,20230929,1
3762,386,20231216,1
216,102,20231031,1
4094,140,20230918,1
2394,220,20230202,1
3670,49,20231119,1
146,338,20230401,1
4923,460,20231018,1
5586,278,20230327,1
4712,463,20230318,1
1302,337,20231008,1
77,211,20231225,1
165,341,20231201,1
976,336,20230225,1
1493,435,20231012,1
1648,10,20230103,1
2521,74,20230324,1
3786,459,20230723,1
1097,38,20230120,1
2238,408,20230509,1
3795,407,20230709,1
5049,392,20230314,1
4726,72,20230407,1
4777,262,20230721,1
3258,165,20230428,1
5012,371,20230819,1
2950,93,20230822,1
2536,371,20231206,1
913,44,20230624,1
1606,366,20230315,1
1157,463,20230410,1
5153,371,20230907,1
1338,238,20231010,1
2434,460,20231221,1
5768,318,20230730,1
2693,414,20230526,1
2187,118,20230105,1
1594,178,20231018,1
1327,420,20230119,1
2079,67,20231228,1
2262,178,20231027,1
4229,284,20230103,1
3485,121,20230417,1
590,52,20230410,1
3085,470,20230708,1
4239,483,20230429,1
4281,63,20230707,1
939,182,20230102,1
4823,304,20231129,1
3565,288,20230813,1
2824,209,20231102,1
1253,199,20230225,1
3334,331,20230901,1
1311,441,20230917,1
2564,434,20230923,1
56,102,20230314,1
4994,42,20230213,1
3353,292,20230807,1
3489,457,20230722,1
5997,218,20230307,1
1405,184,20230627,1
4537,419,20230521,1
3358,380,20230808,1
2458,367,20230411,1
859,415,20230228,1
4985,238,20231026,1
3320,421,20230219,1
4644,297,20230415,1
5548,84,20230910,1
1424,229,20231119,1
437,87,20231222,1
185,326,20230711,1
3029,353,20230715,1
1003,288,20230806,1
4568,450,20230113,1
1782,229,20231114,1
1828,409,20231018,1
1124,323,20230107,1
3283,121,20230411,1
3487,489,20230317,1
5507,107,20230403,1
67,469,20230216,1
3539,307,20230910,1
4573,265,20230125,1
5852,247,20230331,1
5320,369,20230830,1
1284,86,20230723,1
499,442,20230211,1
5430,403,20230707,1
5,303,20230528,1
5091,209,20231201,1
1925,128,20230920,1
5263,274,20230114,1
5510,33,20231127,1
4819,342,20230217,1
3876,241,20230521,1
2261,37,20230704,1
1248,229,20230318,1
2530,197,20231020,1
5775,381,20231223,1
5389,161,20230915,1
5335,157,20230828,1
3214,180,20230220,1
886,458,20230407,1
2295,101,20230511,1
4229,256,20230412,1
3573,373,20230822,1
385,204,20230331,1
5558,439,20230927,1
3927,393,20230531,1
2151,105,20230309,1
4815,490,20230418,1
257,266,20230331,1
3953,379,20230524,1
2849,157,20231214,1
3762,113,20230605,1
4298,330,20230105,1
738,415,20230617,1
277,6,20231014,1
5933,188,20231104,1
3981,214,20230316,1
369,132,20231119,1
5833,487,20231229,1
2659,25,20230117,1
4949,107,20231226,1
4001,213,20230122,1
3571,307,20230814,1
407,72,20231025,1
5986,54,20231222,1
2360,464,20230708,1
3754,204,20231023,1
5238,339,20230821,1
963,248,20231026,1
2983,419,20230831,1
3908,65,20230626,1
2550,65,20230920,1
5490,425,20230818,1
3444,206,20231222,1
1632,406,20230917,1
5620,190,20230709,1
4812,290,20231026,1
2168,274,20230203,1
4358,390,20231003,1
3167,216,20230626,1
27,401,20230524,1
4749,280,20230131,1
2328,174,20230904,1
3450,182,20230320,1
1753,368,20231030,1
932,332,20231009,1
4152,291,20230726,1
5350,355,20231028,1
5567,102,20230920,1
2766,463,20230912,1
227,70,20230328,1
1587,424,20230907,1
87,339,20230913,1
5529,223,20230216,1
4275,351,20231010,1
1952,455,20230519,1
3018,344,20230225,1
691,165,20230504,1
4084,107,20230624,1
1560,263,20230424,1
5786,406,20230313,1
5715,280,20231125,1
3697,241,20230808,1
4882,39,20230320,1
3473,185,20231107,1
3023,131,20230425,1
285,391,20231219,1
4789,415,20230119,1
1571,455,20231220,1
2066,68,20230514,1
1984,446,20230811,1
5203,161,20230527,1
4438,164,20230510,1
2752,243,20230415,1
5003,231,20230501,1
1271,427,20230828,1
1759,227,20230303,1
4878,391,20231212,1
2593,252,20230913,1
4148,121,20230219,1
5603,320,20230117,1
5017,60,20230820,1
4312,150,20231109,1
1930,261,20230723,1
3059,370,20231031,1
2183,296,20230811,1
5976,417,20230206,1
2882,376,20230422,1
4222,24,20230216,1
98,311,20230813,1
1046,426,20230616,1
626,368,20230401,1
1930,340,20231122,1
3180,484,20230806,1
3982,281,20230216,1
4023,299,20230829,1
4737,331,20230419,1
3308,177,20230517,1
3104,326,20230324,1
5847,156,20230102,1
2550,191,20230517,1
2423,423,20230118,1
1044,300,20230602,1
3248,18,20230101,1
4935,118,20230127,1
1901,276,20230519,1
3966,416,20231112,1
1642,309,20230610,1
4130,318,20230724,1
3745,162,20231014,1
3452,116,20231130,1
4833,432,20230423,1
5031,99,20230903,1
3386,168,20231020,1
4487,132,20230727,1
1932,257,20230906,1
4710,429,20230512,1
3709,114,20230213,1
977,399,20231114,1
1695,243,20231017,1
3489,226,20230409,1
5590,204,20230108,1
3773,57,20230122,1
3271,469,20231226,1
735,466,20230720,1
829,416,20230102,1
1636,154,20231213,1
4589,216,20230730,1
3058,393,20230617,1
3927,335,20231009,1
3072,435,20230920,1
3683,135,20230608,1
3584,227,20230717,1
3201,87,20230618,1
4805,223,20230504,1
4807,493,20230516,1
2473,231,20231030,1
3875,202,20231215,1
4780,242,20231220,1
4920,119,20230721,1
2219,25,20230818,1
5764,276,20230129,1
1120,59,20230527,1
1412,413,20230826,1
1149,37,20231115,1
2104,74,20230801,1
3226,464,20231226,1
499,302,20230317,1
3326,94,20231207,1
4075,367,20230217,1
3950,8,20230331,1
4230,323,20230713,1
1295,30,20231224,1
2278,111,20230331,1
1286,320,20230806,1
3760,482,20230812,1
1016,282,20230801,1
5334,361,20230501,1
2264,102,20230831,1
203,117,20230829,1
3192,116,20230611,1
3798,387,20230811,1
4127,140,20231001,1
3344,154,20231102,1
2722,21,20230702,1
5619,166,20230804,1
781,93,20230330,1
260,275,20230916,1
4565,467,20230326,1
1349,440,20230304,1
3478,168,20230628,1
5145,274,20230827,1
3874,118,20230206,1
5751,321,20230806,1
5825,289,20230502,1
3321,396,20230318,1
91,316,20231213,1
1404,140,20230820,1
4864,354,20230611,1
5093,29,20230616,1
5788,375,20230108,1
5548,482,20231005,1
638,61,20230702,1
3578,338,20230517,1
4313,267,20230427,1
4115,209,20230928,1
1487,393,20231229,1
1113,467,20230704,1
5797,479,20230419,1
3968,45,20231215,1
5671,372,20230808,1
4785,163,20230228,1
1976,180,20230724,1
336,405,20230601,1
5769,272,20230813,1
3775,302,20230625,1
2287,145,20230718,1
295,427,20230222,1
499,375,20230122,1
389,355,20230311,1
3097,275,20231110,1
2193,17,20230506,1
2772,28,20230616,1
4462,83,20230829,1
2539,79,20230107,1
2646,55,20230629,1
3190,77,20231122,1
2616,487,20231223,1
5720,449,20230224,1
4158,90,20230802,1
992,433,20230918,1
5462,129,20230202,1
5440,225,20231114,1
2669,146,20231205,1
1485,156,20230329,1
4064,162,20230626,1
3102,262,20230725,1
2061,441,20230530,1
3207,297,20230722,1
5092,335,20231130,1
5235,485,20230110,1
5907,492,20230705,1
1468,246,20231108,1
5752,454,20230119,1
5041,38,20230718,1
5307,45,20230418,1
2904,84,20231130,1
1042,126,20230723,1
1640,227,20231207,1
2798,362,20230427,1
361,45,20231111,1
4536,460,20230326,1
2020,32,20230714,1
4460,62,20230707,1
4128,305,20230211,1
3635,301,20230610,1
3481,397,20230219,1
882,71,20230813,1
4860,470,20230412,1
4061,311,20230406,1
5576,162,20230326,1
368,316,20230521,1
1440,128,20230607,1
3668,234,20231027,1
5332,195,20230123,1
1754,63,20230703,1
5682,334,20231015,1
27,375,20230623,1
5528,18,20230423,1
5500,164,20230514,1
357,181,20230711,1
3799,333,20231228,1
2164,471,20231124,1
3166,24,20230604,1
3095,285,20230409,1
608,316,20230101,1
1213,278,20230927,1
4567,147,20230401,1
5967,290,20230222,1
5893,313,20230407,1
1216,305,20230426,1
3550,231,20231124,1
4397,353,20230116,1
4039,96,20230227,1
831,264,20231203,1
1139,475,20230321,1
2248,124,20231120,1
1840,466,20230819,1
4541,400,20231105,1
5756,48,20230628,1
5008,189,20231124,1
3191,90,20230909,1
5090,376,20230729,1
1888,409,20230617,1
1490,129,20230725,1
2583,288,20230829,1
1360,239,20230912,1
1468,200,20230924,1
5592,151,20231011,1
759,274,20230228,1
3634,206,20230901,1
1778,147,20230720,1
3960,271,20230427,1
2651,401,20230625,1
4780,131,20231224,1
17,17,20231210,1
3249,367,20230829,1
437,156,20230910,1
2425,408,20230409,1
4765,96,20231114,1
1793,401,20230729,1
5290,430,20231104,1
2648,34,20230716,1
2173,59,20230314,1
3245,183,20230203,1
1247,126,20230723,1
2128,333,20230419,1
3380,338,20230308,1
5851,153,20230710,1
3236,470,20230524,1
5737,215,20230911,1
4637,193,20230427,1
1104,72,20231023,1
3554,263,20230125,1
252,350,20230531,1
791,250,20230919,1
1891,1,20230610,1
5504,415,20231217,1
2568,353,20231008,1
4402,349,20230619,1
2339,332,20231231,1
4787,18,20230506,1
4636,275,20230430,1
5942,176,20230830,1
5812,481,20230930,1
1087,305,20230719,1
4841,370,20230312,1
724,38,20230212,1
3474,494,20231130,1
35,350,20230211,1
1286,121,20230316,1
5188,221,20231029,1
5231,355,20230130,1
5778,42,20231120,1
3006,236,20230908,1
5217,179,20230606,1
5314,422,20231015,1
1772,222,20230426,1
3471,111,20230516,1
816,358,20231028,1
2653,137,20230226,1
4849,170,20230819,1
1600,454,20230915,1
4245,55,20230314,1
2356,49,20230620,1
1436,346,20231020,1
693,48,20231003,1
688,133,20230418,1
5862,156,20231219,1
2438,313,20230511,1
648,199,20230529,1
2568,100,20231005,1
1807,215,20230307,1
37,306,20230406,1
2166,196,20231031,1
5544,325,20230826,1
3781,270,20230324,1
1677,219,20230205,1
2573,458,20230831,1
4376,302,20231211,1
5886,235,20230623,1
5428,58,20230927,1
498,464,20231227,1
4873,291,20230425,1
3981,84,20231029,1
1803,260,20230906,1
510,389,20230520,1
1110,341,20230514,1
4292,480,20230623,1
26,269,20231122,1
5679,454,20231123,1
2801,116,20230831,1
212,48,20231112,1
374,307,20230209,1
3360,37,20230819,1
4090,490,20231201,1
1770,454,20231006,1
554,88,20230706,1
4971,164,20230901,1
4046,110,20231012,1
4160,104,20230612,1
2259,231,20230520,1
5992,67,20230824,1
5011,97,20230830,1
1743,262,20230911,1
4762,386,20230325,1
2960,74,20231015,1
3010,485,20230530,1
5416,450,20230218,1
3079,485,20230406,1
6000,1,20230105,1
1806,276,20230113,1
1493,65,20230511,1
5782,19,20230615,1
4907,481,20230809,1
5796,135,20230809,1
2425,256,20230730,1
5549,483,20230811,1
1317,317,20231112,1
5349,195,20230308,1
3345,450,20230713,1
2088,280,20230701,1
205,403,20230207,1
2163,126,20230219,1
3116,262,20230302,1
4207,138,20230424,1
4363,465,20230827,1
4082,213,20230612,1
5029,462,20231110,1
1565,469,20230129,1
5460,215,20230120,1
5810,63,20230820,1
4374,383,20230520,1
375,125,20231228,1
5957,189,20230227,1
458,274,20230429,1
5720,222,20231022,1
3716,95,20230208,1
5757,229,20230718,1
3695,179,20230523,1
1462,299,20231219,1
3464,378,20230602,1
4671,354,20230331,1
1673,2,20230414,1
2472,473,20230702,1
1213,297,20231201,1
4803,130,20230304,1
5177,116,20230315,1
2147,343,20231202,1
1290,217,20230914,1
4693,292,20230731,1
1870,14,20231028,1
5303,365,20230416,1
4850,372,20230517,1
5786,250,20230221,1
1009,19,20230608,1
2836,491,20230108,1
5620,86,20230807,1
2293,356,20230101,1
867,81,20230221,1
785,322,20230317,1
3684,51,20230401,1
3136,224,20230125,1
2160,302,20230105,1
3595,220,20231207,1
4033,201,20230617,1
883,218,20230913,1
1784,277,20230925,1
3155,378,20230121,1
5940,287,20230819,1
2912,150,20230821,1
3594,280,20230812,1
5695,158,20230330,1
4784,102,20230626,1
2867,333,20230125,1
3204,360,20230730,1
3206,222,20230612,1
21,416,20230212,1
1161,47,20231120,1
5228,378,20230610,1
5053,301,20230820,1
5173,415,20231124,1
5170,151,20231129,1
2483,490,20230204,1
1222,216,20231211,1
774,434,20231022,1
4399,130,20230322,1
189,159,20230718,1
4636,138,20231215,1
1700,108,20230503,1
3252,347,20230706,1
4230,77,20230924,1
4771,306,20230520,1
409,116,20230519,1
1187,400,20230317,1
2006,204,20230316,1
5609,171,20231014,1
451,186,20231116,1
2783,243,20230518,1
1230,250,20230329,1
1475,444,20231001,1
3688,200,20231020,1
980,173,20231009,1
2092,232,20230524,1
3470,256,20230901,1
84,447,20230714,1
886,103,20230523,1
618,443,20230518,1
5062,241,20230426,1
1265,33,20231017,1
2102,337,20230413,1
571,339,20230119,1
1208,189,20230304,1
4133,110,20230123,1
1514,323,20230624,1
4068,166,20231109,1
4518,192,20230516,1
132,410,20231216,1
5580,378,20231213,1
1276,214,20230220,1
1167,137,20231203,1
5147,198,20231029,1
2907,7,20230520,1
2607,132,20231007,1
1612,242,20230908,1
1134,480,20230507,1
3166,445,20230524,1
5397,273,20230522,1
3283,298,20230720,1
3635,223,20230202,1
1392,355,20230605,1
4608,428,20230704,1
4904,232,20230228,1
4151,180,20231015,1
5348,169,20230110,1
1954,258,20231221,1
4075,134,20230813,1
4163,341,20230619,1
3226,349,20230517,1
2917,108,20230921,1
4513,284,20231209,1
300,231,20230421,1
2342,329,20230421,1
4359,27,20230214,1
4974,318,20230929,1
1308,108,20230501,1
2590,235,20230215,1
269,236,20230619,1
4497,500,20230506,1
3255,449,20231018,1
2341,17,20230424,1
4181,42,20230630,1
4950,147,20230321,1
2770,431,20230402,1
5201,292,20230614,1
4623,12,20230312,1
4229,366,20230315,1
659,36,20230920,1
5785,474,20230218,1
1254,11,20230818,1
5227,220,20230610,1
4473,255,20230516,1
2571,68,20230731,1
3120,83,20231217,1
2577,295,20230725,1
665,39,20230820,1
1709,167,20231024,1
3016,471,20231231,1
3254,464,20230728,1
3818,395,20230712,1
4937,386,20230907,1
5593,493,20231221,1
3153,267,20230526,1
2116,443,20231126,1
2418,236,20230321,1
4859,103,20230115,1
4417,75,20230226,1
2695,436,20230427,1
2183,78,20230314,1
2231,480,20230906,1
3185,485,20231104,1
983,407,20231226,1
1389,436,20230211,1
284,53,20230526,1
1278,255,20230928,1
5216,315,20230703,1
5503,280,20230727,1
481,51,20230205,1
2210,176,20230925,1
433,356,20231222,1
2291,383,20230421,1
835,228,20230222,1
4606,88,20230306,1
1896,373,20230522,1
677,179,20231030,1
2839,459,20230120,1
647,239,20230325,1
2098,474,20230113,1
1926,225,20230417,1
1492,55,20231231,1
4423,132,20230909,1
2963,120,20231118,1
3311,288,20231008,1
4175,361,20230501,1
1340,93,20230628,1
3306,369,20230427,1
936,217,20230815,1
1198,404,20230129,1
966,187,20230907,1
5027,319,20230730,1
1597,48,20230915,1
3426,370,20230909,1
3678,319,20230728,1
2130,258,20231225,1
3894,298,20231229,1
3886,150,20230709,1
2398,15,20231223,1
264,413,20230320,1
2533,491,20230817,1
2384,454,20230103,1
2176,248,20230426,1
1007,125,20230617,1
2487,379,20231106,1
764,348,20231214,1
963,349,20230514,1
1365,343,20230601,1
1681,43,20230218,1
2009,257,20230907,1
316,203,20230122,1
5510,213,20230704,1
3616,77,20230113,1
1235,147,20230915,1
3806,386,20230804,1
3183,150,20230524,1
5126,183,20230725,1
1287,311,20231225,1
315,496,20231117,1
2913,407,20230830,1
1060,146,20230330,1
3830,417,20231029,1
2960,21,20230312,1
2870,248,20230201,1
3011,101,20231113,1
5771,272,20230422,1
1549,332,20230413,1
3247,487,20231201,1
3517,83,20230713,1
5874,32,20230918,1
4078,342,20231010,1
1910,187,20230609,1
1027,137,20230519,1
4826,117,20230120,1
976,347,20230924,1
2020,100,20230728,1
4808,477,20230610,1
2377,409,20230801,1
4708,291,20231017,1
3331,399,20230624,1
1665,140,20230729,1
4775,133,20230312,1
1888,468,20230327,1
1352,450,20230915,1
3709,370,20230605,1
4838,208,20230811,1
4769,232,20231018,1
3014,296,20230309,1
4734,311,20230914,1
4640,101,20231228,1
2089,477,20230319,1
3206,465,20231030,1
3841,86,20230820,1
4225,478,20230621,1
4756,277,20231005,1
2284,128,20231030,1
1026,435,20231011,1
1413,472,20230920,1
2754,87,20230405,1
345,318,20230510,1
5895,481,20230604,1
3413,203,20230704,1
4916,5,20230612,1
747,153,20231210,1
1233,416,20231119,1
4789,262,20230404,1
2525,319,20230120,1
4073,219,20230909,1
3310,285,20230923,1
350,394,20230711,1
2827,375,20231015,1
355,139,20230524,1
1777,33,20230323,1
4242,215,20230729,1
3032,423,20230118,1
1692,173,20230305,1
557,460,20231010,1
179,491,20230808,1
5205,153,20230721,1
4344,318,20231026,1
4583,161,20231209,1
1474,376,20230104,1
5601,334,20230516,1
1550,350,20230513,1
3527,388,20230916,1
342,194,20230831,1
1329,49,20230225,1
1827,126,20230423,1
3031,246,20230421,1
3190,295,20230424,1
3648,94,20230422,1
5890,459,20230227,1
2649,249,20230520,1
159,267,20231115,1
653,122,20231007,1
5312,61,20230813,1
3594,258,20231010,1
724,293,20231210,1
4121,87,20230906,1
4807,407,20231229,1
365,484,20230116,1
5349,266,20230621,1
5378,350,20231209,1
4250,136,20230614,1
3764,240,20230714,1
5551,350,20230117,1
2875,97,20230609,1
4979,480,20230317,1
5302,181,20230305,1
1971,498,20230411,1
5362,395,20231113,1
2206,27,20230527,1
4675,188,20230828,1
5581,427,20230929,1
583,14,20230607,1
281,80,20231111,1
1609,439,20230624,1
1784,141,20230708,1
3495,86,20231130,1
5172,211,20230809,1
2551,388,20230102,1
1241,74,20230720,1
785,303,20230422,1
1191,55,20230223,1
5509,405,20230927,1
1030,302,20230524,1
3121,167,20230518,1
364,365,20230829,1
2707,430,20231208,1
1550,40,20230408,1
3157,194,20230714,1
3049,42,20230122,1
307,421,20230123,1
3676,200,20230113,1
1846,137,20231030,1
5739,382,20231030,1
4600,375,20231031,1
360,433,20230617,1
1008,150,20230227,1
3408,493,20231019,1
379,317,20231116,1
5813,210,20231108,1
5298,345,20231121,1
786,79,20230913,1
5005,258,20231120,1
2039,470,20230201,1
5687,269,20230420,1
3028,40,20230820,1
5577,118,20231012,1
4528,485,20230104,1
1993,220,20231201,1
388,7,20231114,1
3419,467,20230824,1
5935,247,20230107,1
897,111,20230605,1
4336,8,20231017,1
2461,321,20231026,1
1481,226,20231203,1
261,393,20230131,1
5526,382,20231028,1
81,211,20231214,1
1476,24,20230129,1
3378,264,20230522,1
4984,180,20231204,1
1149,168,20230305,1
1542,124,20230407,1
1082,250,20230111,1
4666,212,20230112,1
5597,41,20231005,1
3869,25,20230407,1
472,488,20230718,1
4372,42,20230919,1
2222,170,20231001,1
