follower_user_key,followed_user_key,action_date_key,network_action,is_active_follow
1477,446,20230903,Unfollow,0
615,253,20230114,Unfollow,0
113,1500,20230419,Follow,1
436,624,20230523,Unfollow,0
898,476,20230706,Follow,1
241,1624,20230605,Follow,1
784,67,20230316,Follow,1
1959,755,20230115,Follow,1
335,1932,20230119,Follow,1
1939,794,20230524,Unfollow,0
812,3,20231204,Unfollow,0
410,488,20231226,Follow,1
1779,1027,20231011,Follow,1
212,282,20230421,Follow,1
686,1640,20231009,Follow,1
326,920,20230525,Follow,1
222,1940,20230521,Follow,1
302,313,20230630,Follow,1
1060,1934,20230418,Follow,1
1732,1257,20230524,Unfollow,0
1574,147,20230628,Unfollow,0
1848,373,20230328,Follow,1
1091,342,20231012,Follow,1
849,1425,20231202,Follow,1
1585,1817,20230521,Follow,1
516,302,20230730,Follow,1
286,1232,20230102,Unfollow,0
1140,1274,20231107,Follow,1
233,1008,20231010,Follow,1
1878,1314,20230616,Follow,1
1638,1011,20230727,Follow,1
113,1747,20230508,Follow,1
704,1138,20230622,Unfollow,0
1774,1387,20230909,Unfollow,0
640,1274,20230807,Follow,1
1309,625,20231031,Follow,1
1314,1457,20230822,Follow,1
109,615,20231203,Follow,1
1828,328,20230820,Follow,1
249,1965,20231110,Follow,1
86,1257,20231022,Follow,1
160,772,20231227,Follow,1
541,86,20230711,Follow,1
44,1805,20230214,Follow,1
681,260,20230209,Unfollow,0
543,1298,20230313,Follow,1
1953,551,20231119,Follow,1
110,261,20230308,Follow,1
1233,354,20230630,Follow,1
729,409,20230719,Follow,1
858,276,20231206,Follow,1
545,1796,20230123,Unfollow,0
1820,937,20231120,Unfollow,0
1421,1982,20230320,Follow,1
1082,957,20230223,Unfollow,0
448,1951,20230810,Follow,1
835,1311,20230803,Follow,1
367,413,20230828,Unfollow,0
247,1080,20230818,Follow,1
593,1694,20230704,Follow,1
1733,858,20230527,Follow,1
1923,1676,20230515,Follow,1
84,1199,20230105,Follow,1
1866,255,20231107,Follow,1
444,814,20230628,Follow,1
605,38,20230617,Follow,1
1311,1390,20230926,Unfollow,0
20,519,20231226,Follow,1
1902,462,20230723,Follow,1
294,7,20230509,Follow,1
322,1540,20230326,Follow,1
623,250,20231008,Unfollow,0
753,158,20230604,Follow,1
898,1056,20230627,Unfollow,0
1713,296,20230115,Follow,1
763,464,20231222,Follow,1
933,947,20230306,Follow,1
1082,1088,20230331,Follow,1
371,594,20230702,Follow,1
23,1574,20231005,Follow,1
296,1316,20230114,Follow,1
736,168,20231112,Follow,1
877,1093,20231115,Follow,1
948,405,20231017,Follow,1
1524,925,20230722,Follow,1
1834,1756,20230419,Follow,1
201,1,20230727,Follow,1
594,1537,20230105,Unfollow,0
1944,1728,20231001,Follow,1
1371,39,20230910,Unfollow,0
449,1425,20230603,Follow,1
1394,1905,20230405,Follow,1
1326,1387,20230215,Follow,1
1754,1159,20230928,Follow,1
246,1202,20230513,Follow,1
1403,107,20231222,Follow,1
937,810,20230910,Follow,1
1262,1746,20230113,Follow,1
1979,810,20230426,Unfollow,0
1587,1891,20230411,Unfollow,0
161,1456,20230128,Follow,1
1938,989,20230510,Unfollow,0
149,930,20230103,Unfollow,0
1031,902,20231029,Follow,1
887,271,20230524,Follow,1
849,825,20230408,Unfollow,0
572,1382,20231103,Follow,1
1865,1375,20231028,Follow,1
791,664,20231001,Follow,1
888,221,20230713,Follow,1
1402,1371,20230518,Follow,1
1931,1585,20230322,Follow,1
1428,14,20230616,Follow,1
1508,257,20231129,Unfollow,0
1234,1837,20230111,Follow,1
1705,1418,20230319,Follow,1
897,1176,20230211,Follow,1
569,259,20230604,Follow,1
1241,1513,20230303,Follow,1
925,443,20231110,Follow,1
1994,348,20230417,Follow,1
1284,1374,20230529,Follow,1
109,1935,20230310,Follow,1
279,945,20230330,Follow,1
1360,3,20230216,Follow,1
1499,862,20231014,Follow,1
148,1334,20231209,Unfollow,0
871,1371,20231202,Follow,1
505,1964,20230329,Follow,1
994,1163,20230212,Follow,1
806,1624,20230202,Follow,1
1744,118,20230807,Follow,1
419,1786,20230719,Unfollow,0
1410,148,20230812,Follow,1
384,35,20230205,Follow,1
405,923,20231023,Follow,1
375,956,20230615,Follow,1
719,179,20230919,Follow,1
600,520,20231010,Follow,1
1690,228,20231001,Follow,1
267,1804,20231109,Follow,1
574,1568,20230316,Follow,1
348,1122,20230226,Follow,1
1317,423,20231014,Follow,1
462,754,20230825,Follow,1
1948,724,20230923,Unfollow,0
425,1504,20230217,Follow,1
651,1876,20231029,Follow,1
1543,351,20230322,Follow,1
599,917,20231105,Unfollow,0
1330,595,20230520,Follow,1
1746,1266,20230329,Follow,1
1681,332,20231029,Follow,1
465,779,20231124,Follow,1
1666,1262,20230407,Follow,1
1053,882,20231214,Follow,1
322,1086,20231118,Follow,1
1433,1394,20231220,Follow,1
1439,1932,20230310,Unfollow,0
1768,358,20230507,Unfollow,0
534,1386,20230320,Follow,1
1923,1324,20230227,Unfollow,0
1850,1441,20231212,Follow,1
1838,1880,20231223,Follow,1
845,1488,20230920,Follow,1
267,1932,20230908,Follow,1
962,346,20230401,Follow,1
983,251,20231002,Follow,1
938,767,20231007,Follow,1
1959,1020,20230505,Follow,1
342,191,20230107,Follow,1
1970,1547,20230617,Follow,1
216,42,20231228,Follow,1
1010,1662,20230625,Follow,1
780,1647,20231024,Follow,1
1937,775,20230527,Follow,1
1686,941,20230817,Follow,1
1382,1277,20230921,Follow,1
628,1223,20231029,Unfollow,0
1563,1037,20230414,Follow,1
976,948,20230504,Follow,1
786,197,20230518,Follow,1
1567,1286,20230702,Follow,1
829,1469,20231111,Follow,1
1729,1403,20230519,Follow,1
112,624,20231110,Follow,1
1606,572,20230530,Follow,1
1826,921,20231129,Follow,1
1525,979,20230729,Unfollow,0
674,1200,20230623,Follow,1
1359,935,20230918,Follow,1
830,1061,20230108,Unfollow,0
764,1096,20231111,Follow,1
806,672,20230309,Follow,1
1749,179,20230714,Follow,1
857,1253,20230609,Follow,1
789,811,20230414,Follow,1
1527,322,20231002,Follow,1
1218,151,20230324,Follow,1
744,1906,20230507,Follow,1
953,743,20231120,Unfollow,0
833,555,20230512,Follow,1
877,292,20231219,Unfollow,0
846,293,20230620,Follow,1
699,1977,20230813,Follow,1
883,1488,20230803,Unfollow,0
584,846,20231122,Follow,1
1221,1121,20230820,Follow,1
1765,337,20231219,Follow,1
1406,895,20230621,Follow,1
1410,970,20230428,Follow,1
896,638,20231009,Follow,1
1971,41,20230802,Follow,1
394,944,20230122,Follow,1
1386,1106,20230126,Follow,1
784,1574,20230104,Follow,1
1951,879,20230725,Unfollow,0
745,1710,20230622,Follow,1
689,463,20230225,Follow,1
1495,1293,20230331,Unfollow,0
801,576,20230115,Follow,1
1179,1397,20231021,Follow,1
1891,1306,20230902,Follow,1
963,513,20230913,Unfollow,0
991,1670,20230513,Follow,1
684,413,20230818,Follow,1
1038,463,20230618,Follow,1
1727,71,20230626,Follow,1
1172,117,20231024,Follow,1
611,996,20230611,Follow,1
1788,1082,20230221,Follow,1
1216,1765,20230415,Follow,1
1450,469,20231217,Follow,1
1832,1289,20230605,Follow,1
1862,607,20230306,Follow,1
1959,749,20231206,Follow,1
1044,995,20231004,Follow,1
377,153,20230810,Follow,1
411,423,20231114,Follow,1
352,1316,20230515,Follow,1
458,571,20230918,Unfollow,0
141,1130,20230730,Follow,1
1816,335,20230415,Follow,1
729,855,20230423,Unfollow,0
505,160,20230114,Follow,1
801,877,20230816,Follow,1
429,1610,20230130,Follow,1
632,1159,20230113,Follow,1
1294,17,20231221,Follow,1
1920,1830,20230423,Follow,1
1049,157,20230608,Follow,1
1157,42,20230916,Unfollow,0
1895,823,20231225,Follow,1
290,903,20231204,Follow,1
400,1190,20230411,Follow,1
998,1776,20230826,Follow,1
1328,1818,20230820,Follow,1
1627,385,20230220,Follow,1
1416,1505,20230419,Follow,1
669,1237,20230104,Follow,1
156,1521,20230810,Follow,1
1320,1349,20230514,Follow,1
1272,595,20230623,Follow,1
876,656,20230807,Follow,1
939,1053,20231220,Follow,1
459,352,20231215,Follow,1
1202,1559,20231110,Follow,1
64,198,20230818,Follow,1
284,994,20230922,Unfollow,0
29,186,20231027,Follow,1
493,816,20230817,Follow,1
1806,65,20230602,Follow,1
1181,1173,20230409,Follow,1
1572,1940,20231205,Follow,1
189,1350,20231215,Follow,1
855,661,20230507,Follow,1
1789,1474,20231115,Follow,1
316,1723,20231126,Follow,1
1755,635,20231030,Follow,1
329,1226,20231014,Follow,1
701,73,20230226,Follow,1
1195,1858,20230103,Follow,1
1051,1603,20230115,Follow,1
241,1211,20230222,Follow,1
1453,1673,20230323,Follow,1
1130,1868,20230227,Follow,1
1137,1220,20230825,Follow,1
1800,964,20230703,Unfollow,0
452,563,20231021,Follow,1
733,1569,20230707,Follow,1
1694,1638,20230731,Follow,1
376,1928,20231121,Follow,1
133,9,20230825,Follow,1
1575,1935,20230422,Follow,1
41,1896,20230519,Follow,1
1866,1634,20231128,Follow,1
63,184,20231128,Follow,1
1424,1392,20230102,Follow,1
1109,866,20230930,Unfollow,0
1692,1005,20230224,Unfollow,0
1697,405,20231101,Follow,1
1287,541,20230804,Unfollow,0
1890,341,20230102,Follow,1
1958,132,20230810,Follow,1
1082,280,20230129,Follow,1
911,1040,20230628,Follow,1
616,1687,20231006,Unfollow,0
162,1990,20231025,Follow,1
71,1102,20230929,Follow,1
1101,844,20230620,Follow,1
210,255,20230106,Follow,1
653,1377,20230602,Follow,1
828,1912,20231229,Unfollow,0
970,1315,20230928,Follow,1
581,796,20231022,Follow,1
98,79,20230704,Unfollow,0
1840,668,20230121,Follow,1
250,108,20230813,Follow,1
1433,630,20230510,Follow,1
1555,775,20230417,Follow,1
2,202,20231217,Follow,1
1243,803,20230925,Follow,1
1341,284,20230709,Follow,1
1218,1610,20230221,Follow,1
673,1293,20231205,Unfollow,0
565,585,20230420,Follow,1
1693,692,20230715,Follow,1
568,703,20230402,Follow,1
1572,701,20230331,Follow,1
1378,375,20230117,Follow,1
335,780,20230418,Follow,1
480,1751,20231116,Follow,1
695,1195,20230926,Unfollow,0
578,574,20230601,Unfollow,0
374,1221,20230916,Follow,1
750,1523,20230108,Follow,1
801,869,20231202,Follow,1
1017,1511,20231129,Follow,1
1045,1867,20230408,Unfollow,0
1909,1738,20230820,Follow,1
1418,1964,20230409,Follow,1
1372,1572,20230516,Follow,1
1935,130,20230223,Unfollow,0
1545,1323,20230301,Follow,1
79,1196,20230321,Follow,1
990,1815,20231213,Follow,1
1032,1543,20230210,Follow,1
1295,1409,20230713,Follow,1
1645,25,20230517,Follow,1
88,1960,20230816,Unfollow,0
625,1921,20231226,Follow,1
1057,310,20230911,Follow,1
1218,1887,20231111,Follow,1
1022,1950,20230912,Follow,1
502,1642,20231215,Follow,1
1884,1397,20230430,Follow,1
217,956,20231228,Unfollow,0
745,1858,20231025,Follow,1
1016,1834,20230727,Unfollow,0
217,1150,20230104,Follow,1
314,1392,20231101,Unfollow,0
426,1842,20231112,Follow,1
1525,720,20230719,Unfollow,0
24,462,20231226,Follow,1
1472,1354,20230404,Follow,1
267,1605,20230104,Follow,1
662,1944,20230815,Follow,1
1795,261,20230826,Follow,1
732,138,20230302,Follow,1
1026,245,20230604,Follow,1
1781,1287,20230915,Follow,1
413,268,20230412,Follow,1
472,1719,20230724,Follow,1
1092,25,20230526,Follow,1
1423,1085,20230918,Follow,1
669,186,20231021,Follow,1
1404,1479,20231115,Follow,1
1531,432,20230914,Follow,1
571,262,20231129,Unfollow,0
980,1173,20230404,Unfollow,0
1035,1693,20230610,Follow,1
533,841,20230912,Follow,1
232,257,20231019,Unfollow,0
982,1745,20230317,Unfollow,0
169,1858,20230406,Follow,1
1839,1308,20230603,Follow,1
1470,1263,20230304,Unfollow,0
1528,881,20230627,Follow,1
1195,1508,20231102,Follow,1
1418,451,20230226,Follow,1
296,636,20230221,Follow,1
1124,1693,20230206,Follow,1
1948,1588,20230322,Follow,1
1279,1877,20231120,Follow,1
1140,334,20230411,Follow,1
1676,378,20230719,Unfollow,0
963,102,20230311,Follow,1
276,1043,20231227,Follow,1
1495,144,20231212,Follow,1
1224,1632,20230328,Follow,1
556,308,20230228,Follow,1
487,200,20231116,Follow,1
585,1726,20230628,Unfollow,0
202,54,20230930,Follow,1
1976,688,20230401,Follow,1
1579,1440,20230820,Follow,1
868,138,20230811,Unfollow,0
1441,1020,20230224,Follow,1
1115,1769,20230419,Follow,1
200,835,20231221,Follow,1
421,996,20230512,Unfollow,0
1451,1085,20230811,Follow,1
365,1739,20230507,Follow,1
326,236,20230908,Follow,1
386,1243,20230320,Follow,1
179,932,20230518,Follow,1
1197,532,20230725,Follow,1
1590,1153,20230623,Unfollow,0
1945,1049,20231114,Follow,1
209,1670,20230124,Follow,1
505,318,20230310,Unfollow,0
1652,1059,20230425,Follow,1
1983,1847,20231114,Follow,1
583,1345,20230529,Follow,1
122,285,20230612,Follow,1
1517,1642,20230721,Follow,1
1290,1222,20230825,Follow,1
1658,1284,20230301,Follow,1
776,1106,20230102,Unfollow,0
1377,1796,20230120,Follow,1
1764,58,20230313,Follow,1
1632,712,20230322,Follow,1
1696,549,20230611,Follow,1
114,1405,20230518,Follow,1
1978,464,20230414,Follow,1
459,1504,20230107,Follow,1
1898,359,20230226,Follow,1
519,1628,20230719,Follow,1
151,1976,20230410,Follow,1
656,623,20230130,Follow,1
332,589,20231011,Follow,1
1724,1898,20231201,Follow,1
1611,1326,20230614,Follow,1
1682,1662,20230318,Follow,1
95,1990,20231212,Unfollow,0
1437,391,20230426,Follow,1
1332,841,20231011,Unfollow,0
1865,1284,20230818,Follow,1
1523,400,20231024,Follow,1
1937,24,20230125,Follow,1
1320,8,20230130,Unfollow,0
1738,1326,20231118,Unfollow,0
190,1740,20230117,Follow,1
1410,1626,20231227,Follow,1
1272,522,20231227,Follow,1
1503,300,20230412,Follow,1
1096,1965,20230610,Follow,1
784,85,20231221,Follow,1
1432,1522,20230914,Follow,1
853,1581,20230708,Follow,1
315,1380,20230111,Follow,1
1259,1264,20231126,Follow,1
1126,681,20230320,Unfollow,0
1140,1605,20230930,Follow,1
1523,1593,20230907,Follow,1
63,1670,20230717,Follow,1
1023,1215,20230131,Unfollow,0
1568,1491,20230502,Follow,1
1554,1147,20230704,Follow,1
1900,1216,20230706,Follow,1
627,1938,20230426,Follow,1
667,1923,20230422,Follow,1
265,1830,20230719,Follow,1
621,1352,20231010,Follow,1
541,1540,20230515,Follow,1
288,625,20230218,Unfollow,0
1823,1007,20230312,Follow,1
1910,524,20230630,Follow,1
1438,1418,20230616,Unfollow,0
987,1673,20230925,Unfollow,0
1329,1047,20230407,Follow,1
1787,1304,20230717,Follow,1
1587,702,20230625,Unfollow,0
1327,976,20230209,Unfollow,0
1055,1465,20231019,Follow,1
629,1192,20230118,Follow,1
1839,1559,20230918,Follow,1
415,728,20230218,Unfollow,0
1426,680,20230611,Follow,1
82,1816,20230325,Follow,1
494,1131,20230505,Follow,1
351,1279,20230922,Follow,1
478,1887,20230329,Follow,1
1063,1957,20230227,Follow,1
1356,39,20231113,Follow,1
292,487,20230101,Follow,1
1049,339,20230114,Follow,1
1018,1930,20230531,Follow,1
1305,1104,20230409,Unfollow,0
1142,1175,20230421,Follow,1
658,140,20230503,Unfollow,0
82,1918,20230124,Follow,1
1805,587,20230222,Follow,1
826,352,20230814,Follow,1
589,288,20230624,Unfollow,0
1095,287,20231109,Unfollow,0
804,230,20230510,Follow,1
1755,1999,20231022,Unfollow,0
1777,965,20230216,Follow,1
1239,1121,20230611,Unfollow,0
1678,646,20230618,Follow,1
1275,1622,20230515,Follow,1
1064,1136,20230822,Follow,1
459,1714,20230209,Follow,1
370,1263,20231004,Follow,1
129,1459,20231207,Follow,1
1100,1275,20230706,Follow,1
980,797,20230208,Follow,1
544,1741,20231211,Follow,1
1221,1631,20231109,Follow,1
1623,579,20230122,Unfollow,0
67,1857,20231011,Unfollow,0
574,1468,20230708,Follow,1
910,1755,20230904,Follow,1
1232,659,20230519,Follow,1
857,1388,20230327,Follow,1
522,582,20230131,Unfollow,0
998,1959,20230829,Unfollow,0
551,750,20230106,Follow,1
1371,1635,20231023,Follow,1
1773,1599,20230911,Follow,1
1762,1805,20230915,Follow,1
1168,610,20230918,Follow,1
1519,1890,20230629,Follow,1
195,381,20231111,Follow,1
42,1343,20231015,Follow,1
520,1323,20230514,Follow,1
284,1981,20230716,Unfollow,0
835,633,20230718,Unfollow,0
975,1981,20230714,Follow,1
172,1543,20230624,Unfollow,0
836,637,20230611,Follow,1
84,1889,20230324,Follow,1
707,527,20230904,Follow,1
617,549,20230118,Follow,1
61,1276,20230911,Follow,1
745,1521,20231205,Follow,1
1565,1647,20230219,Unfollow,0
1043,790,20230709,Unfollow,0
1489,62,20230929,Follow,1
1570,1288,20230717,Unfollow,0
1288,638,20230731,Follow,1
725,1972,20230730,Follow,1
1832,443,20230212,Unfollow,0
1785,1581,20231220,Follow,1
1308,1449,20230330,Follow,1
685,177,20230104,Follow,1
1006,1767,20230714,Follow,1
913,1790,20231023,Unfollow,0
75,1540,20230731,Follow,1
1883,215,20230610,Follow,1
1548,736,20230927,Follow,1
1387,583,20230408,Follow,1
1109,1519,20230108,Follow,1
873,1325,20230914,Follow,1
1631,1301,20230830,Unfollow,0
567,1643,20231216,Follow,1
343,1644,20230705,Follow,1
1004,1763,20230316,Unfollow,0
1131,1753,20231117,Follow,1
201,236,20231112,Follow,1
852,1,20230225,Unfollow,0
395,1102,20230331,Follow,1
472,1431,20231118,Follow,1
259,207,20230316,Follow,1
835,1983,20231114,Unfollow,0
327,938,20231204,Follow,1
793,25,20230806,Follow,1
648,819,20230730,Follow,1
109,1953,20230606,Follow,1
1305,488,20230307,Follow,1
230,1382,20230216,Follow,1
1287,325,20231116,Follow,1
1728,692,20230127,Follow,1
1041,399,20230514,Unfollow,0
1404,1012,20230331,Follow,1
1960,931,20231024,Follow,1
418,668,20230308,Unfollow,0
1828,158,20231021,Follow,1
1200,1565,20230523,Follow,1
1398,183,20231021,Follow,1
1761,195,20230204,Follow,1
407,1653,20230526,Unfollow,0
42,49,20230825,Follow,1
1472,812,20230911,Follow,1
203,1785,20230610,Follow,1
782,298,20231026,Unfollow,0
1319,611,20231013,Follow,1
1342,1491,20231002,Follow,1
1544,282,20231116,Follow,1
756,234,20231116,Follow,1
1018,647,20231214,Follow,1
1684,57,20230504,Follow,1
1617,1341,20231104,Unfollow,0
469,537,20230601,Follow,1
1874,1229,20230824,Follow,1
317,781,20230214,Follow,1
1642,1243,20230622,Follow,1
1221,381,20230330,Follow,1
479,1044,20230611,Follow,1
1213,653,20230516,Follow,1
1857,1852,20230223,Follow,1
1305,1876,20230702,Follow,1
850,286,20230905,Follow,1
1643,184,20231020,Follow,1
5,1184,20230819,Unfollow,0
1282,386,20230113,Follow,1
1818,1833,20230126,Follow,1
1952,1334,20231122,Follow,1
1845,700,20230609,Unfollow,0
1283,398,20230222,Unfollow,0
1520,1186,20231016,Follow,1
1483,1042,20230221,Follow,1
1598,957,20230721,Follow,1
1387,1370,20231216,Unfollow,0
1378,720,20230131,Follow,1
1606,1391,20231005,Unfollow,0
921,1374,20230811,Follow,1
28,651,20231219,Follow,1
1737,1063,20230116,Follow,1
19,610,20230811,Follow,1
120,172,20230116,Follow,1
1033,426,20230319,Follow,1
95,242,20230608,Follow,1
1992,399,20231022,Unfollow,0
988,171,20230301,Follow,1
1282,247,20231213,Follow,1
1756,1630,20230417,Follow,1
1357,492,20231010,Follow,1
1064,813,20231128,Follow,1
25,327,20231018,Follow,1
615,1038,20230114,Follow,1
1966,112,20230730,Follow,1
1554,478,20231126,Follow,1
501,277,20230730,Follow,1
1724,1045,20231220,Unfollow,0
1735,576,20230910,Unfollow,0
1534,682,20231118,Follow,1
679,1564,20230217,Follow,1
1798,128,20230116,Follow,1
1932,1553,20230204,Follow,1
1937,328,20230811,Follow,1
1848,164,20230220,Unfollow,0
1458,519,20231129,Follow,1
1153,959,20230627,Follow,1
1793,637,20230221,Unfollow,0
1929,1141,20230419,Unfollow,0
839,8,20230902,Follow,1
297,471,20230402,Follow,1
481,417,20230814,Unfollow,0
1655,1842,20230917,Unfollow,0
1177,958,20230416,Follow,1
711,1979,20231106,Follow,1
376,1589,20230317,Follow,1
1602,1757,20231022,Unfollow,0
1509,911,20230828,Follow,1
486,109,20230727,Follow,1
1450,1361,20230408,Follow,1
69,1324,20230928,Follow,1
1006,837,20230630,Follow,1
237,224,20230831,Unfollow,0
1660,83,20230819,Follow,1
322,1236,20231212,Unfollow,0
77,1806,20230120,Follow,1
364,683,20230601,Follow,1
496,720,20230304,Follow,1
510,1105,20230826,Follow,1
92,1448,20230902,Unfollow,0
765,1773,20230807,Follow,1
1767,489,20231227,Follow,1
1087,1273,20230618,Unfollow,0
790,1402,20230729,Follow,1
1294,1941,20230525,Follow,1
1956,1167,20230618,Follow,1
979,727,20230329,Follow,1
1180,584,20230806,Follow,1
855,182,20231202,Unfollow,0
1774,674,20230710,Unfollow,0
1911,800,20231109,Follow,1
1158,822,20230313,Follow,1
1073,586,20230524,Follow,1
639,1938,20230905,Unfollow,0
757,487,20230205,Follow,1
1605,1862,20230121,Follow,1
1668,1093,20230806,Follow,1
109,732,20230712,Follow,1
1083,226,20231207,Unfollow,0
1226,571,20230208,Follow,1
1293,1082,20230903,Follow,1
766,1192,20230104,Unfollow,0
1471,1693,20230816,Follow,1
348,511,20230406,Follow,1
38,714,20230801,Follow,1
551,617,20230318,Follow,1
741,1907,20230927,Follow,1
977,1631,20230608,Unfollow,0
985,537,20230822,Follow,1
759,997,20231014,Follow,1
607,1082,20230112,Follow,1
1128,1154,20230124,Unfollow,0
1390,1270,20231027,Follow,1
176,1248,20231118,Follow,1
165,540,20230828,Follow,1
1727,728,20230515,Unfollow,0
1800,1880,20230407,Follow,1
1617,458,20230624,Follow,1
512,309,20231210,Unfollow,0
863,1918,20230515,Follow,1
1211,1505,20230121,Follow,1
1637,966,20230806,Unfollow,0
796,956,20230519,Follow,1
451,706,20231021,Follow,1
1506,1059,20230130,Unfollow,0
1616,252,20231207,Follow,1
1068,226,20230221,Unfollow,0
770,1441,20230422,Unfollow,0
1957,1953,20230819,Follow,1
1539,679,20230105,Unfollow,0
1075,810,20230913,Unfollow,0
808,1962,20230924,Unfollow,0
1914,1839,20231218,Follow,1
283,1731,20231025,Follow,1
1813,795,20230624,Unfollow,0
1605,1700,20230120,Follow,1
853,627,20230713,Follow,1
102,767,20230411,Follow,1
1702,1696,20230602,Unfollow,0
991,1694,20230908,Follow,1
79,1834,20230517,Follow,1
272,1258,20230831,Follow,1
1641,49,20231018,Follow,1
152,227,20230121,Follow,1
1776,221,20230915,Follow,1
1882,1012,20230102,Follow,1
415,1900,20230111,Follow,1
1475,146,20230417,Follow,1
48,1509,20230406,Follow,1
320,912,20230928,Follow,1
459,1069,20231025,Follow,1
1334,1323,20230702,Follow,1
1138,1305,20230324,Follow,1
1813,1462,20230413,Follow,1
241,876,20230317,Follow,1
1014,1379,20230525,Follow,1
644,1481,20230820,Unfollow,0
330,1625,20231112,Follow,1
1955,1443,20230213,Follow,1
8,138,20230915,Follow,1
786,1853,20230201,Unfollow,0
766,767,20230714,Unfollow,0
687,419,20230418,Follow,1
1180,1802,20230702,Unfollow,0
1691,683,20230102,Follow,1
1786,777,20230823,Follow,1
1887,672,20230522,Unfollow,0
262,1183,20231022,Follow,1
477,610,20230412,Follow,1
225,1604,20231006,Follow,1
1796,788,20230627,Follow,1
116,437,20231217,Follow,1
776,1014,20230527,Follow,1
215,285,20231220,Follow,1
1947,1578,20230508,Follow,1
400,1178,20230225,Unfollow,0
1648,1465,20231009,Follow,1
692,1301,20230912,Follow,1
1963,1778,20231001,Follow,1
1586,137,20230713,Unfollow,0
403,156,20230709,Unfollow,0
190,207,20230113,Follow,1
1526,762,20230526,Follow,1
33,740,20230724,Follow,1
1052,1784,20230517,Follow,1
469,1545,20231122,Follow,1
184,747,20230120,Unfollow,0
1895,175,20230630,Follow,1
115,1289,20230408,Follow,1
1010,1322,20231007,Follow,1
1510,516,20230123,Follow,1
397,1391,20230502,Follow,1
259,1126,20230215,Follow,1
1649,196,20230418,Follow,1
1486,445,20230301,Follow,1
580,872,20230722,Follow,1
870,798,20230724,Follow,1
130,642,20230929,Unfollow,0
413,1154,20230510,Follow,1
200,345,20230627,Follow,1
1163,227,20230506,Follow,1
1269,1665,20230514,Follow,1
407,1951,20231011,Follow,1
709,853,20230520,Follow,1
142,1913,20230522,Follow,1
576,144,20230208,Follow,1
574,943,20231116,Follow,1
775,1244,20231209,Follow,1
498,1633,20230808,Follow,1
517,462,20230417,Follow,1
1096,1485,20230401,Follow,1
1811,1100,20231005,Follow,1
733,979,20230507,Unfollow,0
580,1082,20230816,Unfollow,0
767,1697,20230927,Follow,1
1411,338,20230109,Follow,1
1929,1927,20230117,Follow,1
1691,1714,20230131,Unfollow,0
424,275,20231013,Follow,1
942,1867,20231017,Follow,1
1253,477,20230828,Unfollow,0
1784,186,20230101,Follow,1
215,1249,20230823,Unfollow,0
1575,349,20230713,Follow,1
1540,1578,20230921,Unfollow,0
1403,1810,20230113,Unfollow,0
979,1603,20231206,Follow,1
1021,549,20230403,Follow,1
235,885,20230717,Unfollow,0
1140,1448,20230430,Follow,1
1302,478,20231225,Unfollow,0
1389,4,20231212,Follow,1
756,1108,20230117,Unfollow,0
1344,1672,20230525,Follow,1
400,1743,20230912,Follow,1
1657,648,20230826,Follow,1
1336,1453,20230324,Follow,1
408,1196,20230901,Unfollow,0
289,874,20230519,Unfollow,0
983,362,20230205,Follow,1
1716,1004,20230412,Follow,1
687,1199,20231201,Follow,1
927,1041,20230927,Follow,1
662,1697,20231005,Follow,1
1358,1077,20230709,Follow,1
1414,158,20230702,Follow,1
1699,1919,20230808,Follow,1
1074,673,20230306,Follow,1
1083,854,20230525,Follow,1
540,505,20231209,Follow,1
343,1383,20230521,Follow,1
344,808,20230318,Follow,1
86,1180,20230430,Unfollow,0
83,1910,20231220,Unfollow,0
674,945,20230117,Follow,1
660,1852,20230216,Follow,1
792,121,20231011,Unfollow,0
667,1603,20230823,Follow,1
1868,187,20230731,Follow,1
612,1759,20230719,Follow,1
1295,486,20230529,Follow,1
211,1309,20230429,Follow,1
1538,187,20230612,Follow,1
1456,495,20231120,Follow,1
1254,1761,20230127,Unfollow,0
1957,41,20230503,Follow,1
508,634,20230727,Follow,1
1473,1442,20230805,Follow,1
591,200,20231211,Follow,1
218,1312,20230315,Follow,1
1833,1028,20231211,Follow,1
429,1158,20230723,Follow,1
1917,1534,20231201,Follow,1
1761,345,20230925,Follow,1
879,1460,20230427,Follow,1
905,823,20230830,Unfollow,0
259,1530,20230619,Unfollow,0
1661,1125,20230513,Follow,1
1108,824,20230212,Follow,1
1793,231,20231209,Unfollow,0
883,1727,20231011,Follow,1
542,980,20230514,Follow,1
1535,154,20230903,Follow,1
274,633,20230801,Follow,1
38,1241,20231103,Unfollow,0
1730,1878,20231111,Follow,1
340,1126,20230222,Follow,1
4,1910,20230908,Unfollow,0
1857,38,20230314,Follow,1
340,1645,20230528,Unfollow,0
1932,861,20230225,Follow,1
20,280,20231202,Follow,1
1656,1703,20230702,Follow,1
1661,426,20230228,Follow,1
1688,1304,20231110,Follow,1
1679,1275,20231122,Follow,1
1487,1898,20230418,Follow,1
424,493,20231017,Follow,1
1141,903,20230214,Unfollow,0
656,1733,20230224,Follow,1
953,1601,20231224,Follow,1
946,192,20230814,Follow,1
718,454,20230826,Follow,1
1344,413,20230711,Follow,1
1179,624,20231201,Follow,1
1564,1352,20230928,Follow,1
1937,1394,20230329,Follow,1
1712,1368,20230414,Follow,1
173,518,20231210,Unfollow,0
1006,1088,20231018,Follow,1
1669,92,20230618,Follow,1
1564,1217,20231222,Unfollow,0
1955,1555,20230115,Unfollow,0
1670,1675,20231125,Follow,1
1511,972,20230414,Follow,1
59,212,20230725,Follow,1
110,1679,20231214,Follow,1
343,1140,20231013,Follow,1
962,1465,20231121,Follow,1
659,848,20230509,Follow,1
1099,1228,20230707,Follow,1
449,243,20230815,Follow,1
111,528,20230202,Follow,1
172,1089,20230605,Unfollow,0
621,812,20230101,Follow,1
577,1314,20230805,Follow,1
1645,1154,20230627,Unfollow,0
920,1,20230522,Follow,1
1108,1007,20231014,Follow,1
483,1443,20230525,Follow,1
674,964,20230912,Follow,1
1138,1096,20230627,Follow,1
1368,672,20230408,Follow,1
800,938,20230527,Follow,1
1257,1681,20230803,Unfollow,0
151,463,20230509,Follow,1
515,315,20230929,Follow,1
1730,949,20230119,Follow,1
75,925,20230426,Follow,1
1281,220,20230811,Follow,1
1416,1753,20231124,Follow,1
452,859,20230313,Follow,1
776,212,20230821,Unfollow,0
601,1831,20231201,Follow,1
705,278,20230214,Unfollow,0
1574,921,20230615,Follow,1
1233,654,20230214,Follow,1
666,157,20230414,Follow,1
392,660,20230723,Follow,1
1275,173,20230807,Unfollow,0
193,1526,20231129,Follow,1
1040,109,20230616,Unfollow,0
1540,1718,20231101,Unfollow,0
1302,1602,20230329,Follow,1
645,991,20230902,Follow,1
606,1439,20231031,Follow,1
845,1866,20230728,Follow,1
1702,829,20230113,Follow,1
366,1561,20231124,Follow,1
1935,211,20230526,Unfollow,0
1064,453,20231210,Follow,1
482,1405,20230704,Follow,1
19,748,20230526,Follow,1
437,1765,20230907,Follow,1
719,1556,20230405,Unfollow,0
1781,635,20230628,Follow,1
730,1779,20231207,Follow,1
802,1361,20231019,Follow,1
1328,165,20230906,Follow,1
1902,751,20230809,Follow,1
664,592,20230213,Follow,1
827,41,20230719,Follow,1
711,478,20230804,Follow,1
134,1581,20230918,Unfollow,0
1997,1270,20230914,Follow,1
734,1310,20230125,Follow,1
69,1108,20230905,Unfollow,0
253,1115,20230819,Follow,1
626,1562,20231105,Follow,1
417,841,20230629,Follow,1
1670,697,20231001,Follow,1
1008,1329,20230611,Follow,1
218,61,20231107,Follow,1
926,1157,20230731,Unfollow,0
1949,407,20231123,Unfollow,0
1762,1,20231108,Follow,1
1918,998,20231004,Unfollow,0
1218,221,20230608,Follow,1
1508,1562,20230705,Follow,1
1305,1489,20231224,Follow,1
542,335,20230620,Follow,1
527,1581,20230401,Follow,1
1295,1495,20230623,Follow,1
9,1250,20230904,Follow,1
696,310,20230405,Follow,1
887,1318,20230120,Follow,1
1701,284,20230924,Follow,1
880,1810,20230810,Unfollow,0
661,1381,20230101,Follow,1
1136,459,20230417,Follow,1
522,1720,20230623,Follow,1
310,561,20231010,Unfollow,0
1833,132,20230318,Follow,1
1531,1995,20230325,Follow,1
881,204,20230127,Unfollow,0
673,514,20230302,Follow,1
1151,1853,20230311,Unfollow,0
310,750,20231201,Follow,1
67,1255,20230619,Follow,1
1017,58,20230720,Follow,1
878,155,20230325,Follow,1
1828,706,20231123,Unfollow,0
1390,564,20230130,Unfollow,0
1899,1907,20230831,Follow,1
1768,827,20230331,Unfollow,0
859,517,20230615,Follow,1
1555,251,20231217,Follow,1
875,648,20230522,Follow,1
38,28,20231229,Follow,1
879,1277,20230421,Follow,1
131,1124,20230319,Follow,1
1371,1005,20230916,Follow,1
807,694,20231005,Follow,1
688,557,20230715,Follow,1
373,1594,20230925,Unfollow,0
761,541,20230720,Follow,1
1452,1322,20230527,Follow,1
283,337,20231212,Follow,1
348,142,20230123,Follow,1
1767,1982,20230516,Follow,1
981,1956,20230927,Follow,1
1335,1875,20230502,Follow,1
1197,1607,20230120,Unfollow,0
1677,1801,20230607,Follow,1
767,354,20230324,Follow,1
1172,1130,20230429,Follow,1
1881,1350,20230826,Follow,1
1120,1630,20230504,Follow,1
287,125,20230513,Follow,1
1408,1181,20230319,Follow,1
759,1317,20230707,Follow,1
1580,1221,20230621,Follow,1
1072,103,20231128,Follow,1
967,1625,20230704,Follow,1
1369,642,20230406,Follow,1
291,61,20230829,Follow,1
694,1301,20230204,Follow,1
120,317,20230514,Follow,1
1689,509,20230611,Follow,1
419,1851,20230831,Unfollow,0
1146,616,20230330,Follow,1
259,221,20230101,Follow,1
69,1358,20231227,Follow,1
1451,186,20230821,Unfollow,0
822,1074,20231226,Follow,1
1231,1525,20230409,Follow,1
739,1465,20230707,Follow,1
912,1979,20230927,Unfollow,0
1589,1389,20231025,Follow,1
1319,489,20230628,Unfollow,0
1331,1706,20230920,Follow,1
1374,400,20230516,Follow,1
533,82,20230924,Follow,1
973,361,20231020,Follow,1
310,402,20230311,Follow,1
1878,1216,20230719,Follow,1
290,1854,20230304,Follow,1
667,965,20230309,Follow,1
1655,1685,20230215,Follow,1
468,1893,20231108,Follow,1
40,900,20230320,Follow,1
1925,617,20230723,Follow,1
1756,61,20230613,Follow,1
1413,1716,20230619,Unfollow,0
565,573,20230611,Follow,1
1680,764,20230611,Unfollow,0
1729,248,20230731,Follow,1
953,1365,20231224,Follow,1
336,108,20230508,Follow,1
1291,1047,20231021,Follow,1
579,397,20230502,Follow,1
354,1137,20230218,Follow,1
275,1759,20231126,Follow,1
1031,1028,20230320,Follow,1
130,665,20230805,Follow,1
1713,218,20231117,Unfollow,0
1987,540,20230501,Follow,1
1964,794,20230327,Follow,1
992,1424,20230727,Follow,1
1493,54,20230827,Follow,1
1468,1845,20230119,Unfollow,0
1207,557,20230410,Follow,1
1899,758,20230502,Follow,1
998,10,20230109,Follow,1
755,1629,20230621,Follow,1
737,383,20230602,Follow,1
1099,1789,20230103,Unfollow,0
1868,888,20231021,Follow,1
106,249,20230524,Follow,1
1688,328,20230620,Follow,1
8,1084,20230223,Follow,1
1243,1511,20230928,Unfollow,0
1059,30,20230626,Follow,1
1365,549,20231217,Follow,1
2,222,20230102,Follow,1
600,421,20230805,Follow,1
1914,1247,20230114,Follow,1
227,1935,20230930,Follow,1
544,73,20230628,Unfollow,0
1385,1187,20230203,Follow,1
1975,1409,20230515,Follow,1
669,1450,20230118,Follow,1
485,44,20231213,Unfollow,0
547,1865,20230124,Follow,1
1211,1521,20230830,Follow,1
765,1394,20230404,Follow,1
607,1498,20230306,Follow,1
526,1795,20230930,Follow,1
628,1501,20230810,Follow,1
1926,937,20230405,Follow,1
360,1006,20230504,Follow,1
1572,904,20230110,Unfollow,0
1677,1240,20230102,Unfollow,0
887,1670,20230611,Follow,1
1160,1830,20230922,Follow,1
1604,559,20230913,Follow,1
309,1613,20230908,Follow,1
96,697,20230104,Follow,1
1922,840,20230908,Unfollow,0
1849,1557,20230320,Unfollow,0
471,1166,20230329,Unfollow,0
364,152,20230726,Unfollow,0
1140,1230,20230403,Unfollow,0
502,655,20230422,Follow,1
1492,602,20230724,Follow,1
1695,717,20230505,Follow,1
1133,1725,20230308,Follow,1
466,819,20231016,Follow,1
744,1546,20230427,Follow,1
1870,1996,20230928,Follow,1
1852,1047,20230521,Follow,1
79,1087,20231009,Follow,1
352,267,20231025,Follow,1
649,1873,20231010,Follow,1
1677,631,20231111,Follow,1
141,1308,20231221,Follow,1
1428,311,20230815,Follow,1
1719,1334,20230901,Follow,1
965,1980,20230908,Follow,1
1034,773,20230416,Unfollow,0
1652,281,20230704,Follow,1
708,1880,20230513,Follow,1
1443,221,20230127,Follow,1
1357,1492,20231027,Follow,1
1834,976,20230620,Follow,1
1014,1614,20230707,Follow,1
1909,1286,20230507,Unfollow,0
299,152,20230607,Follow,1
1371,1052,20230125,Follow,1
1742,841,20230329,Follow,1
1521,1717,20231125,Unfollow,0
269,1856,20230320,Follow,1
43,953,20230504,Follow,1
986,1804,20230410,Follow,1
1158,1364,20230315,Follow,1
3,44,20230505,Follow,1
759,1836,20230606,Follow,1
386,1022,20230310,Follow,1
745,144,20231227,Follow,1
1443,25,20230209,Follow,1
1728,1828,20230116,Follow,1
782,1232,20231023,Follow,1
1476,1862,20230114,Unfollow,0
270,938,20230323,Follow,1
668,1732,20230924,Unfollow,0
828,1408,20230726,Follow,1
433,562,20230803,Follow,1
907,1943,20230805,Follow,1
1643,615,20230513,Follow,1
725,1499,20230614,Unfollow,0
166,1632,20230904,Follow,1
435,1094,20230623,Follow,1
401,546,20230226,Unfollow,0
1587,1349,20230512,Follow,1
746,1989,20231114,Follow,1
1986,1649,20231129,Follow,1
1829,492,20231023,Follow,1
646,173,20231027,Follow,1
1823,1378,20231024,Follow,1
1300,1652,20230616,Follow,1
357,755,20230827,Follow,1
143,1869,20231006,Follow,1
1153,1545,20231213,Unfollow,0
498,396,20230724,Follow,1
1512,1078,20231015,Follow,1
998,410,20230403,Unfollow,0
469,1174,20230416,Follow,1
437,783,20230301,Follow,1
921,1115,20230504,Follow,1
1823,775,20231012,Follow,1
1007,1906,20230914,Unfollow,0
169,1902,20230919,Follow,1
337,1711,20231121,Follow,1
1953,1457,20230623,Follow,1
1523,1880,20230411,Follow,1
534,1068,20230128,Follow,1
1924,1964,20230501,Follow,1
1996,1826,20231129,Follow,1
798,1823,20230109,Follow,1
1314,1092,20230717,Follow,1
137,1869,20230106,Follow,1
500,1383,20230412,Follow,1
49,1500,20231026,Unfollow,0
782,773,20230625,Follow,1
745,1093,20230608,Unfollow,0
639,1483,20230830,Follow,1
1438,133,20230104,Unfollow,0
1001,103,20231223,Follow,1
1660,592,20230404,Follow,1
1232,178,20230424,Follow,1
1127,1740,20230516,Follow,1
1150,686,20230815,Follow,1
540,480,20231212,Follow,1
1571,1547,20230404,Follow,1
1746,1651,20231112,Follow,1
95,702,20231007,Follow,1
1464,1475,20230726,Follow,1
372,1025,20230806,Follow,1
711,476,20230821,Follow,1
158,875,20230321,Follow,1
1921,322,20230605,Follow,1
434,487,20230618,Follow,1
617,25,20231031,Follow,1
1723,1351,20231218,Follow,1
922,57,20230904,Follow,1
1233,1412,20230923,Unfollow,0
347,968,20230418,Follow,1
1034,979,20231019,Follow,1
797,796,20230618,Follow,1
810,154,20230601,Unfollow,0
1404,747,20230107,Follow,1
762,193,20230525,Follow,1
1529,419,20231009,Follow,1
345,1807,20230119,Follow,1
1867,825,20230602,Follow,1
1793,1516,20230605,Follow,1
603,1080,20230707,Follow,1
1208,1376,20231127,Unfollow,0
12,90,20230809,Unfollow,0
6,397,20231214,Follow,1
784,1938,20230803,Follow,1
536,290,20230202,Follow,1
1776,1836,20230224,Follow,1
1407,226,20230719,Unfollow,0
900,1425,20230522,Follow,1
1193,1950,20230122,Follow,1
646,840,20230820,Follow,1
319,1423,20231117,Follow,1
1993,133,20231125,Follow,1
1704,1372,20230513,Follow,1
1858,1483,20230815,Follow,1
1067,400,20231117,Follow,1
1576,990,20230531,Follow,1
287,669,20230329,Follow,1
26,1455,20230513,Follow,1
753,470,20230918,Follow,1
1578,185,20230515,Follow,1
996,808,20230503,Follow,1
1890,1190,20231201,Unfollow,0
1680,1205,20231118,Unfollow,0
1086,1486,20230309,Follow,1
1260,1537,20230321,Unfollow,0
1414,1736,20230812,Follow,1
805,811,20231123,Follow,1
1789,1516,20230108,Follow,1
573,505,20230114,Follow,1
1877,748,20230216,Follow,1
1163,892,20230605,Follow,1
1630,1576,20230219,Unfollow,0
373,1101,20231130,Follow,1
1695,1845,20230804,Unfollow,0
247,652,20230707,Follow,1
381,493,20231019,Follow,1
613,1465,20230920,Unfollow,0
579,121,20230709,Follow,1
1076,140,20230722,Unfollow,0
1650,1873,20231002,Follow,1
99,1178,20231017,Follow,1
756,129,20230616,Follow,1
621,212,20231102,Follow,1
1110,1785,20230226,Follow,1
1045,1144,20230708,Follow,1
1306,1505,20231209,Follow,1
347,306,20230603,Unfollow,0
747,969,20230603,Follow,1
361,239,20231204,Follow,1
488,1152,20230811,Follow,1
1462,19,20230126,Unfollow,0
467,1849,20231018,Follow,1
1136,1994,20231020,Follow,1
193,1755,20230717,Follow,1
1183,1162,20230910,Follow,1
400,1062,20230420,Follow,1
481,1662,20230620,Follow,1
830,976,20230426,Follow,1
1076,169,20230711,Follow,1
1435,1762,20230426,Follow,1
614,613,20231111,Follow,1
1912,1852,20230621,Follow,1
1297,395,20230304,Follow,1
1910,1957,20230310,Follow,1
75,34,20231207,Follow,1
908,66,20230920,Follow,1
1233,1023,20230903,Follow,1
1081,1092,20230521,Follow,1
1134,1629,20230705,Unfollow,0
218,649,20230126,Follow,1
1317,1160,20230617,Follow,1
1543,1205,20231130,Follow,1
1744,55,20231020,Follow,1
688,388,20230421,Follow,1
896,1342,20230314,Unfollow,0
549,839,20230924,Follow,1
319,1073,20230420,Follow,1
620,67,20230404,Follow,1
309,547,20230519,Follow,1
1741,374,20230624,Follow,1
1017,1199,20231124,Follow,1
1974,1374,20230818,Follow,1
23,315,20230409,Follow,1
1142,1221,20230613,Unfollow,0
615,249,20231011,Follow,1
642,709,20230119,Follow,1
1176,639,20231113,Follow,1
1754,1032,20230509,Follow,1
986,1784,20230621,Follow,1
925,1069,20230821,Follow,1
644,1132,20230809,Follow,1
1946,93,20231026,Follow,1
666,1681,20230703,Unfollow,0
738,908,20230716,Follow,1
337,733,20230417,Unfollow,0
1248,1374,20230927,Follow,1
989,878,20230209,Follow,1
1169,913,20230506,Unfollow,0
750,1643,20230608,Unfollow,0
1677,94,20231107,Follow,1
1353,212,20230519,Follow,1
1478,694,20230308,Follow,1
1765,1110,20230410,Follow,1
1572,452,20230925,Follow,1
985,1602,20230711,Follow,1
1283,99,20230214,Follow,1
691,883,20231101,Unfollow,0
9,1030,20231030,Follow,1
1621,258,20230413,Follow,1
1521,3,20230421,Follow,1
676,1252,20230108,Unfollow,0
1703,854,20230813,Follow,1
295,692,20230126,Follow,1
53,1109,20230402,Follow,1
1048,1854,20230131,Follow,1
1513,704,20230314,Follow,1
1005,1165,20230722,Follow,1
307,867,20230806,Follow,1
632,1330,20230404,Follow,1
1563,920,20230918,Follow,1
1511,398,20231120,Follow,1
916,1749,20230707,Follow,1
1918,466,20230902,Follow,1
649,686,20230804,Unfollow,0
441,1775,20230112,Follow,1
1085,1845,20230822,Follow,1
107,487,20230531,Follow,1
113,821,20230617,Follow,1
1965,745,20230320,Unfollow,0
878,534,20230904,Unfollow,0
121,154,20231005,Unfollow,0
1924,1624,20230623,Unfollow,0
1128,601,20230620,Follow,1
1366,1784,20230526,Follow,1
1235,847,20230722,Follow,1
1519,595,20230423,Unfollow,0
673,447,20230608,Follow,1
1405,561,20230422,Follow,1
1580,1970,20231029,Follow,1
1015,148,20230725,Follow,1
1654,421,20231212,Follow,1
1562,641,20230729,Follow,1
1372,391,20231009,Unfollow,0
399,1481,20231101,Follow,1
996,1240,20230617,Unfollow,0
1864,550,20230530,Unfollow,0
1257,1987,20230914,Unfollow,0
584,34,20230925,Follow,1
48,98,20231220,Unfollow,0
252,590,20230714,Follow,1
1626,81,20231108,Follow,1
1040,1813,20231127,Follow,1
844,690,20230901,Follow,1
243,1203,20230925,Follow,1
358,296,20230620,Follow,1
1517,1151,20230830,Follow,1
1228,637,20230708,Follow,1
1509,1642,20230218,Follow,1
1548,734,20230421,Follow,1
1837,940,20230704,Follow,1
1502,975,20231223,Follow,1
285,923,20231029,Unfollow,0
1091,1705,20230724,Follow,1
290,1416,20230520,Follow,1
345,1088,20230818,Follow,1
483,628,20230912,Follow,1
40,1933,20230819,Follow,1
1854,1944,20230926,Follow,1
452,557,20231206,Follow,1
242,862,20230224,Follow,1
1029,881,20231227,Follow,1
732,813,20230325,Follow,1
118,672,20231003,Follow,1
713,288,20230818,Follow,1
740,543,20230611,Unfollow,0
1341,74,20230719,Follow,1
1229,1293,20230113,Follow,1
611,71,20230202,Follow,1
1525,70,20230714,Follow,1
1776,1823,20230117,Follow,1
1036,50,20230703,Follow,1
1408,973,20230320,Follow,1
1248,140,20230110,Follow,1
514,779,20230331,Follow,1
352,1933,20230702,Unfollow,0
1838,1902,20230306,Follow,1
1085,662,20230802,Follow,1
153,948,20231116,Follow,1
5,666,20230706,Follow,1
1371,1633,20231212,Follow,1
353,1901,20230803,Unfollow,0
1820,1968,20230815,Follow,1
6,1054,20230206,Follow,1
1890,1688,20230916,Follow,1
1723,1492,20230920,Unfollow,0
357,551,20231226,Follow,1
591,1491,20231110,Unfollow,0
1919,1940,20230626,Follow,1
922,155,20231123,Follow,1
1028,1412,20230626,Follow,1
48,567,20230813,Follow,1
468,1138,20230829,Follow,1
778,1818,20230119,Follow,1
525,402,20230826,Follow,1
277,456,20230503,Follow,1
755,208,20230820,Unfollow,0
398,1272,20231016,Follow,1
1627,903,20231105,Follow,1
1622,1418,20230311,Follow,1
878,1046,20230104,Unfollow,0
1643,1350,20230207,Unfollow,0
1558,399,20230404,Follow,1
1328,1499,20231222,Follow,1
566,1642,20230531,Follow,1
1867,422,20230105,Follow,1
87,1036,20230527,Follow,1
1479,1352,20230815,Follow,1
976,1138,20230601,Unfollow,0
1439,1489,20230129,Unfollow,0
160,277,20230812,Unfollow,0
1694,955,20230324,Follow,1
654,1317,20230312,Follow,1
256,67,20230814,Unfollow,0
798,879,20230722,Follow,1
1360,1558,20230616,Follow,1
1396,1699,20230204,Unfollow,0
418,865,20230203,Follow,1
830,983,20230302,Follow,1
499,227,20231226,Follow,1
599,1401,20230611,Follow,1
724,1967,20230901,Follow,1
1373,1534,20231022,Unfollow,0
1824,1440,20230324,Follow,1
280,71,20231209,Follow,1
1498,1105,20230727,Follow,1
1612,1330,20230722,Follow,1
435,1235,20230331,Follow,1
1887,508,20231212,Follow,1
338,944,20230114,Unfollow,0
440,687,20230319,Follow,1
534,1507,20230805,Follow,1
1913,1134,20230620,Follow,1
1801,1522,20230321,Follow,1
1824,583,20230728,Unfollow,0
733,23,20230511,Follow,1
815,1697,20230120,Follow,1
152,1274,20230214,Unfollow,0
183,465,20230922,Unfollow,0
1158,1065,20230603,Follow,1
883,1632,20230829,Follow,1
126,1150,20230121,Unfollow,0
1363,212,20230804,Follow,1
970,1411,20230721,Unfollow,0
1398,1721,20231202,Unfollow,0
96,51,20231024,Follow,1
460,1046,20231102,Follow,1
1187,491,20230424,Follow,1
15,34,20230730,Follow,1
1955,117,20230309,Follow,1
1537,1725,20231023,Follow,1
1229,480,20230516,Follow,1
1200,217,20231209,Unfollow,0
1337,319,20230301,Follow,1
1846,1828,20230512,Follow,1
691,1337,20230501,Follow,1
1707,497,20230404,Follow,1
915,214,20230414,Follow,1
1272,1983,20231109,Follow,1
1841,1307,20230321,Follow,1
942,297,20231104,Follow,1
371,1960,20230113,Unfollow,0
135,9,20230423,Unfollow,0
230,1507,20230613,Follow,1
244,1409,20230404,Follow,1
792,1219,20230527,Follow,1
1431,1325,20230511,Unfollow,0
604,724,20230507,Unfollow,0
1450,442,20230317,Follow,1
651,994,20231130,Follow,1
229,435,20230624,Follow,1
1836,941,20231226,Follow,1
1670,1226,20230222,Follow,1
1629,497,20230622,Unfollow,0
67,1909,20230617,Follow,1
1723,1249,20231015,Follow,1
1319,1121,20230711,Follow,1
212,1369,20230730,Follow,1
53,211,20230908,Follow,1
96,430,20230616,Follow,1
1004,876,20230918,Follow,1
943,1111,20230401,Follow,1
1300,1938,20230429,Unfollow,0
437,482,20231102,Unfollow,0
568,9,20231210,Follow,1
1846,187,20231009,Follow,1
1073,528,20230302,Follow,1
1497,814,20230208,Follow,1
835,994,20230208,Unfollow,0
425,265,20230401,Follow,1
1740,827,20230406,Follow,1
338,1215,20230214,Follow,1
1554,467,20231229,Unfollow,0
1244,449,20230126,Follow,1
1852,1692,20230603,Follow,1
153,1058,20230726,Unfollow,0
265,458,20230708,Follow,1
882,1324,20230708,Follow,1
379,1155,20230330,Unfollow,0
1032,268,20231224,Unfollow,0
1385,1931,20230618,Follow,1
1374,1329,20230306,Follow,1
499,173,20231224,Unfollow,0
132,1978,20230410,Follow,1
1126,1591,20230301,Follow,1
1494,965,20230330,Follow,1
1713,223,20231129,Follow,1
180,114,20230808,Follow,1
313,166,20230602,Follow,1
94,1579,20230730,Follow,1
77,428,20230324,Follow,1
1550,656,20230810,Follow,1
989,75,20230731,Follow,1
1541,581,20231018,Unfollow,0
231,896,20230102,Follow,1
1780,1334,20230306,Follow,1
477,166,20230426,Follow,1
855,1347,20230415,Follow,1
758,1132,20230103,Follow,1
1718,492,20230304,Follow,1
1529,1837,20230720,Follow,1
1440,756,20230205,Follow,1
545,1031,20230422,Unfollow,0
167,523,20230711,Follow,1
334,447,20231221,Follow,1
770,296,20231130,Follow,1
862,102,20230705,Follow,1
1733,919,20231011,Follow,1
1549,208,20230909,Follow,1
1922,1572,20230501,Follow,1
870,1818,20230702,Follow,1
1054,732,20230806,Follow,1
502,1712,20230906,Follow,1
1511,832,20230317,Follow,1
992,458,20230402,Follow,1
1558,1007,20230409,Follow,1
31,93,20230123,Follow,1
1165,1286,20230627,Follow,1
798,1504,20230109,Follow,1
620,260,20230904,Follow,1
961,197,20230416,Unfollow,0
380,372,20231027,Follow,1
243,1613,20230710,Follow,1
966,847,20231115,Unfollow,0
679,386,20230422,Follow,1
1213,1739,20231031,Unfollow,0
632,64,20230831,Unfollow,0
1000,873,20230901,Unfollow,0
23,489,20230521,Unfollow,0
885,452,20230405,Follow,1
1665,166,20230918,Follow,1
1361,826,20230425,Follow,1
1832,1367,20230719,Unfollow,0
1688,270,20230529,Unfollow,0
641,1596,20230527,Follow,1
1371,644,20231111,Follow,1
124,1182,20230815,Follow,1
1077,1376,20230913,Follow,1
1074,1673,20230622,Follow,1
446,412,20231112,Unfollow,0
1509,245,20230728,Follow,1
1184,227,20230616,Unfollow,0
928,1198,20230512,Unfollow,0
93,1648,20231117,Follow,1
1655,1672,20231218,Follow,1
682,1382,20230921,Follow,1
1479,1044,20230916,Follow,1
1732,1757,20231016,Follow,1
512,1742,20230204,Follow,1
646,812,20230220,Follow,1
142,1952,20230911,Follow,1
1007,1568,20230307,Follow,1
63,311,20230404,Follow,1
1864,1179,20231119,Unfollow,0
1304,825,20230507,Follow,1
1326,1873,20230216,Follow,1
907,1109,20230329,Follow,1
665,442,20231114,Unfollow,0
301,1384,20231130,Follow,1
990,889,20230122,Follow,1
1925,1615,20230421,Unfollow,0
1018,199,20230330,Follow,1
1082,1653,20230825,Follow,1
400,845,20231115,Follow,1
1944,326,20231019,Follow,1
1162,912,20231217,Unfollow,0
159,737,20230920,Unfollow,0
1002,247,20230817,Follow,1
685,1896,20230116,Unfollow,0
1141,749,20231104,Follow,1
758,775,20231125,Follow,1
664,1887,20231014,Follow,1
527,740,20230527,Unfollow,0
448,1951,20230426,Unfollow,0
1319,861,20230323,Follow,1
1042,1900,20231016,Follow,1
1899,1568,20231123,Follow,1
916,1996,20230505,Follow,1
755,1453,20230325,Follow,1
1870,1778,20231127,Unfollow,0
1741,612,20230205,Follow,1
1673,1093,20230514,Follow,1
996,1008,20230711,Follow,1
1966,212,20230320,Follow,1
383,1631,20230613,Follow,1
1573,1456,20230207,Follow,1
275,746,20231226,Follow,1
380,786,20230219,Unfollow,0
1396,293,20230729,Follow,1
1653,1847,20230922,Follow,1
146,748,20230602,Follow,1
1081,963,20230114,Follow,1
1932,364,20230129,Unfollow,0
855,1059,20231121,Follow,1
231,1428,20230611,Follow,1
616,337,20230714,Follow,1
1121,1583,20231130,Follow,1
734,1246,20230502,Follow,1
1497,713,20231103,Unfollow,0
874,650,20231226,Follow,1
825,975,20230814,Unfollow,0
77,587,20230922,Follow,1
320,754,20230208,Follow,1
711,495,20231116,Unfollow,0
202,1095,20231112,Unfollow,0
1457,1354,20230102,Unfollow,0
1821,1088,20231207,Unfollow,0
652,218,20230327,Unfollow,0
453,1206,20230705,Follow,1
1936,388,20230403,Follow,1
1213,1093,20230910,Follow,1
51,811,20230423,Follow,1
352,880,20230213,Follow,1
463,262,20230221,Follow,1
1194,446,20230428,Unfollow,0
491,1885,20230512,Follow,1
820,1965,20231012,Follow,1
1821,615,20231126,Follow,1
997,269,20230524,Follow,1
532,267,20230218,Follow,1
1559,518,20230322,Follow,1
1298,1900,20230921,Follow,1
715,1809,20230102,Follow,1
1177,1482,20230523,Unfollow,0
1841,45,20231007,Follow,1
85,525,20230111,Follow,1
511,382,20230519,Follow,1
1357,1572,20231221,Follow,1
134,885,20230314,Follow,1
1778,1559,20230129,Follow,1
501,316,20230427,Follow,1
323,713,20230407,Follow,1
644,1068,20230824,Follow,1
1063,551,20230509,Unfollow,0
522,1747,20231214,Follow,1
487,905,20230803,Follow,1
76,372,20231025,Follow,1
951,1888,20230730,Follow,1
545,965,20230102,Unfollow,0
1488,1566,20230930,Follow,1
1849,498,20230731,Follow,1
1156,220,20230517,Follow,1
459,1761,20230304,Follow,1
999,165,20230324,Follow,1
1344,1671,20231129,Follow,1
1894,1867,20230330,Follow,1
1642,1936,20230718,Unfollow,0
1366,1330,20231201,Follow,1
1655,1513,20231228,Follow,1
1149,1393,20231204,Unfollow,0
880,391,20231118,Follow,1
929,866,20230603,Follow,1
1058,847,20231011,Follow,1
769,1681,20230131,Unfollow,0
580,1962,20230309,Follow,1
420,1770,20230701,Follow,1
1327,1753,20230522,Follow,1
328,138,20230225,Follow,1
91,1545,20231205,Follow,1
168,115,20230724,Follow,1
552,1538,20230213,Follow,1
1829,1119,20230118,Follow,1
1100,1097,20230816,Follow,1
351,1860,20230813,Follow,1
77,248,20231205,Follow,1
99,72,20230624,Follow,1
1612,751,20230809,Unfollow,0
438,852,20230105,Follow,1
1015,783,20231212,Follow,1
379,1243,20230128,Follow,1
1514,4,20230728,Follow,1
896,1652,20230916,Follow,1
642,1033,20230326,Unfollow,0
255,1250,20231121,Follow,1
131,961,20230818,Unfollow,0
1457,1993,20231216,Unfollow,0
185,497,20230823,Follow,1
1992,391,20230403,Follow,1
666,1891,20230713,Follow,1
1988,344,20230512,Follow,1
566,421,20230127,Follow,1
904,1100,20230203,Follow,1
561,520,20230420,Follow,1
1299,1454,20230225,Unfollow,0
521,638,20230207,Unfollow,0
1208,300,20230320,Follow,1
1168,1444,20230627,Unfollow,0
721,114,20230818,Unfollow,0
1657,71,20231114,Follow,1
1351,1753,20231209,Follow,1
953,1826,20230803,Unfollow,0
1132,657,20231102,Follow,1
1207,1660,20230304,Follow,1
1956,153,20230211,Unfollow,0
1293,930,20230527,Follow,1
1723,593,20230609,Unfollow,0
1216,715,20230604,Follow,1
212,1008,20230610,Unfollow,0
150,1528,20231125,Follow,1
1771,1369,20230614,Follow,1
267,517,20230302,Follow,1
1551,815,20231104,Follow,1
1194,410,20230401,Follow,1
154,119,20231114,Follow,1
219,848,20231107,Follow,1
1137,927,20231205,Unfollow,0
1472,1538,20230102,Follow,1
628,228,20231008,Follow,1
147,1135,20230503,Follow,1
1491,348,20231221,Follow,1
1749,723,20231016,Unfollow,0
529,432,20230213,Unfollow,0
1269,900,20230128,Unfollow,0
345,794,20230604,Unfollow,0
1082,1312,20230708,Unfollow,0
1735,825,20230114,Unfollow,0
1756,1859,20230602,Follow,1
906,217,20231015,Follow,1
1774,466,20230317,Follow,1
189,448,20230727,Follow,1
32,665,20230524,Unfollow,0
1210,597,20230731,Follow,1
315,1909,20231017,Follow,1
441,1435,20230404,Unfollow,0
276,942,20230626,Follow,1
1747,176,20230810,Follow,1
969,1156,20230226,Follow,1
223,1833,20230415,Unfollow,0
1663,815,20230427,Follow,1
812,864,20230808,Follow,1
863,178,20230815,Follow,1
1870,285,20230208,Follow,1
670,1066,20230512,Follow,1
1289,1298,20230710,Follow,1
1798,1095,20230819,Follow,1
243,1321,20230411,Follow,1
1459,998,20231226,Follow,1
1050,1638,20230504,Follow,1
1348,1668,20230807,Follow,1
70,1239,20230627,Follow,1
1982,1920,20231112,Unfollow,0
162,560,20230204,Follow,1
1911,1856,20230908,Follow,1
346,1315,20231129,Follow,1
514,828,20231013,Unfollow,0
611,179,20230825,Follow,1
1861,829,20231201,Follow,1
581,1005,20230911,Follow,1
1221,1273,20230530,Unfollow,0
831,1131,20230327,Follow,1
1896,1382,20230305,Follow,1
850,1780,20230809,Follow,1
608,1102,20231111,Follow,1
1916,1547,20230922,Follow,1
406,1083,20230912,Follow,1
968,998,20230410,Follow,1
643,942,20230405,Follow,1
1901,1492,20231004,Unfollow,0
1359,1861,20230222,Unfollow,0
280,1951,20230802,Follow,1
477,1594,20231225,Follow,1
1264,1604,20231217,Unfollow,0
17,453,20231222,Follow,1
1574,1883,20231020,Unfollow,0
317,140,20231212,Follow,1
1436,304,20231216,Follow,1
569,317,20230707,Follow,1
1449,1855,20230904,Follow,1
458,1949,20231102,Unfollow,0
697,391,20230222,Follow,1
432,123,20230111,Follow,1
576,1765,20231012,Follow,1
1294,94,20230419,Follow,1
1990,822,20231227,Follow,1
7,838,20230427,Follow,1
929,1927,20230530,Follow,1
1358,1216,20230622,Follow,1
199,1425,20230911,Follow,1
1637,988,20231224,Follow,1
402,1797,20230627,Follow,1
1526,1570,20230622,Follow,1
952,337,20230519,Follow,1
1676,484,20230414,Unfollow,0
862,1872,20230412,Follow,1
67,828,20231111,Follow,1
1315,984,20230616,Follow,1
1043,458,20231009,Follow,1
881,531,20231028,Follow,1
838,88,20230606,Follow,1
1572,1276,20231102,Follow,1
1021,1175,20230320,Follow,1
1721,1886,20230621,Unfollow,0
1189,1235,20230410,Follow,1
562,919,20230726,Follow,1
1051,717,20230806,Follow,1
1597,1568,20230222,Follow,1
227,1299,20230907,Follow,1
1898,1983,20230123,Follow,1
1989,1120,20230719,Unfollow,0
323,1186,20231011,Follow,1
96,1030,20230710,Follow,1
389,1122,20230323,Follow,1
1437,1457,20230407,Follow,1
638,99,20230627,Follow,1
927,998,20230113,Follow,1
940,995,20231019,Follow,1
1524,1985,20230604,Follow,1
878,167,20230302,Follow,1
1130,1027,20231228,Follow,1
1506,1653,20230807,Follow,1
1802,919,20230311,Follow,1
1073,274,20230421,Follow,1
248,1477,20231204,Unfollow,0
161,749,20231006,Follow,1
880,531,20230203,Follow,1
549,154,20230527,Follow,1
18,506,20230426,Follow,1
1234,147,20230313,Follow,1
46,841,20230227,Follow,1
751,449,20231106,Follow,1
45,1307,20230103,Follow,1
1221,868,20230530,Follow,1
682,122,20231003,Follow,1
603,1830,20230423,Follow,1
1220,1203,20231225,Unfollow,0
612,1601,20230815,Unfollow,0
1810,506,20230318,Follow,1
406,1513,20230919,Follow,1
935,1236,20230930,Follow,1
286,729,20230128,Follow,1
1680,1375,20230712,Follow,1
295,1150,20230121,Follow,1
632,992,20231104,Follow,1
1257,1594,20230630,Follow,1
691,1826,20230703,Unfollow,0
924,1015,20230120,Follow,1
468,728,20230718,Follow,1
1623,1614,20230104,Follow,1
713,121,20230311,Follow,1
1727,1957,20231206,Follow,1
1214,1563,20231211,Follow,1
1147,951,20230520,Follow,1
502,30,20231028,Follow,1
1215,61,20230528,Follow,1
293,748,20231212,Follow,1
1911,1687,20230602,Follow,1
1499,1320,20230218,Follow,1
889,554,20230925,Follow,1
51,1425,20230417,Follow,1
1894,1692,20230425,Unfollow,0
259,45,20231227,Follow,1
1122,1758,20230115,Follow,1
1847,1185,20231010,Unfollow,0
1583,1829,20230724,Follow,1
1579,636,20230905,Unfollow,0
1805,1355,20230813,Follow,1
617,1794,20230802,Follow,1
1817,1758,20230808,Follow,1
1291,1754,20230802,Follow,1
828,1450,20230221,Follow,1
663,1808,20230505,Follow,1
1956,591,20231016,Follow,1
145,1293,20230513,Follow,1
1558,777,20230721,Unfollow,0
1771,928,20230408,Follow,1
194,18,20231209,Follow,1
525,561,20230929,Follow,1
1355,1140,20231006,Unfollow,0
1385,1635,20230615,Follow,1
733,544,20230912,Follow,1
1683,670,20230510,Follow,1
96,1955,20230423,Follow,1
1702,1181,20231222,Unfollow,0
24,11,20231017,Follow,1
1400,1336,20231108,Follow,1
671,1366,20230702,Follow,1
1856,1834,20230404,Unfollow,0
1200,778,20231022,Follow,1
775,933,20230114,Follow,1
408,312,20231031,Unfollow,0
1124,1989,20230707,Follow,1
1266,349,20230212,Follow,1
1500,1466,20230516,Follow,1
1886,679,20231012,Unfollow,0
1392,1627,20230627,Unfollow,0
772,1044,20230618,Follow,1
294,829,20230604,Unfollow,0
1603,290,20230120,Follow,1
1979,1363,20231217,Follow,1
1057,4,20230108,Follow,1
827,1039,20230222,Follow,1
1343,1246,20231212,Follow,1
1701,921,20230216,Follow,1
1237,87,20230401,Follow,1
1965,1138,20230307,Follow,1
945,681,20230710,Follow,1
1269,1046,20230125,Follow,1
662,1565,20230503,Unfollow,0
1976,433,20230505,Follow,1
767,1417,20230628,Follow,1
479,1172,20230330,Unfollow,0
60,372,20230721,Unfollow,0
1435,1240,20230930,Follow,1
761,1088,20230128,Follow,1
54,1856,20230305,Unfollow,0
922,1687,20230609,Follow,1
681,1780,20230511,Follow,1
917,179,20230930,Follow,1
1281,1707,20230912,Follow,1
712,727,20230121,Follow,1
27,1616,20230521,Unfollow,0
1589,611,20230511,Unfollow,0
738,364,20231017,Follow,1
391,1741,20230729,Follow,1
526,1083,20230826,Follow,1
776,1537,20230831,Unfollow,0
1777,882,20230211,Follow,1
1584,996,20230202,Follow,1
1718,84,20230724,Follow,1
1918,1853,20230113,Follow,1
1728,407,20231002,Follow,1
1580,1811,20231231,Unfollow,0
1387,907,20231109,Follow,1
836,479,20230625,Follow,1
599,1678,20231113,Follow,1
1690,1762,20230826,Follow,1
501,201,20230526,Follow,1
1208,1693,20230305,Follow,1
7,795,20230204,Follow,1
888,1480,20231022,Unfollow,0
338,1818,20230621,Follow,1
123,356,20231203,Unfollow,0
276,1088,20230203,Follow,1
623,546,20230423,Follow,1
467,506,20230906,Follow,1
11,1628,20230805,Follow,1
917,617,20230926,Follow,1
1053,1353,20230520,Unfollow,0
1490,497,20230520,Follow,1
1059,707,20230321,Follow,1
1428,339,20230510,Follow,1
1972,1,20230620,Follow,1
1835,1819,20231121,Follow,1
112,67,20230927,Unfollow,0
1955,1119,20231209,Follow,1
1798,1246,20230406,Follow,1
1388,87,20230714,Follow,1
471,456,20231201,Follow,1
1828,574,20230407,Unfollow,0
1417,1648,20230426,Follow,1
1460,1576,20230621,Follow,1
1331,1059,20230628,Follow,1
1235,1467,20230828,Follow,1
1356,479,20230911,Follow,1
1211,10,20230426,Follow,1
1052,629,20231120,Follow,1
221,486,20231108,Follow,1
1162,964,20230325,Follow,1
326,1128,20230706,Follow,1
67,1477,20230428,Follow,1
1622,101,20230812,Follow,1
1447,694,20231122,Unfollow,0
1765,1810,20231216,Unfollow,0
711,350,20230729,Unfollow,0
1217,1936,20230627,Follow,1
1293,352,20230128,Follow,1
1604,632,20230724,Follow,1
1885,1168,20230420,Follow,1
1104,1106,20230615,Follow,1
1651,538,20230124,Unfollow,0
557,1050,20230205,Follow,1
3,83,20230524,Follow,1
1374,856,20230317,Follow,1
1940,1605,20231214,Follow,1
101,1186,20231122,Follow,1
1559,1764,20231212,Follow,1
1183,1506,20230323,Follow,1
597,621,20230524,Follow,1
780,171,20231201,Follow,1
1429,669,20230907,Follow,1
6,487,20230222,Follow,1
1381,728,20231126,Follow,1
544,1827,20230116,Unfollow,0
487,1011,20231031,Follow,1
1872,1398,20230425,Follow,1
793,692,20230618,Follow,1
1300,118,20231208,Follow,1
1243,132,20230108,Follow,1
260,1294,20230127,Follow,1
1458,27,20230328,Follow,1
1018,1715,20231015,Follow,1
1753,1965,20231202,Follow,1
1885,764,20230329,Follow,1
697,29,20230703,Follow,1
1905,1089,20231115,Follow,1
801,1052,20231120,Follow,1
1628,52,20230803,Follow,1
754,214,20230126,Follow,1
1643,1760,20231220,Follow,1
1291,324,20230117,Follow,1
921,1588,20231231,Follow,1
377,144,20230119,Follow,1
881,109,20230609,Follow,1
898,1205,20231028,Follow,1
696,179,20231208,Follow,1
136,36,20230803,Follow,1
472,289,20231204,Follow,1
1016,77,20231022,Follow,1
1589,1538,20230327,Follow,1
1120,184,20231021,Follow,1
1445,1993,20230515,Follow,1
1727,1620,20230225,Follow,1
651,1108,20230816,Unfollow,0
1232,225,20230528,Follow,1
1232,764,20231004,Follow,1
538,491,20230908,Follow,1
1663,1225,20230520,Follow,1
1253,1378,20231027,Follow,1
1232,481,20230326,Follow,1
1918,184,20230429,Unfollow,0
933,1034,20230206,Follow,1
1129,374,20230707,Follow,1
1334,1243,20231027,Unfollow,0
336,1575,20231009,Follow,1
485,509,20230529,Follow,1
1351,552,20230118,Follow,1
1227,1903,20230711,Follow,1
1373,893,20230913,Follow,1
1136,220,20230908,Follow,1
1793,1425,20230705,Follow,1
1636,1021,20231123,Follow,1
322,502,20230819,Follow,1
918,174,20231018,Unfollow,0
1364,1292,20231230,Follow,1
1256,1032,20230822,Follow,1
1481,1479,20230415,Follow,1
105,632,20230924,Follow,1
43,868,20230123,Follow,1
646,1926,20230411,Unfollow,0
252,1059,20230323,Follow,1
1415,1002,20230223,Follow,1
1023,1167,20230101,Follow,1
657,95,20231218,Follow,1
386,32,20231210,Follow,1
943,293,20230310,Follow,1
1109,1819,20230106,Follow,1
1243,1060,20230726,Follow,1
926,1532,20230212,Follow,1
150,367,20230626,Follow,1
1766,410,20231024,Follow,1
1307,1274,20230219,Follow,1
81,688,20230808,Follow,1
1868,1488,20230226,Unfollow,0
968,569,20230726,Unfollow,0
1541,1317,20230615,Follow,1
203,354,20231230,Follow,1
1850,41,20231129,Follow,1
496,1227,20231106,Follow,1
823,864,20230916,Follow,1
696,1487,20230112,Follow,1
623,330,20231214,Follow,1
819,172,20230222,Follow,1
316,1440,20231118,Follow,1
87,1279,20230627,Follow,1
934,1870,20230414,Follow,1
1865,811,20231229,Unfollow,0
1920,983,20230517,Follow,1
113,1955,20230304,Follow,1
755,67,20230321,Follow,1
1362,1906,20230128,Follow,1
1299,487,20230123,Unfollow,0
385,494,20230208,Follow,1
339,1508,20230926,Unfollow,0
1064,1130,20230520,Follow,1
1410,1775,20230607,Follow,1
1429,392,20230314,Unfollow,0
370,1283,20230528,Follow,1
1425,1919,20230406,Follow,1
1669,1292,20231227,Follow,1
1290,1752,20231018,Follow,1
446,623,20230619,Follow,1
628,1437,20230830,Follow,1
947,1700,20230211,Follow,1
560,1556,20230709,Follow,1
1565,815,20230418,Follow,1
1554,331,20230221,Follow,1
1130,1746,20230704,Follow,1
1562,1281,20230514,Unfollow,0
1788,446,20230218,Follow,1
979,625,20230402,Follow,1
418,1984,20230324,Unfollow,0
456,134,20230313,Follow,1
1910,1236,20230109,Follow,1
857,69,20230814,Follow,1
401,900,20230413,Follow,1
1624,1056,20231129,Unfollow,0
13,810,20230811,Follow,1
1233,370,20230623,Unfollow,0
1006,1121,20230428,Follow,1
1696,1314,20230326,Follow,1
1444,1210,20230403,Follow,1
1821,1299,20230409,Follow,1
336,1109,20230211,Follow,1
564,627,20230511,Follow,1
1877,1090,20230131,Follow,1
950,1324,20230304,Follow,1
621,868,20231105,Follow,1
1237,1291,20230905,Follow,1
1286,1444,20230215,Follow,1
1635,1374,20230210,Follow,1
1203,1900,20231019,Follow,1
23,1580,20231119,Follow,1
1199,1720,20230109,Follow,1
513,666,20230110,Follow,1
1425,702,20230518,Follow,1
1113,687,20230918,Follow,1
281,937,20230608,Unfollow,0
531,1655,20230711,Follow,1
475,743,20231126,Follow,1
1691,1223,20230509,Follow,1
558,744,20230903,Follow,1
1522,637,20230307,Unfollow,0
1869,1436,20231231,Unfollow,0
123,156,20230209,Follow,1
972,1161,20230719,Follow,1
1471,1361,20231015,Follow,1
854,648,20230212,Follow,1
1695,1288,20231012,Unfollow,0
172,118,20231114,Follow,1
1565,1502,20230617,Follow,1
1379,396,20230102,Follow,1
1525,237,20231217,Follow,1
367,1180,20230713,Unfollow,0
1422,932,20230111,Unfollow,0
1181,1776,20230318,Follow,1
1246,369,20231027,Follow,1
1820,576,20230813,Follow,1
1086,731,20230412,Follow,1
1588,411,20230626,Follow,1
61,1085,20231225,Follow,1
341,1883,20230308,Follow,1
1111,736,20230405,Unfollow,0
1744,178,20230726,Follow,1
1348,1806,20230818,Follow,1
1555,938,20230311,Follow,1
1973,1807,20230411,Follow,1
1749,24,20230524,Follow,1
1903,238,20231029,Unfollow,0
887,770,20231019,Follow,1
879,1389,20230626,Follow,1
51,1032,20231031,Unfollow,0
533,1879,20230226,Follow,1
178,107,20230525,Follow,1
1382,514,20230907,Follow,1
1429,1624,20230704,Follow,1
916,102,20230314,Follow,1
1038,92,20230513,Follow,1
606,398,20230507,Follow,1
277,1438,20230131,Follow,1
765,990,20230130,Follow,1
1648,1086,20231227,Follow,1
1511,1766,20230827,Follow,1
665,510,20230406,Follow,1
576,339,20231027,Follow,1
881,1443,20231006,Follow,1
861,1652,20230325,Follow,1
1020,1706,20230224,Unfollow,0
1512,266,20231122,Follow,1
1457,617,20230522,Follow,1
439,124,20230507,Follow,1
1868,1288,20230402,Follow,1
1316,625,20231001,Follow,1
939,1890,20230110,Follow,1
1976,1391,20231004,Follow,1
752,505,20231202,Follow,1
514,960,20230724,Follow,1
1648,651,20230425,Follow,1
446,1241,20230826,Unfollow,0
1505,1669,20230520,Unfollow,0
756,1684,20230221,Unfollow,0
1542,1586,20230914,Unfollow,0
689,1286,20230306,Follow,1
794,1913,20231001,Follow,1
251,198,20230217,Follow,1
693,482,20230822,Follow,1
1047,1111,20231230,Follow,1
672,1858,20230728,Follow,1
972,1360,20231012,Follow,1
1488,1507,20230301,Follow,1
760,1479,20230210,Unfollow,0
83,1732,20231129,Follow,1
710,1273,20230323,Unfollow,0
1503,941,20230818,Follow,1
441,1930,20231123,Follow,1
977,1659,20231227,Unfollow,0
1313,1998,20231213,Follow,1
1862,1636,20230203,Follow,1
836,496,20231008,Follow,1
1357,863,20230328,Unfollow,0
921,551,20230404,Follow,1
431,1059,20231024,Follow,1
230,1333,20230911,Unfollow,0
587,506,20230826,Follow,1
1877,1220,20230930,Follow,1
1760,961,20230916,Follow,1
598,1685,20231230,Follow,1
180,1819,20230219,Follow,1
1696,1510,20230413,Follow,1
474,951,20230213,Follow,1
7,1256,20230928,Follow,1
1963,303,20230830,Follow,1
923,1929,20231227,Follow,1
896,512,20230509,Follow,1
1366,1888,20230311,Follow,1
179,944,20231222,Unfollow,0
651,215,20230424,Follow,1
1355,855,20230318,Follow,1
1893,1485,20230131,Follow,1
1724,1060,20230412,Follow,1
386,418,20230116,Follow,1
1345,251,20230118,Follow,1
1600,76,20230110,Follow,1
338,982,20230216,Unfollow,0
1671,1557,20231213,Follow,1
341,1783,20230823,Follow,1
1337,1045,20230517,Follow,1
177,758,20230215,Follow,1
328,1717,20230821,Follow,1
1492,1288,20230805,Follow,1
321,1711,20231213,Unfollow,0
1735,643,20230316,Unfollow,0
858,145,20230509,Unfollow,0
1134,1654,20231202,Follow,1
1455,1662,20230328,Unfollow,0
608,1969,20230402,Follow,1
1683,1814,20230121,Follow,1
1823,748,20230708,Follow,1
1371,201,20230722,Follow,1
524,1901,20230916,Follow,1
15,1359,20230325,Follow,1
160,229,20230626,Follow,1
1947,1959,20231223,Unfollow,0
649,655,20230725,Follow,1
1959,384,20230820,Follow,1
1374,992,20231101,Follow,1
6,937,20231027,Follow,1
148,523,20230717,Unfollow,0
224,315,20230507,Follow,1
1815,598,20230426,Follow,1
193,797,20230920,Follow,1
1211,1147,20231105,Follow,1
1728,229,20230617,Follow,1
1254,1189,20230330,Follow,1
237,1593,20230727,Follow,1
705,260,20230501,Follow,1
390,731,20230107,Unfollow,0
1516,705,20230707,Follow,1
1607,831,20230529,Follow,1
1376,1541,20230703,Follow,1
1974,1249,20231119,Unfollow,0
672,1448,20231030,Follow,1
1782,1367,20230830,Follow,1
503,1900,20230807,Follow,1
1927,596,20230528,Follow,1
1361,786,20230708,Follow,1
1971,1247,20230819,Follow,1
945,1462,20231202,Unfollow,0
1326,333,20231103,Follow,1
1360,1324,20231211,Follow,1
1893,438,20230424,Follow,1
1888,91,20231123,Follow,1
1844,639,20230415,Follow,1
1704,975,20230614,Follow,1
780,1155,20231115,Follow,1
1404,34,20230822,Follow,1
72,1893,20231212,Follow,1
46,1201,20230316,Follow,1
1269,1465,20230624,Follow,1
35,9,20230319,Follow,1
832,1038,20230116,Follow,1
387,1281,20230301,Follow,1
1927,1141,20230108,Unfollow,0
1528,1899,20230731,Follow,1
1688,408,20230612,Follow,1
1604,1113,20230829,Unfollow,0
963,296,20230825,Unfollow,0
849,1737,20230223,Follow,1
783,184,20231214,Follow,1
1582,268,20230819,Unfollow,0
305,1949,20230305,Unfollow,0
1012,920,20230622,Follow,1
1369,986,20230225,Follow,1
162,307,20230508,Follow,1
1113,1925,20230917,Follow,1
1592,1291,20230327,Follow,1
1713,904,20230611,Unfollow,0
1316,1650,20231210,Follow,1
1590,1714,20230316,Follow,1
811,13,20231102,Follow,1
113,1594,20230715,Follow,1
1489,1978,20230509,Follow,1
1542,1025,20231227,Follow,1
853,82,20230913,Follow,1
358,1573,20230112,Follow,1
294,1874,20230521,Follow,1
220,8,20230909,Follow,1
1927,256,20230408,Follow,1
284,1794,20230114,Follow,1
1440,700,20230127,Follow,1
1102,1838,20230826,Follow,1
1780,531,20231229,Follow,1
673,356,20230304,Follow,1
1511,246,20230405,Follow,1
710,999,20231217,Follow,1
402,1469,20231026,Follow,1
1345,224,20230207,Follow,1
75,376,20230301,Follow,1
1471,1514,20231028,Follow,1
1313,49,20230206,Follow,1
1352,154,20230302,Follow,1
1963,688,20230411,Follow,1
1374,1539,20230502,Follow,1
1206,1000,20230129,Follow,1
1553,889,20230212,Follow,1
1568,543,20231010,Follow,1
160,376,20230516,Follow,1
1966,1150,20230116,Follow,1
1666,1247,20230226,Follow,1
1777,1694,20230101,Unfollow,0
1461,1288,20230130,Follow,1
1017,1394,20230313,Follow,1
467,1196,20230713,Follow,1
1449,264,20230812,Follow,1
1505,1979,20230720,Follow,1
1305,914,20230717,Follow,1
1728,1871,20230409,Follow,1
1783,815,20230816,Unfollow,0
1302,1908,20230825,Follow,1
1133,65,20230413,Follow,1
210,1815,20230731,Follow,1
1019,1492,20230417,Unfollow,0
198,1060,20230612,Unfollow,0
992,1926,20230327,Unfollow,0
986,1864,20230131,Unfollow,0
483,270,20230411,Follow,1
1869,1177,20230214,Follow,1
1524,1154,20230628,Unfollow,0
1120,1177,20230418,Follow,1
549,301,20231102,Follow,1
458,1110,20230712,Follow,1
1064,94,20230827,Follow,1
1693,1825,20230213,Follow,1
1508,724,20231011,Follow,1
151,428,20230202,Unfollow,0
1842,1385,20230402,Follow,1
1770,237,20231107,Follow,1
575,746,20230130,Unfollow,0
785,472,20230312,Follow,1
1565,918,20230925,Follow,1
1651,804,20231113,Follow,1
469,1381,20231213,Follow,1
1330,1829,20230829,Follow,1
1370,1294,20230926,Follow,1
255,1013,20231015,Follow,1
1287,541,20231208,Follow,1
1318,1858,20230301,Follow,1
41,1219,20230307,Follow,1
353,1487,20230526,Follow,1
1265,1268,20230813,Follow,1
1577,745,20230725,Follow,1
124,1076,20230317,Follow,1
175,1977,20230925,Unfollow,0
1409,546,20230618,Follow,1
1071,1176,20231023,Follow,1
442,1351,20231027,Follow,1
991,1138,20230331,Follow,1
813,1964,20230910,Unfollow,0
639,1921,20230421,Follow,1
879,217,20230710,Follow,1
1045,1472,20231129,Follow,1
1044,1910,20230602,Follow,1
1390,1721,20231114,Follow,1
1865,590,20230226,Follow,1
555,1408,20230613,Follow,1
1145,597,20231115,Follow,1
1268,1926,20230802,Follow,1
1786,1925,20230302,Follow,1
1158,1270,20230429,Follow,1
187,1868,20230704,Unfollow,0
79,450,20230326,Follow,1
1681,176,20230911,Follow,1
430,1203,20230526,Unfollow,0
584,1089,20230329,Unfollow,0
1784,251,20231216,Follow,1
341,1067,20230524,Unfollow,0
921,1352,20230520,Follow,1
1421,1137,20230120,Follow,1
1514,1180,20230204,Follow,1
39,1971,20230303,Follow,1
206,1032,20230319,Follow,1
1960,194,20230404,Unfollow,0
1169,482,20230109,Follow,1
659,433,20231112,Follow,1
303,1439,20231127,Unfollow,0
1307,1854,20230206,Follow,1
604,1128,20231014,Follow,1
1284,1495,20230326,Unfollow,0
1862,810,20230903,Follow,1
1918,1324,20230403,Follow,1
777,1530,20230428,Follow,1
1754,122,20230101,Unfollow,0
1724,779,20230210,Follow,1
568,47,20230803,Follow,1
987,1108,20230702,Follow,1
1170,870,20231018,Follow,1
101,455,20231225,Follow,1
1534,1713,20230402,Follow,1
107,279,20231010,Follow,1
979,1713,20230123,Unfollow,0
361,836,20230209,Follow,1
1980,1599,20231027,Follow,1
1047,186,20230927,Follow,1
1841,269,20231116,Follow,1
918,1191,20230520,Follow,1
1419,1165,20231101,Follow,1
1876,1914,20230130,Follow,1
864,298,20230318,Unfollow,0
690,757,20230602,Follow,1
1765,113,20230705,Follow,1
1941,1356,20230812,Follow,1
685,1293,20230703,Follow,1
660,535,20230829,Unfollow,0
1468,410,20231214,Follow,1
455,139,20230321,Follow,1
59,1962,20230516,Follow,1
746,303,20230529,Unfollow,0
1524,1140,20230727,Follow,1
1763,1986,20230207,Follow,1
183,1047,20230222,Follow,1
1489,1675,20231017,Follow,1
1168,1268,20230806,Follow,1
1873,1368,20230508,Follow,1
1917,140,20231101,Follow,1
813,903,20231025,Follow,1
1108,1041,20230522,Follow,1
1669,713,20230609,Follow,1
1433,1438,20230626,Unfollow,0
291,1540,20230706,Follow,1
580,944,20230423,Unfollow,0
1308,677,20231220,Follow,1
73,504,20230522,Follow,1
483,300,20230922,Unfollow,0
1501,1813,20231214,Follow,1
1482,945,20231011,Follow,1
745,541,20230711,Unfollow,0
1408,298,20231108,Follow,1
878,321,20230409,Follow,1
1632,614,20230215,Unfollow,0
916,1635,20231230,Unfollow,0
1983,1562,20231213,Follow,1
436,163,20230316,Follow,1
1335,1907,20230703,Follow,1
1979,809,20231104,Follow,1
312,475,20230506,Follow,1
1661,1294,20230619,Follow,1
959,385,20230802,Unfollow,0
1309,1559,20230818,Follow,1
413,1209,20230508,Unfollow,0
226,16,20230426,Unfollow,0
778,772,20230410,Follow,1
1085,417,20230429,Follow,1
957,1815,20230515,Follow,1
1616,714,20230602,Follow,1
205,1924,20230122,Follow,1
1361,1457,20231217,Follow,1
435,1327,20230824,Follow,1
1941,1449,20231124,Follow,1
1645,867,20230130,Follow,1
841,791,20230211,Unfollow,0
349,1500,20230925,Unfollow,0
1000,165,20231007,Follow,1
1305,900,20230810,Unfollow,0
1834,853,20230829,Follow,1
1887,1557,20230303,Follow,1
1227,1966,20230412,Follow,1
444,1845,20230518,Follow,1
209,204,20230201,Follow,1
199,1155,20230803,Unfollow,0
1143,435,20230226,Follow,1
366,1066,20231206,Follow,1
930,112,20230222,Unfollow,0
1697,1898,20230302,Follow,1
132,1194,20230715,Unfollow,0
950,525,20230411,Follow,1
1295,1910,20230721,Follow,1
1406,1809,20230225,Unfollow,0
265,1956,20231229,Follow,1
914,1096,20230314,Unfollow,0
1554,1760,20231201,Follow,1
1617,1550,20230824,Follow,1
1306,261,20231115,Follow,1
443,700,20230316,Follow,1
1565,1619,20230106,Follow,1
1782,1019,20230212,Unfollow,0
1955,1815,20230815,Follow,1
1747,1909,20231106,Follow,1
35,1799,20230527,Follow,1
1577,1757,20230518,Follow,1
392,573,20230802,Follow,1
605,1011,20231218,Follow,1
833,1243,20230524,Follow,1
1605,589,20230112,Unfollow,0
735,595,20230519,Follow,1
384,350,20230804,Unfollow,0
1298,702,20230910,Follow,1
429,1306,20230304,Follow,1
1565,1888,20230411,Unfollow,0
359,640,20230902,Unfollow,0
653,853,20230616,Follow,1
166,1828,20230827,Follow,1
24,876,20230803,Follow,1
499,1011,20230721,Follow,1
772,1584,20230830,Follow,1
66,5,20230514,Unfollow,0
404,252,20231017,Follow,1
664,1774,20230421,Follow,1
1151,1561,20230328,Follow,1
512,1516,20231109,Follow,1
1949,1353,20230905,Follow,1
412,1228,20230721,Follow,1
263,538,20230223,Follow,1
1019,343,20231019,Follow,1
692,742,20230106,Follow,1
1543,1465,20230214,Follow,1
1835,475,20230521,Unfollow,0
1378,215,20230802,Follow,1
527,1231,20230129,Follow,1
1294,54,20230316,Follow,1
1026,1105,20230107,Unfollow,0
1670,33,20231114,Unfollow,0
1100,552,20230831,Unfollow,0
1315,935,20230219,Unfollow,0
832,389,20230211,Follow,1
618,462,20230816,Follow,1
1748,656,20230407,Follow,1
1175,761,20230404,Follow,1
1781,1519,20231028,Follow,1
1167,1217,20230220,Follow,1
284,1707,20231105,Follow,1
1034,1338,20231125,Follow,1
503,1745,20230423,Follow,1
1762,1045,20230603,Follow,1
1352,1708,20230830,Follow,1
137,169,20230113,Follow,1
786,1996,20230215,Follow,1
1579,187,20230504,Follow,1
715,1215,20230220,Follow,1
1656,133,20231230,Follow,1
1717,1143,20230103,Unfollow,0
1238,1687,20231115,Follow,1
1434,1908,20230605,Follow,1
1969,245,20230124,Follow,1
1658,839,20231102,Follow,1
1359,560,20231227,Follow,1
1730,1898,20231209,Unfollow,0
1787,438,20230509,Follow,1
1653,82,20230212,Unfollow,0
1576,1113,20230603,Follow,1
1861,1732,20230731,Follow,1
1384,129,20231018,Follow,1
196,1728,20230719,Unfollow,0
1390,717,20230829,Follow,1
462,353,20230723,Follow,1
575,1680,20230511,Follow,1
1893,11,20231115,Unfollow,0
1975,213,20230105,Follow,1
665,1946,20230907,Follow,1
1767,418,20230502,Follow,1
155,783,20230909,Follow,1
945,1259,20231212,Follow,1
1986,1612,20230507,Follow,1
1187,1690,20230825,Follow,1
1494,1992,20231020,Follow,1
452,1751,20230217,Unfollow,0
1261,340,20230922,Unfollow,0
1910,857,20230201,Follow,1
282,938,20230125,Follow,1
257,160,20231025,Unfollow,0
1028,1687,20231221,Follow,1
1688,1477,20231207,Follow,1
1622,1648,20230428,Follow,1
1999,559,20230418,Unfollow,0
1062,190,20231216,Follow,1
420,1045,20230526,Follow,1
1528,231,20230219,Unfollow,0
1547,1255,20230507,Unfollow,0
185,1056,20231026,Unfollow,0
199,499,20231122,Follow,1
441,1953,20230827,Follow,1
128,1739,20230619,Unfollow,0
1555,1663,20230902,Follow,1
57,364,20230307,Follow,1
1069,929,20231021,Follow,1
1448,690,20230122,Follow,1
1083,256,20230406,Follow,1
241,645,20231226,Follow,1
1130,377,20231218,Follow,1
454,474,20230814,Unfollow,0
101,1605,20230520,Unfollow,0
1094,191,20231028,Follow,1
788,1139,20230713,Follow,1
986,1425,20230124,Unfollow,0
194,945,20230102,Follow,1
1383,293,20230810,Follow,1
416,1909,20230521,Follow,1
37,468,20231120,Follow,1
1204,1486,20230613,Follow,1
148,888,20230610,Unfollow,0
1570,344,20230621,Unfollow,0
1372,587,20230601,Follow,1
1052,892,20231206,Follow,1
1869,1412,20230628,Unfollow,0
1467,123,20230222,Follow,1
1701,181,20230928,Follow,1
384,321,20230209,Follow,1
853,1972,20230714,Unfollow,0
86,727,20230806,Follow,1
812,1850,20230312,Unfollow,0
1034,1463,20231001,Follow,1
758,1657,20231208,Follow,1
317,1011,20230911,Unfollow,0
1387,1440,20230205,Unfollow,0
565,1091,20230210,Unfollow,0
1794,282,20230308,Follow,1
1470,1056,20230313,Follow,1
1647,1056,20230327,Follow,1
775,396,20231107,Unfollow,0
1966,32,20230105,Follow,1
411,1859,20230429,Follow,1
111,805,20230907,Follow,1
1372,650,20230911,Follow,1
1829,934,20231117,Follow,1
612,1208,20230206,Follow,1
382,331,20230203,Follow,1
476,669,20231222,Follow,1
1868,1442,20231027,Follow,1
1860,6,20230919,Unfollow,0
1575,1345,20230310,Follow,1
1345,1885,20231020,Unfollow,0
915,859,20230801,Follow,1
221,879,20230529,Follow,1
802,1569,20230712,Follow,1
1093,1120,20230428,Follow,1
1483,149,20230408,Unfollow,0
1051,1093,20230818,Follow,1
1781,49,20231017,Unfollow,0
1653,1249,20230116,Follow,1
867,460,20230922,Follow,1
166,1592,20230530,Follow,1
77,85,20230726,Follow,1
1365,278,20230610,Follow,1
1779,944,20230207,Follow,1
1359,1639,20230806,Follow,1
536,1995,20230501,Follow,1
308,1107,20230702,Unfollow,0
723,1254,20231222,Unfollow,0
1906,1320,20230516,Follow,1
1904,1188,20231030,Follow,1
1398,27,20231030,Follow,1
801,1219,20231205,Follow,1
1221,1210,20230923,Follow,1
1619,1313,20230507,Follow,1
1484,14,20230307,Follow,1
1922,1079,20231030,Follow,1
171,812,20230718,Follow,1
1148,820,20230916,Follow,1
63,716,20230212,Unfollow,0
1478,1708,20230418,Unfollow,0
1339,123,20230211,Follow,1
1274,203,20230611,Unfollow,0
1265,1270,20231103,Follow,1
465,1594,20230204,Follow,1
70,1449,20230409,Unfollow,0
1116,1843,20230929,Follow,1
1902,112,20230506,Follow,1
1856,1492,20230612,Follow,1
1940,904,20230614,Follow,1
949,1279,20230623,Follow,1
1081,295,20231103,Follow,1
1761,1139,20230619,Follow,1
1271,1485,20230809,Unfollow,0
1121,525,20230410,Follow,1
1495,888,20231018,Follow,1
1220,1047,20230723,Unfollow,0
1413,1297,20230328,Follow,1
1547,1926,20230406,Follow,1
130,239,20230603,Unfollow,0
635,1,20230203,Follow,1
1278,924,20231225,Follow,1
1158,152,20230327,Follow,1
1895,1066,20231120,Follow,1
174,988,20230328,Follow,1
112,417,20230505,Unfollow,0
1987,576,20231218,Follow,1
917,1256,20231021,Follow,1
1413,1331,20231119,Follow,1
1500,546,20230813,Unfollow,0
1385,77,20230723,Follow,1
1388,886,20231203,Follow,1
357,611,20230630,Unfollow,0
487,1878,20230829,Follow,1
466,4,20230625,Follow,1
1740,1903,20230501,Follow,1
309,275,20230722,Follow,1
211,410,20230129,Follow,1
968,611,20231229,Follow,1
782,949,20230902,Follow,1
1154,352,20231215,Follow,1
1119,1897,20230921,Follow,1
1158,1272,20230405,Follow,1
1245,671,20231115,Follow,1
1743,1228,20230815,Follow,1
974,95,20231113,Follow,1
135,417,20230531,Follow,1
701,1815,20230709,Follow,1
967,914,20230428,Unfollow,0
177,1359,20231028,Unfollow,0
909,172,20230214,Follow,1
1268,1868,20231125,Follow,1
765,1397,20230929,Follow,1
482,1337,20231109,Follow,1
840,995,20230616,Follow,1
1989,984,20231123,Follow,1
1434,1460,20230714,Follow,1
22,1668,20231113,Follow,1
823,878,20231205,Unfollow,0
1407,1756,20230612,Follow,1
1423,356,20230308,Unfollow,0
126,1560,20230714,Follow,1
18,1851,20231025,Follow,1
363,1943,20230819,Follow,1
542,1048,20230722,Follow,1
1038,929,20230911,Follow,1
1778,72,20231025,Follow,1
1525,1727,20230802,Follow,1
681,673,20230220,Follow,1
74,960,20230402,Follow,1
652,1641,20230715,Follow,1
270,1379,20230417,Follow,1
846,1376,20230910,Follow,1
1433,1076,20230603,Unfollow,0
997,1492,20230901,Unfollow,0
1784,402,20230828,Follow,1
1548,1141,20230912,Follow,1
1098,814,20230107,Unfollow,0
901,1357,20230328,Unfollow,0
191,1863,20230602,Follow,1
1044,1029,20230621,Follow,1
1732,1368,20231208,Follow,1
1745,1995,20230408,Follow,1
312,1306,20231005,Follow,1
1613,1757,20230523,Follow,1
1628,1804,20230131,Follow,1
175,1411,20231026,Follow,1
1703,1649,20231219,Follow,1
133,1457,20230730,Follow,1
1610,757,20230321,Follow,1
484,1220,20230504,Unfollow,0
1096,571,20230719,Follow,1
1565,254,20230915,Follow,1
1297,978,20230707,Follow,1
1232,875,20230226,Follow,1
1839,1386,20230922,Unfollow,0
1013,736,20230529,Follow,1
1915,1983,20230124,Unfollow,0
108,1917,20230103,Follow,1
232,587,20231221,Follow,1
328,1010,20230910,Follow,1
1686,811,20231105,Follow,1
175,1940,20231210,Unfollow,0
1789,1850,20231229,Unfollow,0
525,621,20231007,Follow,1
1133,1657,20230119,Follow,1
1611,83,20230617,Follow,1
698,1663,20230415,Follow,1
487,665,20231116,Follow,1
105,964,20230822,Follow,1
321,1603,20230911,Unfollow,0
708,418,20230513,Follow,1
215,1218,20230702,Follow,1
1572,1420,20231016,Follow,1
1871,931,20230107,Follow,1
1504,387,20231204,Follow,1
806,606,20230821,Follow,1
218,1737,20230818,Unfollow,0
308,1440,20230114,Follow,1
1696,623,20230702,Follow,1
428,760,20230821,Follow,1
1914,1024,20230423,Follow,1
1552,1996,20230222,Follow,1
1045,1501,20230307,Follow,1
1838,195,20230603,Unfollow,0
938,918,20230715,Follow,1
1671,478,20230810,Follow,1
622,76,20230515,Follow,1
1045,67,20230303,Follow,1
1742,1314,20230617,Follow,1
55,891,20230129,Follow,1
1326,701,20231023,Follow,1
2000,1421,20230115,Follow,1
1998,1134,20230729,Unfollow,0
764,1701,20231228,Follow,1
1372,1540,20230108,Follow,1
1207,789,20230727,Follow,1
1805,238,20230331,Unfollow,0
1945,393,20230112,Follow,1
1410,10,20230626,Follow,1
1289,327,20230612,Follow,1
1824,1623,20230804,Follow,1
162,1193,20230112,Follow,1
6,318,20230416,Follow,1
1572,1500,20230907,Follow,1
8,178,20231223,Follow,1
835,1308,20231009,Follow,1
1922,783,20230330,Follow,1
1734,483,20230302,Follow,1
1430,682,20231105,Follow,1
287,1161,20230305,Follow,1
627,436,20231015,Follow,1
1795,1027,20230910,Unfollow,0
1697,871,20230502,Follow,1
1261,1930,20230607,Follow,1
19,240,20230809,Follow,1
1472,1532,20231128,Follow,1
43,1938,20231228,Follow,1
149,132,20230523,Follow,1
249,890,20231111,Unfollow,0
1887,1634,20230203,Follow,1
1351,942,20231120,Follow,1
440,1422,20230716,Follow,1
96,1493,20230308,Follow,1
655,619,20230124,Follow,1
1611,1186,20230723,Unfollow,0
1035,348,20231119,Follow,1
131,1692,20230820,Follow,1
267,644,20231111,Unfollow,0
1467,1229,20230328,Follow,1
296,1675,20230614,Follow,1
832,1334,20230928,Follow,1
1927,423,20230515,Follow,1
883,1717,20230505,Unfollow,0
594,1655,20230703,Follow,1
390,1973,20230908,Unfollow,0
83,1252,20230318,Unfollow,0
763,486,20230825,Follow,1
1817,993,20231211,Unfollow,0
1971,72,20231010,Follow,1
780,1811,20230708,Unfollow,0
1592,17,20231117,Unfollow,0
1774,1948,20230315,Follow,1
1228,887,20231016,Unfollow,0
805,1142,20231104,Unfollow,0
984,781,20230627,Follow,1
1225,950,20230827,Unfollow,0
562,670,20230818,Follow,1
1145,1840,20230509,Unfollow,0
655,975,20230221,Unfollow,0
491,966,20230827,Unfollow,0
1958,1936,20230902,Follow,1
1542,1759,20230621,Follow,1
1685,1342,20231102,Follow,1
1897,866,20230518,Follow,1
52,679,20231214,Unfollow,0
1082,1915,20230201,Follow,1
744,953,20231026,Follow,1
1449,1053,20230519,Unfollow,0
738,1838,20230307,Follow,1
1770,1675,20230516,Follow,1
1414,1655,20230719,Follow,1
4,199,20230513,Follow,1
1953,980,20230119,Follow,1
754,1121,20230412,Follow,1
1597,1486,20230130,Follow,1
121,792,20231101,Follow,1
208,1345,20231217,Follow,1
1050,1085,20230605,Follow,1
1196,1455,20230310,Unfollow,0
153,1650,20230303,Unfollow,0
1757,800,20231013,Unfollow,0
981,849,20230205,Follow,1
1341,82,20230623,Follow,1
1797,1324,20231203,Unfollow,0
590,1017,20230909,Follow,1
1880,1580,20230303,Follow,1
452,1296,20230315,Unfollow,0
671,1970,20230416,Follow,1
353,1536,20231124,Follow,1
664,292,20231221,Follow,1
505,131,20230509,Follow,1
981,730,20231221,Follow,1
1071,1736,20230407,Follow,1
1091,1043,20230910,Follow,1
1566,513,20231007,Follow,1
100,1057,20230526,Follow,1
785,126,20231024,Follow,1
1867,74,20230602,Follow,1
1571,1734,20231116,Unfollow,0
575,615,20230823,Follow,1
994,1330,20230622,Follow,1
801,537,20231003,Follow,1
1384,985,20231222,Unfollow,0
1845,527,20231203,Follow,1
22,94,20230312,Unfollow,0
1596,861,20230821,Follow,1
1825,87,20230801,Follow,1
1825,1836,20230816,Unfollow,0
1078,1164,20230524,Follow,1
384,685,20231007,Follow,1
1419,1320,20230210,Follow,1
1286,1312,20231211,Follow,1
1576,1569,20231207,Unfollow,0
1810,809,20230315,Follow,1
1823,871,20230128,Follow,1
1236,819,20230104,Follow,1
1651,693,20230716,Follow,1
1007,7,20230622,Follow,1
285,917,20231004,Follow,1
929,298,20231208,Follow,1
292,1092,20230114,Follow,1
968,1457,20230522,Unfollow,0
427,1058,20230108,Follow,1
1034,1183,20230221,Follow,1
240,1632,20231129,Follow,1
863,756,20230505,Follow,1
111,699,20231130,Follow,1
616,878,20231217,Follow,1
330,278,20231129,Follow,1
1581,203,20230808,Follow,1
643,1207,20231112,Follow,1
244,1470,20230130,Follow,1
1559,135,20230929,Follow,1
453,158,20230616,Unfollow,0
1621,406,20230630,Follow,1
199,1757,20230208,Follow,1
1157,1716,20230922,Unfollow,0
805,505,20231222,Follow,1
511,110,20230921,Follow,1
934,331,20230813,Follow,1
1792,876,20230715,Follow,1
1201,1962,20230923,Follow,1
1407,755,20230130,Follow,1
1193,1939,20231104,Follow,1
1277,982,20230412,Follow,1
1557,1446,20231113,Follow,1
1884,1247,20230905,Follow,1
640,1082,20230915,Follow,1
690,403,20230201,Follow,1
1696,1197,20230501,Follow,1
883,1261,20231121,Follow,1
1152,409,20230101,Unfollow,0
1008,1521,20231010,Follow,1
1950,478,20231007,Follow,1
1274,1774,20230702,Unfollow,0
856,367,20230808,Follow,1
1844,1040,20230825,Unfollow,0
1367,305,20230216,Unfollow,0
1540,1977,20230418,Follow,1
71,1035,20230613,Follow,1
449,1491,20230801,Unfollow,0
453,1947,20230206,Follow,1
501,1710,20230109,Follow,1
930,1704,20230122,Follow,1
1857,1527,20230531,Follow,1
1841,562,20231028,Unfollow,0
54,1670,20230219,Unfollow,0
951,991,20230316,Follow,1
270,1044,20230611,Follow,1
698,990,20230412,Follow,1
1948,535,20230122,Follow,1
1022,1552,20231230,Unfollow,0
1423,1409,20231227,Follow,1
1858,1097,20230312,Follow,1
264,1195,20230508,Follow,1
1309,1259,20230802,Follow,1
203,300,20230228,Follow,1
686,1700,20230813,Follow,1
205,1823,20230301,Follow,1
1978,1058,20230313,Follow,1
1569,1539,20230523,Follow,1
1629,483,20230617,Follow,1
737,1251,20230517,Follow,1
708,131,20230915,Unfollow,0
236,1078,20230531,Follow,1
1056,511,20230721,Follow,1
612,1575,20230309,Follow,1
738,63,20230427,Unfollow,0
900,1403,20230817,Follow,1
1523,48,20230204,Unfollow,0
1385,54,20230124,Follow,1
1045,172,20230521,Follow,1
984,1067,20230101,Follow,1
1678,1839,20231017,Follow,1
1317,750,20230415,Follow,1
599,210,20231227,Follow,1
1890,682,20230907,Unfollow,0
1987,699,20230707,Follow,1
850,903,20231212,Follow,1
498,481,20230603,Follow,1
1488,1933,20230211,Follow,1
1065,434,20231101,Follow,1
1515,438,20230809,Follow,1
255,48,20230311,Follow,1
146,172,20230117,Follow,1
858,1289,20231111,Follow,1
217,1553,20230422,Follow,1
319,1676,20230312,Follow,1
1139,266,20230814,Follow,1
1052,1354,20230512,Follow,1
28,451,20230130,Unfollow,0
1386,1092,20230724,Follow,1
1682,1884,20231028,Follow,1
214,1303,20231201,Follow,1
1057,406,20231229,Unfollow,0
1717,490,20230208,Follow,1
615,314,20230925,Unfollow,0
112,302,20230915,Follow,1
343,426,20230429,Follow,1
959,1142,20230110,Follow,1
1779,1266,20230808,Follow,1
1727,1149,20231114,Follow,1
464,550,20230426,Follow,1
889,56,20230813,Follow,1
654,201,20230428,Follow,1
796,800,20230705,Follow,1
965,139,20231225,Follow,1
1981,1684,20230725,Follow,1
1472,1361,20230528,Follow,1
1427,1659,20231010,Follow,1
1690,1593,20230105,Follow,1
1061,171,20230307,Follow,1
1216,1455,20230327,Follow,1
1061,1950,20231103,Follow,1
1327,997,20231210,Follow,1
146,638,20231005,Follow,1
569,1499,20230501,Follow,1
1006,230,20231029,Unfollow,0
127,514,20231122,Follow,1
78,323,20231029,Follow,1
1731,628,20230502,Follow,1
323,578,20231229,Follow,1
358,548,20230228,Follow,1
1427,75,20230122,Follow,1
814,1369,20230422,Unfollow,0
445,284,20230204,Follow,1
1484,859,20230916,Follow,1
110,1021,20230422,Follow,1
575,1714,20230813,Unfollow,0
1478,677,20230618,Follow,1
628,174,20231024,Follow,1
1305,468,20231003,Follow,1
105,1040,20230305,Follow,1
1217,1224,20230406,Follow,1
489,1257,20230916,Follow,1
362,446,20230116,Follow,1
1574,819,20230925,Unfollow,0
1561,780,20230126,Follow,1
1848,223,20230111,Unfollow,0
658,928,20230420,Follow,1
194,591,20230812,Follow,1
27,1126,20230528,Follow,1
1245,6,20230905,Follow,1
1786,349,20230806,Unfollow,0
1791,1536,20230225,Unfollow,0
1398,1457,20230613,Follow,1
1606,784,20230607,Unfollow,0
1039,55,20230531,Unfollow,0
1205,1514,20230309,Follow,1
1318,998,20231018,Follow,1
458,318,20230415,Follow,1
1726,433,20230117,Follow,1
830,772,20230610,Follow,1
302,1921,20230313,Follow,1
1660,1675,20231006,Follow,1
707,1853,20230514,Unfollow,0
1895,978,20230103,Follow,1
719,1506,20230415,Follow,1
1318,1171,20230802,Follow,1
1750,1653,20230622,Follow,1
1764,815,20230824,Follow,1
18,1161,20230328,Follow,1
1962,1174,20230628,Follow,1
373,1095,20231014,Follow,1
205,249,20230509,Unfollow,0
321,1951,20230325,Unfollow,0
603,557,20231212,Follow,1
263,1855,20230601,Follow,1
123,701,20230418,Follow,1
539,912,20230707,Follow,1
1382,480,20231009,Unfollow,0
165,913,20230508,Follow,1
1868,631,20230622,Follow,1
1520,1084,20230227,Follow,1
105,928,20230101,Follow,1
1397,1010,20230809,Unfollow,0
1518,949,20231227,Follow,1
1914,1259,20231212,Follow,1
337,1992,20230930,Follow,1
832,220,20231215,Follow,1
1375,1934,20230613,Unfollow,0
360,1546,20230530,Follow,1
1489,1132,20230611,Follow,1
814,1305,20230315,Unfollow,0
1239,1983,20231124,Follow,1
809,1819,20230302,Unfollow,0
1318,499,20230928,Follow,1
1942,177,20230424,Follow,1
12,1462,20230503,Follow,1
533,1151,20230302,Follow,1
639,1789,20230418,Unfollow,0
769,1797,20230422,Follow,1
681,1308,20230721,Follow,1
265,738,20230112,Follow,1
1787,598,20231203,Follow,1
1489,558,20230221,Follow,1
586,770,20231218,Follow,1
235,547,20230424,Unfollow,0
105,1960,20230801,Follow,1
284,461,20230805,Follow,1
911,1236,20231209,Follow,1
146,516,20230208,Follow,1
248,1357,20230118,Unfollow,0
593,1857,20230528,Unfollow,0
547,1512,20230818,Unfollow,0
488,1631,20230916,Unfollow,0
1489,864,20230524,Follow,1
1344,1666,20230702,Unfollow,0
1965,1415,20230424,Unfollow,0
1818,1031,20231129,Follow,1
1440,1251,20230904,Follow,1
1729,811,20230414,Follow,1
1698,1601,20230911,Follow,1
570,1602,20231007,Follow,1
921,1534,20230411,Unfollow,0
1546,1888,20230219,Unfollow,0
1348,1594,20230829,Follow,1
997,1876,20230827,Follow,1
308,253,20230731,Follow,1
1042,1054,20231022,Follow,1
1063,793,20230708,Follow,1
1904,1592,20230926,Follow,1
1517,1304,20230831,Follow,1
1968,531,20230729,Follow,1
518,553,20230820,Follow,1
185,558,20230305,Follow,1
1195,1338,20230703,Follow,1
329,116,20231108,Follow,1
904,343,20230216,Follow,1
1140,681,20230307,Follow,1
1180,457,20231029,Follow,1
1201,1436,20230428,Follow,1
214,1154,20231227,Follow,1
578,647,20231028,Unfollow,0
1462,1393,20231207,Follow,1
1994,480,20230706,Follow,1
1569,512,20230311,Follow,1
1305,287,20230929,Unfollow,0
509,717,20230901,Follow,1
122,543,20230124,Follow,1
150,27,20230426,Follow,1
814,1696,20230412,Unfollow,0
558,1861,20230811,Unfollow,0
34,742,20230120,Unfollow,0
1140,1162,20230204,Follow,1
660,1463,20230609,Follow,1
972,1363,20231101,Unfollow,0
1218,268,20231006,Follow,1
1240,666,20230703,Follow,1
1380,1388,20231214,Follow,1
213,496,20230315,Unfollow,0
1110,109,20230407,Follow,1
1561,1629,20231120,Follow,1
16,1148,20230224,Follow,1
1584,122,20231018,Follow,1
1296,75,20230622,Follow,1
386,341,20230422,Follow,1
473,1413,20230330,Follow,1
1366,371,20230224,Follow,1
1754,160,20231213,Unfollow,0
1541,1407,20230403,Follow,1
1423,547,20230331,Follow,1
493,1441,20231013,Follow,1
1287,215,20230723,Follow,1
1315,232,20230831,Follow,1
184,753,20230615,Follow,1
1326,966,20230313,Follow,1
695,529,20231012,Follow,1
1051,640,20230812,Unfollow,0
1644,839,20230405,Follow,1
898,364,20230318,Follow,1
148,1646,20230718,Follow,1
984,809,20230318,Unfollow,0
1250,799,20230208,Follow,1
1463,322,20230405,Unfollow,0
438,533,20231017,Follow,1
1232,486,20230724,Unfollow,0
1427,601,20230722,Follow,1
876,1291,20231102,Unfollow,0
1552,300,20231002,Follow,1
1751,1839,20230619,Follow,1
1084,581,20231209,Follow,1
1485,1002,20230506,Follow,1
1429,1405,20230310,Follow,1
859,1962,20230122,Follow,1
1430,1918,20230205,Follow,1
1213,1952,20230424,Follow,1
297,1583,20231105,Follow,1
405,1299,20230117,Follow,1
750,137,20230721,Unfollow,0
1899,143,20230329,Follow,1
833,1293,20230708,Follow,1
761,446,20230918,Follow,1
870,536,20230426,Unfollow,0
1105,127,20230323,Follow,1
914,1613,20230610,Follow,1
1172,369,20230307,Follow,1
237,364,20230605,Unfollow,0
76,952,20230119,Follow,1
8,1146,20230121,Follow,1
1222,356,20230128,Unfollow,0
226,1505,20231021,Unfollow,0
1509,1650,20230612,Unfollow,0
1778,1876,20230408,Follow,1
1527,46,20231227,Follow,1
999,1854,20231021,Unfollow,0
465,1764,20230508,Follow,1
643,1871,20230817,Follow,1
619,972,20230213,Follow,1
1442,135,20230224,Follow,1
210,1510,20231220,Unfollow,0
1217,1375,20230702,Follow,1
1608,1941,20230120,Unfollow,0
486,720,20231007,Follow,1
333,1982,20230530,Follow,1
301,1642,20230214,Unfollow,0
242,1837,20230701,Follow,1
200,1154,20230118,Follow,1
1984,731,20230627,Follow,1
1664,376,20230310,Follow,1
1810,946,20230622,Follow,1
1203,690,20230105,Follow,1
1834,386,20230409,Unfollow,0
1203,995,20231021,Unfollow,0
778,1126,20230509,Follow,1
1674,1739,20231025,Unfollow,0
33,408,20231115,Unfollow,0
939,202,20230207,Unfollow,0
1200,1909,20230926,Follow,1
659,1350,20231122,Unfollow,0
1996,667,20231201,Follow,1
932,359,20230607,Follow,1
1040,1211,20230823,Follow,1
869,1562,20230619,Follow,1
891,1129,20230321,Unfollow,0
1868,911,20231108,Follow,1
1544,1049,20230621,Follow,1
824,327,20230321,Follow,1
1013,1190,20230514,Unfollow,0
870,1998,20230113,Follow,1
1383,74,20230803,Follow,1
1003,1336,20231031,Follow,1
1089,906,20230220,Follow,1
1445,1912,20230402,Follow,1
345,1603,20230111,Follow,1
185,475,20231218,Follow,1
465,1068,20230903,Follow,1
1568,1095,20230822,Follow,1
166,818,20230501,Follow,1
1787,1806,20231122,Follow,1
342,732,20230115,Follow,1
1004,1122,20231112,Follow,1
1965,440,20230604,Unfollow,0
1140,1710,20231113,Follow,1
1855,573,20231008,Follow,1
163,1031,20230221,Follow,1
220,1045,20230128,Follow,1
1003,191,20230922,Follow,1
687,159,20230607,Follow,1
560,1899,20230314,Unfollow,0
1761,1806,20230718,Follow,1
450,13,20230606,Unfollow,0
317,408,20230611,Unfollow,0
238,508,20230928,Unfollow,0
1864,1777,20230507,Follow,1
1595,824,20230417,Unfollow,0
581,871,20231110,Follow,1
822,855,20230425,Follow,1
32,493,20231127,Follow,1
1496,1754,20231101,Follow,1
569,539,20231103,Follow,1
227,538,20230116,Unfollow,0
44,956,20230816,Unfollow,0
307,902,20231029,Unfollow,0
939,1597,20230206,Follow,1
805,1336,20230214,Follow,1
635,1278,20231127,Follow,1
415,771,20230830,Unfollow,0
1410,1330,20230402,Unfollow,0
666,417,20230713,Follow,1
1671,71,20231122,Follow,1
341,1950,20230114,Follow,1
799,727,20231023,Follow,1
648,1963,20231115,Follow,1
895,430,20230712,Follow,1
541,761,20230126,Follow,1
1917,209,20231114,Follow,1
1557,1387,20230723,Follow,1
589,818,20230320,Unfollow,0
1005,101,20230918,Follow,1
1095,688,20231019,Follow,1
1749,322,20231224,Follow,1
1764,380,20230508,Follow,1
706,1712,20231220,Unfollow,0
430,644,20230318,Follow,1
1321,957,20230208,Follow,1
197,160,20230916,Follow,1
894,1298,20231125,Follow,1
971,1812,20230528,Follow,1
1732,411,20230401,Follow,1
1903,127,20230707,Follow,1
1575,550,20230405,Follow,1
1069,799,20230831,Follow,1
1878,996,20230901,Unfollow,0
186,51,20230607,Follow,1
979,1473,20230930,Follow,1
1441,1822,20230416,Follow,1
1907,1434,20230101,Follow,1
237,1461,20231009,Follow,1
810,738,20230720,Follow,1
528,1822,20230530,Follow,1
1191,415,20230514,Follow,1
526,870,20231210,Follow,1
1887,905,20230210,Follow,1
737,238,20231127,Unfollow,0
1681,1137,20230901,Follow,1
1360,282,20230506,Follow,1
1548,1069,20230129,Follow,1
1317,482,20230528,Follow,1
1372,694,20230612,Follow,1
693,1236,20230317,Unfollow,0
409,1264,20230506,Unfollow,0
1689,104,20230730,Unfollow,0
1776,1376,20230719,Follow,1
1677,1415,20230304,Unfollow,0
634,1354,20231020,Follow,1
378,662,20231220,Follow,1
1064,1165,20230819,Follow,1
1838,1991,20230108,Follow,1
1424,1688,20230623,Unfollow,0
1044,659,20230614,Follow,1
1002,1494,20231204,Follow,1
1237,1528,20230813,Follow,1
523,1981,20230312,Follow,1
1541,1274,20230825,Follow,1
618,544,20231203,Follow,1
82,1379,20230219,Follow,1
638,503,20231126,Follow,1
282,1199,20231108,Follow,1
728,1431,20230909,Follow,1
1583,1408,20230919,Follow,1
48,1020,20230331,Follow,1
329,664,20230622,Follow,1
282,1744,20230721,Follow,1
1082,1328,20230403,Follow,1
651,1031,20230814,Unfollow,0
1009,1380,20230521,Follow,1
1843,1195,20230826,Follow,1
504,1911,20230725,Unfollow,0
697,508,20230221,Follow,1
203,1197,20230806,Follow,1
1262,1011,20230405,Unfollow,0
161,175,20230406,Follow,1
1647,684,20230609,Follow,1
254,530,20230727,Follow,1
295,1376,20230131,Follow,1
476,922,20230921,Follow,1
1185,595,20230906,Unfollow,0
1397,509,20230907,Follow,1
770,1657,20231119,Follow,1
440,90,20230426,Follow,1
523,1199,20230922,Follow,1
976,538,20231207,Unfollow,0
1315,27,20230218,Unfollow,0
481,72,20231018,Unfollow,0
752,244,20231025,Follow,1
1002,530,20230603,Follow,1
1027,854,20230510,Follow,1
698,1669,20230202,Follow,1
336,1436,20230918,Follow,1
162,1359,20230807,Unfollow,0
112,1152,20230202,Follow,1
932,102,20230825,Follow,1
1036,642,20230203,Follow,1
1701,728,20231216,Follow,1
1868,916,20230825,Follow,1
1130,1841,20230205,Follow,1
242,1857,20230504,Follow,1
1878,118,20231028,Follow,1
1498,221,20230214,Follow,1
1626,878,20230103,Follow,1
1533,649,20231228,Follow,1
397,1353,20230126,Follow,1
1230,1905,20231218,Follow,1
1452,529,20230812,Follow,1
403,617,20230829,Unfollow,0
1353,1304,20230207,Follow,1
1673,1077,20230731,Follow,1
1114,306,20230507,Follow,1
301,515,20230607,Follow,1
979,1951,20230523,Follow,1
673,1396,20230207,Follow,1
736,403,20230112,Follow,1
1713,1530,20231122,Follow,1
1515,161,20230511,Follow,1
1236,1031,20230120,Unfollow,0
1155,1116,20230803,Follow,1
1912,1261,20231103,Follow,1
870,893,20230409,Follow,1
41,1948,20231223,Follow,1
321,1249,20230428,Follow,1
1174,1806,20231218,Follow,1
1600,903,20230330,Follow,1
184,1884,20231106,Follow,1
1986,1945,20230905,Follow,1
1624,988,20230723,Follow,1
780,296,20230602,Follow,1
1423,596,20230421,Follow,1
625,1440,20230308,Unfollow,0
43,568,20231002,Follow,1
1408,1847,20231208,Follow,1
743,42,20230427,Unfollow,0
1788,1738,20231010,Follow,1
464,1988,20230922,Unfollow,0
284,1566,20230617,Follow,1
1161,987,20230525,Follow,1
1540,1480,20230317,Unfollow,0
1188,1405,20230302,Follow,1
1016,132,20230412,Follow,1
51,1948,20231112,Unfollow,0
519,353,20231113,Follow,1
698,153,20230331,Follow,1
1977,253,20230628,Follow,1
635,1690,20230519,Follow,1
1953,356,20230528,Follow,1
1207,471,20230826,Follow,1
1764,1833,20231213,Follow,1
1849,92,20230821,Unfollow,0
1731,98,20231020,Follow,1
1373,692,20231212,Follow,1
460,1636,20230827,Follow,1
1580,1407,20230126,Unfollow,0
821,958,20231127,Follow,1
1128,293,20230310,Follow,1
1087,295,20230208,Unfollow,0
107,412,20231009,Unfollow,0
1899,410,20230110,Unfollow,0
1636,372,20230920,Follow,1
1409,1268,20230917,Unfollow,0
1474,4,20230701,Follow,1
1388,1858,20230718,Unfollow,0
261,44,20230131,Follow,1
528,426,20230704,Follow,1
937,1295,20231111,Follow,1
916,1109,20230928,Unfollow,0
463,1712,20230328,Follow,1
1720,1329,20230905,Follow,1
1736,46,20230126,Follow,1
1367,1938,20231223,Follow,1
1596,1999,20230910,Unfollow,0
931,1773,20231203,Follow,1
570,1936,20230629,Follow,1
1961,1855,20230330,Follow,1
260,1160,20230225,Follow,1
7,927,20230308,Follow,1
1377,805,20231020,Follow,1
1660,552,20230723,Follow,1
186,773,20230606,Follow,1
356,585,20230404,Follow,1
1999,829,20230623,Unfollow,0
57,802,20231114,Follow,1
1145,1784,20230829,Follow,1
1719,1775,20231127,Unfollow,0
1767,1112,20231210,Follow,1
765,220,20230120,Follow,1
1833,1765,20230526,Follow,1
490,1424,20230712,Follow,1
523,1340,20230708,Follow,1
153,1336,20231129,Follow,1
1370,217,20230312,Follow,1
639,1776,20230525,Follow,1
1802,1480,20230629,Follow,1
122,407,20230521,Unfollow,0
639,1833,20230124,Follow,1
1053,1952,20231201,Follow,1
1117,1359,20231026,Follow,1
1130,938,20230814,Follow,1
254,1457,20230727,Unfollow,0
1596,1162,20230305,Follow,1
1906,134,20231112,Unfollow,0
919,231,20230228,Follow,1
459,540,20231120,Follow,1
401,444,20230404,Follow,1
838,1994,20231219,Follow,1
1960,1928,20230108,Follow,1
1357,1191,20230118,Follow,1
1489,1693,20230814,Follow,1
1349,1576,20230707,Follow,1
162,1398,20230119,Unfollow,0
1378,1322,20230926,Follow,1
514,484,20230302,Unfollow,0
706,1407,20230827,Follow,1
763,149,20230221,Follow,1
1587,1773,20230504,Unfollow,0
1181,1224,20230913,Follow,1
305,1683,20230615,Follow,1
1633,1688,20231209,Follow,1
1898,1029,20231223,Follow,1
1635,963,20230720,Follow,1
570,1292,20231101,Unfollow,0
8,972,20230427,Follow,1
981,7,20230131,Unfollow,0
532,341,20230529,Follow,1
605,1833,20231130,Unfollow,0
1134,361,20230515,Follow,1
1442,927,20230919,Follow,1
96,1634,20230620,Follow,1
1958,1783,20230329,Follow,1
1252,1235,20231216,Unfollow,0
940,1271,20231028,Follow,1
1899,1667,20230621,Follow,1
753,1773,20230105,Follow,1
1846,801,20230630,Unfollow,0
1724,1114,20230917,Follow,1
554,1568,20231010,Unfollow,0
19,1537,20231024,Follow,1
595,1957,20230809,Unfollow,0
733,1854,20230214,Follow,1
887,1723,20231011,Follow,1
1803,1043,20231227,Unfollow,0
1538,1100,20230116,Follow,1
1438,326,20231008,Follow,1
7,1284,20231013,Follow,1
1639,843,20230402,Follow,1
1535,1437,20230821,Follow,1
196,1086,20230923,Follow,1
561,1248,20230423,Follow,1
1126,656,20230329,Unfollow,0
1484,443,20230327,Follow,1
458,585,20230907,Follow,1
350,648,20231002,Follow,1
1161,1899,20230729,Follow,1
944,646,20231031,Unfollow,0
1743,684,20230505,Follow,1
1549,290,20230105,Follow,1
1665,489,20230420,Follow,1
668,1286,20230731,Unfollow,0
1492,1682,20230524,Follow,1
221,727,20230220,Follow,1
196,994,20231015,Follow,1
257,1308,20230207,Unfollow,0
447,994,20230525,Follow,1
1322,1957,20231224,Follow,1
1500,742,20231203,Follow,1
833,875,20230706,Follow,1
1962,562,20230831,Follow,1
546,371,20231116,Follow,1
1651,298,20231210,Follow,1
1081,52,20230605,Follow,1
634,1973,20230512,Follow,1
726,1034,20230706,Follow,1
769,1711,20230312,Follow,1
1417,211,20230912,Follow,1
1472,768,20230923,Unfollow,0
292,1024,20230807,Unfollow,0
132,1460,20230419,Follow,1
73,1498,20230731,Follow,1
1229,1409,20231201,Follow,1
896,54,20230401,Unfollow,0
1867,1494,20230904,Unfollow,0
1295,60,20230613,Unfollow,0
1076,169,20230106,Follow,1
402,1648,20230722,Follow,1
847,941,20230926,Follow,1
1517,1529,20231012,Follow,1
141,742,20230720,Follow,1
1425,1248,20230626,Follow,1
757,23,20230202,Follow,1
736,1531,20231217,Follow,1
1727,669,20230707,Follow,1
1113,1077,20230530,Follow,1
1495,1713,20230409,Follow,1
1149,968,20230826,Follow,1
1496,1825,20230419,Follow,1
1882,1593,20230613,Follow,1
386,1933,20230422,Follow,1
221,1198,20230103,Follow,1
1973,1779,20231225,Follow,1
1975,1133,20230103,Follow,1
1205,566,20230528,Unfollow,0
1726,555,20230221,Unfollow,0
462,703,20230704,Follow,1
336,1929,20230212,Follow,1
1814,1770,20230816,Unfollow,0
766,1510,20230823,Follow,1
1237,599,20230910,Follow,1
1746,1286,20230712,Follow,1
910,151,20230505,Follow,1
1646,1840,20230212,Unfollow,0
761,289,20230728,Follow,1
1795,1231,20230906,Follow,1
827,1994,20230412,Follow,1
1255,686,20231018,Follow,1
882,1005,20230806,Follow,1
1413,1610,20230813,Follow,1
293,234,20230904,Follow,1
1834,1436,20230319,Follow,1
804,401,20230129,Follow,1
371,1592,20231114,Follow,1
1126,410,20230126,Follow,1
943,332,20230717,Follow,1
1273,135,20230706,Follow,1
277,547,20230707,Follow,1
1456,1598,20230115,Follow,1
717,1483,20231028,Unfollow,0
1355,1087,20230503,Follow,1
1358,1127,20230512,Follow,1
1510,235,20230906,Follow,1
850,1119,20230909,Follow,1
1639,255,20230524,Follow,1
1898,1304,20230603,Follow,1
40,1834,20230805,Unfollow,0
515,1427,20230130,Follow,1
628,1556,20230623,Follow,1
1014,1899,20230714,Follow,1
744,1918,20230212,Follow,1
735,816,20231230,Follow,1
672,343,20230618,Unfollow,0
133,35,20230908,Follow,1
1743,194,20231113,Follow,1
1098,97,20230621,Follow,1
1858,1177,20230825,Unfollow,0
1711,1876,20230104,Follow,1
283,1873,20230225,Unfollow,0
1866,1524,20230721,Follow,1
467,1487,20231217,Follow,1
732,982,20230625,Follow,1
1817,938,20230216,Follow,1
1986,192,20230821,Follow,1
1918,961,20230304,Follow,1
1150,653,20230312,Follow,1
503,820,20230402,Follow,1
1230,1478,20230610,Follow,1
292,1178,20230819,Unfollow,0
299,131,20230514,Unfollow,0
1177,313,20231212,Follow,1
766,1759,20230225,Follow,1
470,407,20230604,Follow,1
888,1940,20230326,Follow,1
1381,712,20230824,Unfollow,0
457,1170,20230827,Follow,1
508,395,20230811,Follow,1
1759,1661,20230329,Follow,1
1155,605,20230607,Follow,1
1396,1387,20231212,Follow,1
1730,507,20230824,Follow,1
1511,449,20230912,Follow,1
1668,93,20231126,Unfollow,0
659,1344,20230919,Follow,1
966,1759,20230713,Follow,1
322,1655,20230317,Follow,1
1882,1576,20230822,Unfollow,0
904,104,20230725,Follow,1
1173,93,20230815,Follow,1
8,1276,20231207,Follow,1
1962,975,20230125,Follow,1
1636,502,20231212,Follow,1
498,523,20230513,Follow,1
940,1826,20230823,Follow,1
120,573,20231210,Follow,1
518,1282,20231027,Unfollow,0
1313,429,20230422,Follow,1
974,925,20230116,Follow,1
351,1625,20230205,Follow,1
567,1481,20230103,Follow,1
925,366,20230623,Follow,1
90,199,20230616,Unfollow,0
1262,250,20230927,Follow,1
1665,1294,20231205,Unfollow,0
293,1500,20230314,Follow,1
1910,487,20231202,Follow,1
1713,1806,20231229,Follow,1
1136,1779,20231004,Follow,1
847,631,20230205,Follow,1
1914,1890,20230517,Follow,1
1602,45,20230420,Follow,1
1037,391,20230831,Follow,1
142,525,20231215,Follow,1
1111,21,20230605,Follow,1
504,1875,20230918,Follow,1
832,667,20230425,Follow,1
370,719,20230623,Follow,1
60,659,20230624,Follow,1
1011,1852,20230206,Follow,1
957,1124,20230508,Follow,1
1791,542,20230411,Unfollow,0
959,157,20231008,Follow,1
218,125,20230128,Follow,1
1186,207,20231114,Follow,1
1071,1473,20230822,Follow,1
1571,1041,20230220,Follow,1
247,1723,20231123,Follow,1
972,780,20230426,Follow,1
240,33,20230910,Follow,1
1346,1211,20230314,Follow,1
1074,1065,20230206,Follow,1
1675,1368,20230806,Follow,1
1519,1934,20230328,Follow,1
331,1643,20230509,Unfollow,0
1500,1789,20230830,Follow,1
1619,1863,20230420,Unfollow,0
1599,166,20230323,Follow,1
732,420,20230705,Follow,1
1757,1548,20230913,Follow,1
1569,1103,20230404,Unfollow,0
25,1287,20230617,Follow,1
198,1425,20230708,Follow,1
178,1330,20231012,Follow,1
949,248,20230805,Follow,1
434,56,20230629,Follow,1
1662,168,20230808,Follow,1
810,851,20230328,Follow,1
1653,1934,20230219,Unfollow,0
1878,1052,20230502,Follow,1
680,55,20230503,Follow,1
632,841,20230908,Follow,1
985,1930,20230826,Follow,1
1938,1395,20231009,Unfollow,0
741,27,20231206,Follow,1
259,1228,20230709,Follow,1
1696,938,20230705,Unfollow,0
1906,1678,20230211,Follow,1
176,566,20230321,Follow,1
1159,40,20230527,Follow,1
102,539,20231102,Follow,1
456,712,20230826,Follow,1
1788,866,20231024,Unfollow,0
1027,1261,20230511,Unfollow,0
1096,1910,20230319,Unfollow,0
1510,649,20230116,Follow,1
440,1363,20230920,Follow,1
1557,870,20231126,Follow,1
427,1620,20230204,Follow,1
94,399,20230617,Unfollow,0
249,1056,20230508,Follow,1
309,856,20231007,Follow,1
85,1878,20230508,Unfollow,0
1366,1623,20231217,Follow,1
499,440,20231130,Follow,1
1852,380,20231203,Follow,1
1972,385,20230917,Follow,1
61,139,20230120,Follow,1
1402,1739,20231104,Follow,1
1464,1965,20230912,Follow,1
1173,365,20230824,Follow,1
733,104,20230116,Follow,1
1459,790,20230816,Follow,1
247,1580,20230820,Follow,1
485,245,20230217,Follow,1
1073,517,20231228,Follow,1
1645,1260,20230411,Follow,1
36,292,20230319,Unfollow,0
811,1824,20230921,Follow,1
1001,1819,20230403,Unfollow,0
1209,1190,20230319,Unfollow,0
1371,1473,20230907,Unfollow,0
1181,1343,20230707,Follow,1
1670,1142,20230205,Follow,1
1620,926,20230524,Follow,1
1902,954,20230523,Follow,1
682,459,20231101,Follow,1
54,755,20230812,Follow,1
186,212,20231213,Follow,1
717,773,20230215,Follow,1
1409,1338,20230915,Follow,1
875,987,20230712,Follow,1
1236,185,20230111,Unfollow,0
193,1072,20231104,Unfollow,0
461,445,20230413,Follow,1
354,1642,20230413,Follow,1
982,848,20231021,Follow,1
1949,974,20230328,Unfollow,0
599,787,20230323,Follow,1
747,1831,20230619,Unfollow,0
698,699,20231106,Follow,1
536,1603,20230106,Follow,1
1341,1774,20230822,Follow,1
693,1008,20230720,Unfollow,0
1006,934,20230512,Unfollow,0
1300,1431,20230316,Follow,1
69,75,20231015,Follow,1
551,40,20231222,Follow,1
227,586,20230630,Unfollow,0
1729,161,20230827,Unfollow,0
1844,1973,20230304,Follow,1
1792,235,20230609,Follow,1
1805,1718,20230721,Follow,1
83,999,20230510,Follow,1
395,1063,20230528,Unfollow,0
702,1062,20230921,Follow,1
1351,635,20230922,Follow,1
1657,1303,20231129,Follow,1
1623,239,20230510,Unfollow,0
961,1367,20231104,Follow,1
1605,926,20230507,Follow,1
1738,988,20230914,Follow,1
903,1746,20230215,Follow,1
1869,1183,20230319,Follow,1
1190,290,20230717,Follow,1
1354,1844,20231118,Follow,1
1042,1828,20231031,Follow,1
217,272,20230502,Follow,1
1207,1155,20230814,Follow,1
1394,1653,20230819,Follow,1
1976,421,20230627,Follow,1
921,325,20230415,Follow,1
571,1380,20230327,Follow,1
1797,195,20230405,Follow,1
128,107,20230222,Follow,1
1469,521,20230325,Follow,1
1558,724,20230605,Follow,1
1350,433,20230523,Follow,1
1429,519,20230612,Follow,1
1752,1471,20230604,Follow,1
1053,983,20230408,Follow,1
1366,139,20230822,Follow,1
375,1943,20230808,Unfollow,0
1792,1589,20230306,Follow,1
1889,376,20230527,Follow,1
557,1724,20230808,Follow,1
1016,1027,20230409,Follow,1
857,491,20230712,Unfollow,0
845,1126,20231105,Unfollow,0
662,1948,20230510,Follow,1
1086,1132,20230203,Follow,1
641,1685,20231203,Unfollow,0
1318,964,20230724,Follow,1
604,1082,20230901,Follow,1
1109,738,20230705,Follow,1
1429,705,20231015,Unfollow,0
1480,1886,20230821,Follow,1
660,612,20230601,Follow,1
1470,1598,20230118,Follow,1
1254,55,20230329,Follow,1
1962,164,20231231,Follow,1
804,1233,20230329,Follow,1
732,270,20231110,Follow,1
1684,1120,20230525,Follow,1
462,157,20231031,Follow,1
1347,1908,20230809,Follow,1
1933,1140,20230727,Follow,1
319,625,20230831,Follow,1
1897,1417,20230324,Follow,1
93,613,20230326,Follow,1
496,591,20230520,Follow,1
1928,307,20230111,Follow,1
259,357,20231112,Follow,1
1026,962,20231115,Follow,1
1826,1364,20230203,Follow,1
1406,266,20230921,Unfollow,0
275,675,20230124,Follow,1
229,1384,20231210,Follow,1
497,1815,20231210,Unfollow,0
173,1963,20231101,Follow,1
915,1909,20231022,Unfollow,0
1323,1370,20230404,Follow,1
460,323,20230414,Follow,1
653,316,20231015,Follow,1
380,1231,20231022,Unfollow,0
410,372,20230209,Follow,1
1847,57,20230102,Unfollow,0
1233,857,20230721,Follow,1
634,303,20230529,Unfollow,0
449,1327,20230817,Unfollow,0
1542,1669,20231115,Follow,1
1125,1257,20230621,Unfollow,0
400,472,20230810,Follow,1
592,385,20230608,Unfollow,0
1928,1152,20230213,Follow,1
1022,307,20230202,Follow,1
848,161,20230228,Follow,1
361,1330,20230515,Follow,1
1717,465,20230113,Follow,1
295,956,20230423,Unfollow,0
98,337,20230731,Unfollow,0
1600,351,20230317,Follow,1
1848,1955,20230325,Unfollow,0
161,179,20230516,Follow,1
1808,1064,20230307,Follow,1
558,803,20230318,Follow,1
844,765,20230327,Unfollow,0
124,1124,20230326,Follow,1
184,1456,20230518,Follow,1
365,1477,20230903,Follow,1
1644,1799,20230222,Follow,1
583,1956,20230524,Follow,1
90,1240,20231106,Follow,1
1387,69,20230203,Follow,1
655,93,20230604,Follow,1
370,567,20230728,Unfollow,0
399,1788,20230810,Follow,1
299,281,20230606,Follow,1
497,292,20230131,Follow,1
493,641,20230105,Follow,1
1826,1572,20230126,Follow,1
801,1089,20230227,Follow,1
29,1575,20231212,Follow,1
1729,1007,20230102,Unfollow,0
1870,1126,20230605,Unfollow,0
1911,701,20230902,Follow,1
1379,1675,20230901,Follow,1
641,635,20231025,Follow,1
13,664,20231108,Follow,1
944,62,20230623,Follow,1
1929,1515,20230512,Follow,1
1237,1742,20230610,Follow,1
1133,1324,20230826,Follow,1
1267,580,20231118,Unfollow,0
482,472,20231110,Follow,1
763,1411,20230831,Follow,1
1191,1082,20230210,Follow,1
1899,1015,20230721,Follow,1
857,201,20230911,Follow,1
1858,242,20230928,Follow,1
573,998,20231203,Follow,1
187,1066,20230517,Follow,1
1559,931,20230509,Follow,1
1278,1098,20231007,Follow,1
1940,1118,20230104,Unfollow,0
529,1060,20230115,Follow,1
1200,1073,20230915,Follow,1
1664,474,20231016,Unfollow,0
1232,1648,20231003,Follow,1
490,1703,20230216,Follow,1
34,284,20230914,Follow,1
1461,1941,20230522,Follow,1
304,530,20231102,Follow,1
992,1008,20230327,Follow,1
166,1915,20230824,Follow,1
1798,1211,20230719,Follow,1
1403,186,20230322,Follow,1
1442,709,20230712,Follow,1
79,1539,20230910,Follow,1
1598,874,20231212,Follow,1
1386,979,20231202,Follow,1
619,255,20230301,Follow,1
230,164,20230604,Follow,1
1276,1595,20230228,Follow,1
1243,1192,20230521,Follow,1
1610,897,20230205,Follow,1
1774,499,20230710,Follow,1
49,1281,20230515,Follow,1
15,411,20230224,Follow,1
1584,1563,20230525,Follow,1
689,1104,20230830,Follow,1
822,338,20231121,Unfollow,0
1378,396,20230906,Follow,1
1543,1939,20230907,Follow,1
1665,947,20230313,Follow,1
1384,750,20230330,Follow,1
289,1123,20230422,Follow,1
1678,233,20230730,Follow,1
58,1374,20230101,Follow,1
94,1296,20230130,Follow,1
494,1211,20231230,Follow,1
818,1431,20230730,Follow,1
309,21,20230906,Unfollow,0
1043,473,20230120,Follow,1
635,409,20230617,Follow,1
1672,772,20230822,Follow,1
1977,1669,20230808,Follow,1
654,1579,20230310,Follow,1
623,1288,20230421,Follow,1
1004,1278,20231202,Follow,1
12,1784,20230604,Follow,1
911,1688,20230222,Follow,1
1389,640,20230401,Follow,1
869,698,20231224,Follow,1
260,14,20230211,Follow,1
96,460,20230524,Follow,1
1237,671,20230206,Unfollow,0
713,375,20231216,Unfollow,0
1273,111,20230409,Follow,1
1212,1820,20230701,Follow,1
1861,1853,20231019,Unfollow,0
193,329,20230502,Follow,1
1304,624,20230429,Follow,1
11,1193,20230714,Follow,1
1927,1871,20231028,Unfollow,0
987,181,20230509,Follow,1
659,1179,20230920,Follow,1
632,458,20230902,Follow,1
970,1080,20230629,Follow,1
1608,1452,20230307,Follow,1
249,1305,20231010,Unfollow,0
388,1124,20231105,Follow,1
1908,1815,20230303,Follow,1
1901,943,20230602,Follow,1
440,1002,20231108,Unfollow,0
1296,442,20230128,Follow,1
75,74,20231007,Follow,1
1227,533,20231019,Follow,1
1991,132,20230813,Follow,1
795,581,20230222,Follow,1
1837,1005,20230926,Follow,1
1227,187,20230118,Follow,1
178,535,20231219,Unfollow,0
1172,1696,20231201,Follow,1
356,410,20230612,Follow,1
1669,1232,20230528,Follow,1
1606,1773,20230103,Follow,1
1072,1894,20230629,Follow,1
459,1874,20231122,Follow,1
1187,174,20230426,Follow,1
921,1341,20231106,Unfollow,0
224,450,20230924,Follow,1
1642,1483,20231027,Follow,1
499,1339,20230427,Unfollow,0
840,909,20230916,Follow,1
995,1000,20230318,Follow,1
253,1647,20230804,Follow,1
270,6,20230117,Follow,1
76,813,20231029,Follow,1
1154,470,20230411,Follow,1
1097,166,20230115,Follow,1
1583,229,20230827,Follow,1
593,1963,20230424,Follow,1
1824,995,20230331,Follow,1
856,886,20231226,Follow,1
722,109,20230326,Follow,1
1742,817,20230313,Follow,1
1302,1502,20230403,Follow,1
235,1270,20231211,Follow,1
811,575,20230720,Follow,1
541,1177,20230613,Follow,1
1668,1499,20230707,Follow,1
1358,536,20231022,Follow,1
1317,1828,20230419,Follow,1
625,1937,20231205,Follow,1
723,452,20230322,Unfollow,0
435,1298,20230609,Follow,1
40,257,20230625,Follow,1
1223,1860,20230726,Follow,1
277,1111,20230815,Follow,1
990,713,20230721,Follow,1
270,876,20230909,Follow,1
740,1072,20231107,Follow,1
1090,796,20231006,Follow,1
238,1509,20231217,Follow,1
532,21,20230810,Unfollow,0
1183,1322,20231218,Follow,1
545,874,20230310,Follow,1
339,942,20231018,Follow,1
51,1860,20230801,Follow,1
1177,1807,20230131,Follow,1
28,563,20230604,Follow,1
1796,65,20231024,Follow,1
1211,887,20230626,Follow,1
427,903,20230327,Unfollow,0
1618,1662,20230428,Follow,1
1761,1380,20230605,Follow,1
1363,817,20230610,Unfollow,0
1726,233,20230721,Follow,1
1499,195,20230822,Unfollow,0
1114,455,20230712,Follow,1
1011,483,20230501,Follow,1
1090,1880,20230104,Unfollow,0
1785,126,20230318,Follow,1
1158,392,20230807,Follow,1
1364,132,20230215,Follow,1
924,1422,20230903,Unfollow,0
148,1420,20230925,Follow,1
1762,1528,20230701,Follow,1
503,271,20230703,Follow,1
1155,322,20231220,Follow,1
1501,453,20231126,Unfollow,0
1590,427,20231020,Follow,1
398,1978,20230603,Follow,1
1562,951,20230414,Follow,1
1024,65,20230905,Unfollow,0
1527,879,20230618,Unfollow,0
353,1699,20230429,Follow,1
533,167,20231030,Unfollow,0
1718,1359,20230212,Follow,1
1527,660,20231217,Follow,1
1176,861,20231103,Follow,1
1564,9,20230609,Follow,1
1477,146,20230609,Follow,1
1339,1359,20231114,Unfollow,0
1852,343,20230120,Unfollow,0
81,488,20230504,Unfollow,0
1068,333,20231029,Follow,1
1959,1234,20230529,Follow,1
601,1121,20230101,Unfollow,0
944,7,20230805,Follow,1
901,1500,20230730,Follow,1
817,124,20230911,Follow,1
1254,715,20231225,Follow,1
1785,476,20230627,Follow,1
571,1788,20230614,Follow,1
167,1181,20230401,Follow,1
885,1777,20230118,Follow,1
984,193,20230502,Follow,1
923,1005,20230809,Follow,1
1382,703,20230217,Follow,1
419,1945,20231221,Follow,1
185,331,20230329,Follow,1
1298,1265,20230920,Unfollow,0
290,1296,20230621,Follow,1
344,752,20230306,Follow,1
32,600,20231110,Follow,1
125,1416,20230616,Follow,1
1614,1351,20231009,Unfollow,0
627,577,20230518,Follow,1
1170,448,20230508,Follow,1
334,1714,20230929,Follow,1
12,627,20230219,Follow,1
1594,525,20231128,Follow,1
865,409,20230909,Unfollow,0
634,1545,20230719,Follow,1
1791,1687,20230105,Unfollow,0
1380,603,20230302,Follow,1
1255,689,20230316,Follow,1
1272,1380,20230424,Follow,1
1261,1709,20230107,Follow,1
1834,1823,20230217,Follow,1
1579,1610,20230903,Follow,1
1254,275,20230402,Follow,1
1648,31,20231213,Follow,1
1991,1938,20230922,Follow,1
671,779,20231008,Follow,1
953,545,20230523,Follow,1
493,1668,20231120,Follow,1
1244,79,20230208,Follow,1
530,201,20230713,Unfollow,0
1603,1567,20230914,Follow,1
1895,1519,20230114,Follow,1
1430,260,20230902,Follow,1
832,1819,20230511,Follow,1
1677,1527,20230514,Follow,1
351,1304,20230825,Unfollow,0
289,1058,20231008,Follow,1
334,407,20231228,Follow,1
668,366,20230504,Follow,1
834,1426,20230413,Follow,1
1396,560,20230909,Unfollow,0
1709,903,20230707,Follow,1
1321,1878,20230405,Follow,1
96,1900,20231205,Follow,1
253,1832,20231013,Follow,1
1895,444,20230211,Follow,1
215,1600,20230226,Follow,1
102,1704,20230804,Follow,1
1155,246,20230430,Follow,1
509,1565,20230714,Follow,1
1242,1992,20230924,Follow,1
1030,1131,20231003,Follow,1
1514,1550,20231014,Follow,1
349,868,20230901,Follow,1
197,1142,20230211,Follow,1
238,775,20230219,Follow,1
357,843,20231008,Unfollow,0
25,1459,20231129,Follow,1
679,1549,20230930,Follow,1
1545,722,20231119,Unfollow,0
204,293,20230511,Follow,1
1352,1351,20230601,Follow,1
1254,1482,20231110,Follow,1
781,1984,20230915,Follow,1
1912,725,20230505,Follow,1
1997,1353,20231029,Unfollow,0
1503,493,20230102,Unfollow,0
1326,1102,20230411,Unfollow,0
920,275,20231213,Follow,1
1309,328,20230116,Follow,1
994,402,20231231,Follow,1
1500,229,20230228,Unfollow,0
619,1893,20231217,Follow,1
1239,1520,20230605,Follow,1
536,1855,20230429,Follow,1
899,599,20230424,Follow,1
611,1542,20230222,Follow,1
1115,947,20230118,Follow,1
621,1466,20230308,Unfollow,0
1818,391,20231027,Unfollow,0
1876,1713,20231015,Follow,1
1177,1041,20230423,Unfollow,0
445,3,20230721,Follow,1
1809,795,20230823,Follow,1
1355,1425,20230322,Follow,1
1609,1921,20230203,Unfollow,0
9,1446,20230722,Follow,1
562,204,20230802,Follow,1
1977,633,20230614,Follow,1
131,1158,20230316,Unfollow,0
720,1928,20230426,Unfollow,0
368,507,20230717,Unfollow,0
354,1595,20230205,Follow,1
267,1609,20230107,Follow,1
816,1329,20231125,Unfollow,0
654,60,20231211,Follow,1
549,1385,20230315,Follow,1
549,780,20230210,Follow,1
1288,1034,20230823,Unfollow,0
512,1173,20230125,Follow,1
1320,1876,20231217,Follow,1
1171,67,20230303,Follow,1
1017,1008,20230507,Unfollow,0
965,1553,20230512,Follow,1
509,127,20231202,Follow,1
1327,1051,20230307,Follow,1
718,1868,20230506,Follow,1
716,14,20230518,Follow,1
1479,1722,20230117,Follow,1
1939,627,20230825,Follow,1
556,238,20230627,Follow,1
346,853,20230101,Follow,1
926,1241,20230424,Follow,1
1180,1683,20230513,Follow,1
1899,1189,20230424,Follow,1
1959,949,20230330,Unfollow,0
567,440,20231121,Follow,1
755,617,20230813,Follow,1
1780,287,20230113,Unfollow,0
1617,114,20231109,Follow,1
1325,1048,20230419,Follow,1
371,1766,20230203,Follow,1
18,1793,20230331,Follow,1
1979,1083,20230806,Follow,1
1934,1138,20231205,Follow,1
458,886,20230524,Follow,1
1835,83,20230823,Follow,1
1924,550,20230902,Follow,1
108,1847,20230930,Follow,1
112,977,20230727,Follow,1
617,728,20230528,Follow,1
1707,1983,20230802,Follow,1
289,150,20231128,Follow,1
930,1556,20231210,Follow,1
1038,1073,20230616,Unfollow,0
836,208,20231212,Follow,1
1867,1257,20230609,Follow,1
1815,358,20230426,Unfollow,0
1713,349,20230102,Follow,1
414,737,20230214,Unfollow,0
1091,385,20231222,Follow,1
1848,646,20230612,Unfollow,0
846,1360,20230331,Follow,1
614,323,20230206,Follow,1
1403,196,20230711,Follow,1
218,1195,20230710,Unfollow,0
1329,211,20230430,Unfollow,0
1701,271,20230822,Follow,1
1600,362,20231007,Unfollow,0
214,1606,20231114,Follow,1
599,75,20231205,Follow,1
1874,1842,20231021,Follow,1
440,816,20230926,Follow,1
224,1087,20230605,Follow,1
1985,755,20230321,Unfollow,0
1440,625,20230701,Follow,1
1527,1817,20230420,Follow,1
1219,1344,20230425,Follow,1
922,21,20230709,Follow,1
1132,1994,20231024,Follow,1
1386,382,20230428,Follow,1
1055,145,20231103,Unfollow,0
439,1862,20230629,Follow,1
1656,1655,20231105,Follow,1
348,1714,20230319,Unfollow,0
28,768,20230117,Follow,1
535,1874,20230617,Unfollow,0
959,754,20230914,Follow,1
1036,1987,20231019,Follow,1
630,1854,20231106,Follow,1
1990,723,20230424,Follow,1
1608,985,20230620,Follow,1
1408,1119,20230820,Follow,1
868,1022,20230426,Follow,1
1166,607,20230616,Follow,1
146,1809,20230904,Follow,1
460,536,20230728,Follow,1
529,197,20230614,Follow,1
1545,1785,20231010,Unfollow,0
404,930,20231014,Follow,1
836,164,20230702,Follow,1
1188,361,20230705,Follow,1
1013,415,20230216,Unfollow,0
1332,1516,20230802,Follow,1
1200,1749,20230317,Follow,1
1367,1555,20230219,Follow,1
777,1481,20230107,Follow,1
768,989,20230606,Unfollow,0
1217,762,20230602,Unfollow,0
1932,99,20230103,Follow,1
352,575,20231115,Unfollow,0
1705,1154,20231124,Follow,1
222,1620,20231208,Follow,1
40,1061,20230919,Unfollow,0
696,1368,20231117,Unfollow,0
362,1313,20230625,Follow,1
789,1457,20230823,Follow,1
1522,274,20231221,Follow,1
1221,1771,20231124,Unfollow,0
73,1175,20230709,Follow,1
1238,1811,20230524,Follow,1
311,1566,20230808,Unfollow,0
1914,1406,20230202,Follow,1
983,211,20230717,Follow,1
1283,1481,20230111,Unfollow,0
622,847,20231207,Follow,1
540,1071,20230617,Follow,1
1013,1241,20230919,Unfollow,0
242,1997,20230518,Follow,1
169,1994,20230214,Follow,1
703,134,20231111,Follow,1
1560,986,20230805,Follow,1
1661,1785,20230808,Follow,1
1853,353,20230226,Follow,1
382,1098,20230803,Follow,1
1633,209,20231006,Follow,1
1167,750,20231105,Follow,1
1859,1155,20231104,Follow,1
1921,1832,20230706,Follow,1
1736,1010,20231029,Follow,1
1999,809,20230506,Follow,1
1908,974,20231202,Follow,1
990,834,20230321,Follow,1
479,453,20230529,Follow,1
805,1197,20231219,Follow,1
431,274,20230627,Follow,1
1433,929,20230802,Follow,1
1798,887,20230214,Follow,1
239,1824,20230629,Follow,1
972,1871,20231107,Follow,1
695,617,20230201,Follow,1
109,1313,20230131,Unfollow,0
234,1165,20230201,Follow,1
60,994,20231207,Unfollow,0
242,1950,20231002,Follow,1
305,303,20230320,Follow,1
91,465,20230426,Follow,1
1480,980,20230311,Follow,1
1809,10,20231125,Follow,1
511,1131,20230926,Follow,1
921,1389,20230905,Follow,1
1292,1605,20230722,Unfollow,0
1303,468,20230604,Unfollow,0
695,266,20230716,Follow,1
1125,1964,20230203,Follow,1
363,310,20230809,Follow,1
1132,527,20230520,Follow,1
1150,720,20230715,Follow,1
1791,1208,20230522,Follow,1
1332,220,20230815,Follow,1
844,1253,20231218,Follow,1
261,791,20230318,Follow,1
282,405,20231223,Follow,1
1367,1760,20231009,Follow,1
1697,332,20230115,Unfollow,0
255,1316,20231206,Follow,1
1591,519,20230305,Follow,1
749,751,20231112,Unfollow,0
1791,452,20230727,Follow,1
928,1653,20230629,Follow,1
416,928,20230831,Follow,1
725,1239,20231026,Follow,1
694,641,20231017,Unfollow,0
20,524,20230503,Follow,1
347,48,20231005,Follow,1
772,803,20230403,Follow,1
943,140,20230216,Follow,1
772,1303,20230608,Follow,1
358,1989,20231009,Follow,1
1613,1935,20231021,Unfollow,0
1905,1022,20230102,Follow,1
936,818,20230119,Follow,1
1694,1641,20231224,Follow,1
462,1143,20230222,Follow,1
392,1959,20230706,Follow,1
400,1829,20230510,Follow,1
1227,1417,20230327,Unfollow,0
430,200,20231225,Follow,1
446,760,20230622,Follow,1
1905,1211,20231128,Follow,1
1792,770,20231208,Follow,1
1714,401,20230425,Follow,1
1900,16,20230223,Follow,1
1329,414,20230705,Follow,1
433,1445,20230128,Follow,1
1140,30,20230123,Unfollow,0
651,1239,20231214,Follow,1
1694,735,20231201,Follow,1
1419,341,20230529,Follow,1
149,1748,20230615,Follow,1
1156,1863,20230204,Follow,1
1270,1234,20230330,Follow,1
511,749,20230608,Follow,1
799,763,20230629,Follow,1
1464,1420,20231007,Follow,1
1676,1597,20230604,Follow,1
1542,1486,20230905,Follow,1
1004,632,20230502,Follow,1
1741,532,20230130,Follow,1
1652,1550,20230830,Follow,1
1584,1780,20230609,Follow,1
1079,1599,20230423,Follow,1
1530,1586,20230817,Follow,1
177,893,20230111,Follow,1
1641,1926,20230708,Follow,1
632,1898,20231110,Follow,1
869,701,20230925,Follow,1
1062,513,20230412,Follow,1
1529,1200,20230118,Follow,1
454,1179,20230923,Follow,1
1534,1920,20230828,Follow,1
1555,1950,20230810,Unfollow,0
1498,1521,20230227,Follow,1
811,1745,20230501,Follow,1
958,573,20230613,Unfollow,0
1259,1962,20231203,Follow,1
1991,1739,20230706,Unfollow,0
1232,812,20230712,Follow,1
63,549,20231217,Follow,1
1011,1785,20230508,Unfollow,0
1251,1714,20230818,Follow,1
413,1825,20230407,Follow,1
223,654,20230727,Follow,1
21,391,20231101,Follow,1
135,1087,20230326,Follow,1
705,1461,20230809,Unfollow,0
56,99,20231225,Follow,1
340,1194,20230510,Follow,1
1583,126,20230419,Follow,1
1749,963,20230405,Follow,1
1690,1743,20230429,Follow,1
1740,1431,20230106,Follow,1
310,1360,20230714,Follow,1
1231,705,20230817,Follow,1
1180,285,20230414,Unfollow,0
728,132,20230522,Follow,1
1571,1331,20230908,Follow,1
1657,698,20231021,Follow,1
845,151,20230731,Unfollow,0
355,1648,20230905,Follow,1
1158,1443,20230116,Unfollow,0
1758,475,20230427,Follow,1
999,558,20230127,Follow,1
471,23,20231120,Follow,1
1572,1673,20230823,Follow,1
1325,202,20231216,Follow,1
992,1321,20231117,Unfollow,0
799,1123,20231026,Follow,1
731,1509,20230219,Follow,1
1768,762,20230129,Unfollow,0
216,1503,20230128,Unfollow,0
678,865,20231010,Follow,1
503,209,20230417,Follow,1
1986,1292,20230209,Follow,1
1610,1632,20231126,Follow,1
940,693,20230905,Follow,1
616,1645,20230325,Unfollow,0
1998,891,20230108,Follow,1
282,1409,20230128,Follow,1
1772,96,20230126,Follow,1
654,859,20230423,Follow,1
183,1473,20231211,Follow,1
87,1700,20230801,Follow,1
1012,1972,20230824,Follow,1
1744,794,20230107,Follow,1
870,23,20230601,Follow,1
842,894,20230618,Unfollow,0
1538,357,20231006,Follow,1
1201,67,20230731,Follow,1
1252,1923,20230121,Follow,1
644,1635,20230717,Follow,1
1370,1279,20230307,Follow,1
1965,1286,20230820,Follow,1
668,1364,20231011,Follow,1
500,1489,20230322,Unfollow,0
1218,1190,20230520,Unfollow,0
1115,1772,20230814,Follow,1
1651,1436,20230528,Follow,1
934,1691,20230206,Follow,1
1150,1519,20230818,Follow,1
1288,1636,20230103,Follow,1
1879,1886,20230910,Follow,1
156,390,20230211,Follow,1
1996,367,20231010,Follow,1
1894,63,20231120,Follow,1
1537,1559,20230319,Unfollow,0
572,408,20231206,Unfollow,0
525,1934,20230406,Follow,1
465,1537,20231022,Follow,1
1541,697,20230821,Follow,1
534,420,20231228,Follow,1
1539,156,20231225,Follow,1
510,1516,20230517,Follow,1
1127,332,20230903,Follow,1
394,1199,20231111,Follow,1
522,454,20231231,Follow,1
1739,976,20230623,Follow,1
1096,1108,20231215,Follow,1
5,815,20230502,Follow,1
1457,190,20230614,Follow,1
211,293,20231108,Follow,1
1495,1594,20230515,Follow,1
962,1470,20230311,Follow,1
822,939,20230716,Follow,1
1632,794,20230805,Follow,1
1757,1974,20230828,Unfollow,0
1083,1370,20230811,Unfollow,0
1201,1107,20230406,Follow,1
1163,1691,20230804,Follow,1
1946,1867,20231115,Follow,1
797,1573,20230226,Follow,1
195,626,20230328,Follow,1
18,597,20230219,Follow,1
529,1406,20230806,Unfollow,0
1678,618,20231225,Follow,1
579,1826,20230412,Unfollow,0
54,1729,20230317,Follow,1
1614,325,20230526,Follow,1
623,992,20231013,Follow,1
1653,847,20230228,Unfollow,0
80,1991,20230127,Follow,1
1462,245,20230324,Follow,1
1892,597,20230528,Follow,1
243,439,20230927,Follow,1
1130,1555,20231029,Follow,1
1940,1581,20230609,Follow,1
1159,1175,20230820,Follow,1
1832,1800,20230505,Unfollow,0
1433,500,20231203,Follow,1
1918,108,20230308,Follow,1
202,99,20230915,Unfollow,0
1261,1724,20230522,Unfollow,0
1419,173,20230830,Follow,1
1615,1614,20231204,Follow,1
1001,1873,20230207,Follow,1
1226,1463,20230304,Follow,1
1408,1013,20230416,Follow,1
724,1394,20230324,Follow,1
35,1227,20230517,Follow,1
115,1486,20230330,Follow,1
1587,1801,20230428,Follow,1
684,1909,20230914,Follow,1
269,1083,20230528,Follow,1
1563,636,20230617,Follow,1
1398,1826,20230514,Unfollow,0
329,862,20230804,Follow,1
974,486,20230815,Follow,1
971,1591,20230807,Follow,1
1944,222,20231125,Follow,1
1330,946,20230925,Unfollow,0
177,1382,20230110,Follow,1
239,219,20230828,Follow,1
1087,1908,20230628,Follow,1
1220,1004,20230331,Follow,1
1865,1354,20230817,Follow,1
250,1506,20230702,Follow,1
315,1024,20231128,Follow,1
406,1377,20230614,Unfollow,0
604,1543,20230116,Follow,1
775,1579,20231210,Follow,1
1508,459,20230726,Follow,1
308,297,20230923,Unfollow,0
1179,1148,20230912,Follow,1
964,352,20230723,Follow,1
119,1918,20230914,Follow,1
216,641,20230103,Follow,1
786,1279,20230118,Follow,1
1757,1887,20230213,Unfollow,0
1048,771,20230723,Follow,1
284,444,20230523,Follow,1
47,789,20230520,Follow,1
304,1640,20231214,Follow,1
181,1491,20230422,Follow,1
1850,766,20231125,Follow,1
1148,465,20230131,Follow,1
1095,375,20230729,Follow,1
235,702,20231225,Unfollow,0
1194,1485,20230508,Follow,1
432,868,20230222,Follow,1
1075,1716,20230624,Follow,1
1192,1375,20231212,Follow,1
10,157,20230519,Follow,1
412,1116,20230103,Unfollow,0
895,176,20230611,Follow,1
655,555,20230804,Unfollow,0
1732,1068,20230606,Follow,1
542,588,20230125,Unfollow,0
697,557,20230822,Follow,1
964,1543,20230920,Follow,1
602,998,20230409,Follow,1
1797,620,20230509,Unfollow,0
56,743,20230707,Unfollow,0
1679,615,20230722,Follow,1
1339,293,20230319,Follow,1
687,1410,20230121,Follow,1
404,1943,20230816,Follow,1
830,1615,20230929,Unfollow,0
1217,689,20231029,Follow,1
1398,391,20230619,Follow,1
1121,1276,20230908,Follow,1
222,1373,20231014,Follow,1
1235,486,20231125,Follow,1
391,421,20230416,Follow,1
851,1714,20230526,Unfollow,0
1143,320,20231207,Follow,1
1047,445,20230418,Follow,1
1048,912,20231017,Follow,1
791,1972,20230404,Follow,1
1001,924,20231126,Follow,1
729,261,20230705,Follow,1
290,1561,20230404,Follow,1
677,10,20230603,Follow,1
1410,1902,20230717,Follow,1
1066,730,20230723,Follow,1
403,932,20231118,Follow,1
519,513,20231128,Follow,1
1939,1958,20230304,Follow,1
1009,498,20230319,Follow,1
1610,1591,20230913,Follow,1
104,1097,20230306,Unfollow,0
869,1850,20231013,Unfollow,0
1234,1008,20230206,Follow,1
1893,1432,20230524,Unfollow,0
395,1670,20230105,Unfollow,0
532,305,20230315,Follow,1
283,240,20231007,Follow,1
1214,1832,20230518,Unfollow,0
114,1873,20230206,Follow,1
525,1185,20230820,Follow,1
131,1715,20230508,Follow,1
1501,1048,20230215,Follow,1
906,1658,20231115,Follow,1
352,781,20231101,Follow,1
1014,1308,20231102,Follow,1
1084,1179,20230309,Follow,1
1985,981,20231109,Follow,1
943,502,20230418,Follow,1
585,1662,20230624,Unfollow,0
1302,341,20230928,Follow,1
1446,1592,20230721,Follow,1
1956,63,20230221,Follow,1
1024,1563,20230815,Follow,1
1848,1771,20230422,Follow,1
1349,289,20230520,Follow,1
1685,204,20230322,Follow,1
821,1343,20230908,Unfollow,0
177,10,20231012,Unfollow,0
1586,1496,20230620,Unfollow,0
1847,1299,20230210,Follow,1
1991,1899,20230804,Follow,1
1214,1680,20231022,Follow,1
1880,905,20230321,Follow,1
1161,308,20230523,Follow,1
1070,818,20230924,Follow,1
312,748,20230110,Follow,1
406,66,20230131,Follow,1
191,347,20230528,Follow,1
1636,931,20230908,Follow,1
1853,1807,20230118,Unfollow,0
1746,981,20230824,Follow,1
1824,1459,20231030,Follow,1
629,984,20231023,Follow,1
1823,1580,20230429,Follow,1
748,1602,20231115,Follow,1
1764,1665,20230304,Follow,1
1078,1730,20230304,Unfollow,0
410,1471,20230111,Follow,1
1901,1218,20230608,Follow,1
1031,1657,20231016,Follow,1
1541,347,20230502,Follow,1
1694,36,20230612,Follow,1
1230,1596,20230513,Follow,1
20,883,20230617,Follow,1
1924,132,20230703,Unfollow,0
1132,725,20230422,Follow,1
1233,1863,20230613,Follow,1
146,852,20230325,Follow,1
438,315,20230305,Follow,1
718,779,20231011,Unfollow,0
476,1792,20230403,Unfollow,0
1829,1633,20231127,Follow,1
576,590,20230827,Follow,1
1017,1502,20231128,Follow,1
789,483,20230406,Follow,1
899,1702,20230325,Follow,1
654,1200,20230126,Unfollow,0
1957,1964,20230212,Follow,1
704,1081,20230705,Follow,1
77,1255,20230911,Follow,1
235,1889,20230817,Follow,1
512,1811,20231219,Follow,1
859,235,20231225,Follow,1
846,1442,20230701,Unfollow,0
699,232,20230224,Unfollow,0
70,848,20231226,Unfollow,0
1454,1323,20230327,Follow,1
829,1884,20231208,Unfollow,0
625,1259,20230731,Follow,1
11,1329,20230422,Unfollow,0
841,497,20231008,Follow,1
1241,1956,20230206,Follow,1
15,1354,20230222,Follow,1
64,1760,20231014,Follow,1
1129,1463,20230226,Follow,1
426,239,20230824,Follow,1
763,77,20230628,Follow,1
1819,117,20231209,Follow,1
168,607,20230309,Follow,1
1959,662,20231215,Unfollow,0
1651,1483,20230809,Follow,1
1083,1335,20231023,Unfollow,0
1265,1369,20230404,Follow,1
1264,909,20230907,Follow,1
1546,707,20230307,Follow,1
1443,1982,20230826,Follow,1
1755,951,20231008,Unfollow,0
356,1862,20231128,Unfollow,0
533,1048,20230911,Follow,1
405,224,20230520,Unfollow,0
1754,1137,20230523,Follow,1
491,1084,20231117,Follow,1
1719,1540,20230811,Unfollow,0
721,1550,20230829,Follow,1
708,1596,20230711,Unfollow,0
624,1714,20230907,Follow,1
451,1754,20231008,Follow,1
1838,1963,20231013,Follow,1
880,1193,20230609,Unfollow,0
1390,1208,20230503,Follow,1
1707,241,20230530,Unfollow,0
1506,892,20230920,Follow,1
1632,37,20231121,Unfollow,0
198,256,20231024,Follow,1
464,1783,20230727,Unfollow,0
87,1753,20230910,Unfollow,0
1807,360,20230425,Follow,1
155,1442,20230620,Follow,1
577,61,20230204,Follow,1
1031,1776,20230323,Follow,1
490,295,20230414,Follow,1
1429,652,20230912,Follow,1
345,653,20231012,Follow,1
1542,1901,20230121,Unfollow,0
258,604,20230531,Follow,1
1318,550,20231206,Follow,1
382,1609,20230515,Follow,1
1361,1305,20230909,Unfollow,0
205,201,20230524,Unfollow,0
1144,596,20230509,Follow,1
336,554,20230222,Follow,1
1483,441,20230329,Follow,1
366,1418,20230810,Follow,1
293,604,20230424,Unfollow,0
152,689,20230527,Follow,1
697,1770,20230330,Follow,1
221,1317,20230331,Follow,1
62,731,20230307,Unfollow,0
1159,1252,20231223,Follow,1
1141,123,20231122,Follow,1
1439,569,20230524,Follow,1
340,1157,20230228,Follow,1
60,713,20230730,Follow,1
1852,1160,20230909,Follow,1
915,1906,20230623,Follow,1
1404,1235,20231211,Follow,1
1229,509,20230303,Follow,1
1301,139,20230820,Follow,1
532,1492,20231005,Unfollow,0
905,393,20230723,Follow,1
1521,1436,20231226,Follow,1
989,1524,20231212,Follow,1
286,1631,20230330,Unfollow,0
1594,1153,20231203,Follow,1
701,909,20230706,Follow,1
1431,1015,20230220,Follow,1
1649,303,20230506,Unfollow,0
668,534,20230521,Follow,1
1026,1644,20231004,Follow,1
920,1603,20230212,Follow,1
1595,1172,20230318,Unfollow,0
374,1626,20230708,Follow,1
1941,1801,20230515,Follow,1
115,129,20230226,Unfollow,0
1190,1188,20230120,Follow,1
1149,773,20230910,Follow,1
1213,595,20231130,Follow,1
756,42,20231015,Follow,1
1934,1047,20230918,Follow,1
469,1751,20230223,Unfollow,0
1125,744,20230327,Follow,1
310,1654,20230313,Follow,1
1932,102,20230719,Follow,1
302,1318,20230402,Follow,1
248,321,20231024,Follow,1
947,217,20230201,Unfollow,0
583,1905,20231007,Unfollow,0
1469,1048,20231103,Follow,1
980,706,20230115,Follow,1
635,1797,20230823,Follow,1
1125,1716,20230406,Follow,1
1885,1310,20230124,Follow,1
1807,792,20230222,Unfollow,0
343,1925,20230719,Follow,1
592,948,20230806,Follow,1
763,1611,20230409,Unfollow,0
505,592,20230831,Follow,1
577,258,20230529,Follow,1
1747,94,20230314,Unfollow,0
101,456,20230913,Unfollow,0
1806,352,20231026,Follow,1
1513,1897,20230109,Follow,1
585,1776,20230216,Follow,1
1569,1269,20230421,Unfollow,0
311,472,20230808,Unfollow,0
1699,736,20230204,Follow,1
617,661,20230211,Follow,1
95,1253,20231103,Unfollow,0
62,1703,20230716,Follow,1
667,1412,20230308,Follow,1
1227,1002,20230201,Follow,1
1727,1098,20231202,Follow,1
186,280,20230418,Unfollow,0
792,504,20230812,Follow,1
1389,530,20230724,Follow,1
607,1054,20230721,Follow,1
1,447,20230613,Follow,1
211,843,20231218,Follow,1
1926,789,20231221,Unfollow,0
1355,263,20230308,Unfollow,0
1334,1535,20230728,Follow,1
137,1039,20230807,Follow,1
786,503,20230807,Follow,1
1182,630,20231027,Unfollow,0
754,1327,20230424,Follow,1
1687,357,20230121,Follow,1
1475,115,20230223,Follow,1
45,1431,20230820,Follow,1
1911,411,20231228,Follow,1
1161,459,20230610,Follow,1
269,704,20230611,Follow,1
1921,1011,20230220,Unfollow,0
1822,1876,20231202,Follow,1
1976,282,20230903,Follow,1
408,923,20231025,Follow,1
1601,560,20231205,Unfollow,0
299,1640,20230817,Follow,1
1427,1904,20230313,Follow,1
1788,848,20230429,Unfollow,0
117,1451,20230209,Unfollow,0
1864,1411,20231030,Follow,1
611,827,20230129,Follow,1
849,1792,20230626,Follow,1
153,975,20231010,Follow,1
1107,1394,20230721,Follow,1
414,54,20231202,Follow,1
968,157,20231123,Follow,1
1437,708,20230828,Follow,1
1979,133,20230106,Unfollow,0
828,976,20230306,Unfollow,0
1391,544,20230403,Follow,1
1742,856,20230725,Follow,1
1631,964,20230317,Follow,1
1736,1599,20230123,Follow,1
1248,81,20231126,Unfollow,0
1525,1775,20230304,Follow,1
169,1718,20230319,Follow,1
1072,1278,20230829,Follow,1
940,569,20230201,Unfollow,0
1481,951,20230520,Follow,1
382,301,20231229,Follow,1
1360,94,20230626,Follow,1
22,913,20231015,Follow,1
942,1108,20230925,Follow,1
446,1189,20230331,Unfollow,0
1987,691,20230127,Follow,1
1107,1918,20230719,Unfollow,0
544,1379,20231111,Follow,1
1464,1522,20230817,Unfollow,0
1772,1177,20230224,Follow,1
1848,1291,20230624,Follow,1
1984,693,20230528,Follow,1
1627,1852,20231215,Unfollow,0
1945,1313,20231109,Follow,1
742,1865,20231109,Follow,1
1671,867,20231116,Unfollow,0
818,1262,20231010,Follow,1
913,1766,20230825,Follow,1
1362,1859,20230501,Unfollow,0
750,1194,20231111,Follow,1
57,1589,20230417,Follow,1
1784,69,20230621,Unfollow,0
1899,1940,20230422,Follow,1
1635,1810,20230514,Follow,1
610,497,20230419,Follow,1
1097,274,20230705,Unfollow,0
633,115,20230704,Follow,1
1771,597,20230713,Unfollow,0
1000,303,20230107,Follow,1
232,1303,20230723,Follow,1
1063,365,20230413,Follow,1
694,591,20230702,Follow,1
1693,247,20230410,Follow,1
691,561,20231210,Follow,1
